open,high,low,close,volume,timestamp
68.31999969482422,68.4800033569336,68.29000091552734,68.45999908447266,0,2025-07-10 04:00:00+00:00
68.45999908447266,68.4800033569336,68.3499984741211,68.37999725341797,1401,2025-07-10 05:00:00+00:00
68.37999725341797,68.56999969482422,68.27999877929688,68.37999725341797,4005,2025-07-10 06:00:00+00:00
68.37000274658203,68.47000122070312,68.18000030517578,68.26000213623047,4419,2025-07-10 07:00:00+00:00
68.26000213623047,68.4000015258789,67.91000366210938,68.05000305175781,8994,2025-07-10 08:00:00+00:00
68.05000305175781,68.19000244140625,67.98999786376953,68.05000305175781,4161,2025-07-10 09:00:00+00:00
68.05999755859375,68.19000244140625,67.95999908447266,68.13999938964844,2743,2025-07-10 10:00:00+00:00
68.12999725341797,68.6500015258789,67.41999816894531,67.62999725341797,26704,2025-07-10 11:00:00+00:00
67.62999725341797,67.9000015258789,67.56999969482422,67.80999755859375,13689,2025-07-10 12:00:00+00:00
67.81999969482422,67.9000015258789,66.62999725341797,66.9000015258789,42108,2025-07-10 13:00:00+00:00
66.91000366210938,67.37000274658203,66.87999725341797,67.08000183105469,23963,2025-07-10 14:00:00+00:00
67.06999969482422,67.19999694824219,66.58000183105469,66.69999694824219,20312,2025-07-10 15:00:00+00:00
66.75,67.05000305175781,66.69000244140625,66.76000213623047,16402,2025-07-10 16:00:00+00:00
66.76000213623047,66.83000183105469,66.52999877929688,66.62999725341797,18797,2025-07-10 17:00:00+00:00
66.62999725341797,66.91999816894531,66.44999694824219,66.83999633789062,31770,2025-07-10 18:00:00+00:00
66.8499984741211,66.94000244140625,66.80000305175781,66.91999816894531,4962,2025-07-10 19:00:00+00:00
66.91000366210938,66.91999816894531,66.81999969482422,66.87000274658203,3833,2025-07-10 20:00:00+00:00
66.8499984741211,66.97000122070312,66.8499984741211,66.88999938964844,0,2025-07-10 22:00:00+00:00
66.88999938964844,66.91000366210938,66.77999877929688,66.80999755859375,401,2025-07-10 23:00:00+00:00
66.81999969482422,66.93000030517578,66.66000366210938,66.68000030517578,2810,2025-07-11 00:00:00+00:00
66.69000244140625,67.12999725341797,66.63999938964844,67.08999633789062,2658,2025-07-11 01:00:00+00:00
67.08999633789062,67.11000061035156,66.86000061035156,66.87000274658203,1187,2025-07-11 02:00:00+00:00
66.8499984741211,66.94999694824219,66.7699966430664,66.8499984741211,801,2025-07-11 03:00:00+00:00
66.87000274658203,66.9000015258789,66.66999816894531,66.70999908447266,1388,2025-07-11 04:00:00+00:00
66.69999694824219,66.94999694824219,66.69999694824219,66.83999633789062,1393,2025-07-11 05:00:00+00:00
66.8499984741211,67.19999694824219,66.81999969482422,67.08999633789062,2547,2025-07-11 06:00:00+00:00
67.08000183105469,67.08000183105469,66.80000305175781,66.83000183105469,4008,2025-07-11 07:00:00+00:00
66.83000183105469,67.0199966430664,66.5,66.58000183105469,7270,2025-07-11 08:00:00+00:00
66.58000183105469,66.87999725341797,66.55000305175781,66.75,4459,2025-07-11 09:00:00+00:00
66.75,67.08000183105469,66.72000122070312,66.95999908447266,4111,2025-07-11 10:00:00+00:00
66.95999908447266,67.54000091552734,66.93000030517578,67.4800033569336,7696,2025-07-11 11:00:00+00:00
67.4800033569336,67.5,67.16000366210938,67.2300033569336,9099,2025-07-11 12:00:00+00:00
67.2300033569336,67.91999816894531,67.16000366210938,67.66999816894531,17801,2025-07-11 13:00:00+00:00
67.66000366210938,68.30999755859375,67.58999633789062,68.19000244140625,28213,2025-07-11 14:00:00+00:00
68.19999694824219,68.58000183105469,68.18000030517578,68.5199966430664,22454,2025-07-11 15:00:00+00:00
68.5199966430664,68.52999877929688,68.25,68.30000305175781,14783,2025-07-11 16:00:00+00:00
68.30000305175781,68.58000183105469,68.23999786376953,68.55999755859375,14432,2025-07-11 17:00:00+00:00
68.55999755859375,68.63999938964844,68.30000305175781,68.62000274658203,37307,2025-07-11 18:00:00+00:00
68.62999725341797,68.68000030517578,68.54000091552734,68.63999938964844,5946,2025-07-11 19:00:00+00:00
68.63999938964844,68.7699966430664,68.52999877929688,68.72000122070312,4229,2025-07-11 20:00:00+00:00
68.44999694824219,68.68000030517578,68.44999694824219,68.62999725341797,0,2025-07-14 04:00:00+00:00
68.62999725341797,68.6500015258789,68.52999877929688,68.55000305175781,916,2025-07-14 05:00:00+00:00
68.55000305175781,68.72000122070312,68.51000213623047,68.62999725341797,2205,2025-07-14 06:00:00+00:00
68.62000274658203,69.38999938964844,68.41000366210938,69.2300033569336,11558,2025-07-14 07:00:00+00:00
69.23999786376953,69.30999755859375,68.94000244140625,69.04000091552734,5974,2025-07-14 08:00:00+00:00
69.04000091552734,69.37999725341797,68.83000183105469,69.37000274658203,5150,2025-07-14 09:00:00+00:00
69.37000274658203,69.6500015258789,69.37000274658203,69.47000122070312,6593,2025-07-14 10:00:00+00:00
69.45999908447266,69.55999755859375,69.23999786376953,69.5199966430664,5865,2025-07-14 11:00:00+00:00
69.52999877929688,69.6500015258789,69.0999984741211,69.1500015258789,10283,2025-07-14 12:00:00+00:00
69.1500015258789,69.18000030517578,68.19000244140625,68.22000122070312,30641,2025-07-14 13:00:00+00:00
68.20999908447266,68.31999969482422,67.9000015258789,67.98999786376953,23155,2025-07-14 14:00:00+00:00
68.0,68.19999694824219,67.25,67.30999755859375,41793,2025-07-14 15:00:00+00:00
67.31999969482422,67.4800033569336,67.22000122070312,67.33999633789062,21458,2025-07-14 16:00:00+00:00
67.3499984741211,67.43000030517578,66.91999816894531,66.94999694824219,18066,2025-07-14 17:00:00+00:00
66.94999694824219,67.1500015258789,66.83999633789062,67.01000213623047,30051,2025-07-14 18:00:00+00:00
67.0199966430664,67.13999938964844,66.88999938964844,66.97000122070312,6833,2025-07-14 19:00:00+00:00
66.95999908447266,66.9800033569336,66.80000305175781,66.83000183105469,3098,2025-07-14 20:00:00+00:00
66.86000061035156,66.97000122070312,66.86000061035156,66.93000030517578,0,2025-07-14 22:00:00+00:00
66.94000244140625,66.98999786376953,66.93000030517578,66.94000244140625,271,2025-07-14 23:00:00+00:00
66.93000030517578,66.94000244140625,66.69999694824219,66.75,2077,2025-07-15 00:00:00+00:00
66.76000213623047,66.86000061035156,66.66999816894531,66.81999969482422,1573,2025-07-15 01:00:00+00:00
66.81999969482422,66.83000183105469,66.63999938964844,66.68000030517578,1249,2025-07-15 02:00:00+00:00
66.68000030517578,66.69000244140625,66.55000305175781,66.61000061035156,2015,2025-07-15 03:00:00+00:00
66.62000274658203,66.63999938964844,66.51000213623047,66.62000274658203,1493,2025-07-15 04:00:00+00:00
66.5999984741211,66.8499984741211,66.5999984741211,66.77999877929688,1537,2025-07-15 05:00:00+00:00
66.76000213623047,66.87999725341797,66.4000015258789,66.5199966430664,3823,2025-07-15 06:00:00+00:00
66.51000213623047,66.54000091552734,66.2699966430664,66.44000244140625,7764,2025-07-15 07:00:00+00:00
66.44000244140625,66.63999938964844,66.31999969482422,66.5999984741211,5986,2025-07-15 08:00:00+00:00
66.58999633789062,67.08999633789062,66.55000305175781,66.5999984741211,6722,2025-07-15 09:00:00+00:00
66.5999984741211,66.7300033569336,66.44999694824219,66.69000244140625,6952,2025-07-15 10:00:00+00:00
66.68000030517578,67.0199966430664,66.58999633789062,66.93000030517578,8839,2025-07-15 11:00:00+00:00
66.94999694824219,67.12999725341797,66.77999877929688,66.80999755859375,12930,2025-07-15 12:00:00+00:00
66.80999755859375,67.05000305175781,66.5199966430664,66.66000366210938,26738,2025-07-15 13:00:00+00:00
66.66000366210938,66.86000061035156,66.36000061035156,66.66000366210938,22062,2025-07-15 14:00:00+00:00
66.66000366210938,67.0199966430664,66.37999725341797,66.54000091552734,31073,2025-07-15 15:00:00+00:00
66.55000305175781,66.70999908447266,66.22000122070312,66.26000213623047,18217,2025-07-15 16:00:00+00:00
66.25,66.5199966430664,66.25,66.4000015258789,13089,2025-07-15 17:00:00+00:00
66.41000366210938,66.72000122070312,66.37999725341797,66.62000274658203,30029,2025-07-15 18:00:00+00:00
66.6500015258789,66.7300033569336,66.62999725341797,66.69999694824219,4711,2025-07-15 19:00:00+00:00
66.69999694824219,66.83000183105469,66.62000274658203,66.75,8375,2025-07-15 20:00:00+00:00
66.7300033569336,66.87000274658203,66.7300033569336,66.80999755859375,0,2025-07-15 22:00:00+00:00
66.81999969482422,66.88999938964844,66.80999755859375,66.87000274658203,568,2025-07-15 23:00:00+00:00
66.86000061035156,66.93000030517578,66.77999877929688,66.88999938964844,1211,2025-07-16 00:00:00+00:00
66.88999938964844,67.0,66.87000274658203,66.9800033569336,1205,2025-07-16 01:00:00+00:00
67.0,67.0,66.77999877929688,66.80999755859375,1647,2025-07-16 02:00:00+00:00
66.80000305175781,66.83999633789062,66.73999786376953,66.7699966430664,1025,2025-07-16 03:00:00+00:00
66.77999877929688,66.80999755859375,66.7300033569336,66.79000091552734,623,2025-07-16 04:00:00+00:00
66.79000091552734,66.95999908447266,66.79000091552734,66.81999969482422,1423,2025-07-16 05:00:00+00:00
66.80999755859375,67.01000213623047,66.7699966430664,66.83999633789062,2630,2025-07-16 06:00:00+00:00
66.83000183105469,66.87000274658203,66.58999633789062,66.5999984741211,3293,2025-07-16 07:00:00+00:00
66.5999984741211,66.61000061035156,66.37000274658203,66.41999816894531,4935,2025-07-16 08:00:00+00:00
66.43000030517578,66.4800033569336,66.08999633789062,66.22000122070312,7899,2025-07-16 09:00:00+00:00
66.22000122070312,66.41999816894531,66.05999755859375,66.11000061035156,4840,2025-07-16 10:00:00+00:00
66.0999984741211,66.13999938964844,65.68000030517578,65.69000244140625,12610,2025-07-16 11:00:00+00:00
65.69000244140625,65.94000244140625,65.63999938964844,65.87000274658203,10211,2025-07-16 12:00:00+00:00
65.87000274658203,66.16000366210938,65.58999633789062,65.69000244140625,24178,2025-07-16 13:00:00+00:00
65.69999694824219,65.93000030517578,65.41999816894531,65.7300033569336,27485,2025-07-16 14:00:00+00:00
65.7300033569336,66.06999969482422,65.56999969482422,65.93000030517578,21155,2025-07-16 15:00:00+00:00
65.93000030517578,66.37000274658203,65.81999969482422,66.30999755859375,15736,2025-07-16 16:00:00+00:00
66.31999969482422,66.72000122070312,66.18000030517578,66.68000030517578,32997,2025-07-16 17:00:00+00:00
66.68000030517578,66.80000305175781,66.30000305175781,66.66999816894531,28943,2025-07-16 18:00:00+00:00
66.69999694824219,66.73999786376953,66.5,66.70999908447266,10053,2025-07-16 19:00:00+00:00
66.70999908447266,66.7300033569336,66.58000183105469,66.63999938964844,0,2025-07-16 20:00:00+00:00
66.5999984741211,66.69000244140625,66.58000183105469,66.68000030517578,576,2025-07-16 22:00:00+00:00
66.68000030517578,66.69999694824219,66.6500015258789,66.69000244140625,516,2025-07-16 23:00:00+00:00
66.69999694824219,66.98999786376953,66.66000366210938,66.9000015258789,2704,2025-07-17 00:00:00+00:00
66.9000015258789,66.95999908447266,66.75,66.79000091552734,1347,2025-07-17 01:00:00+00:00
66.79000091552734,66.80999755859375,66.68000030517578,66.77999877929688,545,2025-07-17 02:00:00+00:00
66.7699966430664,66.94000244140625,66.73999786376953,66.83999633789062,642,2025-07-17 03:00:00+00:00
66.83000183105469,66.83000183105469,66.69999694824219,66.7300033569336,687,2025-07-17 04:00:00+00:00
66.72000122070312,66.75,66.69000244140625,66.73999786376953,576,2025-07-17 05:00:00+00:00
66.73999786376953,66.75,66.45999908447266,66.4800033569336,1615,2025-07-17 06:00:00+00:00
66.5,66.55000305175781,66.30999755859375,66.33999633789062,3052,2025-07-17 07:00:00+00:00
66.36000061035156,66.70999908447266,66.29000091552734,66.51000213623047,4738,2025-07-17 08:00:00+00:00
66.51000213623047,66.66000366210938,66.30000305175781,66.55000305175781,2659,2025-07-17 09:00:00+00:00
66.54000091552734,66.83999633789062,66.54000091552734,66.7300033569336,3680,2025-07-17 10:00:00+00:00
66.7300033569336,66.83999633789062,66.56999969482422,66.80000305175781,4113,2025-07-17 11:00:00+00:00
66.80999755859375,67.19999694824219,66.70999908447266,66.73999786376953,19562,2025-07-17 12:00:00+00:00
66.73999786376953,66.87000274658203,66.4000015258789,66.5999984741211,17186,2025-07-17 13:00:00+00:00
66.5999984741211,67.01000213623047,66.41000366210938,66.98999786376953,17815,2025-07-17 14:00:00+00:00
67.0,67.30000305175781,66.94999694824219,67.13999938964844,19453,2025-07-17 15:00:00+00:00
67.12999725341797,67.52999877929688,67.06999969482422,67.4800033569336,15866,2025-07-17 16:00:00+00:00
67.48999786376953,67.54000091552734,67.22000122070312,67.2699966430664,10456,2025-07-17 17:00:00+00:00
67.2699966430664,67.6500015258789,67.2699966430664,67.63999938964844,26654,2025-07-17 18:00:00+00:00
67.63999938964844,67.69000244140625,67.54000091552734,67.61000061035156,5666,2025-07-17 19:00:00+00:00
67.61000061035156,67.63999938964844,67.58999633789062,67.62000274658203,1719,2025-07-17 20:00:00+00:00
67.5999984741211,67.62999725341797,67.55000305175781,67.56999969482422,0,2025-07-17 22:00:00+00:00
67.56999969482422,67.56999969482422,67.5,67.55000305175781,760,2025-07-17 23:00:00+00:00
67.55000305175781,67.69000244140625,67.5,67.6500015258789,922,2025-07-18 00:00:00+00:00
67.66000366210938,67.69000244140625,67.45999908447266,67.5,561,2025-07-18 01:00:00+00:00
67.5,67.55999755859375,67.44000244140625,67.5199966430664,247,2025-07-18 02:00:00+00:00
67.5,67.52999877929688,67.43000030517578,67.45999908447266,327,2025-07-18 03:00:00+00:00
67.4800033569336,67.91000366210938,67.45999908447266,67.83999633789062,1351,2025-07-18 04:00:00+00:00
67.81999969482422,67.88999938964844,67.72000122070312,67.75,698,2025-07-18 05:00:00+00:00
67.76000213623047,68.30999755859375,67.68000030517578,68.1500015258789,1593,2025-07-18 06:00:00+00:00
68.12000274658203,68.12000274658203,67.80999755859375,67.8499984741211,2203,2025-07-18 07:00:00+00:00
67.87999725341797,68.12000274658203,67.70999908447266,68.12000274658203,2053,2025-07-18 08:00:00+00:00
68.13999938964844,68.55999755859375,68.06999969482422,68.44999694824219,2326,2025-07-18 09:00:00+00:00
68.43000030517578,68.4800033569336,68.05999755859375,68.08999633789062,1300,2025-07-18 10:00:00+00:00
68.08999633789062,68.54000091552734,67.98999786376953,68.52999877929688,1712,2025-07-18 11:00:00+00:00
68.54000091552734,68.95999908447266,68.44999694824219,68.45999908447266,7352,2025-07-18 12:00:00+00:00
68.44000244140625,68.55000305175781,68.16000366210938,68.20999908447266,8798,2025-07-18 13:00:00+00:00
68.26000213623047,68.61000061035156,68.26000213623047,68.4800033569336,6096,2025-07-18 14:00:00+00:00
68.4800033569336,68.54000091552734,67.19999694824219,67.76000213623047,19820,2025-07-18 15:00:00+00:00
67.75,67.75,67.30999755859375,67.37999725341797,4631,2025-07-18 16:00:00+00:00
67.36000061035156,67.54000091552734,67.25,67.29000091552734,3953,2025-07-18 17:00:00+00:00
67.27999877929688,67.5199966430664,67.2300033569336,67.47000122070312,8849,2025-07-18 18:00:00+00:00
67.4800033569336,67.54000091552734,67.30000305175781,67.33999633789062,2281,2025-07-18 19:00:00+00:00
67.3499984741211,67.41999816894531,67.27999877929688,67.30000305175781,1482,2025-07-18 20:00:00+00:00
67.44000244140625,67.56999969482422,67.44000244140625,67.51000213623047,304,2025-07-20 22:00:00+00:00
67.51000213623047,67.52999877929688,67.38999938964844,67.43000030517578,89,2025-07-20 23:00:00+00:00
67.41999816894531,67.5,67.30000305175781,67.5,254,2025-07-21 00:00:00+00:00
67.4800033569336,67.5999984741211,67.38999938964844,67.4800033569336,1005,2025-07-21 01:00:00+00:00
67.47000122070312,67.51000213623047,67.41999816894531,67.44999694824219,450,2025-07-21 02:00:00+00:00
67.45999908447266,67.5199966430664,67.45999908447266,67.5199966430664,24,2025-07-21 03:00:00+00:00
67.33999633789062,67.55999755859375,67.33999633789062,67.4800033569336,189,2025-07-21 04:00:00+00:00
67.45999908447266,67.76000213623047,67.45999908447266,67.66000366210938,101,2025-07-21 05:00:00+00:00
67.63999938964844,67.72000122070312,67.25,67.36000061035156,300,2025-07-21 06:00:00+00:00
67.25,67.52999877929688,67.2300033569336,67.30000305175781,445,2025-07-21 07:00:00+00:00
67.33999633789062,67.52999877929688,66.9800033569336,67.0199966430664,716,2025-07-21 08:00:00+00:00
67.05000305175781,67.23999786376953,66.87999725341797,67.23999786376953,277,2025-07-21 09:00:00+00:00
67.19999694824219,67.33999633789062,67.11000061035156,67.27999877929688,216,2025-07-21 10:00:00+00:00
67.26000213623047,67.5,67.25,67.3499984741211,434,2025-07-21 11:00:00+00:00
67.29000091552734,67.44999694824219,67.06999969482422,67.08999633789062,2756,2025-07-21 12:00:00+00:00
67.0999984741211,67.22000122070312,66.75,66.83000183105469,6219,2025-07-21 13:00:00+00:00
66.76000213623047,67.0,66.45999908447266,66.94000244140625,5141,2025-07-21 14:00:00+00:00
66.9000015258789,67.18000030517578,66.77999877929688,66.81999969482422,2131,2025-07-21 15:00:00+00:00
66.81999969482422,67.11000061035156,66.80000305175781,66.8499984741211,2892,2025-07-21 16:00:00+00:00
66.83000183105469,67.36000061035156,66.83000183105469,67.30999755859375,4463,2025-07-21 17:00:00+00:00
67.3499984741211,67.41999816894531,67.0,67.0,12877,2025-07-21 18:00:00+00:00
67.02999877929688,67.05999755859375,67.0,67.0,1094,2025-07-21 19:00:00+00:00
66.98999786376953,67.06999969482422,66.95999908447266,67.06999969482422,725,2025-07-21 20:00:00+00:00
67.12000274658203,67.12000274658203,67.0999984741211,67.0999984741211,0,2025-07-21 22:00:00+00:00
67.12999725341797,67.12999725341797,67.12999725341797,67.12999725341797,2,2025-07-21 23:00:00+00:00
67.0999984741211,67.0999984741211,66.98999786376953,66.98999786376953,47,2025-07-22 00:00:00+00:00
66.94000244140625,66.94000244140625,66.69999694824219,66.69999694824219,116,2025-07-22 01:00:00+00:00
66.61000061035156,66.63999938964844,66.61000061035156,66.63999938964844,2,2025-07-22 02:00:00+00:00
66.69000244140625,66.69000244140625,66.5999984741211,66.62000274658203,8,2025-07-22 03:00:00+00:00
66.61000061035156,66.61000061035156,66.5,66.51000213623047,8,2025-07-22 04:00:00+00:00
66.5999984741211,66.5999984741211,66.5999984741211,66.5999984741211,1,2025-07-22 05:00:00+00:00
66.81999969482422,66.83000183105469,66.80000305175781,66.83000183105469,4,2025-07-22 06:00:00+00:00
66.87999725341797,66.87999725341797,66.68000030517578,66.68000030517578,10,2025-07-22 07:00:00+00:00
66.44999694824219,66.5999984741211,66.4000015258789,66.5999984741211,86,2025-07-22 08:00:00+00:00
66.66000366210938,66.66000366210938,66.47000122070312,66.5,16,2025-07-22 09:00:00+00:00
66.54000091552734,66.7300033569336,66.54000091552734,66.69000244140625,17,2025-07-22 10:00:00+00:00
66.66999816894531,66.66999816894531,66.4800033569336,66.4800033569336,157,2025-07-22 11:00:00+00:00
66.58000183105469,66.98999786376953,66.55000305175781,66.55000305175781,679,2025-07-22 12:00:00+00:00
66.47000122070312,66.55999755859375,66.19000244140625,66.22000122070312,793,2025-07-22 13:00:00+00:00
66.25,66.4000015258789,66.0999984741211,66.1500015258789,2131,2025-07-22 14:00:00+00:00
66.22000122070312,66.36000061035156,66.08000183105469,66.18000030517578,378,2025-07-22 15:00:00+00:00
66.12000274658203,66.25,65.98999786376953,66.25,1307,2025-07-22 16:00:00+00:00
66.25,66.4000015258789,66.12999725341797,66.16000366210938,691,2025-07-22 17:00:00+00:00
66.16000366210938,66.38999938964844,66.05000305175781,66.36000061035156,0,2025-07-22 18:00:00+00:00
65.51000213623047,65.51000213623047,65.2300033569336,65.23999786376953,22583,2025-07-23 07:00:00+00:00
65.25,65.33000183105469,65.05000305175781,65.11000061035156,10166,2025-07-23 08:00:00+00:00
65.12000274658203,65.33000183105469,64.91999816894531,64.9800033569336,12238,2025-07-23 09:00:00+00:00
64.97000122070312,65.02999877929688,64.7300033569336,64.86000061035156,11196,2025-07-23 10:00:00+00:00
64.87000274658203,64.94999694824219,64.75,64.8499984741211,6105,2025-07-23 11:00:00+00:00
64.83999633789062,65.11000061035156,64.77999877929688,65.02999877929688,11305,2025-07-23 12:00:00+00:00
65.02999877929688,65.26000213623047,64.80000305175781,64.86000061035156,31899,2025-07-23 13:00:00+00:00
64.87000274658203,65.13999938964844,64.70999908447266,64.9000015258789,40673,2025-07-23 14:00:00+00:00
64.9000015258789,65.12999725341797,64.73999786376953,65.12000274658203,25966,2025-07-23 15:00:00+00:00
65.11000061035156,65.31999969482422,65.02999877929688,65.12000274658203,18536,2025-07-23 16:00:00+00:00
65.12000274658203,65.3499984741211,65.05999755859375,65.19000244140625,12512,2025-07-23 17:00:00+00:00
65.19999694824219,65.4800033569336,65.1500015258789,65.38999938964844,25030,2025-07-23 18:00:00+00:00
65.37999725341797,65.5199966430664,65.37999725341797,65.45999908447266,6828,2025-07-23 19:00:00+00:00
65.45999908447266,65.4800033569336,65.37000274658203,65.41999816894531,2950,2025-07-23 20:00:00+00:00
65.41999816894531,65.48999786376953,65.37999725341797,65.45999908447266,0,2025-07-23 22:00:00+00:00
65.44999694824219,65.45999908447266,65.41999816894531,65.44999694824219,204,2025-07-23 23:00:00+00:00
65.45999908447266,65.58000183105469,65.43000030517578,65.45999908447266,2595,2025-07-24 00:00:00+00:00
65.47000122070312,65.58999633789062,65.4000015258789,65.44999694824219,2009,2025-07-24 01:00:00+00:00
65.44999694824219,65.4800033569336,65.37000274658203,65.47000122070312,997,2025-07-24 02:00:00+00:00
65.45999908447266,65.55999755859375,65.44000244140625,65.55000305175781,960,2025-07-24 03:00:00+00:00
65.55000305175781,65.62000274658203,65.51000213623047,65.61000061035156,1193,2025-07-24 04:00:00+00:00
65.5999984741211,65.62999725341797,65.37000274658203,65.41999816894531,1779,2025-07-24 05:00:00+00:00
65.43000030517578,66.23999786376953,65.41999816894531,65.9000015258789,12146,2025-07-24 06:00:00+00:00
65.88999938964844,65.91999816894531,65.66000366210938,65.73999786376953,5465,2025-07-24 07:00:00+00:00
65.75,66.06999969482422,65.69999694824219,65.8499984741211,7982,2025-07-24 08:00:00+00:00
65.86000061035156,66.31999969482422,65.83000183105469,66.16999816894531,6834,2025-07-24 09:00:00+00:00
66.16999816894531,66.18000030517578,65.77999877929688,65.94000244140625,8098,2025-07-24 10:00:00+00:00
65.95999908447266,65.98999786376953,65.66999816894531,65.80000305175781,8041,2025-07-24 11:00:00+00:00
65.80000305175781,66.08000183105469,65.61000061035156,66.06999969482422,13901,2025-07-24 12:00:00+00:00
66.06999969482422,66.19999694824219,65.69000244140625,66.01000213623047,33032,2025-07-24 13:00:00+00:00
66.0199966430664,66.37000274658203,65.88999938964844,66.25,32812,2025-07-24 14:00:00+00:00
66.23999786376953,66.38999938964844,65.87000274658203,66.29000091552734,26922,2025-07-24 15:00:00+00:00
66.27999877929688,66.33000183105469,65.37999725341797,65.4000015258789,35175,2025-07-24 16:00:00+00:00
65.38999938964844,65.58000183105469,65.33000183105469,65.43000030517578,22499,2025-07-24 17:00:00+00:00
65.44000244140625,66.1500015258789,65.41000366210938,66.12000274658203,29929,2025-07-24 18:00:00+00:00
66.12000274658203,66.29000091552734,66.11000061035156,66.19000244140625,6935,2025-07-24 19:00:00+00:00
66.19999694824219,66.20999908447266,66.02999877929688,66.16000366210938,3962,2025-07-24 20:00:00+00:00
66.1500015258789,66.16999816894531,66.08999633789062,66.16000366210938,0,2025-07-24 22:00:00+00:00
66.16000366210938,66.23999786376953,66.1500015258789,66.2300033569336,339,2025-07-24 23:00:00+00:00
66.22000122070312,66.25,66.11000061035156,66.12000274658203,1779,2025-07-25 00:00:00+00:00
66.11000061035156,66.41999816894531,66.05000305175781,66.37000274658203,3675,2025-07-25 01:00:00+00:00
66.36000061035156,66.48999786376953,66.33999633789062,66.36000061035156,1772,2025-07-25 02:00:00+00:00
66.36000061035156,66.38999938964844,66.11000061035156,66.13999938964844,2207,2025-07-25 03:00:00+00:00
66.1500015258789,66.26000213623047,66.13999938964844,66.16000366210938,1090,2025-07-25 04:00:00+00:00
66.16000366210938,66.56999969482422,66.13999938964844,66.5199966430664,2705,2025-07-25 05:00:00+00:00
66.52999877929688,66.73999786376953,66.38999938964844,66.56999969482422,5353,2025-07-25 06:00:00+00:00
66.56999969482422,66.62000274658203,66.25,66.31999969482422,5774,2025-07-25 07:00:00+00:00
66.33999633789062,66.55000305175781,66.20999908447266,66.27999877929688,8498,2025-07-25 08:00:00+00:00
66.29000091552734,66.4000015258789,66.05999755859375,66.23999786376953,6307,2025-07-25 09:00:00+00:00
66.2300033569336,66.3499984741211,66.08999633789062,66.33000183105469,3843,2025-07-25 10:00:00+00:00
66.33999633789062,66.33999633789062,66.19000244140625,66.27999877929688,2705,2025-07-25 11:00:00+00:00
66.29000091552734,66.55000305175781,66.20999908447266,66.5199966430664,11658,2025-07-25 12:00:00+00:00
66.52999877929688,66.56999969482422,65.80000305175781,65.86000061035156,24872,2025-07-25 13:00:00+00:00
65.83999633789062,65.93000030517578,65.5,65.55999755859375,32327,2025-07-25 14:00:00+00:00
65.56999969482422,65.63999938964844,65.16999816894531,65.29000091552734,28107,2025-07-25 15:00:00+00:00
65.27999877929688,65.45999908447266,65.25,65.33999633789062,21719,2025-07-25 16:00:00+00:00
65.3499984741211,65.52999877929688,65.05999755859375,65.1500015258789,17559,2025-07-25 17:00:00+00:00
65.1500015258789,65.25,65.08000183105469,65.13999938964844,22132,2025-07-25 18:00:00+00:00
65.1500015258789,65.22000122070312,65.0199966430664,65.04000091552734,7348,2025-07-25 19:00:00+00:00
65.05000305175781,65.16000366210938,65.0,65.16000366210938,2767,2025-07-25 20:00:00+00:00
65.37000274658203,65.41000366210938,65.30999755859375,65.41000366210938,901,2025-07-28 00:00:00+00:00
65.4000015258789,65.56999969482422,65.33000183105469,65.37999725341797,3489,2025-07-28 01:00:00+00:00
65.37999725341797,65.5,65.33000183105469,65.4800033569336,1509,2025-07-28 02:00:00+00:00
65.47000122070312,65.4800033569336,65.27999877929688,65.3499984741211,2065,2025-07-28 03:00:00+00:00
65.3499984741211,65.51000213623047,65.3499984741211,65.51000213623047,660,2025-07-28 04:00:00+00:00
65.51000213623047,65.62999725341797,65.43000030517578,65.51000213623047,2085,2025-07-28 05:00:00+00:00
65.5199966430664,65.80000305175781,65.4800033569336,65.72000122070312,4678,2025-07-28 06:00:00+00:00
65.70999908447266,65.76000213623047,65.2699966430664,65.3499984741211,7166,2025-07-28 07:00:00+00:00
65.3499984741211,65.77999877929688,65.30999755859375,65.7699966430664,6192,2025-07-28 08:00:00+00:00
65.76000213623047,65.83000183105469,65.5999984741211,65.79000091552734,5796,2025-07-28 09:00:00+00:00
65.77999877929688,65.94999694824219,65.7300033569336,65.86000061035156,5633,2025-07-28 10:00:00+00:00
65.86000061035156,66.25,65.8499984741211,66.22000122070312,12448,2025-07-28 11:00:00+00:00
66.2300033569336,66.5199966430664,66.22000122070312,66.44999694824219,18679,2025-07-28 12:00:00+00:00
66.44000244140625,67.05999755859375,66.30000305175781,66.81999969482422,47937,2025-07-28 13:00:00+00:00
66.81999969482422,66.94999694824219,66.43000030517578,66.48999786376953,23598,2025-07-28 14:00:00+00:00
66.4800033569336,66.56999969482422,66.2300033569336,66.44000244140625,31066,2025-07-28 15:00:00+00:00
66.43000030517578,66.58999633789062,66.43000030517578,66.55000305175781,11576,2025-07-28 16:00:00+00:00
66.54000091552734,66.62999725341797,66.36000061035156,66.54000091552734,11260,2025-07-28 17:00:00+00:00
66.55000305175781,66.93000030517578,66.41000366210938,66.9000015258789,29514,2025-07-28 18:00:00+00:00
66.91000366210938,67.13999938964844,66.81999969482422,67.11000061035156,9658,2025-07-28 19:00:00+00:00
67.0999984741211,67.11000061035156,66.94999694824219,66.9800033569336,5823,2025-07-28 20:00:00+00:00
67.04000091552734,67.08999633789062,66.9800033569336,66.98999786376953,0,2025-07-28 22:00:00+00:00
66.9800033569336,66.98999786376953,66.94000244140625,66.97000122070312,201,2025-07-28 23:00:00+00:00
66.97000122070312,66.98999786376953,66.83000183105469,66.87999725341797,2363,2025-07-29 00:00:00+00:00
66.88999938964844,66.88999938964844,66.66999816894531,66.66999816894531,2831,2025-07-29 01:00:00+00:00
66.68000030517578,66.83000183105469,66.6500015258789,66.80999755859375,1613,2025-07-29 02:00:00+00:00
66.80999755859375,66.80999755859375,66.5999984741211,66.5999984741211,1470,2025-07-29 03:00:00+00:00
66.61000061035156,66.6500015258789,66.58000183105469,66.62000274658203,927,2025-07-29 04:00:00+00:00
66.62000274658203,66.7300033569336,66.52999877929688,66.72000122070312,1229,2025-07-29 05:00:00+00:00
66.72000122070312,66.80000305175781,66.62000274658203,66.66000366210938,2077,2025-07-29 06:00:00+00:00
66.66000366210938,66.87000274658203,66.58000183105469,66.62000274658203,6420,2025-07-29 07:00:00+00:00
66.62000274658203,67.26000213623047,66.5999984741211,67.2300033569336,9501,2025-07-29 08:00:00+00:00
67.25,67.2699966430664,67.02999877929688,67.06999969482422,5693,2025-07-29 09:00:00+00:00
67.05000305175781,67.19999694824219,66.69999694824219,66.70999908447266,7555,2025-07-29 10:00:00+00:00
66.7300033569336,66.87000274658203,66.61000061035156,66.8499984741211,5857,2025-07-29 11:00:00+00:00
66.83999633789062,67.2300033569336,66.77999877929688,67.19000244140625,13592,2025-07-29 12:00:00+00:00
67.19000244140625,67.56999969482422,67.06999969482422,67.51000213623047,30747,2025-07-29 13:00:00+00:00
67.5199966430664,67.62000274658203,67.41999816894531,67.51000213623047,26017,2025-07-29 14:00:00+00:00
67.5,67.79000091552734,67.44999694824219,67.69000244140625,31042,2025-07-29 15:00:00+00:00
67.69999694824219,67.9000015258789,67.62000274658203,67.70999908447266,18485,2025-07-29 16:00:00+00:00
67.70999908447266,69.16999816894531,67.62999725341797,68.97000122070312,58813,2025-07-29 17:00:00+00:00
68.9800033569336,69.76000213623047,68.73999786376953,69.45999908447266,59728,2025-07-29 18:00:00+00:00
69.45999908447266,69.5,69.2699966430664,69.36000061035156,8393,2025-07-29 19:00:00+00:00
69.3499984741211,69.54000091552734,69.11000061035156,69.25,11062,2025-07-29 20:00:00+00:00
69.33999633789062,69.37999725341797,69.18000030517578,69.27999877929688,0,2025-07-29 22:00:00+00:00
69.2699966430664,69.27999877929688,69.1500015258789,69.18000030517578,505,2025-07-29 23:00:00+00:00
69.16999816894531,69.30999755859375,69.12000274658203,69.25,3836,2025-07-30 00:00:00+00:00
69.2300033569336,69.26000213623047,69.04000091552734,69.23999786376953,6412,2025-07-30 01:00:00+00:00
69.23999786376953,69.26000213623047,69.12999725341797,69.13999938964844,1924,2025-07-30 02:00:00+00:00
69.1500015258789,69.2699966430664,69.01000213623047,69.26000213623047,3607,2025-07-30 03:00:00+00:00
69.25,69.33999633789062,69.23999786376953,69.2699966430664,1402,2025-07-30 04:00:00+00:00
69.2699966430664,69.2699966430664,69.11000061035156,69.12999725341797,1510,2025-07-30 05:00:00+00:00
69.12000274658203,69.3499984741211,69.01000213623047,69.2699966430664,4305,2025-07-30 06:00:00+00:00
69.2699966430664,69.79000091552734,69.20999908447266,69.72000122070312,13571,2025-07-30 07:00:00+00:00
69.7300033569336,69.77999877929688,68.83000183105469,68.97000122070312,26669,2025-07-30 08:00:00+00:00
68.97000122070312,68.97000122070312,68.70999908447266,68.79000091552734,6846,2025-07-30 09:00:00+00:00
68.77999877929688,68.81999969482422,68.44999694824219,68.55999755859375,8451,2025-07-30 10:00:00+00:00
68.56999969482422,68.98999786376953,68.45999908447266,68.97000122070312,8865,2025-07-30 11:00:00+00:00
68.97000122070312,69.6500015258789,68.94000244140625,69.56999969482422,27857,2025-07-30 12:00:00+00:00
69.56999969482422,69.76000213623047,69.33000183105469,69.54000091552734,27219,2025-07-30 13:00:00+00:00
69.55000305175781,69.66000366210938,69.37000274658203,69.62000274658203,30544,2025-07-30 14:00:00+00:00
69.6500015258789,70.2699966430664,69.58000183105469,70.19000244140625,38600,2025-07-30 15:00:00+00:00
70.31999969482422,70.3499984741211,70.01000213623047,70.23999786376953,27608,2025-07-30 16:00:00+00:00
70.25,70.51000213623047,70.16999816894531,70.37999725341797,23380,2025-07-30 17:00:00+00:00
70.37999725341797,70.38999938964844,69.87000274658203,70.19999694824219,41091,2025-07-30 18:00:00+00:00
70.19999694824219,70.4800033569336,70.05000305175781,70.41999816894531,9761,2025-07-30 19:00:00+00:00
70.41999816894531,70.41999816894531,70.27999877929688,70.30000305175781,5234,2025-07-30 20:00:00+00:00
70.30000305175781,70.33000183105469,70.18000030517578,70.26000213623047,0,2025-07-30 22:00:00+00:00
70.25,70.38999938964844,70.22000122070312,70.38999938964844,721,2025-07-30 23:00:00+00:00
70.37999725341797,70.41000366210938,70.16999816894531,70.19999694824219,2725,2025-07-31 00:00:00+00:00
70.20999908447266,70.22000122070312,70.01000213623047,70.02999877929688,2984,2025-07-31 01:00:00+00:00
70.04000091552734,70.05000305175781,69.91999816894531,70.01000213623047,2368,2025-07-31 02:00:00+00:00
70.0199966430664,70.02999877929688,69.91000366210938,69.91999816894531,1401,2025-07-31 03:00:00+00:00
69.91999816894531,69.98999786376953,69.83000183105469,69.8499984741211,1706,2025-07-31 04:00:00+00:00
69.8499984741211,70.0,69.80000305175781,69.98999786376953,2390,2025-07-31 05:00:00+00:00
70.0,70.13999938964844,69.80000305175781,69.91999816894531,5739,2025-07-31 06:00:00+00:00
69.91000366210938,70.25,69.83999633789062,70.16000366210938,6418,2025-07-31 07:00:00+00:00
70.16000366210938,70.19999694824219,69.7699966430664,69.91999816894531,9002,2025-07-31 08:00:00+00:00
69.91999816894531,69.94000244140625,69.3499984741211,69.38999938964844,8557,2025-07-31 09:00:00+00:00
69.37999725341797,69.70999908447266,69.3499984741211,69.69000244140625,7998,2025-07-31 10:00:00+00:00
69.70999908447266,69.80000305175781,69.4000015258789,69.66999816894531,7499,2025-07-31 11:00:00+00:00
69.66999816894531,69.70999908447266,69.47000122070312,69.58999633789062,7679,2025-07-31 12:00:00+00:00
69.5999984741211,69.69999694824219,69.20999908447266,69.45999908447266,26342,2025-07-31 13:00:00+00:00
69.44999694824219,69.83000183105469,69.0999984741211,69.13999938964844,25057,2025-07-31 14:00:00+00:00
69.05000305175781,69.06999969482422,68.55999755859375,68.70999908447266,36745,2025-07-31 15:00:00+00:00
68.72000122070312,69.51000213623047,68.69000244140625,69.30999755859375,21640,2025-07-31 16:00:00+00:00
69.30000305175781,69.38999938964844,68.93000030517578,69.08000183105469,15650,2025-07-31 17:00:00+00:00
69.08999633789062,69.47000122070312,68.87999725341797,69.22000122070312,23561,2025-07-31 18:00:00+00:00
69.22000122070312,69.2300033569336,69.04000091552734,69.19000244140625,6963,2025-07-31 19:00:00+00:00
69.18000030517578,69.4800033569336,69.1500015258789,69.36000061035156,4370,2025-07-31 20:00:00+00:00
69.3499984741211,69.45999908447266,69.22000122070312,69.41999816894531,0,2025-07-31 22:00:00+00:00
69.4000015258789,69.43000030517578,69.33000183105469,69.37000274658203,306,2025-07-31 23:00:00+00:00
69.37999725341797,69.4000015258789,69.19999694824219,69.22000122070312,1468,2025-08-01 00:00:00+00:00
69.22000122070312,69.33000183105469,69.16000366210938,69.30999755859375,1134,2025-08-01 01:00:00+00:00
69.31999969482422,69.38999938964844,69.12999725341797,69.22000122070312,1172,2025-08-01 02:00:00+00:00
69.2300033569336,69.41000366210938,69.19000244140625,69.37000274658203,1176,2025-08-01 03:00:00+00:00
69.38999938964844,69.55000305175781,69.37000274658203,69.44000244140625,1446,2025-08-01 04:00:00+00:00
69.44000244140625,69.45999908447266,69.25,69.30999755859375,1158,2025-08-01 05:00:00+00:00
69.30999755859375,69.4800033569336,69.04000091552734,69.19000244140625,3302,2025-08-01 06:00:00+00:00
69.19999694824219,69.33000183105469,68.91999816894531,69.19999694824219,6060,2025-08-01 07:00:00+00:00
69.20999908447266,69.52999877929688,68.72000122070312,68.87000274658203,12150,2025-08-01 08:00:00+00:00
68.87999725341797,69.11000061035156,68.69999694824219,69.08999633789062,6082,2025-08-01 09:00:00+00:00
69.08999633789062,69.19999694824219,68.5199966430664,68.55999755859375,7041,2025-08-01 10:00:00+00:00
68.58000183105469,68.80999755859375,68.45999908447266,68.73999786376953,7605,2025-08-01 11:00:00+00:00
68.73999786376953,69.5,68.69000244140625,69.2699966430664,36475,2025-08-01 12:00:00+00:00
69.2699966430664,69.58000183105469,68.36000061035156,68.44999694824219,56254,2025-08-01 13:00:00+00:00
68.44999694824219,68.44999694824219,67.2300033569336,67.30000305175781,53639,2025-08-01 14:00:00+00:00
67.30000305175781,67.63999938964844,67.25,67.48999786376953,31222,2025-08-01 15:00:00+00:00
67.48999786376953,67.77999877929688,67.05000305175781,67.52999877929688,35175,2025-08-01 16:00:00+00:00
67.52999877929688,67.72000122070312,67.29000091552734,67.33000183105469,24977,2025-08-01 17:00:00+00:00
67.33000183105469,67.43000030517578,67.0999984741211,67.31999969482422,31974,2025-08-01 18:00:00+00:00
67.31999969482422,67.36000061035156,67.13999938964844,67.2699966430664,7014,2025-08-01 19:00:00+00:00
67.2699966430664,67.4000015258789,67.12999725341797,67.33000183105469,3826,2025-08-01 20:00:00+00:00
67.33000183105469,67.33000183105469,66.7699966430664,66.8499984741211,2040,2025-08-03 22:00:00+00:00
66.86000061035156,66.98999786376953,66.80000305175781,66.97000122070312,1012,2025-08-03 23:00:00+00:00
66.97000122070312,67.12999725341797,66.83999633789062,67.12999725341797,1439,2025-08-04 00:00:00+00:00
67.12999725341797,67.19999694824219,66.83999633789062,67.18000030517578,2507,2025-08-04 01:00:00+00:00
67.19000244140625,67.2699966430664,67.0999984741211,67.2300033569336,1730,2025-08-04 02:00:00+00:00
67.2300033569336,67.27999877929688,67.1500015258789,67.22000122070312,1312,2025-08-04 03:00:00+00:00
67.22000122070312,67.30000305175781,67.0999984741211,67.18000030517578,983,2025-08-04 04:00:00+00:00
67.18000030517578,67.4000015258789,67.1500015258789,67.37999725341797,1680,2025-08-04 05:00:00+00:00
67.37000274658203,67.62000274658203,67.37000274658203,67.55999755859375,3257,2025-08-04 06:00:00+00:00
67.55000305175781,67.73999786376953,67.37000274658203,67.5,5967,2025-08-04 07:00:00+00:00
67.48999786376953,67.5199966430664,66.33000183105469,66.44999694824219,14960,2025-08-04 08:00:00+00:00
66.44999694824219,66.68000030517578,66.36000061035156,66.37999725341797,7402,2025-08-04 09:00:00+00:00
66.37000274658203,66.5,66.11000061035156,66.16000366210938,9053,2025-08-04 10:00:00+00:00
66.16999816894531,66.18000030517578,65.95999908447266,65.9800033569336,12051,2025-08-04 11:00:00+00:00
65.9800033569336,66.05000305175781,65.5,65.52999877929688,24500,2025-08-04 12:00:00+00:00
65.54000091552734,65.81999969482422,65.45999908447266,65.66000366210938,34771,2025-08-04 13:00:00+00:00
65.6500015258789,66.94999694824219,65.56999969482422,66.87000274658203,42679,2025-08-04 14:00:00+00:00
66.87000274658203,67.02999877929688,66.58000183105469,66.80000305175781,23872,2025-08-04 15:00:00+00:00
66.80000305175781,66.86000061035156,66.22000122070312,66.27999877929688,17709,2025-08-04 16:00:00+00:00
66.27999877929688,66.41999816894531,66.18000030517578,66.26000213623047,15316,2025-08-04 17:00:00+00:00
66.25,66.44000244140625,66.05000305175781,66.16000366210938,19897,2025-08-04 18:00:00+00:00
66.1500015258789,66.23999786376953,65.94000244140625,66.08999633789062,4332,2025-08-04 19:00:00+00:00
66.08999633789062,66.25,66.08000183105469,66.23999786376953,3089,2025-08-04 20:00:00+00:00
66.20999908447266,66.29000091552734,66.19000244140625,66.2699966430664,0,2025-08-04 22:00:00+00:00
66.2699966430664,66.31999969482422,66.25,66.30000305175781,299,2025-08-04 23:00:00+00:00
66.30999755859375,66.36000061035156,66.20999908447266,66.22000122070312,1229,2025-08-05 00:00:00+00:00
66.20999908447266,66.38999938964844,66.20999908447266,66.26000213623047,1734,2025-08-05 01:00:00+00:00
66.26000213623047,66.27999877929688,66.08999633789062,66.12999725341797,1151,2025-08-05 02:00:00+00:00
66.12000274658203,66.19000244140625,66.0199966430664,66.18000030517578,2180,2025-08-05 03:00:00+00:00
66.18000030517578,66.2300033569336,66.13999938964844,66.19000244140625,1162,2025-08-05 04:00:00+00:00
66.19000244140625,66.33999633789062,66.01000213623047,66.29000091552734,2367,2025-08-05 05:00:00+00:00
66.27999877929688,66.38999938964844,66.08000183105469,66.11000061035156,2171,2025-08-05 06:00:00+00:00
66.12000274658203,66.2699966430664,65.7699966430664,65.98999786376953,10524,2025-08-05 07:00:00+00:00
65.98999786376953,66.33000183105469,65.80999755859375,65.87999725341797,9072,2025-08-05 08:00:00+00:00
65.9000015258789,65.97000122070312,65.4000015258789,65.41000366210938,11029,2025-08-05 09:00:00+00:00
65.41000366210938,65.62999725341797,65.4000015258789,65.48999786376953,7245,2025-08-05 10:00:00+00:00
65.51000213623047,65.75,65.47000122070312,65.63999938964844,8770,2025-08-05 11:00:00+00:00
65.6500015258789,65.77999877929688,65.0999984741211,65.30000305175781,24611,2025-08-05 12:00:00+00:00
65.30999755859375,65.69000244140625,65.20999908447266,65.5199966430664,19572,2025-08-05 13:00:00+00:00
65.51000213623047,65.77999877929688,65.19000244140625,65.48999786376953,31683,2025-08-05 14:00:00+00:00
65.4800033569336,65.58999633789062,65.26000213623047,65.3499984741211,24044,2025-08-05 15:00:00+00:00
65.3499984741211,65.79000091552734,65.02999877929688,65.30000305175781,35182,2025-08-05 16:00:00+00:00
65.30999755859375,65.61000061035156,65.12999725341797,65.3499984741211,26456,2025-08-05 17:00:00+00:00
65.36000061035156,65.4000015258789,65.06999969482422,65.12000274658203,25770,2025-08-05 18:00:00+00:00
65.12000274658203,65.22000122070312,65.0999984741211,65.16000366210938,5128,2025-08-05 19:00:00+00:00
65.16000366210938,65.25,65.05999755859375,65.16999816894531,3684,2025-08-05 20:00:00+00:00
65.1500015258789,65.26000213623047,65.11000061035156,65.26000213623047,0,2025-08-05 22:00:00+00:00
65.25,65.30000305175781,65.2300033569336,65.2699966430664,265,2025-08-05 23:00:00+00:00
65.2699966430664,65.37000274658203,65.25,65.3499984741211,1410,2025-08-06 00:00:00+00:00
65.3499984741211,65.51000213623047,65.33999633789062,65.4800033569336,2949,2025-08-06 01:00:00+00:00
65.4800033569336,65.54000091552734,65.44000244140625,65.48999786376953,2026,2025-08-06 02:00:00+00:00
65.4800033569336,65.5999984741211,65.4800033569336,65.56999969482422,1069,2025-08-06 03:00:00+00:00
65.56999969482422,65.62999725341797,65.54000091552734,65.58000183105469,884,2025-08-06 04:00:00+00:00
65.58000183105469,65.58999633789062,65.44000244140625,65.5,1245,2025-08-06 05:00:00+00:00
65.5,65.66000366210938,65.48999786376953,65.62999725341797,3971,2025-08-06 06:00:00+00:00
65.62000274658203,65.9000015258789,65.58999633789062,65.69000244140625,5561,2025-08-06 07:00:00+00:00
65.68000030517578,66.19000244140625,65.6500015258789,66.05999755859375,7935,2025-08-06 08:00:00+00:00
66.05999755859375,66.26000213623047,66.0199966430664,66.22000122070312,6099,2025-08-06 09:00:00+00:00
66.20999908447266,66.33999633789062,66.12999725341797,66.2699966430664,4458,2025-08-06 10:00:00+00:00
66.2699966430664,66.30000305175781,66.05999755859375,66.19999694824219,7128,2025-08-06 11:00:00+00:00
66.19999694824219,66.26000213623047,65.81999969482422,66.16000366210938,16232,2025-08-06 12:00:00+00:00
66.16000366210938,66.75,66.02999877929688,66.37999725341797,35366,2025-08-06 13:00:00+00:00
66.38999938964844,66.55000305175781,65.41000366210938,65.95999908447266,50756,2025-08-06 14:00:00+00:00
65.97000122070312,66.12999725341797,64.80999755859375,64.87000274658203,39281,2025-08-06 15:00:00+00:00
64.86000061035156,65.63999938964844,64.62999725341797,65.30000305175781,55053,2025-08-06 16:00:00+00:00
65.30999755859375,65.3499984741211,64.77999877929688,64.80000305175781,23054,2025-08-06 17:00:00+00:00
64.80000305175781,64.91999816894531,64.08000183105469,64.12000274658203,44383,2025-08-06 18:00:00+00:00
64.11000061035156,64.19000244140625,63.63999938964844,64.08000183105469,14465,2025-08-06 19:00:00+00:00
64.06999969482422,64.33000183105469,64.0199966430664,64.2699966430664,9337,2025-08-06 20:00:00+00:00
64.36000061035156,64.44999694824219,64.26000213623047,64.31999969482422,0,2025-08-06 22:00:00+00:00
64.31999969482422,64.43000030517578,64.30000305175781,64.37999725341797,906,2025-08-06 23:00:00+00:00
64.38999938964844,64.69000244140625,64.33000183105469,64.69000244140625,3401,2025-08-07 00:00:00+00:00
64.69000244140625,64.97000122070312,64.66999816894531,64.91000366210938,4168,2025-08-07 01:00:00+00:00
64.91000366210938,65.08000183105469,64.87000274658203,64.9800033569336,1887,2025-08-07 02:00:00+00:00
64.9800033569336,65.08000183105469,64.94000244140625,65.05999755859375,1714,2025-08-07 03:00:00+00:00
65.05000305175781,65.05000305175781,64.80000305175781,64.83000183105469,2503,2025-08-07 04:00:00+00:00
64.81999969482422,64.8499984741211,64.66999816894531,64.73999786376953,2257,2025-08-07 05:00:00+00:00
64.75,64.87000274658203,64.69000244140625,64.77999877929688,3296,2025-08-07 06:00:00+00:00
64.77999877929688,64.97000122070312,64.72000122070312,64.75,7886,2025-08-07 07:00:00+00:00
64.75,64.80000305175781,64.12000274658203,64.55999755859375,21288,2025-08-07 08:00:00+00:00
64.56999969482422,64.87000274658203,64.5199966430664,64.86000061035156,5809,2025-08-07 09:00:00+00:00
64.87000274658203,65.11000061035156,64.7300033569336,64.86000061035156,6149,2025-08-07 10:00:00+00:00
64.86000061035156,64.94999694824219,64.5199966430664,64.58000183105469,9821,2025-08-07 11:00:00+00:00
64.5999984741211,64.8499984741211,64.58000183105469,64.69000244140625,13125,2025-08-07 12:00:00+00:00
64.69999694824219,64.72000122070312,64.22000122070312,64.47000122070312,32742,2025-08-07 13:00:00+00:00
64.4800033569336,64.58999633789062,64.05999755859375,64.06999969482422,26305,2025-08-07 14:00:00+00:00
64.11000061035156,64.31999969482422,63.849998474121094,64.0199966430664,44081,2025-08-07 15:00:00+00:00
64.0199966430664,64.48999786376953,64.0199966430664,64.20999908447266,23065,2025-08-07 16:00:00+00:00
64.22000122070312,64.27999877929688,63.779998779296875,64.05999755859375,20215,2025-08-07 17:00:00+00:00
64.05999755859375,64.13999938964844,63.7599983215332,63.83000183105469,30535,2025-08-07 18:00:00+00:00
63.83000183105469,63.84000015258789,63.70000076293945,63.75,4507,2025-08-07 19:00:00+00:00
63.72999954223633,63.86000061035156,63.72999954223633,63.81999969482422,3478,2025-08-07 20:00:00+00:00
63.849998474121094,63.900001525878906,63.77000045776367,63.849998474121094,0,2025-08-07 22:00:00+00:00
63.84000015258789,63.880001068115234,63.79999923706055,63.83000183105469,486,2025-08-07 23:00:00+00:00
63.83000183105469,63.869998931884766,63.779998779296875,63.869998931884766,1443,2025-08-08 00:00:00+00:00
63.86000061035156,63.959999084472656,63.84000015258789,63.86000061035156,2664,2025-08-08 01:00:00+00:00
63.869998931884766,63.970001220703125,63.72999954223633,63.81999969482422,1795,2025-08-08 02:00:00+00:00
63.84000015258789,63.869998931884766,63.709999084472656,63.84000015258789,1435,2025-08-08 03:00:00+00:00
63.84000015258789,63.84000015258789,63.7400016784668,63.7400016784668,938,2025-08-08 04:00:00+00:00
63.7400016784668,63.7599983215332,63.54999923706055,63.560001373291016,4406,2025-08-08 05:00:00+00:00
63.56999969482422,63.599998474121094,63.189998626708984,63.310001373291016,6735,2025-08-08 06:00:00+00:00
63.31999969482422,63.970001220703125,63.279998779296875,63.900001525878906,7915,2025-08-08 07:00:00+00:00
63.900001525878906,64.13999938964844,63.61000061035156,64.12000274658203,8875,2025-08-08 08:00:00+00:00
64.11000061035156,64.2699966430664,63.88999938964844,64.23999786376953,6010,2025-08-08 09:00:00+00:00
64.2300033569336,64.47000122070312,64.0999984741211,64.31999969482422,12465,2025-08-08 10:00:00+00:00
64.30999755859375,64.3499984741211,63.97999954223633,64.06999969482422,8373,2025-08-08 11:00:00+00:00
64.08000183105469,64.33000183105469,63.9900016784668,64.13999938964844,12483,2025-08-08 12:00:00+00:00
64.13999938964844,64.58000183105469,63.84000015258789,64.41999816894531,26926,2025-08-08 13:00:00+00:00
64.41999816894531,64.44000244140625,62.77000045776367,63.54999923706055,62831,2025-08-08 14:00:00+00:00
63.540000915527344,64.3499984741211,63.47999954223633,64.2300033569336,34484,2025-08-08 15:00:00+00:00
64.23999786376953,64.33000183105469,64.0199966430664,64.13999938964844,22515,2025-08-08 16:00:00+00:00
64.13999938964844,64.4800033569336,63.810001373291016,63.959999084472656,25003,2025-08-08 17:00:00+00:00
63.95000076293945,64.05999755859375,63.65999984741211,63.66999816894531,30003,2025-08-08 18:00:00+00:00
63.66999816894531,63.790000915527344,63.59000015258789,63.630001068115234,6824,2025-08-08 19:00:00+00:00
63.630001068115234,63.650001525878906,63.29999923706055,63.349998474121094,6672,2025-08-08 20:00:00+00:00
63.47999954223633,63.880001068115234,63.150001525878906,63.58000183105469,3268,2025-08-10 22:00:00+00:00
63.58000183105469,63.63999938964844,63.43000030517578,63.439998626708984,972,2025-08-10 23:00:00+00:00
63.43000030517578,63.45000076293945,63.02000045776367,63.099998474121094,2921,2025-08-11 00:00:00+00:00
63.11000061035156,63.5099983215332,63.11000061035156,63.4900016784668,2714,2025-08-11 01:00:00+00:00
63.4900016784668,63.54999923706055,63.380001068115234,63.52000045776367,1494,2025-08-11 02:00:00+00:00
63.52000045776367,63.58000183105469,63.47999954223633,63.52000045776367,1097,2025-08-11 03:00:00+00:00
63.529998779296875,63.54999923706055,63.380001068115234,63.40999984741211,786,2025-08-11 04:00:00+00:00
63.40999984741211,63.529998779296875,63.36000061035156,63.5099983215332,989,2025-08-11 05:00:00+00:00
63.5099983215332,63.689998626708984,63.119998931884766,63.290000915527344,4218,2025-08-11 06:00:00+00:00
63.279998779296875,63.40999984741211,63.099998474121094,63.13999938964844,5123,2025-08-11 07:00:00+00:00
63.130001068115234,63.68000030517578,63.130001068115234,63.4900016784668,7489,2025-08-11 08:00:00+00:00
63.47999954223633,63.880001068115234,63.439998626708984,63.84000015258789,7466,2025-08-11 09:00:00+00:00
63.83000183105469,64.0,63.81999969482422,63.970001220703125,4767,2025-08-11 10:00:00+00:00
63.959999084472656,64.27999877929688,63.939998626708984,64.2699966430664,6458,2025-08-11 11:00:00+00:00
64.25,64.30999755859375,64.08999633789062,64.2300033569336,10655,2025-08-11 12:00:00+00:00
64.2300033569336,64.41999816894531,64.0999984741211,64.1500015258789,20818,2025-08-11 13:00:00+00:00
64.16000366210938,64.44000244140625,63.68000030517578,63.709999084472656,25220,2025-08-11 14:00:00+00:00
63.709999084472656,64.2300033569336,63.65999984741211,63.810001373291016,25605,2025-08-11 15:00:00+00:00
63.79999923706055,64.1500015258789,63.77000045776367,64.0999984741211,12218,2025-08-11 16:00:00+00:00
64.08999633789062,64.20999908447266,63.86000061035156,63.959999084472656,18431,2025-08-11 17:00:00+00:00
63.959999084472656,64.18000030517578,63.91999816894531,63.9900016784668,35077,2025-08-11 18:00:00+00:00
64.0,64.1500015258789,64.0,64.05999755859375,2570,2025-08-11 19:00:00+00:00
64.06999969482422,64.0999984741211,63.970001220703125,64.0,2385,2025-08-11 20:00:00+00:00
64.0,64.1500015258789,63.9900016784668,64.1500015258789,0,2025-08-11 22:00:00+00:00
64.1500015258789,64.16000366210938,64.06999969482422,64.0999984741211,201,2025-08-11 23:00:00+00:00
64.0999984741211,64.22000122070312,64.06999969482422,64.06999969482422,1030,2025-08-12 00:00:00+00:00
64.06999969482422,64.08000183105469,63.900001525878906,63.9900016784668,1445,2025-08-12 01:00:00+00:00
64.0,64.08000183105469,63.939998626708984,64.05999755859375,669,2025-08-12 02:00:00+00:00
64.06999969482422,64.18000030517578,64.04000091552734,64.12999725341797,1147,2025-08-12 03:00:00+00:00
64.12000274658203,64.30999755859375,64.0999984741211,64.27999877929688,1165,2025-08-12 04:00:00+00:00
64.29000091552734,64.30000305175781,64.18000030517578,64.20999908447266,2015,2025-08-12 05:00:00+00:00
64.20999908447266,64.30000305175781,63.959999084472656,64.13999938964844,3376,2025-08-12 06:00:00+00:00
64.12999725341797,64.23999786376953,64.05999755859375,64.13999938964844,4119,2025-08-12 07:00:00+00:00
64.1500015258789,64.2300033569336,63.7599983215332,63.83000183105469,9773,2025-08-12 08:00:00+00:00
63.83000183105469,64.06999969482422,63.77000045776367,64.0199966430664,3727,2025-08-12 09:00:00+00:00
64.0199966430664,64.33999633789062,63.779998779296875,63.95000076293945,7853,2025-08-12 10:00:00+00:00
63.95000076293945,63.959999084472656,63.47999954223633,63.5099983215332,9153,2025-08-12 11:00:00+00:00
63.5099983215332,63.630001068115234,63.310001373291016,63.43000030517578,19536,2025-08-12 12:00:00+00:00
63.439998626708984,63.66999816894531,63.189998626708984,63.4900016784668,31465,2025-08-12 13:00:00+00:00
63.47999954223633,63.65999984741211,63.45000076293945,63.56999969482422,22735,2025-08-12 14:00:00+00:00
63.58000183105469,63.79999923706055,63.20000076293945,63.279998779296875,36227,2025-08-12 15:00:00+00:00
63.279998779296875,63.380001068115234,63.060001373291016,63.18000030517578,25397,2025-08-12 16:00:00+00:00
63.16999816894531,63.43000030517578,63.130001068115234,63.22999954223633,20951,2025-08-12 17:00:00+00:00
63.2400016784668,63.279998779296875,63.060001373291016,63.220001220703125,47547,2025-08-12 18:00:00+00:00
63.22999954223633,63.25,63.13999938964844,63.16999816894531,11191,2025-08-12 19:00:00+00:00
63.15999984741211,63.189998626708984,63.06999969482422,63.08000183105469,7954,2025-08-12 20:00:00+00:00
63.06999969482422,63.16999816894531,62.81999969482422,63.099998474121094,0,2025-08-12 22:00:00+00:00
63.119998931884766,63.18000030517578,63.11000061035156,63.15999984741211,155,2025-08-12 23:00:00+00:00
63.15999984741211,63.16999816894531,63.099998474121094,63.150001525878906,1598,2025-08-13 00:00:00+00:00
63.13999938964844,63.20000076293945,63.02000045776367,63.150001525878906,1811,2025-08-13 01:00:00+00:00
63.150001525878906,63.150001525878906,62.939998626708984,62.970001220703125,932,2025-08-13 02:00:00+00:00
62.970001220703125,63.18000030517578,62.959999084472656,63.18000030517578,2285,2025-08-13 03:00:00+00:00
63.189998626708984,63.2599983215332,63.16999816894531,63.220001220703125,1512,2025-08-13 04:00:00+00:00
63.209999084472656,63.290000915527344,63.060001373291016,63.08000183105469,1091,2025-08-13 05:00:00+00:00
63.09000015258789,63.34000015258789,62.86000061035156,63.189998626708984,4615,2025-08-13 06:00:00+00:00
63.18000030517578,63.18000030517578,62.869998931884766,62.959999084472656,5297,2025-08-13 07:00:00+00:00
62.95000076293945,63.0,62.540000915527344,62.849998474121094,10131,2025-08-13 08:00:00+00:00
62.84000015258789,63.060001373291016,62.70000076293945,62.72999954223633,7607,2025-08-13 09:00:00+00:00
62.7400016784668,62.79999923706055,62.599998474121094,62.619998931884766,5040,2025-08-13 10:00:00+00:00
62.619998931884766,62.880001068115234,62.599998474121094,62.81999969482422,6698,2025-08-13 11:00:00+00:00
62.81999969482422,63.380001068115234,62.779998779296875,63.16999816894531,32026,2025-08-13 12:00:00+00:00
63.16999816894531,63.209999084472656,62.84000015258789,62.88999938964844,20938,2025-08-13 13:00:00+00:00
62.88999938964844,63.040000915527344,62.15999984741211,62.29999923706055,46202,2025-08-13 14:00:00+00:00
62.290000915527344,62.540000915527344,61.939998626708984,62.0099983215332,32386,2025-08-13 15:00:00+00:00
62.02000045776367,62.36000061035156,61.959999084472656,62.22999954223633,18403,2025-08-13 16:00:00+00:00
62.22999954223633,62.720001220703125,62.189998626708984,62.54999923706055,21414,2025-08-13 17:00:00+00:00
62.560001373291016,62.720001220703125,62.459999084472656,62.4900016784668,26943,2025-08-13 18:00:00+00:00
62.47999954223633,62.83000183105469,62.47999954223633,62.7400016784668,6717,2025-08-13 19:00:00+00:00
62.75,62.77000045776367,62.68000030517578,62.7400016784668,3912,2025-08-13 20:00:00+00:00
62.790000915527344,62.84000015258789,62.70000076293945,62.779998779296875,0,2025-08-13 22:00:00+00:00
62.77000045776367,62.84000015258789,62.7599983215332,62.790000915527344,277,2025-08-13 23:00:00+00:00
62.779998779296875,62.900001525878906,62.7599983215332,62.880001068115234,1403,2025-08-14 00:00:00+00:00
62.869998931884766,62.90999984741211,62.75,62.880001068115234,1794,2025-08-14 01:00:00+00:00
62.88999938964844,63.0,62.81999969482422,62.91999816894531,1144,2025-08-14 02:00:00+00:00
62.90999984741211,62.95000076293945,62.84000015258789,62.849998474121094,1123,2025-08-14 03:00:00+00:00
62.86000061035156,62.90999984741211,62.849998474121094,62.88999938964844,385,2025-08-14 04:00:00+00:00
62.88999938964844,63.04999923706055,62.79999923706055,62.93000030517578,1933,2025-08-14 05:00:00+00:00
62.91999816894531,63.09000015258789,62.79999923706055,63.0099983215332,5280,2025-08-14 06:00:00+00:00
63.0,63.09000015258789,62.77000045776367,62.83000183105469,5246,2025-08-14 07:00:00+00:00
62.84000015258789,63.040000915527344,62.7400016784668,62.81999969482422,6871,2025-08-14 08:00:00+00:00
62.81999969482422,63.06999969482422,62.810001373291016,63.0,4517,2025-08-14 09:00:00+00:00
63.0,63.040000915527344,62.58000183105469,62.650001525878906,7765,2025-08-14 10:00:00+00:00
62.650001525878906,63.0,62.630001068115234,62.939998626708984,5252,2025-08-14 11:00:00+00:00
62.939998626708984,63.279998779296875,62.83000183105469,63.119998931884766,14509,2025-08-14 12:00:00+00:00
63.11000061035156,63.790000915527344,63.060001373291016,63.470001220703125,26489,2025-08-14 13:00:00+00:00
63.47999954223633,63.61000061035156,63.189998626708984,63.43000030517578,31028,2025-08-14 14:00:00+00:00
63.439998626708984,63.88999938964844,63.41999816894531,63.790000915527344,25505,2025-08-14 15:00:00+00:00
63.779998779296875,63.97999954223633,63.709999084472656,63.790000915527344,20496,2025-08-14 16:00:00+00:00
63.779998779296875,63.970001220703125,63.540000915527344,63.90999984741211,24066,2025-08-14 17:00:00+00:00
63.90999984741211,64.06999969482422,63.790000915527344,64.05999755859375,27559,2025-08-14 18:00:00+00:00
64.05000305175781,64.0999984741211,64.0,64.0199966430664,3875,2025-08-14 19:00:00+00:00
64.04000091552734,64.05999755859375,63.90999984741211,63.93000030517578,3565,2025-08-14 20:00:00+00:00
63.90999984741211,63.970001220703125,63.810001373291016,63.88999938964844,0,2025-08-14 22:00:00+00:00
63.88999938964844,63.95000076293945,63.849998474121094,63.939998626708984,334,2025-08-14 23:00:00+00:00
63.939998626708984,64.1500015258789,63.83000183105469,63.869998931884766,1954,2025-08-15 00:00:00+00:00
63.869998931884766,63.95000076293945,63.790000915527344,63.95000076293945,1863,2025-08-15 01:00:00+00:00
63.939998626708984,63.970001220703125,63.83000183105469,63.88999938964844,695,2025-08-15 02:00:00+00:00
63.880001068115234,63.91999816894531,63.779998779296875,63.84000015258789,805,2025-08-15 03:00:00+00:00
63.84000015258789,63.880001068115234,63.70000076293945,63.75,555,2025-08-15 04:00:00+00:00
63.72999954223633,63.90999984741211,63.689998626708984,63.84000015258789,1344,2025-08-15 05:00:00+00:00
63.84000015258789,63.84000015258789,63.56999969482422,63.650001525878906,1958,2025-08-15 06:00:00+00:00
63.63999938964844,63.650001525878906,63.41999816894531,63.5099983215332,4517,2025-08-15 07:00:00+00:00
63.52000045776367,63.58000183105469,63.220001220703125,63.22999954223633,4812,2025-08-15 08:00:00+00:00
63.22999954223633,63.61000061035156,63.22999954223633,63.59000015258789,3207,2025-08-15 09:00:00+00:00
63.58000183105469,63.65999984741211,63.439998626708984,63.56999969482422,3479,2025-08-15 10:00:00+00:00
63.560001373291016,63.70000076293945,63.310001373291016,63.66999816894531,5569,2025-08-15 11:00:00+00:00
63.66999816894531,63.70000076293945,63.31999969482422,63.349998474121094,8058,2025-08-15 12:00:00+00:00
63.36000061035156,63.380001068115234,62.88999938964844,63.34000015258789,26941,2025-08-15 13:00:00+00:00
63.34000015258789,63.599998474121094,63.08000183105469,63.45000076293945,16367,2025-08-15 14:00:00+00:00
63.459999084472656,63.599998474121094,63.150001525878906,63.16999816894531,18233,2025-08-15 15:00:00+00:00
63.18000030517578,63.279998779296875,62.95000076293945,63.25,18601,2025-08-15 16:00:00+00:00
63.2400016784668,63.380001068115234,63.060001373291016,63.099998474121094,13179,2025-08-15 17:00:00+00:00
63.099998474121094,63.099998474121094,62.68000030517578,63.06999969482422,28706,2025-08-15 18:00:00+00:00
63.06999969482422,63.15999984741211,62.79999923706055,63.130001068115234,5080,2025-08-15 19:00:00+00:00
63.119998931884766,63.189998626708984,62.79999923706055,62.79999923706055,3814,2025-08-15 20:00:00+00:00
63.0,63.060001373291016,62.459999084472656,62.65999984741211,781,2025-08-17 22:00:00+00:00
62.650001525878906,62.68000030517578,62.56999969482422,62.56999969482422,513,2025-08-17 23:00:00+00:00
62.58000183105469,62.81999969482422,62.54999923706055,62.810001373291016,590,2025-08-18 00:00:00+00:00
62.81999969482422,62.83000183105469,62.52000045776367,62.79999923706055,463,2025-08-18 01:00:00+00:00
62.810001373291016,62.869998931884766,62.75,62.790000915527344,254,2025-08-18 02:00:00+00:00
62.84000015258789,62.90999984741211,62.77000045776367,62.90999984741211,237,2025-08-18 03:00:00+00:00
62.90999984741211,62.939998626708984,62.849998474121094,62.869998931884766,564,2025-08-18 04:00:00+00:00
62.869998931884766,62.93000030517578,62.81999969482422,62.900001525878906,177,2025-08-18 05:00:00+00:00
62.90999984741211,63.2599983215332,62.88999938964844,63.11000061035156,985,2025-08-18 06:00:00+00:00
63.11000061035156,63.11000061035156,62.65999984741211,62.66999816894531,2184,2025-08-18 07:00:00+00:00
62.68000030517578,63.060001373291016,62.63999938964844,62.93000030517578,1204,2025-08-18 08:00:00+00:00
62.90999984741211,63.369998931884766,62.849998474121094,63.27000045776367,1392,2025-08-18 09:00:00+00:00
63.25,63.290000915527344,62.939998626708984,63.16999816894531,697,2025-08-18 10:00:00+00:00
63.18000030517578,63.2400016784668,62.97999954223633,63.099998474121094,1290,2025-08-18 11:00:00+00:00
63.099998474121094,63.15999984741211,62.790000915527344,62.88999938964844,7830,2025-08-18 12:00:00+00:00
62.849998474121094,62.880001068115234,62.18000030517578,62.459999084472656,7627,2025-08-18 13:00:00+00:00
62.43000030517578,62.91999816894531,62.279998779296875,62.81999969482422,5580,2025-08-18 14:00:00+00:00
62.83000183105469,63.13999938964844,62.7400016784668,63.13999938964844,8209,2025-08-18 15:00:00+00:00
63.130001068115234,63.209999084472656,62.959999084472656,63.150001525878906,5006,2025-08-18 16:00:00+00:00
63.130001068115234,63.790000915527344,63.09000015258789,63.40999984741211,7815,2025-08-18 17:00:00+00:00
63.380001068115234,63.54999923706055,63.31999969482422,63.38999938964844,10499,2025-08-18 18:00:00+00:00
63.369998931884766,63.400001525878906,63.18000030517578,63.34000015258789,2677,2025-08-18 19:00:00+00:00
63.33000183105469,63.40999984741211,63.279998779296875,63.279998779296875,1447,2025-08-18 20:00:00+00:00
63.27000045776367,63.38999938964844,62.9900016784668,63.349998474121094,0,2025-08-18 22:00:00+00:00
63.369998931884766,63.380001068115234,63.31999969482422,63.36000061035156,101,2025-08-18 23:00:00+00:00
63.369998931884766,63.369998931884766,63.2599983215332,63.290000915527344,186,2025-08-19 00:00:00+00:00
63.27000045776367,63.27000045776367,63.11000061035156,63.130001068115234,193,2025-08-19 01:00:00+00:00
63.11000061035156,63.119998931884766,63.0099983215332,63.060001373291016,189,2025-08-19 02:00:00+00:00
63.09000015258789,63.13999938964844,63.029998779296875,63.060001373291016,100,2025-08-19 03:00:00+00:00
63.040000915527344,63.040000915527344,62.95000076293945,62.970001220703125,68,2025-08-19 04:00:00+00:00
62.95000076293945,63.0,62.849998474121094,62.9900016784668,346,2025-08-19 05:00:00+00:00
62.970001220703125,63.189998626708984,62.970001220703125,63.02000045776367,487,2025-08-19 06:00:00+00:00
62.939998626708984,62.959999084472656,62.79999923706055,62.90999984741211,931,2025-08-19 07:00:00+00:00
62.86000061035156,63.02000045776367,62.65999984741211,62.66999816894531,637,2025-08-19 08:00:00+00:00
62.66999816894531,62.849998474121094,62.599998474121094,62.810001373291016,859,2025-08-19 09:00:00+00:00
62.810001373291016,62.869998931884766,62.540000915527344,62.560001373291016,996,2025-08-19 10:00:00+00:00
62.560001373291016,62.93000030517578,62.5099983215332,62.869998931884766,1837,2025-08-19 11:00:00+00:00
62.88999938964844,62.939998626708984,62.560001373291016,62.650001525878906,4174,2025-08-19 12:00:00+00:00
62.630001068115234,62.880001068115234,62.380001068115234,62.66999816894531,3972,2025-08-19 13:00:00+00:00
62.68000030517578,62.90999984741211,62.59000015258789,62.72999954223633,4630,2025-08-19 14:00:00+00:00
62.689998626708984,62.84000015258789,62.43000030517578,62.439998626708984,6528,2025-08-19 15:00:00+00:00
62.40999984741211,62.619998931884766,62.33000183105469,62.369998931884766,4662,2025-08-19 16:00:00+00:00
62.369998931884766,62.439998626708984,62.279998779296875,62.349998474121094,3049,2025-08-19 17:00:00+00:00
62.290000915527344,62.5,62.25,62.45000076293945,8026,2025-08-19 18:00:00+00:00
62.5,62.63999938964844,62.349998474121094,62.439998626708984,2405,2025-08-19 19:00:00+00:00
62.47999954223633,62.56999969482422,62.41999816894531,62.5099983215332,1403,2025-08-19 20:00:00+00:00
62.599998474121094,62.599998474121094,62.599998474121094,62.599998474121094,0,2025-08-19 22:00:00+00:00
62.689998626708984,62.689998626708984,62.689998626708984,62.689998626708984,1,2025-08-20 00:00:00+00:00
62.68000030517578,62.720001220703125,62.68000030517578,62.720001220703125,3,2025-08-20 01:00:00+00:00
62.45000076293945,62.45000076293945,61.900001525878906,61.900001525878906,7353,2025-08-20 02:00:00+00:00
61.900001525878906,62.5,61.83000183105469,61.880001068115234,905,2025-08-20 03:00:00+00:00
61.880001068115234,62.5,61.880001068115234,61.9900016784668,1214,2025-08-20 04:00:00+00:00
62.0,62.58000183105469,61.97999954223633,62.20000076293945,1889,2025-08-20 05:00:00+00:00
62.209999084472656,62.79999923706055,62.189998626708984,62.33000183105469,4918,2025-08-20 06:00:00+00:00
62.31999969482422,63.0,62.209999084472656,62.470001220703125,7470,2025-08-20 07:00:00+00:00
62.459999084472656,62.720001220703125,62.279998779296875,62.63999938964844,10982,2025-08-20 08:00:00+00:00
62.650001525878906,62.650001525878906,62.220001220703125,62.2400016784668,6333,2025-08-20 09:00:00+00:00
62.2400016784668,63.08000183105469,62.13999938964844,62.5099983215332,7553,2025-08-20 10:00:00+00:00
62.52000045776367,63.22999954223633,62.5,62.619998931884766,10690,2025-08-20 11:00:00+00:00
62.619998931884766,63.130001068115234,62.369998931884766,62.54999923706055,14976,2025-08-20 12:00:00+00:00
62.540000915527344,62.68000030517578,62.36000061035156,62.47999954223633,29188,2025-08-20 13:00:00+00:00
62.4900016784668,62.79999923706055,62.25,62.27000045776367,34151,2025-08-20 14:00:00+00:00
62.27000045776367,62.900001525878906,62.099998474121094,62.86000061035156,35520,2025-08-20 15:00:00+00:00
62.86000061035156,63.0099983215332,62.650001525878906,62.810001373291016,22716,2025-08-20 16:00:00+00:00
62.79999923706055,62.81999969482422,62.58000183105469,62.599998474121094,22145,2025-08-20 17:00:00+00:00
62.599998474121094,62.88999938964844,62.54999923706055,62.880001068115234,34908,2025-08-20 18:00:00+00:00
62.880001068115234,62.95000076293945,62.869998931884766,62.91999816894531,7657,2025-08-20 19:00:00+00:00
62.93000030517578,62.970001220703125,62.810001373291016,62.84000015258789,4816,2025-08-20 20:00:00+00:00
62.849998474121094,62.95000076293945,62.84000015258789,62.91999816894531,0,2025-08-20 22:00:00+00:00
62.90999984741211,62.91999816894531,62.869998931884766,62.880001068115234,224,2025-08-20 23:00:00+00:00
62.869998931884766,62.93000030517578,62.81999969482422,62.84000015258789,846,2025-08-21 00:00:00+00:00
62.83000183105469,63.189998626708984,62.779998779296875,62.9900016784668,4111,2025-08-21 01:00:00+00:00
62.9900016784668,63.04999923706055,62.95000076293945,62.95000076293945,1459,2025-08-21 02:00:00+00:00
62.95000076293945,63.029998779296875,62.90999984741211,63.0099983215332,856,2025-08-21 03:00:00+00:00
63.0099983215332,63.09000015258789,62.95000076293945,63.040000915527344,1381,2025-08-21 04:00:00+00:00
63.04999923706055,63.13999938964844,62.97999954223633,63.099998474121094,1604,2025-08-21 05:00:00+00:00
63.11000061035156,63.279998779296875,63.040000915527344,63.220001220703125,3507,2025-08-21 06:00:00+00:00
63.220001220703125,63.400001525878906,63.16999816894531,63.18000030517578,9062,2025-08-21 07:00:00+00:00
63.189998626708984,63.36000061035156,63.13999938964844,63.33000183105469,5182,2025-08-21 08:00:00+00:00
63.34000015258789,63.400001525878906,63.16999816894531,63.369998931884766,6915,2025-08-21 09:00:00+00:00
63.369998931884766,63.47999954223633,63.220001220703125,63.25,6060,2025-08-21 10:00:00+00:00
63.2599983215332,63.310001373291016,62.9900016784668,63.099998474121094,8320,2025-08-21 11:00:00+00:00
63.099998474121094,63.279998779296875,62.84000015258789,62.88999938964844,12815,2025-08-21 12:00:00+00:00
62.900001525878906,62.93000030517578,62.52000045776367,62.59000015258789,41627,2025-08-21 13:00:00+00:00
62.599998474121094,63.11000061035156,62.560001373291016,62.9900016784668,26437,2025-08-21 14:00:00+00:00
63.0,63.349998474121094,62.84000015258789,63.22999954223633,27349,2025-08-21 15:00:00+00:00
63.220001220703125,63.540000915527344,63.099998474121094,63.470001220703125,21879,2025-08-21 16:00:00+00:00
63.470001220703125,63.619998931884766,63.36000061035156,63.52000045776367,13316,2025-08-21 17:00:00+00:00
63.529998779296875,63.66999816894531,63.41999816894531,63.5,32462,2025-08-21 18:00:00+00:00
63.5,63.5099983215332,63.369998931884766,63.41999816894531,4586,2025-08-21 19:00:00+00:00
63.43000030517578,63.4900016784668,63.38999938964844,63.47999954223633,5094,2025-08-21 20:00:00+00:00
63.5,63.5,63.41999816894531,63.4900016784668,0,2025-08-21 22:00:00+00:00
63.47999954223633,63.5,63.470001220703125,63.47999954223633,150,2025-08-21 23:00:00+00:00
63.47999954223633,63.54999923706055,63.470001220703125,63.5,991,2025-08-22 00:00:00+00:00
63.5099983215332,63.52000045776367,63.31999969482422,63.34000015258789,2070,2025-08-22 01:00:00+00:00
63.349998474121094,63.45000076293945,63.31999969482422,63.40999984741211,966,2025-08-22 02:00:00+00:00
63.400001525878906,63.47999954223633,63.33000183105469,63.400001525878906,1110,2025-08-22 03:00:00+00:00
63.41999816894531,63.540000915527344,63.38999938964844,63.5,1660,2025-08-22 04:00:00+00:00
63.5,63.619998931884766,63.45000076293945,63.61000061035156,2031,2025-08-22 05:00:00+00:00
63.61000061035156,63.720001220703125,63.56999969482422,63.650001525878906,2465,2025-08-22 06:00:00+00:00
63.65999984741211,63.81999969482422,63.40999984741211,63.61000061035156,5440,2025-08-22 07:00:00+00:00
63.619998931884766,63.709999084472656,63.36000061035156,63.45000076293945,7852,2025-08-22 08:00:00+00:00
63.439998626708984,63.59000015258789,63.33000183105469,63.38999938964844,5173,2025-08-22 09:00:00+00:00
63.38999938964844,63.58000183105469,63.310001373291016,63.540000915527344,3281,2025-08-22 10:00:00+00:00
63.540000915527344,63.869998931884766,63.5099983215332,63.66999816894531,12124,2025-08-22 11:00:00+00:00
63.66999816894531,63.75,63.560001373291016,63.66999816894531,9553,2025-08-22 12:00:00+00:00
63.66999816894531,63.79999923706055,63.52000045776367,63.66999816894531,20792,2025-08-22 13:00:00+00:00
63.66999816894531,63.93000030517578,63.54999923706055,63.72999954223633,33944,2025-08-22 14:00:00+00:00
63.72999954223633,63.84000015258789,63.38999938964844,63.630001068115234,27329,2025-08-22 15:00:00+00:00
63.630001068115234,63.709999084472656,63.41999816894531,63.59000015258789,16123,2025-08-22 16:00:00+00:00
63.599998474121094,63.83000183105469,63.540000915527344,63.630001068115234,17240,2025-08-22 17:00:00+00:00
63.630001068115234,63.81999969482422,63.599998474121094,63.810001373291016,26196,2025-08-22 18:00:00+00:00
63.79999923706055,63.849998474121094,63.77000045776367,63.81999969482422,5570,2025-08-22 19:00:00+00:00
63.81999969482422,63.83000183105469,63.72999954223633,63.77000045776367,4068,2025-08-22 20:00:00+00:00
63.880001068115234,63.88999938964844,63.65999984741211,63.7400016784668,964,2025-08-24 22:00:00+00:00
63.7400016784668,63.77000045776367,63.72999954223633,63.7400016784668,184,2025-08-24 23:00:00+00:00
63.75,63.79999923706055,63.72999954223633,63.790000915527344,762,2025-08-25 00:00:00+00:00
63.790000915527344,63.79999923706055,63.529998779296875,63.619998931884766,2918,2025-08-25 01:00:00+00:00
63.619998931884766,63.880001068115234,63.599998474121094,63.720001220703125,3406,2025-08-25 02:00:00+00:00
63.720001220703125,63.77000045776367,63.68000030517578,63.7599983215332,1429,2025-08-25 03:00:00+00:00
63.779998779296875,63.81999969482422,63.720001220703125,63.7400016784668,558,2025-08-25 04:00:00+00:00
63.72999954223633,63.849998474121094,63.63999938964844,63.81999969482422,1093,2025-08-25 05:00:00+00:00
63.83000183105469,63.91999816894531,63.66999816894531,63.790000915527344,2087,2025-08-25 06:00:00+00:00
63.779998779296875,63.869998931884766,63.599998474121094,63.77000045776367,3264,2025-08-25 07:00:00+00:00
63.77000045776367,64.0199966430664,63.7599983215332,63.97999954223633,7859,2025-08-25 08:00:00+00:00
63.97999954223633,63.9900016784668,63.810001373291016,63.95000076293945,2630,2025-08-25 09:00:00+00:00
63.959999084472656,64.19000244140625,63.95000076293945,64.08000183105469,5312,2025-08-25 10:00:00+00:00
64.06999969482422,64.19999694824219,64.05999755859375,64.0999984741211,4173,2025-08-25 11:00:00+00:00
64.08999633789062,64.12999725341797,63.9900016784668,64.05000305175781,7163,2025-08-25 12:00:00+00:00
64.05000305175781,64.70999908447266,63.959999084472656,64.52999877929688,32541,2025-08-25 13:00:00+00:00
64.52999877929688,64.72000122070312,64.51000213623047,64.6500015258789,11528,2025-08-25 14:00:00+00:00
64.66000366210938,64.9800033569336,64.63999938964844,64.94000244140625,19709,2025-08-25 15:00:00+00:00
64.94000244140625,65.0999984741211,64.83999633789062,65.05000305175781,12808,2025-08-25 16:00:00+00:00
65.04000091552734,65.05999755859375,64.91000366210938,64.97000122070312,10673,2025-08-25 17:00:00+00:00
64.95999908447266,64.98999786376953,64.70999908447266,64.76000213623047,26818,2025-08-25 18:00:00+00:00
64.75,64.80000305175781,64.6500015258789,64.77999877929688,7466,2025-08-25 19:00:00+00:00
64.77999877929688,64.80999755859375,64.70999908447266,64.73999786376953,0,2025-08-25 20:00:00+00:00
64.75,64.76000213623047,64.69000244140625,64.72000122070312,262,2025-08-25 22:00:00+00:00
64.70999908447266,64.75,64.68000030517578,64.70999908447266,210,2025-08-25 23:00:00+00:00
64.70999908447266,64.72000122070312,64.37000274658203,64.43000030517578,3219,2025-08-26 00:00:00+00:00
64.43000030517578,64.5,64.4000015258789,64.45999908447266,1731,2025-08-26 01:00:00+00:00
64.45999908447266,64.55999755859375,64.41999816894531,64.5199966430664,1538,2025-08-26 02:00:00+00:00
64.5199966430664,64.52999877929688,64.44000244140625,64.5,783,2025-08-26 03:00:00+00:00
64.5,64.51000213623047,64.44000244140625,64.44999694824219,632,2025-08-26 04:00:00+00:00
64.44999694824219,64.5,64.4000015258789,64.43000030517578,1285,2025-08-26 05:00:00+00:00
64.44000244140625,64.5199966430664,64.30000305175781,64.41000366210938,3059,2025-08-26 06:00:00+00:00
64.41000366210938,64.47000122070312,64.13999938964844,64.16999816894531,4914,2025-08-26 07:00:00+00:00
64.18000030517578,64.30000305175781,64.0,64.0199966430664,7221,2025-08-26 08:00:00+00:00
64.02999877929688,64.08000183105469,63.66999816894531,63.70000076293945,8468,2025-08-26 09:00:00+00:00
63.709999084472656,63.779998779296875,63.59000015258789,63.619998931884766,6031,2025-08-26 10:00:00+00:00
63.619998931884766,63.790000915527344,63.56999969482422,63.63999938964844,6272,2025-08-26 11:00:00+00:00
63.63999938964844,63.77000045776367,63.59000015258789,63.709999084472656,7076,2025-08-26 12:00:00+00:00
63.720001220703125,63.91999816894531,63.709999084472656,63.869998931884766,17890,2025-08-26 13:00:00+00:00
63.869998931884766,64.25,63.81999969482422,63.880001068115234,19329,2025-08-26 14:00:00+00:00
63.880001068115234,63.880001068115234,63.279998779296875,63.470001220703125,33290,2025-08-26 15:00:00+00:00
63.470001220703125,63.529998779296875,63.279998779296875,63.34000015258789,15632,2025-08-26 16:00:00+00:00
63.34000015258789,63.41999816894531,63.279998779296875,63.34000015258789,15908,2025-08-26 17:00:00+00:00
63.34000015258789,63.41999816894531,63.130001068115234,63.290000915527344,20212,2025-08-26 18:00:00+00:00
63.290000915527344,63.380001068115234,63.2400016784668,63.310001373291016,5122,2025-08-26 19:00:00+00:00
63.31999969482422,63.38999938964844,63.279998779296875,63.310001373291016,3676,2025-08-26 20:00:00+00:00
63.310001373291016,63.439998626708984,63.25,63.43000030517578,0,2025-08-26 22:00:00+00:00
63.439998626708984,63.459999084472656,63.41999816894531,63.41999816894531,407,2025-08-26 23:00:00+00:00
63.439998626708984,63.459999084472656,63.33000183105469,63.33000183105469,1096,2025-08-27 00:00:00+00:00
63.33000183105469,63.34000015258789,63.150001525878906,63.189998626708984,3527,2025-08-27 01:00:00+00:00
63.20000076293945,63.369998931884766,63.16999816894531,63.349998474121094,2221,2025-08-27 02:00:00+00:00
63.34000015258789,63.36000061035156,63.27000045776367,63.279998779296875,603,2025-08-27 03:00:00+00:00
63.27000045776367,63.33000183105469,63.22999954223633,63.25,713,2025-08-27 04:00:00+00:00
63.2599983215332,63.310001373291016,63.11000061035156,63.16999816894531,1267,2025-08-27 05:00:00+00:00
63.18000030517578,63.29999923706055,63.029998779296875,63.20000076293945,3007,2025-08-27 06:00:00+00:00
63.209999084472656,63.27000045776367,62.9900016784668,63.20000076293945,3670,2025-08-27 07:00:00+00:00
63.20000076293945,63.279998779296875,62.95000076293945,63.02000045776367,4811,2025-08-27 08:00:00+00:00
63.0099983215332,63.2400016784668,62.970001220703125,63.209999084472656,3997,2025-08-27 09:00:00+00:00
63.209999084472656,63.220001220703125,63.0099983215332,63.150001525878906,4998,2025-08-27 10:00:00+00:00
63.13999938964844,63.540000915527344,63.099998474121094,63.459999084472656,7755,2025-08-27 11:00:00+00:00
63.470001220703125,63.65999984741211,63.34000015258789,63.630001068115234,9829,2025-08-27 12:00:00+00:00
63.619998931884766,63.779998779296875,63.349998474121094,63.65999984741211,19416,2025-08-27 13:00:00+00:00
63.65999984741211,64.0199966430664,63.59000015258789,63.790000915527344,21692,2025-08-27 14:00:00+00:00
63.790000915527344,63.900001525878906,63.470001220703125,63.849998474121094,24229,2025-08-27 15:00:00+00:00
63.849998474121094,64.0,63.779998779296875,63.900001525878906,19934,2025-08-27 16:00:00+00:00
63.900001525878906,64.01000213623047,63.810001373291016,63.91999816894531,11973,2025-08-27 17:00:00+00:00
63.93000030517578,64.2300033569336,63.93000030517578,63.97999954223633,23119,2025-08-27 18:00:00+00:00
63.970001220703125,63.970001220703125,63.86000061035156,63.880001068115234,5114,2025-08-27 19:00:00+00:00
63.869998931884766,63.880001068115234,63.790000915527344,63.86000061035156,3721,2025-08-27 20:00:00+00:00
63.869998931884766,63.880001068115234,63.7599983215332,63.779998779296875,0,2025-08-27 22:00:00+00:00
63.779998779296875,63.810001373291016,63.75,63.79999923706055,443,2025-08-27 23:00:00+00:00
63.81999969482422,63.84000015258789,63.709999084472656,63.779998779296875,1181,2025-08-28 00:00:00+00:00
63.79999923706055,63.81999969482422,63.709999084472656,63.779998779296875,3855,2025-08-28 01:00:00+00:00
63.779998779296875,63.779998779296875,63.630001068115234,63.66999816894531,1648,2025-08-28 02:00:00+00:00
63.66999816894531,63.72999954223633,63.619998931884766,63.63999938964844,754,2025-08-28 03:00:00+00:00
63.63999938964844,63.65999984741211,63.54999923706055,63.56999969482422,1158,2025-08-28 04:00:00+00:00
63.560001373291016,63.61000061035156,63.47999954223633,63.56999969482422,1346,2025-08-28 05:00:00+00:00
63.56999969482422,63.720001220703125,63.529998779296875,63.689998626708984,1917,2025-08-28 06:00:00+00:00
63.689998626708984,64.0,63.529998779296875,63.779998779296875,5530,2025-08-28 07:00:00+00:00
63.779998779296875,63.97999954223633,63.54999923706055,63.65999984741211,5812,2025-08-28 08:00:00+00:00
63.66999816894531,63.880001068115234,63.65999984741211,63.779998779296875,3625,2025-08-28 09:00:00+00:00
63.790000915527344,64.01000213623047,63.77000045776367,63.900001525878906,4369,2025-08-28 10:00:00+00:00
63.900001525878906,64.18000030517578,63.84000015258789,64.06999969482422,6398,2025-08-28 11:00:00+00:00
64.08000183105469,64.12999725341797,63.91999816894531,64.11000061035156,8503,2025-08-28 12:00:00+00:00
64.11000061035156,64.12000274658203,63.70000076293945,63.7599983215332,20771,2025-08-28 13:00:00+00:00
63.7599983215332,63.81999969482422,63.43000030517578,63.75,21458,2025-08-28 14:00:00+00:00
63.7400016784668,63.93000030517578,63.349998474121094,63.650001525878906,23832,2025-08-28 15:00:00+00:00
63.650001525878906,63.790000915527344,63.540000915527344,63.56999969482422,14738,2025-08-28 16:00:00+00:00
63.56999969482422,64.36000061035156,63.529998779296875,64.31999969482422,20653,2025-08-28 17:00:00+00:00
64.31999969482422,64.69999694824219,64.2300033569336,64.26000213623047,32536,2025-08-28 18:00:00+00:00
64.2699966430664,64.41999816894531,64.20999908447266,64.31999969482422,7000,2025-08-28 19:00:00+00:00
64.31999969482422,64.38999938964844,64.26000213623047,64.31999969482422,3809,2025-08-28 20:00:00+00:00
64.26000213623047,64.38999938964844,64.18000030517578,64.22000122070312,0,2025-08-28 22:00:00+00:00
64.2300033569336,64.26000213623047,64.18000030517578,64.19999694824219,408,2025-08-28 23:00:00+00:00
64.20999908447266,64.2699966430664,64.12000274658203,64.20999908447266,1421,2025-08-29 00:00:00+00:00
64.20999908447266,64.23999786376953,64.11000061035156,64.12000274658203,2401,2025-08-29 01:00:00+00:00
64.11000061035156,64.13999938964844,64.02999877929688,64.0999984741211,1067,2025-08-29 02:00:00+00:00
64.0999984741211,64.20999908447266,64.08999633789062,64.19999694824219,729,2025-08-29 03:00:00+00:00
64.19999694824219,64.25,64.18000030517578,64.20999908447266,697,2025-08-29 04:00:00+00:00
64.20999908447266,64.33000183105469,64.16000366210938,64.2699966430664,1034,2025-08-29 05:00:00+00:00
64.2699966430664,64.4000015258789,64.12000274658203,64.2300033569336,2708,2025-08-29 06:00:00+00:00
64.2300033569336,64.37000274658203,64.02999877929688,64.25,3880,2025-08-29 07:00:00+00:00
64.26000213623047,64.41000366210938,64.12999725341797,64.16000366210938,9632,2025-08-29 08:00:00+00:00
64.18000030517578,64.31999969482422,64.0,64.23999786376953,6445,2025-08-29 09:00:00+00:00
64.23999786376953,64.41999816894531,64.0999984741211,64.33999633789062,5045,2025-08-29 10:00:00+00:00
64.33000183105469,64.43000030517578,64.26000213623047,64.4000015258789,4729,2025-08-29 11:00:00+00:00
64.41000366210938,64.55000305175781,64.33000183105469,64.48999786376953,7567,2025-08-29 12:00:00+00:00
64.48999786376953,64.52999877929688,64.26000213623047,64.33000183105469,19515,2025-08-29 13:00:00+00:00
64.45999908447266,64.45999908447266,63.91999816894531,64.11000061035156,21957,2025-08-29 14:00:00+00:00
64.12000274658203,64.33999633789062,63.95000076293945,64.19999694824219,16302,2025-08-29 15:00:00+00:00
64.19999694824219,64.22000122070312,63.880001068115234,64.01000213623047,12032,2025-08-29 16:00:00+00:00
64.01000213623047,64.16000366210938,63.91999816894531,64.02999877929688,13710,2025-08-29 17:00:00+00:00
64.0199966430664,64.12000274658203,63.93000030517578,64.01000213623047,22446,2025-08-29 18:00:00+00:00
64.0,64.04000091552734,63.93000030517578,63.970001220703125,4602,2025-08-29 19:00:00+00:00
63.970001220703125,64.05000305175781,63.95000076293945,64.01000213623047,4588,2025-08-29 20:00:00+00:00
64.94999694824219,64.94999694824219,64.87999725341797,64.87999725341797,41441,2025-09-02 04:00:00+00:00
64.87999725341797,64.98999786376953,64.86000061035156,64.95999908447266,853,2025-09-02 05:00:00+00:00
64.95999908447266,65.12999725341797,64.86000061035156,65.08000183105469,2884,2025-09-02 06:00:00+00:00
65.08000183105469,65.27999877929688,65.06999969482422,65.19999694824219,5926,2025-09-02 07:00:00+00:00
65.20999908447266,65.81999969482422,65.19999694824219,65.77999877929688,13339,2025-09-02 08:00:00+00:00
65.77999877929688,66.02999877929688,65.6500015258789,65.95999908447266,10396,2025-09-02 09:00:00+00:00
65.95999908447266,66.01000213623047,65.83999633789062,65.91000366210938,5882,2025-09-02 10:00:00+00:00
65.9000015258789,65.94999694824219,65.70999908447266,65.75,11471,2025-09-02 11:00:00+00:00
65.75,65.83000183105469,64.51000213623047,64.55000305175781,31800,2025-09-02 12:00:00+00:00
64.55000305175781,65.16999816894531,64.5,64.95999908447266,36505,2025-09-02 13:00:00+00:00
64.97000122070312,65.30999755859375,64.7300033569336,65.22000122070312,23624,2025-09-02 14:00:00+00:00
65.22000122070312,65.56999969482422,65.13999938964844,65.41999816894531,23631,2025-09-02 15:00:00+00:00
65.41999816894531,65.76000213623047,65.37999725341797,65.69000244140625,14498,2025-09-02 16:00:00+00:00
65.68000030517578,65.76000213623047,65.51000213623047,65.58000183105469,13380,2025-09-02 17:00:00+00:00
65.56999969482422,65.69000244140625,65.48999786376953,65.55999755859375,24709,2025-09-02 18:00:00+00:00
65.56999969482422,65.70999908447266,65.55999755859375,65.62000274658203,4254,2025-09-02 19:00:00+00:00
65.61000061035156,65.66000366210938,65.51000213623047,65.62000274658203,4202,2025-09-02 20:00:00+00:00
65.62000274658203,65.62000274658203,65.47000122070312,65.58999633789062,0,2025-09-02 22:00:00+00:00
65.5999984741211,65.66000366210938,65.55999755859375,65.58000183105469,347,2025-09-02 23:00:00+00:00
65.58999633789062,65.66999816894531,65.55000305175781,65.63999938964844,793,2025-09-03 00:00:00+00:00
65.6500015258789,65.72000122070312,65.58999633789062,65.58999633789062,2114,2025-09-03 01:00:00+00:00
65.5999984741211,65.63999938964844,65.5199966430664,65.54000091552734,1029,2025-09-03 02:00:00+00:00
65.54000091552734,65.55000305175781,65.3499984741211,65.38999938964844,2464,2025-09-03 03:00:00+00:00
65.38999938964844,65.44999694824219,65.37000274658203,65.43000030517578,751,2025-09-03 04:00:00+00:00
65.41999816894531,65.47000122070312,65.33000183105469,65.37000274658203,915,2025-09-03 05:00:00+00:00
65.36000061035156,65.48999786376953,65.31999969482422,65.41000366210938,1914,2025-09-03 06:00:00+00:00
65.41000366210938,65.4800033569336,65.2300033569336,65.31999969482422,7204,2025-09-03 07:00:00+00:00
65.30999755859375,65.54000091552734,65.16999816894531,65.41000366210938,9050,2025-09-03 08:00:00+00:00
65.4000015258789,65.4000015258789,64.33000183105469,64.41000366210938,29738,2025-09-03 09:00:00+00:00
64.41000366210938,64.4800033569336,64.02999877929688,64.12999725341797,15815,2025-09-03 10:00:00+00:00
64.13999938964844,64.47000122070312,64.12000274658203,64.2699966430664,17003,2025-09-03 11:00:00+00:00
64.26000213623047,64.44999694824219,64.06999969482422,64.44000244140625,16193,2025-09-03 12:00:00+00:00
64.44000244140625,64.7300033569336,64.16000366210938,64.23999786376953,28592,2025-09-03 13:00:00+00:00
64.2300033569336,64.2300033569336,63.88999938964844,64.0199966430664,25803,2025-09-03 14:00:00+00:00
63.97999954223633,64.81999969482422,63.79999923706055,64.69999694824219,37239,2025-09-03 15:00:00+00:00
64.70999908447266,64.79000091552734,63.959999084472656,64.0,23511,2025-09-03 16:00:00+00:00
63.9900016784668,64.08999633789062,63.720001220703125,63.83000183105469,20503,2025-09-03 17:00:00+00:00
63.83000183105469,64.01000213623047,63.81999969482422,63.849998474121094,23190,2025-09-03 18:00:00+00:00
63.849998474121094,63.970001220703125,63.779998779296875,63.91999816894531,5901,2025-09-03 19:00:00+00:00
63.93000030517578,63.959999084472656,63.72999954223633,63.77000045776367,4323,2025-09-03 20:00:00+00:00
63.81999969482422,63.84000015258789,63.7599983215332,63.79999923706055,0,2025-09-03 22:00:00+00:00
63.790000915527344,63.79999923706055,63.7599983215332,63.779998779296875,319,2025-09-03 23:00:00+00:00
63.790000915527344,63.790000915527344,63.63999938964844,63.72999954223633,1471,2025-09-04 00:00:00+00:00
63.72999954223633,63.72999954223633,63.54999923706055,63.61000061035156,1937,2025-09-04 01:00:00+00:00
63.630001068115234,63.66999816894531,63.52000045776367,63.63999938964844,1362,2025-09-04 02:00:00+00:00
63.63999938964844,63.65999984741211,63.459999084472656,63.54999923706055,1074,2025-09-04 03:00:00+00:00
63.54999923706055,63.54999923706055,63.459999084472656,63.529998779296875,595,2025-09-04 04:00:00+00:00
63.540000915527344,63.56999969482422,63.40999984741211,63.4900016784668,1809,2025-09-04 05:00:00+00:00
63.4900016784668,63.529998779296875,63.20000076293945,63.2400016784668,6391,2025-09-04 06:00:00+00:00
63.22999954223633,63.36000061035156,63.04999923706055,63.130001068115234,7443,2025-09-04 07:00:00+00:00
63.130001068115234,63.720001220703125,63.09000015258789,63.349998474121094,16923,2025-09-04 08:00:00+00:00
63.34000015258789,63.40999984741211,63.13999938964844,63.220001220703125,5011,2025-09-04 09:00:00+00:00
63.22999954223633,63.33000183105469,62.869998931884766,62.959999084472656,10543,2025-09-04 10:00:00+00:00
62.959999084472656,63.47999954223633,62.90999984741211,63.36000061035156,10116,2025-09-04 11:00:00+00:00
63.36000061035156,63.41999816894531,63.150001525878906,63.2400016784668,12127,2025-09-04 12:00:00+00:00
63.22999954223633,63.369998931884766,62.720001220703125,63.189998626708984,28140,2025-09-04 13:00:00+00:00
63.18000030517578,63.59000015258789,63.0,63.52000045776367,30196,2025-09-04 14:00:00+00:00
63.52000045776367,63.70000076293945,63.36000061035156,63.459999084472656,18359,2025-09-04 15:00:00+00:00
63.45000076293945,63.66999816894531,63.279998779296875,63.599998474121094,17712,2025-09-04 16:00:00+00:00
63.599998474121094,63.689998626708984,63.41999816894531,63.56999969482422,22344,2025-09-04 17:00:00+00:00
63.56999969482422,63.63999938964844,63.380001068115234,63.43000030517578,27168,2025-09-04 18:00:00+00:00
63.43000030517578,63.43000030517578,63.25,63.33000183105469,7854,2025-09-04 19:00:00+00:00
63.34000015258789,63.36000061035156,63.2599983215332,63.34000015258789,3100,2025-09-04 20:00:00+00:00
63.33000183105469,63.380001068115234,63.22999954223633,63.279998779296875,0,2025-09-04 22:00:00+00:00
63.279998779296875,63.34000015258789,63.27000045776367,63.29999923706055,209,2025-09-04 23:00:00+00:00
63.310001373291016,63.34000015258789,63.220001220703125,63.290000915527344,921,2025-09-05 00:00:00+00:00
63.29999923706055,63.31999969482422,63.130001068115234,63.22999954223633,2432,2025-09-05 01:00:00+00:00
63.209999084472656,63.369998931884766,63.16999816894531,63.33000183105469,840,2025-09-05 02:00:00+00:00
63.34000015258789,63.369998931884766,63.310001373291016,63.33000183105469,477,2025-09-05 03:00:00+00:00
63.31999969482422,63.400001525878906,63.310001373291016,63.33000183105469,716,2025-09-05 04:00:00+00:00
63.31999969482422,63.40999984741211,63.279998779296875,63.34000015258789,1910,2025-09-05 05:00:00+00:00
63.34000015258789,63.41999816894531,63.06999969482422,63.20000076293945,3837,2025-09-05 06:00:00+00:00
63.189998626708984,63.290000915527344,63.040000915527344,63.16999816894531,5571,2025-09-05 07:00:00+00:00
63.15999984741211,63.38999938964844,63.04999923706055,63.380001068115234,6320,2025-09-05 08:00:00+00:00
63.380001068115234,63.4900016784668,63.150001525878906,63.369998931884766,6611,2025-09-05 09:00:00+00:00
63.36000061035156,63.369998931884766,62.790000915527344,62.880001068115234,8848,2025-09-05 10:00:00+00:00
62.880001068115234,63.13999938964844,62.86000061035156,62.880001068115234,7689,2025-09-05 11:00:00+00:00
62.880001068115234,62.970001220703125,61.77000045776367,62.189998626708984,46375,2025-09-05 12:00:00+00:00
62.18000030517578,62.43000030517578,61.93000030517578,62.119998931884766,40442,2025-09-05 13:00:00+00:00
62.130001068115234,62.130001068115234,61.70000076293945,61.81999969482422,28244,2025-09-05 14:00:00+00:00
61.81999969482422,61.939998626708984,61.470001220703125,61.529998779296875,30605,2025-09-05 15:00:00+00:00
61.529998779296875,61.86000061035156,61.45000076293945,61.84000015258789,18426,2025-09-05 16:00:00+00:00
61.84000015258789,61.86000061035156,61.599998474121094,61.75,18817,2025-09-05 17:00:00+00:00
61.75,62.09000015258789,61.72999954223633,62.06999969482422,28521,2025-09-05 18:00:00+00:00
62.060001373291016,62.06999969482422,61.93000030517578,62.02000045776367,5784,2025-09-05 19:00:00+00:00
62.029998779296875,62.060001373291016,61.869998931884766,61.869998931884766,3991,2025-09-05 20:00:00+00:00
62.0,62.38999938964844,61.849998474121094,61.970001220703125,3872,2025-09-07 22:00:00+00:00
61.959999084472656,62.22999954223633,61.91999816894531,62.220001220703125,1855,2025-09-07 23:00:00+00:00
62.220001220703125,62.290000915527344,62.119998931884766,62.209999084472656,1706,2025-09-08 00:00:00+00:00
62.20000076293945,62.70000076293945,62.11000061035156,62.599998474121094,5205,2025-09-08 01:00:00+00:00
62.61000061035156,62.650001525878906,62.5099983215332,62.619998931884766,1851,2025-09-08 02:00:00+00:00
62.630001068115234,62.650001525878906,62.58000183105469,62.619998931884766,1004,2025-09-08 03:00:00+00:00
62.619998931884766,62.650001525878906,62.560001373291016,62.59000015258789,1592,2025-09-08 04:00:00+00:00
62.59000015258789,62.849998474121094,62.56999969482422,62.81999969482422,2448,2025-09-08 05:00:00+00:00
62.81999969482422,63.08000183105469,62.72999954223633,62.97999954223633,5796,2025-09-08 06:00:00+00:00
62.970001220703125,63.029998779296875,62.790000915527344,62.79999923706055,5677,2025-09-08 07:00:00+00:00
62.79999923706055,63.0,62.75,62.90999984741211,6567,2025-09-08 08:00:00+00:00
62.90999984741211,63.16999816894531,62.88999938964844,63.130001068115234,5518,2025-09-08 09:00:00+00:00
63.119998931884766,63.2400016784668,62.97999954223633,63.13999938964844,7565,2025-09-08 10:00:00+00:00
63.130001068115234,63.34000015258789,62.95000076293945,63.209999084472656,6976,2025-09-08 11:00:00+00:00
63.209999084472656,63.2599983215332,62.959999084472656,62.9900016784668,10792,2025-09-08 12:00:00+00:00
63.0,63.060001373291016,62.04999923706055,62.09000015258789,35653,2025-09-08 13:00:00+00:00
62.09000015258789,62.40999984741211,61.95000076293945,62.22999954223633,24049,2025-09-08 14:00:00+00:00
62.22999954223633,62.650001525878906,62.22999954223633,62.45000076293945,21113,2025-09-08 15:00:00+00:00
62.439998626708984,62.529998779296875,62.18000030517578,62.22999954223633,12583,2025-09-08 16:00:00+00:00
62.22999954223633,62.439998626708984,62.189998626708984,62.220001220703125,12382,2025-09-08 17:00:00+00:00
62.22999954223633,62.40999984741211,62.16999816894531,62.33000183105469,32539,2025-09-08 18:00:00+00:00
62.33000183105469,62.40999984741211,62.310001373291016,62.36000061035156,3986,2025-09-08 19:00:00+00:00
62.369998931884766,62.470001220703125,62.369998931884766,62.459999084472656,2815,2025-09-08 20:00:00+00:00
62.43000030517578,62.459999084472656,62.400001525878906,62.439998626708984,0,2025-09-08 22:00:00+00:00
62.439998626708984,62.47999954223633,62.439998626708984,62.45000076293945,178,2025-09-08 23:00:00+00:00
62.45000076293945,62.5,62.38999938964844,62.43000030517578,1653,2025-09-09 00:00:00+00:00
62.439998626708984,62.54999923706055,62.369998931884766,62.5,1386,2025-09-09 01:00:00+00:00
62.5,62.619998931884766,62.4900016784668,62.56999969482422,1356,2025-09-09 02:00:00+00:00
62.58000183105469,62.63999938964844,62.529998779296875,62.58000183105469,806,2025-09-09 03:00:00+00:00
62.58000183105469,62.720001220703125,62.56999969482422,62.720001220703125,908,2025-09-09 04:00:00+00:00
62.72999954223633,62.7400016784668,62.630001068115234,62.630001068115234,978,2025-09-09 05:00:00+00:00
62.63999938964844,62.869998931884766,62.59000015258789,62.77000045776367,4441,2025-09-09 06:00:00+00:00
62.77000045776367,63.0,62.709999084472656,62.880001068115234,5373,2025-09-09 07:00:00+00:00
62.869998931884766,63.15999984741211,62.86000061035156,62.9900016784668,10221,2025-09-09 08:00:00+00:00
62.9900016784668,63.029998779296875,62.63999938964844,62.709999084472656,8037,2025-09-09 09:00:00+00:00
62.70000076293945,62.790000915527344,62.59000015258789,62.7400016784668,6278,2025-09-09 10:00:00+00:00
62.7400016784668,62.869998931884766,62.689998626708984,62.83000183105469,4903,2025-09-09 11:00:00+00:00
62.84000015258789,63.040000915527344,62.779998779296875,62.849998474121094,11529,2025-09-09 12:00:00+00:00
62.849998474121094,63.52000045776367,62.81999969482422,63.31999969482422,55901,2025-09-09 13:00:00+00:00
63.31999969482422,63.459999084472656,63.040000915527344,63.38999938964844,19774,2025-09-09 14:00:00+00:00
63.38999938964844,63.66999816894531,62.880001068115234,62.93000030517578,29743,2025-09-09 15:00:00+00:00
62.939998626708984,62.959999084472656,62.70000076293945,62.779998779296875,19914,2025-09-09 16:00:00+00:00
62.779998779296875,62.93000030517578,62.66999816894531,62.689998626708984,16657,2025-09-09 17:00:00+00:00
62.689998626708984,62.72999954223633,62.540000915527344,62.709999084472656,32779,2025-09-09 18:00:00+00:00
62.709999084472656,62.77000045776367,62.65999984741211,62.66999816894531,6117,2025-09-09 19:00:00+00:00
62.65999984741211,62.790000915527344,62.630001068115234,62.77000045776367,6222,2025-09-09 20:00:00+00:00
62.7400016784668,63.06999969482422,62.720001220703125,63.04999923706055,0,2025-09-09 22:00:00+00:00
63.04999923706055,63.15999984741211,62.970001220703125,63.02000045776367,1465,2025-09-09 23:00:00+00:00
63.040000915527344,63.09000015258789,62.91999816894531,63.08000183105469,2438,2025-09-10 00:00:00+00:00
63.08000183105469,63.16999816894531,63.02000045776367,63.130001068115234,1774,2025-09-10 01:00:00+00:00
63.13999938964844,63.220001220703125,63.099998474121094,63.13999938964844,1708,2025-09-10 02:00:00+00:00
63.13999938964844,63.22999954223633,63.119998931884766,63.22999954223633,1096,2025-09-10 03:00:00+00:00
63.209999084472656,63.290000915527344,63.20000076293945,63.279998779296875,1042,2025-09-10 04:00:00+00:00
63.290000915527344,63.380001068115234,63.22999954223633,63.290000915527344,2017,2025-09-10 05:00:00+00:00
63.290000915527344,63.439998626708984,63.13999938964844,63.22999954223633,3072,2025-09-10 06:00:00+00:00
63.2400016784668,63.33000183105469,63.06999969482422,63.13999938964844,3661,2025-09-10 07:00:00+00:00
63.150001525878906,63.36000061035156,63.04999923706055,63.27000045776367,4848,2025-09-10 08:00:00+00:00
63.27000045776367,63.33000183105469,62.97999954223633,63.029998779296875,5205,2025-09-10 09:00:00+00:00
63.02000045776367,63.2599983215332,62.939998626708984,63.2599983215332,2984,2025-09-10 10:00:00+00:00
63.2599983215332,63.33000183105469,63.20000076293945,63.22999954223633,3917,2025-09-10 11:00:00+00:00
63.2400016784668,63.4900016784668,63.15999984741211,63.2400016784668,20205,2025-09-10 12:00:00+00:00
63.25,63.439998626708984,63.040000915527344,63.2400016784668,20903,2025-09-10 13:00:00+00:00
63.25,63.459999084472656,62.970001220703125,63.2599983215332,32864,2025-09-10 14:00:00+00:00
63.2599983215332,64.0,63.20000076293945,63.970001220703125,43762,2025-09-10 15:00:00+00:00
63.970001220703125,64.08000183105469,63.900001525878906,63.97999954223633,21779,2025-09-10 16:00:00+00:00
63.97999954223633,63.97999954223633,63.709999084472656,63.7599983215332,24368,2025-09-10 17:00:00+00:00
63.7599983215332,63.84000015258789,63.630001068115234,63.77000045776367,28239,2025-09-10 18:00:00+00:00
63.779998779296875,63.869998931884766,63.7400016784668,63.779998779296875,3827,2025-09-10 19:00:00+00:00
63.779998779296875,63.790000915527344,63.70000076293945,63.75,5103,2025-09-10 20:00:00+00:00
63.79999923706055,63.79999923706055,63.689998626708984,63.779998779296875,0,2025-09-10 22:00:00+00:00
63.7599983215332,63.779998779296875,63.75,63.75,179,2025-09-10 23:00:00+00:00
63.7599983215332,63.790000915527344,63.709999084472656,63.720001220703125,652,2025-09-11 00:00:00+00:00
63.720001220703125,63.720001220703125,63.61000061035156,63.689998626708984,1086,2025-09-11 01:00:00+00:00
63.689998626708984,63.709999084472656,63.599998474121094,63.650001525878906,646,2025-09-11 02:00:00+00:00
63.650001525878906,63.650001525878906,63.54999923706055,63.56999969482422,762,2025-09-11 03:00:00+00:00
63.560001373291016,63.59000015258789,63.5,63.529998779296875,710,2025-09-11 04:00:00+00:00
63.52000045776367,63.529998779296875,63.41999816894531,63.470001220703125,1153,2025-09-11 05:00:00+00:00
63.47999954223633,63.630001068115234,63.47999954223633,63.56999969482422,2127,2025-09-11 06:00:00+00:00
63.56999969482422,63.619998931884766,63.4900016784668,63.56999969482422,3430,2025-09-11 07:00:00+00:00
63.58000183105469,63.65999984741211,63.18000030517578,63.369998931884766,11683,2025-09-11 08:00:00+00:00
63.369998931884766,63.560001373291016,63.279998779296875,63.36000061035156,5489,2025-09-11 09:00:00+00:00
63.36000061035156,63.369998931884766,63.09000015258789,63.130001068115234,7090,2025-09-11 10:00:00+00:00
63.13999938964844,63.189998626708984,62.86000061035156,63.02000045776367,6835,2025-09-11 11:00:00+00:00
63.0099983215332,63.029998779296875,62.68000030517578,62.77000045776367,14397,2025-09-11 12:00:00+00:00
62.77000045776367,62.77000045776367,62.279998779296875,62.7400016784668,34972,2025-09-11 13:00:00+00:00
62.7400016784668,62.77000045776367,62.400001525878906,62.52000045776367,21547,2025-09-11 14:00:00+00:00
62.529998779296875,62.650001525878906,62.33000183105469,62.4900016784668,16149,2025-09-11 15:00:00+00:00
62.5,62.5099983215332,62.349998474121094,62.47999954223633,10131,2025-09-11 16:00:00+00:00
62.47999954223633,62.599998474121094,62.380001068115234,62.47999954223633,12653,2025-09-11 17:00:00+00:00
62.47999954223633,62.4900016784668,62.2400016784668,62.279998779296875,32680,2025-09-11 18:00:00+00:00
62.279998779296875,62.31999969482422,62.209999084472656,62.2400016784668,4994,2025-09-11 19:00:00+00:00
62.25,62.31999969482422,62.2400016784668,62.2400016784668,6835,2025-09-11 20:00:00+00:00
62.27000045776367,62.31999969482422,62.18000030517578,62.2400016784668,0,2025-09-11 22:00:00+00:00
62.2400016784668,62.25,62.18000030517578,62.20000076293945,234,2025-09-11 23:00:00+00:00
62.20000076293945,62.20000076293945,62.040000915527344,62.060001373291016,1848,2025-09-12 00:00:00+00:00
62.060001373291016,62.099998474121094,61.86000061035156,61.869998931884766,2095,2025-09-12 01:00:00+00:00
61.880001068115234,61.91999816894531,61.79999923706055,61.79999923706055,1434,2025-09-12 02:00:00+00:00
61.79999923706055,61.86000061035156,61.7599983215332,61.84000015258789,1883,2025-09-12 03:00:00+00:00
61.84000015258789,61.880001068115234,61.810001373291016,61.83000183105469,719,2025-09-12 04:00:00+00:00
61.83000183105469,61.93000030517578,61.79999923706055,61.880001068115234,1181,2025-09-12 05:00:00+00:00
61.869998931884766,61.900001525878906,61.70000076293945,61.7400016784668,3768,2025-09-12 06:00:00+00:00
61.7400016784668,62.150001525878906,61.689998626708984,62.08000183105469,8136,2025-09-12 07:00:00+00:00
62.09000015258789,62.45000076293945,62.08000183105469,62.349998474121094,8789,2025-09-12 08:00:00+00:00
62.349998474121094,62.83000183105469,62.34000015258789,62.56999969482422,13352,2025-09-12 09:00:00+00:00
62.58000183105469,63.029998779296875,62.56999969482422,62.9900016784668,12245,2025-09-12 10:00:00+00:00
62.9900016784668,63.439998626708984,62.95000076293945,63.43000030517578,14904,2025-09-12 11:00:00+00:00
63.439998626708984,63.97999954223633,63.22999954223633,63.52000045776367,51387,2025-09-12 12:00:00+00:00
63.529998779296875,63.560001373291016,63.15999984741211,63.369998931884766,31315,2025-09-12 13:00:00+00:00
63.36000061035156,63.5,63.18000030517578,63.31999969482422,21735,2025-09-12 14:00:00+00:00
63.310001373291016,63.52000045776367,63.209999084472656,63.2400016784668,16686,2025-09-12 15:00:00+00:00
63.25,63.29999923706055,62.560001373291016,62.560001373291016,24130,2025-09-12 16:00:00+00:00
62.54999923706055,62.65999984741211,62.45000076293945,62.52000045776367,18851,2025-09-12 17:00:00+00:00
62.52000045776367,62.7400016784668,62.5,62.54999923706055,35038,2025-09-12 18:00:00+00:00
62.54999923706055,62.61000061035156,62.4900016784668,62.5099983215332,6734,2025-09-12 19:00:00+00:00
62.5099983215332,62.689998626708984,62.5,62.599998474121094,5155,2025-09-12 20:00:00+00:00
62.970001220703125,63.0,62.52000045776367,62.66999816894531,1574,2025-09-14 22:00:00+00:00
62.65999984741211,62.70000076293945,62.63999938964844,62.68000030517578,411,2025-09-14 23:00:00+00:00
62.66999816894531,62.86000061035156,62.65999984741211,62.86000061035156,788,2025-09-15 00:00:00+00:00
62.86000061035156,63.040000915527344,62.86000061035156,63.0099983215332,1304,2025-09-15 01:00:00+00:00
63.0099983215332,63.040000915527344,62.959999084472656,63.0099983215332,590,2025-09-15 02:00:00+00:00
63.0,63.130001068115234,62.97999954223633,63.08000183105469,1300,2025-09-15 03:00:00+00:00
63.09000015258789,63.09000015258789,63.02000045776367,63.029998779296875,586,2025-09-15 04:00:00+00:00
63.029998779296875,63.119998931884766,63.0,63.09000015258789,684,2025-09-15 05:00:00+00:00
63.08000183105469,63.2400016784668,62.90999984741211,62.90999984741211,3376,2025-09-15 06:00:00+00:00
62.900001525878906,63.060001373291016,62.81999969482422,63.0,4127,2025-09-15 07:00:00+00:00
63.0099983215332,63.060001373291016,62.90999984741211,63.0099983215332,6307,2025-09-15 08:00:00+00:00
63.0,63.099998474121094,62.77000045776367,62.9900016784668,4656,2025-09-15 09:00:00+00:00
62.97999954223633,63.0099983215332,62.7400016784668,62.77000045776367,3656,2025-09-15 10:00:00+00:00
62.77000045776367,63.040000915527344,62.72999954223633,62.939998626708984,5741,2025-09-15 11:00:00+00:00
62.95000076293945,63.06999969482422,62.869998931884766,62.95000076293945,10112,2025-09-15 12:00:00+00:00
62.939998626708984,63.380001068115234,62.93000030517578,63.34000015258789,23052,2025-09-15 13:00:00+00:00
63.349998474121094,63.66999816894531,63.33000183105469,63.439998626708984,26489,2025-09-15 14:00:00+00:00
63.33000183105469,63.380001068115234,63.060001373291016,63.11000061035156,20351,2025-09-15 15:00:00+00:00
63.11000061035156,63.310001373291016,63.040000915527344,63.220001220703125,11342,2025-09-15 16:00:00+00:00
63.22999954223633,63.470001220703125,63.22999954223633,63.31999969482422,10369,2025-09-15 17:00:00+00:00
63.31999969482422,63.380001068115234,63.20000076293945,63.34000015258789,22118,2025-09-15 18:00:00+00:00
63.34000015258789,63.36000061035156,63.2400016784668,63.310001373291016,3585,2025-09-15 19:00:00+00:00
63.310001373291016,63.36000061035156,63.25,63.279998779296875,6027,2025-09-15 20:00:00+00:00
63.310001373291016,63.36000061035156,63.2599983215332,63.34000015258789,0,2025-09-15 22:00:00+00:00
63.34000015258789,63.34000015258789,63.34000015258789,63.34000015258789,9,2025-09-15 23:00:00+00:00
63.34000015258789,63.349998474121094,63.33000183105469,63.34000015258789,891,2025-09-16 00:00:00+00:00
63.349998474121094,63.5099983215332,63.34000015258789,63.45000076293945,1058,2025-09-16 01:00:00+00:00
63.439998626708984,63.52000045776367,63.40999984741211,63.43000030517578,773,2025-09-16 02:00:00+00:00
63.43000030517578,63.470001220703125,63.38999938964844,63.45000076293945,739,2025-09-16 03:00:00+00:00
63.45000076293945,63.4900016784668,63.45000076293945,63.470001220703125,339,2025-09-16 04:00:00+00:00
63.470001220703125,63.470001220703125,63.33000183105469,63.459999084472656,1086,2025-09-16 05:00:00+00:00
63.459999084472656,63.54999923706055,63.209999084472656,63.310001373291016,3227,2025-09-16 06:00:00+00:00
63.290000915527344,63.290000915527344,62.95000076293945,63.06999969482422,4670,2025-09-16 07:00:00+00:00
63.060001373291016,63.16999816894531,62.90999984741211,62.9900016784668,5818,2025-09-16 08:00:00+00:00
62.97999954223633,63.20000076293945,62.91999816894531,63.150001525878906,4894,2025-09-16 09:00:00+00:00
63.150001525878906,63.36000061035156,63.13999938964844,63.31999969482422,3592,2025-09-16 10:00:00+00:00
63.31999969482422,63.7599983215332,63.290000915527344,63.63999938964844,8746,2025-09-16 11:00:00+00:00
63.63999938964844,64.2300033569336,63.619998931884766,64.12000274658203,27780,2025-09-16 12:00:00+00:00
64.12000274658203,64.30999755859375,63.900001525878906,64.08000183105469,30698,2025-09-16 13:00:00+00:00
64.08000183105469,64.3499984741211,63.810001373291016,64.31999969482422,22767,2025-09-16 14:00:00+00:00
64.31999969482422,64.55999755859375,64.23999786376953,64.52999877929688,25981,2025-09-16 15:00:00+00:00
64.52999877929688,64.56999969482422,64.44999694824219,64.5199966430664,14702,2025-09-16 16:00:00+00:00
64.5199966430664,64.76000213623047,64.5199966430664,64.69000244140625,18182,2025-09-16 17:00:00+00:00
64.68000030517578,64.68000030517578,64.4800033569336,64.4800033569336,25490,2025-09-16 18:00:00+00:00
64.4800033569336,64.61000061035156,64.41000366210938,64.56999969482422,6941,2025-09-16 19:00:00+00:00
64.55999755859375,64.61000061035156,64.52999877929688,64.55000305175781,3612,2025-09-16 20:00:00+00:00
64.58999633789062,64.66999816894531,64.45999908447266,64.63999938964844,0,2025-09-16 22:00:00+00:00
64.62999725341797,64.63999938964844,64.56999969482422,64.62999725341797,381,2025-09-16 23:00:00+00:00
64.62000274658203,64.63999938964844,64.48999786376953,64.5199966430664,885,2025-09-17 00:00:00+00:00
64.5199966430664,64.54000091552734,64.43000030517578,64.4800033569336,1037,2025-09-17 01:00:00+00:00
64.48999786376953,64.48999786376953,64.41000366210938,64.44999694824219,613,2025-09-17 02:00:00+00:00
64.44000244140625,64.44999694824219,64.37999725341797,64.38999938964844,831,2025-09-17 03:00:00+00:00
64.38999938964844,64.47000122070312,64.37000274658203,64.44999694824219,1008,2025-09-17 04:00:00+00:00
64.44000244140625,64.45999908447266,64.33999633789062,64.43000030517578,917,2025-09-17 05:00:00+00:00
64.41000366210938,64.55000305175781,64.33999633789062,64.44999694824219,3102,2025-09-17 06:00:00+00:00
64.44999694824219,64.47000122070312,64.16000366210938,64.19999694824219,4705,2025-09-17 07:00:00+00:00
64.19999694824219,64.25,63.630001068115234,64.12000274658203,6538,2025-09-17 08:00:00+00:00
63.7400016784668,64.2699966430664,63.689998626708984,64.08999633789062,2763,2025-09-17 09:00:00+00:00
64.08000183105469,64.13999938964844,63.5,63.63999938964844,14974,2025-09-17 10:00:00+00:00
63.630001068115234,64.2300033569336,63.56999969482422,64.22000122070312,0,2025-09-17 11:00:00+00:00
64.22000122070312,64.33000183105469,63.810001373291016,64.22000122070312,7693,2025-09-17 12:00:00+00:00
64.20999908447266,64.44999694824219,63.849998474121094,64.05000305175781,23080,2025-09-17 13:00:00+00:00
64.38999938964844,64.5999984741211,63.779998779296875,64.36000061035156,11140,2025-09-17 14:00:00+00:00
64.36000061035156,64.44999694824219,63.65999984741211,64.31999969482422,15887,2025-09-17 15:00:00+00:00
63.97999954223633,64.44000244140625,63.849998474121094,64.29000091552734,11788,2025-09-17 16:00:00+00:00
63.939998626708984,64.41000366210938,63.86000061035156,64.33000183105469,10524,2025-09-17 17:00:00+00:00
64.3499984741211,64.37000274658203,63.349998474121094,63.439998626708984,55130,2025-09-17 18:00:00+00:00
63.439998626708984,64.0199966430664,63.43000030517578,63.95000076293945,0,2025-09-17 19:00:00+00:00
63.61000061035156,64.06999969482422,63.58000183105469,63.970001220703125,2164,2025-09-17 20:00:00+00:00
63.66999816894531,64.13999938964844,63.59000015258789,64.11000061035156,0,2025-09-17 22:00:00+00:00
64.12999725341797,64.13999938964844,63.7400016784668,63.77000045776367,474,2025-09-17 23:00:00+00:00
64.08999633789062,64.08999633789062,63.47999954223633,63.81999969482422,255,2025-09-18 00:00:00+00:00
63.810001373291016,63.81999969482422,63.2400016784668,63.369998931884766,4005,2025-09-18 01:00:00+00:00
63.36000061035156,63.849998474121094,63.349998474121094,63.84000015258789,0,2025-09-18 02:00:00+00:00
63.5099983215332,63.97999954223633,63.5099983215332,63.58000183105469,5486,2025-09-18 03:00:00+00:00
63.56999969482422,63.95000076293945,63.45000076293945,63.79999923706055,0,2025-09-18 04:00:00+00:00
63.470001220703125,63.81999969482422,63.36000061035156,63.40999984741211,7242,2025-09-18 05:00:00+00:00
63.400001525878906,63.86000061035156,63.29999923706055,63.43000030517578,2679,2025-09-18 06:00:00+00:00
63.810001373291016,63.90999984741211,63.2400016784668,63.34000015258789,4715,2025-09-18 07:00:00+00:00
63.68000030517578,64.26000213623047,63.29999923706055,63.849998474121094,9405,2025-09-18 08:00:00+00:00
63.849998474121094,64.19999694824219,63.130001068115234,63.150001525878906,10474,2025-09-18 09:00:00+00:00
63.150001525878906,64.02999877929688,63.11000061035156,63.59000015258789,7294,2025-09-18 10:00:00+00:00
63.93000030517578,64.44999694824219,63.59000015258789,64.0199966430664,8392,2025-09-18 11:00:00+00:00
64.01000213623047,64.45999908447266,63.810001373291016,64.12999725341797,0,2025-09-18 12:00:00+00:00
64.1500015258789,64.20999908447266,63.54999923706055,64.0999984741211,7318,2025-09-18 13:00:00+00:00
64.0999984741211,64.55000305175781,63.7400016784668,63.810001373291016,99439,2025-09-18 14:00:00+00:00
64.13999938964844,64.19000244140625,63.189998626708984,63.4900016784668,38910,2025-09-18 15:00:00+00:00
63.81999969482422,63.81999969482422,63.220001220703125,63.2400016784668,12861,2025-09-18 16:00:00+00:00
63.2400016784668,63.56999969482422,63.029998779296875,63.41999816894531,0,2025-09-18 17:00:00+00:00
63.439998626708984,63.7400016784668,63.11000061035156,63.41999816894531,162830,2025-09-18 18:00:00+00:00
63.41999816894531,63.72999954223633,63.33000183105469,63.369998931884766,3996,2025-09-18 19:00:00+00:00
63.369998931884766,63.709999084472656,63.279998779296875,63.310001373291016,3727,2025-09-18 20:00:00+00:00
63.59000015258789,63.63999938964844,63.209999084472656,63.2400016784668,0,2025-09-18 22:00:00+00:00
63.2400016784668,63.54999923706055,63.20000076293945,63.220001220703125,594,2025-09-18 23:00:00+00:00
63.529998779296875,63.630001068115234,63.189998626708984,63.2599983215332,2423,2025-09-19 00:00:00+00:00
63.25,63.650001525878906,63.189998626708984,63.290000915527344,1004,2025-09-19 01:00:00+00:00
63.310001373291016,63.61000061035156,63.13999938964844,63.15999984741211,1045,2025-09-19 02:00:00+00:00
63.15999984741211,63.4900016784668,63.099998474121094,63.470001220703125,1032,2025-09-19 03:00:00+00:00
63.15999984741211,63.43000030517578,63.0099983215332,63.08000183105469,2072,2025-09-19 04:00:00+00:00
63.08000183105469,63.470001220703125,62.849998474121094,62.959999084472656,2884,2025-09-19 05:00:00+00:00
62.95000076293945,63.40999984741211,62.95000076293945,63.060001373291016,2775,2025-09-19 06:00:00+00:00
63.380001068115234,63.529998779296875,62.88999938964844,62.900001525878906,8100,2025-09-19 07:00:00+00:00
62.900001525878906,63.2599983215332,62.68000030517578,62.72999954223633,11926,2025-09-19 08:00:00+00:00
62.72999954223633,63.11000061035156,62.59000015258789,62.689998626708984,10745,2025-09-19 09:00:00+00:00
62.689998626708984,63.380001068115234,62.540000915527344,62.900001525878906,8073,2025-09-19 10:00:00+00:00
62.900001525878906,63.5,62.83000183105469,62.939998626708984,7988,2025-09-19 11:00:00+00:00
62.939998626708984,63.36000061035156,62.790000915527344,62.97999954223633,21408,2025-09-19 12:00:00+00:00
62.9900016784668,63.349998474121094,62.59000015258789,62.790000915527344,26619,2025-09-19 13:00:00+00:00
62.79999923706055,63.56999969482422,62.59000015258789,62.75,31521,2025-09-19 14:00:00+00:00
62.75,63.15999984741211,62.20000076293945,62.4900016784668,34463,2025-09-19 15:00:00+00:00
62.4900016784668,62.970001220703125,62.400001525878906,62.43000030517578,14152,2025-09-19 16:00:00+00:00
62.439998626708984,62.93000030517578,62.349998474121094,62.52000045776367,13331,2025-09-19 17:00:00+00:00
62.52000045776367,62.91999816894531,62.349998474121094,62.43000030517578,35857,2025-09-19 18:00:00+00:00
62.72999954223633,62.79999923706055,62.31999969482422,62.349998474121094,8093,2025-09-19 19:00:00+00:00
62.34000015258789,62.72999954223633,62.33000183105469,62.400001525878906,2424,2025-09-19 20:00:00+00:00
62.29999923706055,62.7400016784668,62.29999923706055,62.5,1316,2025-09-21 22:00:00+00:00
62.5,62.849998474121094,62.47999954223633,62.540000915527344,334,2025-09-21 23:00:00+00:00
62.529998779296875,62.900001525878906,62.5,62.599998474121094,957,2025-09-22 00:00:00+00:00
62.59000015258789,63.02000045776367,62.560001373291016,62.70000076293945,2089,2025-09-22 01:00:00+00:00
62.709999084472656,62.810001373291016,62.709999084472656,62.720001220703125,2653,2025-09-22 02:00:00+00:00
62.709999084472656,63.08000183105469,62.709999084472656,62.810001373291016,744,2025-09-22 03:00:00+00:00
62.790000915527344,63.099998474121094,62.7400016784668,62.790000915527344,1157,2025-09-22 04:00:00+00:00
62.79999923706055,63.18000030517578,62.77000045776367,62.790000915527344,1423,2025-09-22 05:00:00+00:00
62.79999923706055,63.150001525878906,62.72999954223633,62.86000061035156,3989,2025-09-22 06:00:00+00:00
62.86000061035156,63.0099983215332,62.689998626708984,62.779998779296875,7376,2025-09-22 07:00:00+00:00
62.779998779296875,62.810001373291016,62.45000076293945,62.47999954223633,8286,2025-09-22 08:00:00+00:00
62.47999954223633,62.689998626708984,62.22999954223633,62.27000045776367,8981,2025-09-22 09:00:00+00:00
62.27000045776367,62.540000915527344,61.90999984741211,61.95000076293945,12387,2025-09-22 10:00:00+00:00
61.95000076293945,62.38999938964844,61.849998474121094,61.880001068115234,9925,2025-09-22 11:00:00+00:00
61.869998931884766,62.33000183105469,61.70000076293945,61.779998779296875,16860,2025-09-22 12:00:00+00:00
61.779998779296875,62.279998779296875,61.61000061035156,61.93000030517578,26009,2025-09-22 13:00:00+00:00
61.91999816894531,62.5,61.86000061035156,62.16999816894531,19833,2025-09-22 14:00:00+00:00
62.18000030517578,62.54999923706055,62.029998779296875,62.18000030517578,18879,2025-09-22 15:00:00+00:00
62.18000030517578,62.529998779296875,62.08000183105469,62.150001525878906,12549,2025-09-22 16:00:00+00:00
62.150001525878906,62.79999923706055,62.150001525878906,62.310001373291016,20078,2025-09-22 17:00:00+00:00
62.310001373291016,62.75,62.08000183105469,62.310001373291016,27635,2025-09-22 18:00:00+00:00
62.29999923706055,62.349998474121094,62.279998779296875,62.279998779296875,3248,2025-09-22 19:00:00+00:00
62.290000915527344,62.380001068115234,62.279998779296875,62.34000015258789,2695,2025-09-22 20:00:00+00:00
62.33000183105469,62.36000061035156,62.27000045776367,62.27000045776367,0,2025-09-22 22:00:00+00:00
62.27000045776367,62.349998474121094,62.220001220703125,62.349998474121094,506,2025-09-22 23:00:00+00:00
62.34000015258789,62.400001525878906,62.2599983215332,62.27000045776367,1101,2025-09-23 00:00:00+00:00
62.2599983215332,62.2599983215332,62.040000915527344,62.040000915527344,2169,2025-09-23 01:00:00+00:00
62.040000915527344,62.060001373291016,61.91999816894531,61.970001220703125,1555,2025-09-23 02:00:00+00:00
61.970001220703125,61.970001220703125,61.88999938964844,61.91999816894531,892,2025-09-23 03:00:00+00:00
61.900001525878906,62.0,61.88999938964844,61.939998626708984,950,2025-09-23 04:00:00+00:00
61.939998626708984,62.060001373291016,61.849998474121094,61.90999984741211,1247,2025-09-23 05:00:00+00:00
61.900001525878906,62.130001068115234,61.869998931884766,61.9900016784668,3241,2025-09-23 06:00:00+00:00
61.97999954223633,62.2400016784668,61.86000061035156,62.2400016784668,4279,2025-09-23 07:00:00+00:00
62.2400016784668,62.349998474121094,61.939998626708984,62.20000076293945,8490,2025-09-23 08:00:00+00:00
62.20000076293945,62.70000076293945,62.150001525878906,62.65999984741211,11688,2025-09-23 09:00:00+00:00
62.65999984741211,63.040000915527344,62.630001068115234,62.970001220703125,11104,2025-09-23 10:00:00+00:00
62.959999084472656,63.060001373291016,62.849998474121094,63.02000045776367,7862,2025-09-23 11:00:00+00:00
63.02000045776367,63.189998626708984,62.939998626708984,63.09000015258789,15516,2025-09-23 12:00:00+00:00
63.09000015258789,63.349998474121094,62.970001220703125,63.33000183105469,26761,2025-09-23 13:00:00+00:00
63.31999969482422,63.65999984741211,63.29999923706055,63.56999969482422,38991,2025-09-23 14:00:00+00:00
63.56999969482422,63.88999938964844,63.540000915527344,63.59000015258789,35427,2025-09-23 15:00:00+00:00
63.599998474121094,63.66999816894531,63.31999969482422,63.349998474121094,18278,2025-09-23 16:00:00+00:00
63.36000061035156,63.5,63.189998626708984,63.290000915527344,20262,2025-09-23 17:00:00+00:00
63.290000915527344,63.56999969482422,63.2400016784668,63.54999923706055,26381,2025-09-23 18:00:00+00:00
63.54999923706055,63.810001373291016,63.54999923706055,63.68000030517578,10449,2025-09-23 19:00:00+00:00
63.689998626708984,63.709999084472656,63.59000015258789,63.650001525878906,3213,2025-09-23 20:00:00+00:00
63.63999938964844,63.84000015258789,63.61000061035156,63.810001373291016,0,2025-09-23 22:00:00+00:00
63.810001373291016,63.81999969482422,63.720001220703125,63.720001220703125,253,2025-09-23 23:00:00+00:00
63.72999954223633,63.75,63.63999938964844,63.720001220703125,1985,2025-09-24 00:00:00+00:00
63.72999954223633,63.7400016784668,63.599998474121094,63.630001068115234,2096,2025-09-24 01:00:00+00:00
63.630001068115234,63.630001068115234,63.540000915527344,63.58000183105469,1241,2025-09-24 02:00:00+00:00
63.56999969482422,63.630001068115234,63.56999969482422,63.630001068115234,665,2025-09-24 03:00:00+00:00
63.630001068115234,63.630001068115234,63.529998779296875,63.529998779296875,622,2025-09-24 04:00:00+00:00
63.52000045776367,63.650001525878906,63.439998626708984,63.5099983215332,1688,2025-09-24 05:00:00+00:00
63.52000045776367,63.59000015258789,63.41999816894531,63.540000915527344,1873,2025-09-24 06:00:00+00:00
63.540000915527344,63.86000061035156,63.45000076293945,63.779998779296875,7189,2025-09-24 07:00:00+00:00
63.779998779296875,63.81999969482422,63.25,63.41999816894531,9417,2025-09-24 08:00:00+00:00
63.40999984741211,63.79999923706055,63.369998931884766,63.779998779296875,6412,2025-09-24 09:00:00+00:00
63.77000045776367,64.19000244140625,63.77000045776367,64.05000305175781,18054,2025-09-24 10:00:00+00:00
64.05000305175781,64.18000030517578,63.9900016784668,64.16999816894531,7338,2025-09-24 11:00:00+00:00
64.16000366210938,64.44999694824219,64.13999938964844,64.23999786376953,17848,2025-09-24 12:00:00+00:00
64.2300033569336,64.44999694824219,64.16000366210938,64.37999725341797,32055,2025-09-24 13:00:00+00:00
64.37999725341797,64.5999984741211,64.08999633789062,64.55000305175781,33495,2025-09-24 14:00:00+00:00
64.55999755859375,64.8499984741211,64.55000305175781,64.7300033569336,34840,2025-09-24 15:00:00+00:00
64.7300033569336,64.83999633789062,64.5999984741211,64.80999755859375,18575,2025-09-24 16:00:00+00:00
64.80999755859375,65.05000305175781,64.80000305175781,64.91000366210938,21614,2025-09-24 17:00:00+00:00
64.91999816894531,65.05000305175781,64.80999755859375,64.86000061035156,31545,2025-09-24 18:00:00+00:00
64.86000061035156,64.87999725341797,64.79000091552734,64.80000305175781,6603,2025-09-24 19:00:00+00:00
64.80000305175781,64.83999633789062,64.79000091552734,64.80999755859375,2868,2025-09-24 20:00:00+00:00
64.80000305175781,64.80000305175781,64.69999694824219,64.75,0,2025-09-24 22:00:00+00:00
64.76000213623047,64.76000213623047,64.69999694824219,64.7300033569336,604,2025-09-24 23:00:00+00:00
64.72000122070312,64.93000030517578,64.68000030517578,64.88999938964844,4083,2025-09-25 00:00:00+00:00
64.9000015258789,64.91999816894531,64.66000366210938,64.72000122070312,3102,2025-09-25 01:00:00+00:00
64.70999908447266,64.80000305175781,64.6500015258789,64.7699966430664,2009,2025-09-25 02:00:00+00:00
64.7699966430664,64.77999877929688,64.6500015258789,64.72000122070312,2571,2025-09-25 03:00:00+00:00
64.72000122070312,64.73999786376953,64.66999816894531,64.69000244140625,557,2025-09-25 04:00:00+00:00
64.68000030517578,64.7699966430664,64.61000061035156,64.76000213623047,1996,2025-09-25 05:00:00+00:00
64.76000213623047,64.9000015258789,64.69000244140625,64.83000183105469,3186,2025-09-25 06:00:00+00:00
64.83000183105469,64.8499984741211,64.45999908447266,64.69000244140625,9617,2025-09-25 07:00:00+00:00
64.69000244140625,64.7300033569336,64.26000213623047,64.30999755859375,12862,2025-09-25 08:00:00+00:00
64.30999755859375,64.66999816894531,64.27999877929688,64.58999633789062,5457,2025-09-25 09:00:00+00:00
64.58999633789062,64.83999633789062,64.44999694824219,64.79000091552734,8076,2025-09-25 10:00:00+00:00
64.77999877929688,64.83999633789062,64.55999755859375,64.68000030517578,8097,2025-09-25 11:00:00+00:00
64.66999816894531,64.7300033569336,64.44000244140625,64.55999755859375,10270,2025-09-25 12:00:00+00:00
64.56999969482422,64.58000183105469,64.12000274658203,64.2300033569336,24709,2025-09-25 13:00:00+00:00
64.2300033569336,64.33000183105469,64.05999755859375,64.19999694824219,24929,2025-09-25 14:00:00+00:00
64.20999908447266,64.97000122070312,64.18000030517578,64.8499984741211,29426,2025-09-25 15:00:00+00:00
64.86000061035156,64.87000274658203,64.62999725341797,64.69000244140625,12192,2025-09-25 16:00:00+00:00
64.69000244140625,65.02999877929688,64.61000061035156,64.81999969482422,23623,2025-09-25 17:00:00+00:00
64.83000183105469,65.26000213623047,64.75,65.22000122070312,29872,2025-09-25 18:00:00+00:00
65.2300033569336,65.33999633789062,65.12000274658203,65.31999969482422,16233,2025-09-25 19:00:00+00:00
65.30999755859375,65.33000183105469,65.16999816894531,65.22000122070312,5800,2025-09-25 20:00:00+00:00
65.19999694824219,65.36000061035156,65.19000244140625,65.31999969482422,0,2025-09-25 22:00:00+00:00
65.31999969482422,65.33000183105469,65.2300033569336,65.26000213623047,1085,2025-09-25 23:00:00+00:00
65.2699966430664,65.30000305175781,64.9800033569336,65.25,2369,2025-09-26 00:00:00+00:00
65.25,65.38999938964844,65.1500015258789,65.31999969482422,2290,2025-09-26 01:00:00+00:00
65.31999969482422,65.33999633789062,65.22000122070312,65.2300033569336,979,2025-09-26 02:00:00+00:00
65.23999786376953,65.26000213623047,65.1500015258789,65.20999908447266,1057,2025-09-26 03:00:00+00:00
65.19000244140625,65.25,65.1500015258789,65.16999816894531,991,2025-09-26 04:00:00+00:00
65.16999816894531,65.27999877929688,65.16000366210938,65.22000122070312,1043,2025-09-26 05:00:00+00:00
65.22000122070312,65.4000015258789,65.13999938964844,65.16999816894531,3120,2025-09-26 06:00:00+00:00
65.16999816894531,65.30999755859375,65.04000091552734,65.11000061035156,9172,2025-09-26 07:00:00+00:00
65.11000061035156,65.18000030517578,64.98999786376953,65.1500015258789,9026,2025-09-26 08:00:00+00:00
65.13999938964844,65.18000030517578,64.7300033569336,64.73999786376953,7111,2025-09-26 09:00:00+00:00
64.7300033569336,64.94000244140625,64.66000366210938,64.8499984741211,11241,2025-09-26 10:00:00+00:00
64.8499984741211,65.12000274658203,64.81999969482422,64.83999633789062,8084,2025-09-26 11:00:00+00:00
64.8499984741211,65.3499984741211,64.77999877929688,65.20999908447266,15825,2025-09-26 12:00:00+00:00
65.22000122070312,65.56999969482422,65.20999908447266,65.52999877929688,23544,2025-09-26 13:00:00+00:00
65.54000091552734,66.37999725341797,65.5199966430664,66.33000183105469,43663,2025-09-26 14:00:00+00:00
66.33999633789062,66.41999816894531,66.12000274658203,66.16999816894531,28381,2025-09-26 15:00:00+00:00
66.16999816894531,66.22000122070312,65.77999877929688,65.86000061035156,30195,2025-09-26 16:00:00+00:00
65.8499984741211,65.93000030517578,65.38999938964844,65.62999725341797,24456,2025-09-26 17:00:00+00:00
65.62999725341797,65.80000305175781,65.44000244140625,65.52999877929688,30620,2025-09-26 18:00:00+00:00
65.52999877929688,65.55000305175781,65.23999786376953,65.27999877929688,7141,2025-09-26 19:00:00+00:00
65.29000091552734,65.37999725341797,65.11000061035156,65.19000244140625,4248,2025-09-26 20:00:00+00:00
65.19000244140625,65.72000122070312,65.19000244140625,65.72000122070312,1,2025-09-26 21:00:00+00:00
65.06999969482422,65.13999938964844,65.0199966430664,65.11000061035156,3357,2025-09-28 22:00:00+00:00
65.11000061035156,65.18000030517578,64.98999786376953,65.13999938964844,1860,2025-09-28 23:00:00+00:00
65.12999725341797,65.1500015258789,65.0199966430664,65.13999938964844,2179,2025-09-29 00:00:00+00:00
65.13999938964844,65.2699966430664,65.05000305175781,65.0999984741211,2465,2025-09-29 01:00:00+00:00
65.0999984741211,65.33000183105469,65.02999877929688,65.27999877929688,2007,2025-09-29 02:00:00+00:00
65.27999877929688,65.33000183105469,65.19000244140625,65.22000122070312,1294,2025-09-29 03:00:00+00:00
65.23999786376953,65.37000274658203,65.20999908447266,65.31999969482422,854,2025-09-29 04:00:00+00:00
65.33000183105469,65.36000061035156,65.25,65.30999755859375,1136,2025-09-29 05:00:00+00:00
65.29000091552734,65.4000015258789,65.08999633789062,65.30999755859375,2899,2025-09-29 06:00:00+00:00
65.30000305175781,65.30000305175781,64.87999725341797,64.9800033569336,6749,2025-09-29 07:00:00+00:00
64.97000122070312,65.02999877929688,64.72000122070312,65.0,8294,2025-09-29 08:00:00+00:00
64.98999786376953,64.98999786376953,64.55000305175781,64.5999984741211,6915,2025-09-29 09:00:00+00:00
64.5999984741211,64.69000244140625,64.43000030517578,64.45999908447266,6681,2025-09-29 10:00:00+00:00
64.47000122070312,64.55999755859375,64.33999633789062,64.44999694824219,7887,2025-09-29 11:00:00+00:00
64.44999694824219,64.58999633789062,64.16999816894531,64.51000213623047,13483,2025-09-29 12:00:00+00:00
64.51000213623047,64.51000213623047,63.61000061035156,63.66999816894531,38485,2025-09-29 13:00:00+00:00
63.66999816894531,63.849998474121094,63.54999923706055,63.58000183105469,30657,2025-09-29 14:00:00+00:00
63.58000183105469,63.63999938964844,63.119998931884766,63.279998779296875,36310,2025-09-29 15:00:00+00:00
63.290000915527344,63.43000030517578,63.2400016784668,63.31999969482422,25801,2025-09-29 16:00:00+00:00
63.31999969482422,63.31999969482422,63.0099983215332,63.060001373291016,19243,2025-09-29 17:00:00+00:00
63.04999923706055,63.5,62.97999954223633,63.220001220703125,33967,2025-09-29 18:00:00+00:00
63.22999954223633,63.2599983215332,63.11000061035156,63.220001220703125,8682,2025-09-29 19:00:00+00:00
63.220001220703125,63.25,63.11000061035156,63.18000030517578,5804,2025-09-29 20:00:00+00:00
63.13999938964844,63.20000076293945,63.08000183105469,63.119998931884766,0,2025-09-29 22:00:00+00:00
63.119998931884766,63.15999984741211,63.09000015258789,63.099998474121094,344,2025-09-29 23:00:00+00:00
63.09000015258789,63.099998474121094,63.02000045776367,63.06999969482422,1833,2025-09-30 00:00:00+00:00
63.060001373291016,63.209999084472656,63.02000045776367,63.189998626708984,2336,2025-09-30 01:00:00+00:00
63.18000030517578,63.18000030517578,63.040000915527344,63.06999969482422,1927,2025-09-30 02:00:00+00:00
63.06999969482422,63.099998474121094,62.90999984741211,63.09000015258789,2893,2025-09-30 03:00:00+00:00
63.11000061035156,63.150001525878906,63.040000915527344,63.08000183105469,1054,2025-09-30 04:00:00+00:00
63.08000183105469,63.22999954223633,63.029998779296875,63.20000076293945,1944,2025-09-30 05:00:00+00:00
63.18000030517578,63.2599983215332,63.06999969482422,63.18000030517578,2744,2025-09-30 06:00:00+00:00
63.16999816894531,63.189998626708984,62.650001525878906,62.7599983215332,8057,2025-09-30 07:00:00+00:00
62.75,62.9900016784668,62.45000076293945,62.959999084472656,11147,2025-09-30 08:00:00+00:00
62.95000076293945,63.02000045776367,62.65999984741211,62.68000030517578,6845,2025-09-30 09:00:00+00:00
62.66999816894531,63.13999938964844,62.630001068115234,62.939998626708984,9517,2025-09-30 10:00:00+00:00
62.939998626708984,63.040000915527344,62.22999954223633,62.29999923706055,13832,2025-09-30 11:00:00+00:00
62.29999923706055,62.47999954223633,62.029998779296875,62.349998474121094,31258,2025-09-30 12:00:00+00:00
62.349998474121094,62.790000915527344,62.310001373291016,62.70000076293945,28324,2025-09-30 13:00:00+00:00
62.70000076293945,62.75,62.220001220703125,62.2400016784668,21984,2025-09-30 14:00:00+00:00
62.22999954223633,63.02000045776367,62.209999084472656,62.75,38775,2025-09-30 15:00:00+00:00
62.75,62.970001220703125,62.689998626708984,62.709999084472656,15001,2025-09-30 16:00:00+00:00
62.709999084472656,62.7599983215332,62.38999938964844,62.41999816894531,18140,2025-09-30 17:00:00+00:00
62.41999816894531,62.58000183105469,62.33000183105469,62.56999969482422,25454,2025-09-30 18:00:00+00:00
62.58000183105469,62.619998931884766,62.4900016784668,62.529998779296875,5732,2025-09-30 19:00:00+00:00
62.529998779296875,62.56999969482422,62.38999938964844,62.43000030517578,4849,2025-09-30 20:00:00+00:00
62.459999084472656,62.56999969482422,62.41999816894531,62.4900016784668,0,2025-09-30 22:00:00+00:00
62.4900016784668,62.52000045776367,62.459999084472656,62.5,442,2025-09-30 23:00:00+00:00
62.5099983215332,62.58000183105469,62.20000076293945,62.220001220703125,2500,2025-10-01 00:00:00+00:00
62.209999084472656,62.529998779296875,62.209999084472656,62.47999954223633,2517,2025-10-01 01:00:00+00:00
62.47999954223633,62.56999969482422,62.41999816894531,62.459999084472656,1401,2025-10-01 02:00:00+00:00
62.45000076293945,62.540000915527344,62.400001525878906,62.529998779296875,938,2025-10-01 03:00:00+00:00
62.5099983215332,62.619998931884766,62.5,62.61000061035156,916,2025-10-01 04:00:00+00:00
62.61000061035156,62.65999984741211,62.439998626708984,62.439998626708984,1343,2025-10-01 05:00:00+00:00
62.43000030517578,62.650001525878906,62.41999816894531,62.58000183105469,2869,2025-10-01 06:00:00+00:00
62.59000015258789,62.84000015258789,62.54999923706055,62.77000045776367,5707,2025-10-01 07:00:00+00:00
62.7599983215332,62.88999938964844,62.02000045776367,62.189998626708984,17274,2025-10-01 08:00:00+00:00
62.189998626708984,62.2599983215332,61.619998931884766,61.849998474121094,15551,2025-10-01 09:00:00+00:00
61.86000061035156,62.400001525878906,61.849998474121094,62.209999084472656,9206,2025-10-01 10:00:00+00:00
62.209999084472656,62.22999954223633,61.9900016784668,62.11000061035156,6362,2025-10-01 11:00:00+00:00
62.119998931884766,62.15999984741211,61.7599983215332,61.880001068115234,12973,2025-10-01 12:00:00+00:00
61.88999938964844,62.13999938964844,61.400001525878906,61.56999969482422,36571,2025-10-01 13:00:00+00:00
61.56999969482422,62.0099983215332,61.459999084472656,61.849998474121094,31731,2025-10-01 14:00:00+00:00
61.86000061035156,62.06999969482422,61.439998626708984,61.79999923706055,29224,2025-10-01 15:00:00+00:00
61.79999923706055,62.29999923706055,61.7599983215332,61.81999969482422,21422,2025-10-01 16:00:00+00:00
61.810001373291016,61.97999954223633,61.689998626708984,61.779998779296875,14064,2025-10-01 17:00:00+00:00
61.790000915527344,61.97999954223633,61.70000076293945,61.939998626708984,21607,2025-10-01 18:00:00+00:00
61.95000076293945,62.099998474121094,61.93000030517578,61.970001220703125,5071,2025-10-01 19:00:00+00:00
61.97999954223633,62.0099983215332,61.72999954223633,61.79999923706055,5321,2025-10-01 20:00:00+00:00
61.779998779296875,61.81999969482422,61.56999969482422,61.58000183105469,0,2025-10-01 22:00:00+00:00
61.599998474121094,61.95000076293945,61.599998474121094,61.83000183105469,2143,2025-10-01 23:00:00+00:00
61.84000015258789,62.540000915527344,61.810001373291016,61.95000076293945,6388,2025-10-02 00:00:00+00:00
61.95000076293945,62.130001068115234,61.88999938964844,62.09000015258789,1983,2025-10-02 01:00:00+00:00
62.099998474121094,62.279998779296875,62.06999969482422,62.189998626708984,2394,2025-10-02 02:00:00+00:00
62.18000030517578,62.20000076293945,62.0099983215332,62.11000061035156,912,2025-10-02 03:00:00+00:00
62.130001068115234,62.150001525878906,62.040000915527344,62.04999923706055,611,2025-10-02 04:00:00+00:00
62.04999923706055,62.25,62.04999923706055,62.06999969482422,1289,2025-10-02 05:00:00+00:00
62.06999969482422,62.09000015258789,61.79999923706055,61.880001068115234,3038,2025-10-02 06:00:00+00:00
61.880001068115234,62.029998779296875,61.689998626708984,61.90999984741211,4801,2025-10-02 07:00:00+00:00
61.900001525878906,61.9900016784668,61.720001220703125,61.86000061035156,8753,2025-10-02 08:00:00+00:00
61.86000061035156,61.88999938964844,61.220001220703125,61.38999938964844,15878,2025-10-02 09:00:00+00:00
61.38999938964844,61.72999954223633,61.33000183105469,61.5099983215332,8890,2025-10-02 10:00:00+00:00
61.52000045776367,61.599998474121094,61.310001373291016,61.5,6189,2025-10-02 11:00:00+00:00
61.5,61.54999923706055,61.349998474121094,61.439998626708984,13069,2025-10-02 12:00:00+00:00
61.439998626708984,61.65999984741211,61.060001373291016,61.5099983215332,32639,2025-10-02 13:00:00+00:00
61.5,61.84000015258789,60.959999084472656,61.02000045776367,37509,2025-10-02 14:00:00+00:00
61.02000045776367,61.11000061035156,60.65999984741211,60.81999969482422,32340,2025-10-02 15:00:00+00:00
60.81999969482422,60.880001068115234,60.41999816894531,60.619998931884766,24944,2025-10-02 16:00:00+00:00
60.61000061035156,60.66999816894531,60.41999816894531,60.41999816894531,16023,2025-10-02 17:00:00+00:00
60.43000030517578,60.599998474121094,60.400001525878906,60.529998779296875,33822,2025-10-02 18:00:00+00:00
60.540000915527344,60.650001525878906,60.529998779296875,60.630001068115234,3521,2025-10-02 19:00:00+00:00
60.630001068115234,60.779998779296875,60.59000015258789,60.68000030517578,5174,2025-10-02 20:00:00+00:00
60.70000076293945,60.77000045776367,60.65999984741211,60.66999816894531,0,2025-10-02 22:00:00+00:00
60.68000030517578,60.7400016784668,60.630001068115234,60.709999084472656,351,2025-10-02 23:00:00+00:00
60.720001220703125,60.72999954223633,60.599998474121094,60.63999938964844,1966,2025-10-03 00:00:00+00:00
60.630001068115234,60.810001373291016,60.630001068115234,60.72999954223633,1678,2025-10-03 01:00:00+00:00
60.720001220703125,60.7400016784668,60.65999984741211,60.709999084472656,764,2025-10-03 02:00:00+00:00
60.70000076293945,60.880001068115234,60.70000076293945,60.810001373291016,1668,2025-10-03 03:00:00+00:00
60.79999923706055,60.88999938964844,60.790000915527344,60.869998931884766,752,2025-10-03 04:00:00+00:00
60.869998931884766,61.0099983215332,60.849998474121094,61.0,2258,2025-10-03 05:00:00+00:00
60.9900016784668,61.209999084472656,60.959999084472656,61.119998931884766,5467,2025-10-03 06:00:00+00:00
61.11000061035156,61.27000045776367,60.939998626708984,60.959999084472656,6898,2025-10-03 07:00:00+00:00
60.970001220703125,61.380001068115234,60.900001525878906,61.369998931884766,9023,2025-10-03 08:00:00+00:00
61.369998931884766,61.380001068115234,60.7400016784668,60.83000183105469,7772,2025-10-03 09:00:00+00:00
60.83000183105469,60.959999084472656,60.70000076293945,60.7400016784668,7339,2025-10-03 10:00:00+00:00
60.7400016784668,60.959999084472656,60.630001068115234,60.70000076293945,7062,2025-10-03 11:00:00+00:00
60.689998626708984,60.880001068115234,60.54999923706055,60.86000061035156,11000,2025-10-03 12:00:00+00:00
60.869998931884766,61.02000045776367,60.66999816894531,60.900001525878906,22531,2025-10-03 13:00:00+00:00
60.900001525878906,61.27000045776367,60.75,61.029998779296875,29686,2025-10-03 14:00:00+00:00
61.029998779296875,61.279998779296875,60.88999938964844,61.04999923706055,22965,2025-10-03 15:00:00+00:00
61.04999923706055,61.209999084472656,61.0,61.150001525878906,13790,2025-10-03 16:00:00+00:00
61.150001525878906,61.20000076293945,61.02000045776367,61.150001525878906,12118,2025-10-03 17:00:00+00:00
61.150001525878906,61.18000030517578,60.689998626708984,60.790000915527344,30416,2025-10-03 18:00:00+00:00
60.790000915527344,60.880001068115234,60.720001220703125,60.7400016784668,8038,2025-10-03 19:00:00+00:00
60.7400016784668,60.849998474121094,60.619998931884766,60.689998626708984,6494,2025-10-03 20:00:00+00:00
61.45000076293945,61.849998474121094,60.880001068115234,61.41999816894531,5899,2025-10-05 22:00:00+00:00
61.43000030517578,61.619998931884766,61.400001525878906,61.59000015258789,2632,2025-10-05 23:00:00+00:00
61.61000061035156,61.84000015258789,61.52000045776367,61.779998779296875,4363,2025-10-06 00:00:00+00:00
61.779998779296875,61.79999923706055,61.66999816894531,61.790000915527344,1520,2025-10-06 01:00:00+00:00
61.790000915527344,61.810001373291016,61.7400016784668,61.7599983215332,1428,2025-10-06 02:00:00+00:00
61.7599983215332,61.81999969482422,61.7400016784668,61.810001373291016,1068,2025-10-06 03:00:00+00:00
61.810001373291016,61.91999816894531,61.779998779296875,61.86000061035156,1857,2025-10-06 04:00:00+00:00
61.86000061035156,61.869998931884766,61.560001373291016,61.7400016784668,2321,2025-10-06 05:00:00+00:00
61.72999954223633,61.7400016784668,61.459999084472656,61.720001220703125,4555,2025-10-06 06:00:00+00:00
61.720001220703125,62.040000915527344,61.54999923706055,61.599998474121094,9304,2025-10-06 07:00:00+00:00
61.599998474121094,61.97999954223633,61.529998779296875,61.90999984741211,8593,2025-10-06 08:00:00+00:00
61.91999816894531,62.06999969482422,61.810001373291016,62.0099983215332,5093,2025-10-06 09:00:00+00:00
62.0099983215332,62.099998474121094,61.709999084472656,61.709999084472656,5825,2025-10-06 10:00:00+00:00
61.720001220703125,61.7599983215332,61.040000915527344,61.2599983215332,10597,2025-10-06 11:00:00+00:00
61.25,61.63999938964844,61.25,61.380001068115234,11302,2025-10-06 12:00:00+00:00
61.380001068115234,61.91999816894531,61.2400016784668,61.900001525878906,22654,2025-10-06 13:00:00+00:00
61.900001525878906,61.90999984741211,61.25,61.29999923706055,25806,2025-10-06 14:00:00+00:00
61.290000915527344,61.84000015258789,61.189998626708984,61.75,22857,2025-10-06 15:00:00+00:00
61.7400016784668,61.9900016784668,61.619998931884766,61.650001525878906,15912,2025-10-06 16:00:00+00:00
61.65999984741211,61.810001373291016,61.5,61.7400016784668,9927,2025-10-06 17:00:00+00:00
61.7400016784668,61.86000061035156,61.58000183105469,61.689998626708984,21637,2025-10-06 18:00:00+00:00
61.689998626708984,61.79999923706055,61.65999984741211,61.75,3347,2025-10-06 19:00:00+00:00
61.7599983215332,61.84000015258789,61.630001068115234,61.720001220703125,3180,2025-10-06 20:00:00+00:00
61.880001068115234,61.90999984741211,61.47999954223633,61.5,4690,2025-10-07 08:00:00+00:00
61.5,61.58000183105469,61.27000045776367,61.540000915527344,7503,2025-10-07 09:00:00+00:00
61.540000915527344,61.720001220703125,61.470001220703125,61.61000061035156,5771,2025-10-07 10:00:00+00:00
61.61000061035156,61.84000015258789,61.58000183105469,61.7400016784668,4597,2025-10-07 11:00:00+00:00
61.75,61.79999923706055,61.31999969482422,61.349998474121094,9587,2025-10-07 12:00:00+00:00
61.349998474121094,61.869998931884766,60.720001220703125,61.689998626708984,50943,2025-10-07 13:00:00+00:00
61.689998626708984,61.720001220703125,61.20000076293945,61.619998931884766,26789,2025-10-07 14:00:00+00:00
61.630001068115234,61.83000183105469,61.41999816894531,61.560001373291016,16951,2025-10-07 15:00:00+00:00
61.560001373291016,61.619998931884766,61.369998931884766,61.459999084472656,11879,2025-10-07 16:00:00+00:00
61.470001220703125,61.720001220703125,61.400001525878906,61.540000915527344,11886,2025-10-07 17:00:00+00:00
61.54999923706055,61.9900016784668,61.529998779296875,61.9900016784668,34033,2025-10-07 18:00:00+00:00
61.97999954223633,62.099998474121094,61.939998626708984,62.06999969482422,6046,2025-10-07 19:00:00+00:00
62.06999969482422,62.11000061035156,62.0,62.040000915527344,4388,2025-10-07 20:00:00+00:00
62.04999923706055,62.20000076293945,62.04999923706055,62.15999984741211,0,2025-10-07 22:00:00+00:00
62.18000030517578,62.18000030517578,62.119998931884766,62.13999938964844,629,2025-10-07 23:00:00+00:00
62.150001525878906,62.220001220703125,62.08000183105469,62.18000030517578,2244,2025-10-08 00:00:00+00:00
62.16999816894531,62.2599983215332,62.150001525878906,62.220001220703125,1026,2025-10-08 01:00:00+00:00
62.22999954223633,62.34000015258789,62.220001220703125,62.290000915527344,1204,2025-10-08 02:00:00+00:00
62.279998779296875,62.36000061035156,62.22999954223633,62.2400016784668,1851,2025-10-08 03:00:00+00:00
62.25,62.279998779296875,62.18000030517578,62.22999954223633,690,2025-10-08 04:00:00+00:00
62.22999954223633,62.29999923706055,62.209999084472656,62.27000045776367,737,2025-10-08 05:00:00+00:00
62.279998779296875,62.439998626708984,62.2400016784668,62.38999938964844,4121,2025-10-08 06:00:00+00:00
62.38999938964844,62.45000076293945,62.22999954223633,62.34000015258789,4949,2025-10-08 07:00:00+00:00
62.34000015258789,62.380001068115234,62.119998931884766,62.27000045776367,8006,2025-10-08 08:00:00+00:00
62.279998779296875,62.650001525878906,62.22999954223633,62.52000045776367,11172,2025-10-08 09:00:00+00:00
62.52000045776367,62.58000183105469,62.29999923706055,62.439998626708984,9184,2025-10-08 10:00:00+00:00
62.43000030517578,62.720001220703125,62.40999984741211,62.68000030517578,5845,2025-10-08 11:00:00+00:00
62.66999816894531,62.810001373291016,62.58000183105469,62.619998931884766,19507,2025-10-08 12:00:00+00:00
62.61000061035156,62.68000030517578,62.11000061035156,62.22999954223633,27506,2025-10-08 13:00:00+00:00
62.22999954223633,62.56999969482422,62.11000061035156,62.54999923706055,28887,2025-10-08 14:00:00+00:00
62.560001373291016,62.90999984741211,62.54999923706055,62.84000015258789,32526,2025-10-08 15:00:00+00:00
62.84000015258789,62.91999816894531,62.439998626708984,62.630001068115234,18591,2025-10-08 16:00:00+00:00
62.619998931884766,62.79999923706055,62.59000015258789,62.720001220703125,13808,2025-10-08 17:00:00+00:00
62.720001220703125,62.75,62.369998931884766,62.400001525878906,41044,2025-10-08 18:00:00+00:00
62.38999938964844,62.45000076293945,62.369998931884766,62.38999938964844,6294,2025-10-08 19:00:00+00:00
62.38999938964844,62.439998626708984,62.27000045776367,62.29999923706055,4066,2025-10-08 20:00:00+00:00
62.310001373291016,62.349998474121094,62.029998779296875,62.189998626708984,0,2025-10-08 22:00:00+00:00
62.189998626708984,62.189998626708984,61.91999816894531,62.04999923706055,2717,2025-10-08 23:00:00+00:00
62.060001373291016,62.099998474121094,61.86000061035156,61.95000076293945,2178,2025-10-09 00:00:00+00:00
61.95000076293945,62.16999816894531,61.779998779296875,62.099998474121094,4079,2025-10-09 01:00:00+00:00
62.099998474121094,62.15999984741211,61.970001220703125,62.04999923706055,1540,2025-10-09 02:00:00+00:00
62.04999923706055,62.18000030517578,62.04999923706055,62.119998931884766,994,2025-10-09 03:00:00+00:00
62.130001068115234,62.220001220703125,62.130001068115234,62.189998626708984,634,2025-10-09 04:00:00+00:00
62.189998626708984,62.63999938964844,62.18000030517578,62.61000061035156,3004,2025-10-09 05:00:00+00:00
62.619998931884766,62.63999938964844,62.439998626708984,62.61000061035156,3688,2025-10-09 06:00:00+00:00
62.599998474121094,62.779998779296875,62.54999923706055,62.72999954223633,6967,2025-10-09 07:00:00+00:00
62.720001220703125,62.84000015258789,62.5099983215332,62.720001220703125,7046,2025-10-09 08:00:00+00:00
62.720001220703125,62.869998931884766,62.34000015258789,62.400001525878906,6707,2025-10-09 09:00:00+00:00
62.400001525878906,62.41999816894531,62.06999969482422,62.150001525878906,7260,2025-10-09 10:00:00+00:00
62.150001525878906,62.470001220703125,62.150001525878906,62.25,7601,2025-10-09 11:00:00+00:00
62.2400016784668,62.630001068115234,62.16999816894531,62.56999969482422,12466,2025-10-09 12:00:00+00:00
62.58000183105469,62.849998474121094,62.2400016784668,62.27000045776367,26071,2025-10-09 13:00:00+00:00
62.27000045776367,62.58000183105469,62.08000183105469,62.290000915527344,25998,2025-10-09 14:00:00+00:00
62.290000915527344,62.470001220703125,61.90999984741211,61.93000030517578,22795,2025-10-09 15:00:00+00:00
61.93000030517578,62.09000015258789,61.38999938964844,61.439998626708984,25713,2025-10-09 16:00:00+00:00
61.45000076293945,61.54999923706055,61.25,61.45000076293945,18249,2025-10-09 17:00:00+00:00
61.45000076293945,61.56999969482422,61.33000183105469,61.349998474121094,34101,2025-10-09 18:00:00+00:00
61.36000061035156,61.5099983215332,61.25,61.459999084472656,8028,2025-10-09 19:00:00+00:00
61.45000076293945,61.560001373291016,61.41999816894531,61.52000045776367,0,2025-10-09 20:00:00+00:00
61.4900016784668,61.529998779296875,61.439998626708984,61.529998779296875,626,2025-10-09 22:00:00+00:00
61.540000915527344,61.63999938964844,61.540000915527344,61.58000183105469,970,2025-10-09 23:00:00+00:00
61.59000015258789,61.66999816894531,61.52000045776367,61.65999984741211,1062,2025-10-10 00:00:00+00:00
61.650001525878906,61.66999816894531,61.45000076293945,61.599998474121094,1745,2025-10-10 01:00:00+00:00
61.599998474121094,61.630001068115234,61.459999084472656,61.5099983215332,735,2025-10-10 02:00:00+00:00
61.52000045776367,61.540000915527344,61.400001525878906,61.400001525878906,897,2025-10-10 03:00:00+00:00
61.380001068115234,61.38999938964844,61.220001220703125,61.25,2015,2025-10-10 04:00:00+00:00
61.25,61.41999816894531,61.22999954223633,61.369998931884766,1262,2025-10-10 05:00:00+00:00
61.380001068115234,61.43000030517578,61.119998931884766,61.150001525878906,4478,2025-10-10 06:00:00+00:00
61.150001525878906,61.380001068115234,61.040000915527344,61.25,6911,2025-10-10 07:00:00+00:00
61.25,61.4900016784668,61.119998931884766,61.27000045776367,7228,2025-10-10 08:00:00+00:00
61.27000045776367,61.310001373291016,60.97999954223633,61.150001525878906,8530,2025-10-10 09:00:00+00:00
61.13999938964844,61.189998626708984,60.689998626708984,60.70000076293945,11519,2025-10-10 10:00:00+00:00
60.70000076293945,60.90999984741211,60.619998931884766,60.68000030517578,7716,2025-10-10 11:00:00+00:00
60.66999816894531,60.689998626708984,60.15999984741211,60.2599983215332,23716,2025-10-10 12:00:00+00:00
60.279998779296875,60.36000061035156,59.56999969482422,60.20000076293945,51209,2025-10-10 13:00:00+00:00
60.20000076293945,60.52000045776367,59.810001373291016,60.119998931884766,29363,2025-10-10 14:00:00+00:00
60.11000061035156,60.13999938964844,58.900001525878906,58.93000030517578,44970,2025-10-10 15:00:00+00:00
58.939998626708984,59.13999938964844,58.70000076293945,58.90999984741211,27983,2025-10-10 16:00:00+00:00
58.91999816894531,59.11000061035156,58.880001068115234,58.95000076293945,19285,2025-10-10 17:00:00+00:00
58.959999084472656,58.970001220703125,58.70000076293945,58.790000915527344,35830,2025-10-10 18:00:00+00:00
58.790000915527344,58.970001220703125,58.77000045776367,58.81999969482422,7568,2025-10-10 19:00:00+00:00
58.81999969482422,58.88999938964844,58.220001220703125,58.2400016784668,9475,2025-10-10 20:00:00+00:00
59.0,59.83000183105469,58.900001525878906,59.31999969482422,17941,2025-10-12 22:00:00+00:00
59.31999969482422,59.63999938964844,59.209999084472656,59.619998931884766,5828,2025-10-12 23:00:00+00:00
59.619998931884766,59.810001373291016,59.38999938964844,59.720001220703125,4460,2025-10-13 00:00:00+00:00
59.709999084472656,59.970001220703125,59.599998474121094,59.90999984741211,3967,2025-10-13 01:00:00+00:00
59.900001525878906,60.0099983215332,59.81999969482422,59.83000183105469,3285,2025-10-13 02:00:00+00:00
59.83000183105469,59.93000030517578,59.68000030517578,59.72999954223633,2952,2025-10-13 03:00:00+00:00
59.72999954223633,59.79999923706055,59.63999938964844,59.650001525878906,1868,2025-10-13 04:00:00+00:00
59.650001525878906,59.83000183105469,59.619998931884766,59.790000915527344,1544,2025-10-13 05:00:00+00:00
59.779998779296875,59.869998931884766,59.68000030517578,59.84000015258789,3529,2025-10-13 06:00:00+00:00
59.84000015258789,59.93000030517578,59.59000015258789,59.779998779296875,7732,2025-10-13 07:00:00+00:00
59.779998779296875,60.040000915527344,59.63999938964844,60.0099983215332,10818,2025-10-13 08:00:00+00:00
60.0099983215332,60.16999816894531,59.880001068115234,60.09000015258789,7569,2025-10-13 09:00:00+00:00
60.09000015258789,60.11000061035156,59.849998474121094,59.970001220703125,6313,2025-10-13 10:00:00+00:00
59.970001220703125,60.130001068115234,59.68000030517578,59.77000045776367,11981,2025-10-13 11:00:00+00:00
59.77000045776367,59.84000015258789,59.33000183105469,59.400001525878906,12965,2025-10-13 12:00:00+00:00
59.400001525878906,59.79999923706055,59.209999084472656,59.779998779296875,24707,2025-10-13 13:00:00+00:00
59.77000045776367,60.11000061035156,59.70000076293945,59.95000076293945,25377,2025-10-13 14:00:00+00:00
59.959999084472656,60.029998779296875,59.41999816894531,59.5,24847,2025-10-13 15:00:00+00:00
59.4900016784668,59.720001220703125,59.470001220703125,59.650001525878906,8295,2025-10-13 16:00:00+00:00
59.66999816894531,59.810001373291016,59.619998931884766,59.72999954223633,14890,2025-10-13 17:00:00+00:00
59.72999954223633,59.7400016784668,59.43000030517578,59.470001220703125,29610,2025-10-13 18:00:00+00:00
59.470001220703125,59.72999954223633,59.470001220703125,59.65999984741211,3635,2025-10-13 19:00:00+00:00
59.65999984741211,59.720001220703125,59.5,59.560001373291016,4434,2025-10-13 20:00:00+00:00
59.58000183105469,59.68000030517578,59.540000915527344,59.68000030517578,0,2025-10-13 22:00:00+00:00
59.66999816894531,59.66999816894531,59.63999938964844,59.650001525878906,116,2025-10-13 23:00:00+00:00
59.650001525878906,59.790000915527344,59.63999938964844,59.77000045776367,1480,2025-10-14 00:00:00+00:00
59.779998779296875,59.81999969482422,59.66999816894531,59.70000076293945,1380,2025-10-14 01:00:00+00:00
59.709999084472656,59.75,59.630001068115234,59.63999938964844,984,2025-10-14 02:00:00+00:00
59.630001068115234,59.7400016784668,59.599998474121094,59.720001220703125,734,2025-10-14 03:00:00+00:00
59.720001220703125,59.720001220703125,59.439998626708984,59.5,1685,2025-10-14 04:00:00+00:00
59.4900016784668,59.5,59.119998931884766,59.150001525878906,3338,2025-10-14 05:00:00+00:00
59.13999938964844,59.38999938964844,59.02000045776367,59.08000183105469,4222,2025-10-14 06:00:00+00:00
59.06999969482422,59.09000015258789,58.400001525878906,58.65999984741211,12128,2025-10-14 07:00:00+00:00
58.65999984741211,58.689998626708984,58.08000183105469,58.29999923706055,13834,2025-10-14 08:00:00+00:00
58.290000915527344,58.40999984741211,58.0099983215332,58.34000015258789,10698,2025-10-14 09:00:00+00:00
58.34000015258789,58.43000030517578,57.68000030517578,57.779998779296875,11568,2025-10-14 10:00:00+00:00
57.790000915527344,58.349998474121094,57.790000915527344,58.290000915527344,9556,2025-10-14 11:00:00+00:00
58.29999923706055,58.369998931884766,57.9900016784668,58.099998474121094,15881,2025-10-14 12:00:00+00:00
58.09000015258789,58.72999954223633,58.06999969482422,58.380001068115234,34851,2025-10-14 13:00:00+00:00
58.369998931884766,58.54999923706055,58.119998931884766,58.279998779296875,24194,2025-10-14 14:00:00+00:00
58.290000915527344,58.619998931884766,58.02000045776367,58.529998779296875,20576,2025-10-14 15:00:00+00:00
58.52000045776367,58.869998931884766,58.5,58.689998626708984,18825,2025-10-14 16:00:00+00:00
58.70000076293945,58.97999954223633,58.70000076293945,58.810001373291016,11720,2025-10-14 17:00:00+00:00
58.810001373291016,58.88999938964844,58.630001068115234,58.81999969482422,23997,2025-10-14 18:00:00+00:00
58.83000183105469,58.86000061035156,58.369998931884766,58.439998626708984,8618,2025-10-14 19:00:00+00:00
58.43000030517578,58.720001220703125,58.43000030517578,58.59000015258789,3555,2025-10-14 20:00:00+00:00
58.599998474121094,58.790000915527344,58.56999969482422,58.70000076293945,0,2025-10-14 22:00:00+00:00
58.70000076293945,58.7400016784668,58.650001525878906,58.65999984741211,250,2025-10-14 23:00:00+00:00
58.66999816894531,58.66999816894531,58.560001373291016,58.630001068115234,837,2025-10-15 00:00:00+00:00
58.630001068115234,58.68000030517578,58.540000915527344,58.630001068115234,999,2025-10-15 01:00:00+00:00
58.650001525878906,58.7400016784668,58.470001220703125,58.470001220703125,974,2025-10-15 02:00:00+00:00
58.459999084472656,58.66999816894531,58.369998931884766,58.52000045776367,1584,2025-10-15 03:00:00+00:00
58.52000045776367,58.56999969482422,58.459999084472656,58.529998779296875,466,2025-10-15 04:00:00+00:00
58.529998779296875,58.63999938964844,58.5099983215332,58.599998474121094,1018,2025-10-15 05:00:00+00:00
58.59000015258789,58.84000015258789,58.56999969482422,58.77000045776367,3994,2025-10-15 06:00:00+00:00
58.7599983215332,58.7599983215332,58.47999954223633,58.689998626708984,4901,2025-10-15 07:00:00+00:00
58.689998626708984,58.900001525878906,58.560001373291016,58.66999816894531,7931,2025-10-15 08:00:00+00:00
58.68000030517578,58.849998474121094,58.560001373291016,58.720001220703125,3831,2025-10-15 09:00:00+00:00
58.720001220703125,58.84000015258789,58.61000061035156,58.72999954223633,3700,2025-10-15 10:00:00+00:00
58.72999954223633,58.91999816894531,58.630001068115234,58.84000015258789,5140,2025-10-15 11:00:00+00:00
58.84000015258789,59.41999816894531,58.79999923706055,59.34000015258789,22350,2025-10-15 12:00:00+00:00
59.34000015258789,59.36000061035156,58.849998474121094,58.91999816894531,27002,2025-10-15 13:00:00+00:00
58.93000030517578,59.0099983215332,58.63999938964844,58.65999984741211,23958,2025-10-15 14:00:00+00:00
58.65999984741211,58.720001220703125,58.290000915527344,58.38999938964844,23861,2025-10-15 15:00:00+00:00
58.380001068115234,58.540000915527344,58.20000076293945,58.529998779296875,17005,2025-10-15 16:00:00+00:00
58.540000915527344,58.59000015258789,58.25,58.36000061035156,12544,2025-10-15 17:00:00+00:00
58.36000061035156,58.560001373291016,58.209999084472656,58.560001373291016,16770,2025-10-15 18:00:00+00:00
58.560001373291016,58.63999938964844,58.43000030517578,58.459999084472656,2534,2025-10-15 19:00:00+00:00
58.470001220703125,58.81999969482422,58.459999084472656,58.75,6106,2025-10-15 20:00:00+00:00
58.77000045776367,58.84000015258789,58.65999984741211,58.65999984741211,0,2025-10-15 22:00:00+00:00
58.65999984741211,58.689998626708984,58.54999923706055,58.689998626708984,625,2025-10-15 23:00:00+00:00
58.68000030517578,59.0099983215332,58.68000030517578,58.81999969482422,2790,2025-10-16 00:00:00+00:00
58.810001373291016,58.880001068115234,58.68000030517578,58.72999954223633,1091,2025-10-16 01:00:00+00:00
58.7400016784668,58.790000915527344,58.65999984741211,58.709999084472656,995,2025-10-16 02:00:00+00:00
58.709999084472656,58.849998474121094,58.65999984741211,58.84000015258789,2787,2025-10-16 03:00:00+00:00
58.86000061035156,58.900001525878906,58.81999969482422,58.84000015258789,1420,2025-10-16 04:00:00+00:00
58.849998474121094,58.880001068115234,58.66999816894531,58.779998779296875,1161,2025-10-16 05:00:00+00:00
58.779998779296875,58.95000076293945,58.7400016784668,58.849998474121094,1588,2025-10-16 06:00:00+00:00
58.84000015258789,59.11000061035156,58.709999084472656,59.040000915527344,4479,2025-10-16 07:00:00+00:00
59.040000915527344,59.060001373291016,58.599998474121094,58.68000030517578,5880,2025-10-16 08:00:00+00:00
58.689998626708984,58.810001373291016,58.459999084472656,58.4900016784668,5922,2025-10-16 09:00:00+00:00
58.4900016784668,58.66999816894531,58.0099983215332,58.630001068115234,5025,2025-10-16 10:00:00+00:00
58.63999938964844,58.93000030517578,58.18000030517578,58.189998626708984,19725,2025-10-16 11:00:00+00:00
58.189998626708984,58.689998626708984,58.06999969482422,58.529998779296875,0,2025-10-16 12:00:00+00:00
58.529998779296875,58.68000030517578,57.81999969482422,57.970001220703125,39208,2025-10-16 13:00:00+00:00
57.97999954223633,58.45000076293945,57.77000045776367,58.38999938964844,0,2025-10-16 14:00:00+00:00
57.90999984741211,58.650001525878906,57.2599983215332,58.130001068115234,22682,2025-10-16 15:00:00+00:00
58.13999938964844,58.47999954223633,57.040000915527344,57.79999923706055,23882,2025-10-16 16:00:00+00:00
57.310001373291016,57.93000030517578,56.900001525878906,57.41999816894531,20823,2025-10-16 17:00:00+00:00
56.95000076293945,57.70000076293945,56.779998779296875,57.61000061035156,26439,2025-10-16 18:00:00+00:00
57.599998474121094,57.630001068115234,56.95000076293945,57.52000045776367,5085,2025-10-16 19:00:00+00:00
57.529998779296875,57.58000183105469,56.880001068115234,56.95000076293945,85764,2025-10-16 20:00:00+00:00
57.5,57.560001373291016,56.970001220703125,57.02000045776367,0,2025-10-16 22:00:00+00:00
57.029998779296875,57.4900016784668,56.90999984741211,56.93000030517578,844,2025-10-16 23:00:00+00:00
57.38999938964844,57.459999084472656,56.86000061035156,57.459999084472656,0,2025-10-17 00:00:00+00:00
57.43000030517578,57.45000076293945,56.630001068115234,57.11000061035156,470,2025-10-17 01:00:00+00:00
57.099998474121094,57.33000183105469,56.5099983215332,56.81999969482422,8708,2025-10-17 02:00:00+00:00
56.83000183105469,57.400001525878906,56.72999954223633,56.83000183105469,2274,2025-10-17 03:00:00+00:00
56.83000183105469,57.4900016784668,56.790000915527344,56.810001373291016,3776,2025-10-17 04:00:00+00:00
56.810001373291016,57.36000061035156,56.77000045776367,56.79999923706055,2849,2025-10-17 05:00:00+00:00
56.79999923706055,57.41999816894531,56.560001373291016,57.060001373291016,0,2025-10-17 06:00:00+00:00
57.04999923706055,57.25,56.45000076293945,56.689998626708984,29541,2025-10-17 07:00:00+00:00
57.13999938964844,57.20000076293945,56.2599983215332,56.34000015258789,14227,2025-10-17 08:00:00+00:00
56.33000183105469,57.0099983215332,56.150001525878906,56.81999969482422,0,2025-10-17 09:00:00+00:00
56.369998931884766,57.290000915527344,56.279998779296875,57.09000015258789,78469,2025-10-17 10:00:00+00:00
56.650001525878906,57.540000915527344,56.61000061035156,57.04999923706055,20865,2025-10-17 11:00:00+00:00
57.5099983215332,57.720001220703125,56.959999084472656,57.61000061035156,0,2025-10-17 12:00:00+00:00
57.599998474121094,57.630001068115234,56.709999084472656,56.90999984741211,173867,2025-10-17 13:00:00+00:00
57.310001373291016,57.560001373291016,56.81999969482422,57.029998779296875,31393,2025-10-17 14:00:00+00:00
57.459999084472656,57.68000030517578,56.779998779296875,57.09000015258789,30810,2025-10-17 15:00:00+00:00
57.08000183105469,57.63999938964844,56.7599983215332,57.27000045776367,0,2025-10-17 16:00:00+00:00
57.2599983215332,57.599998474121094,56.75,57.0099983215332,252121,2025-10-17 17:00:00+00:00
57.400001525878906,57.720001220703125,57.0,57.15999984741211,37569,2025-10-17 18:00:00+00:00
57.16999816894531,57.650001525878906,57.08000183105469,57.130001068115234,6561,2025-10-17 19:00:00+00:00
57.5099983215332,57.720001220703125,57.119998931884766,57.150001525878906,3643,2025-10-17 20:00:00+00:00
57.31999969482422,57.810001373291016,57.09000015258789,57.150001525878906,3583,2025-10-19 22:00:00+00:00
57.54999923706055,57.599998474121094,56.939998626708984,56.95000076293945,1331,2025-10-19 23:00:00+00:00
56.95000076293945,57.40999984741211,56.88999938964844,56.9900016784668,1927,2025-10-20 00:00:00+00:00
56.97999954223633,57.400001525878906,56.7599983215332,56.88999938964844,2775,2025-10-20 01:00:00+00:00
56.88999938964844,57.369998931884766,56.880001068115234,56.939998626708984,1080,2025-10-20 02:00:00+00:00
56.95000076293945,57.380001068115234,56.90999984741211,56.959999084472656,1326,2025-10-20 03:00:00+00:00
56.959999084472656,57.369998931884766,56.900001525878906,56.97999954223633,850,2025-10-20 04:00:00+00:00
56.97999954223633,57.349998474121094,56.810001373291016,56.81999969482422,1467,2025-10-20 05:00:00+00:00
56.810001373291016,57.16999816894531,56.56999969482422,56.619998931884766,5145,2025-10-20 06:00:00+00:00
57.029998779296875,57.290000915527344,56.59000015258789,56.66999816894531,6808,2025-10-20 07:00:00+00:00
56.66999816894531,57.36000061035156,56.63999938964844,56.939998626708984,8944,2025-10-20 08:00:00+00:00
56.95000076293945,57.45000076293945,56.79999923706055,56.84000015258789,6029,2025-10-20 09:00:00+00:00
57.25,57.400001525878906,56.68000030517578,56.7400016784668,5769,2025-10-20 10:00:00+00:00
56.7400016784668,57.15999984741211,56.540000915527344,56.7400016784668,9195,2025-10-20 11:00:00+00:00
56.72999954223633,57.20000076293945,56.529998779296875,56.58000183105469,20121,2025-10-20 12:00:00+00:00
56.56999969482422,57.150001525878906,55.959999084472656,56.560001373291016,54552,2025-10-20 13:00:00+00:00
56.560001373291016,57.150001525878906,56.369998931884766,56.56999969482422,23473,2025-10-20 14:00:00+00:00
56.56999969482422,57.27000045776367,56.33000183105469,56.4900016784668,33070,2025-10-20 15:00:00+00:00
56.47999954223633,57.150001525878906,56.47999954223633,56.61000061035156,18751,2025-10-20 16:00:00+00:00
56.619998931884766,57.5,56.540000915527344,56.90999984741211,29202,2025-10-20 17:00:00+00:00
56.91999816894531,57.599998474121094,56.83000183105469,56.90999984741211,37125,2025-10-20 18:00:00+00:00
56.90999984741211,57.5,56.810001373291016,56.9900016784668,6844,2025-10-20 19:00:00+00:00
57.0,57.529998779296875,56.849998474121094,56.93000030517578,6076,2025-10-20 20:00:00+00:00
56.95000076293945,57.470001220703125,56.88999938964844,56.939998626708984,0,2025-10-20 22:00:00+00:00
56.93000030517578,56.970001220703125,56.900001525878906,56.970001220703125,299,2025-10-20 23:00:00+00:00
56.970001220703125,57.459999084472656,56.86000061035156,56.97999954223633,2166,2025-10-21 00:00:00+00:00
56.970001220703125,57.439998626708984,56.599998474121094,56.810001373291016,2522,2025-10-21 01:00:00+00:00
56.810001373291016,56.90999984741211,56.77000045776367,56.81999969482422,1221,2025-10-21 02:00:00+00:00
56.810001373291016,56.86000061035156,56.779998779296875,56.83000183105469,572,2025-10-21 03:00:00+00:00
56.84000015258789,57.380001068115234,56.79999923706055,56.880001068115234,1335,2025-10-21 04:00:00+00:00
56.869998931884766,57.599998474121094,56.86000061035156,57.0099983215332,2487,2025-10-21 05:00:00+00:00
57.029998779296875,57.599998474121094,56.86000061035156,56.880001068115234,4527,2025-10-21 06:00:00+00:00
56.880001068115234,57.22999954223633,56.68000030517578,56.72999954223633,6192,2025-10-21 07:00:00+00:00
56.72999954223633,57.369998931884766,56.720001220703125,57.189998626708984,9973,2025-10-21 08:00:00+00:00
57.18000030517578,57.810001373291016,56.959999084472656,57.36000061035156,7620,2025-10-21 09:00:00+00:00
57.36000061035156,58.08000183105469,57.33000183105469,57.52000045776367,10910,2025-10-21 10:00:00+00:00
57.5099983215332,58.060001373291016,57.33000183105469,57.38999938964844,9645,2025-10-21 11:00:00+00:00
57.380001068115234,58.27000045776367,57.36000061035156,57.459999084472656,12077,2025-10-21 12:00:00+00:00
57.45000076293945,57.959999084472656,56.40999984741211,56.40999984741211,43448,2025-10-21 13:00:00+00:00
56.40999984741211,57.54999923706055,56.349998474121094,56.81999969482422,28776,2025-10-21 14:00:00+00:00
56.83000183105469,57.95000076293945,56.75,57.34000015258789,36820,2025-10-21 15:00:00+00:00
57.349998474121094,58.279998779296875,57.18000030517578,57.20000076293945,52481,2025-10-21 16:00:00+00:00
57.20000076293945,58.09000015258789,56.970001220703125,57.220001220703125,23296,2025-10-21 17:00:00+00:00
57.22999954223633,57.939998626708984,57.11000061035156,57.31999969482422,31929,2025-10-21 18:00:00+00:00
57.310001373291016,57.43000030517578,57.290000915527344,57.400001525878906,6775,2025-10-21 19:00:00+00:00
57.40999984741211,57.61000061035156,57.40999984741211,57.58000183105469,4727,2025-10-21 20:00:00+00:00
57.59000015258789,57.63999938964844,57.529998779296875,57.56999969482422,0,2025-10-21 22:00:00+00:00
57.58000183105469,57.630001068115234,57.52000045776367,57.529998779296875,520,2025-10-21 23:00:00+00:00
57.540000915527344,57.560001373291016,57.400001525878906,57.43000030517578,2150,2025-10-22 00:00:00+00:00
57.43000030517578,57.5,57.34000015258789,57.43000030517578,2016,2025-10-22 01:00:00+00:00
57.43000030517578,57.7599983215332,57.41999816894531,57.709999084472656,2039,2025-10-22 02:00:00+00:00
57.709999084472656,58.380001068115234,57.70000076293945,58.18000030517578,10866,2025-10-22 03:00:00+00:00
58.16999816894531,58.27000045776367,58.13999938964844,58.209999084472656,2533,2025-10-22 04:00:00+00:00
58.20000076293945,58.349998474121094,58.189998626708984,58.25,4060,2025-10-22 05:00:00+00:00
58.25,58.5,58.20000076293945,58.310001373291016,7208,2025-10-22 06:00:00+00:00
58.29999923706055,58.34000015258789,58.04999923706055,58.15999984741211,11659,2025-10-22 07:00:00+00:00
58.15999984741211,58.41999816894531,58.099998474121094,58.25,10051,2025-10-22 08:00:00+00:00
58.25,58.31999969482422,58.04999923706055,58.150001525878906,6365,2025-10-22 09:00:00+00:00
58.150001525878906,58.38999938964844,57.91999816894531,58.290000915527344,9107,2025-10-22 10:00:00+00:00
58.29999923706055,58.529998779296875,58.18000030517578,58.33000183105469,11653,2025-10-22 11:00:00+00:00
58.33000183105469,58.61000061035156,58.18000030517578,58.20000076293945,18234,2025-10-22 12:00:00+00:00
58.20000076293945,58.81999969482422,58.13999938964844,58.72999954223633,35766,2025-10-22 13:00:00+00:00
58.72999954223633,58.779998779296875,58.43000030517578,58.58000183105469,28585,2025-10-22 14:00:00+00:00
58.58000183105469,58.91999816894531,58.310001373291016,58.75,39082,2025-10-22 15:00:00+00:00
58.75,58.84000015258789,58.25,58.68000030517578,27356,2025-10-22 16:00:00+00:00
58.68000030517578,58.7400016784668,58.38999938964844,58.41999816894531,15274,2025-10-22 17:00:00+00:00
58.43000030517578,58.630001068115234,58.380001068115234,58.56999969482422,27029,2025-10-22 18:00:00+00:00
58.58000183105469,59.83000183105469,58.560001373291016,59.38999938964844,57115,2025-10-22 19:00:00+00:00
59.38999938964844,59.689998626708984,58.81999969482422,59.380001068115234,27175,2025-10-22 20:00:00+00:00
59.939998626708984,59.97999954223633,59.63999938964844,59.790000915527344,0,2025-10-22 22:00:00+00:00
59.79999923706055,60.15999984741211,59.779998779296875,60.06999969482422,5096,2025-10-22 23:00:00+00:00
60.08000183105469,60.2599983215332,59.900001525878906,59.959999084472656,11895,2025-10-23 00:00:00+00:00
59.95000076293945,59.9900016784668,59.720001220703125,59.810001373291016,7258,2025-10-23 01:00:00+00:00
59.810001373291016,60.13999938964844,59.7599983215332,60.06999969482422,17452,2025-10-23 02:00:00+00:00
60.06999969482422,60.41999816894531,59.97999954223633,60.209999084472656,12895,2025-10-23 03:00:00+00:00
60.22999954223633,60.61000061035156,60.22999954223633,60.459999084472656,13099,2025-10-23 04:00:00+00:00
60.45000076293945,60.900001525878906,60.439998626708984,60.880001068115234,16149,2025-10-23 05:00:00+00:00
60.88999938964844,60.88999938964844,60.380001068115234,60.45000076293945,19709,2025-10-23 06:00:00+00:00
60.459999084472656,60.68000030517578,60.38999938964844,60.43000030517578,16130,2025-10-23 07:00:00+00:00
60.43000030517578,61.349998474121094,60.400001525878906,61.34000015258789,46632,2025-10-23 08:00:00+00:00
61.34000015258789,61.79999923706055,61.310001373291016,61.77000045776367,44027,2025-10-23 09:00:00+00:00
61.7599983215332,61.869998931884766,61.470001220703125,61.619998931884766,47717,2025-10-23 10:00:00+00:00
61.619998931884766,62.08000183105469,61.31999969482422,61.59000015258789,59117,2025-10-23 11:00:00+00:00
61.59000015258789,61.75,61.11000061035156,61.72999954223633,52487,2025-10-23 12:00:00+00:00
61.720001220703125,62.119998931884766,61.119998931884766,61.65999984741211,95810,2025-10-23 13:00:00+00:00
61.65999984741211,61.66999816894531,61.290000915527344,61.439998626708984,40802,2025-10-23 14:00:00+00:00
61.439998626708984,62.04999923706055,61.22999954223633,62.040000915527344,56745,2025-10-23 15:00:00+00:00
62.040000915527344,62.20000076293945,61.720001220703125,62.02000045776367,39531,2025-10-23 16:00:00+00:00
62.02000045776367,62.09000015258789,61.470001220703125,61.68000030517578,39851,2025-10-23 17:00:00+00:00
61.689998626708984,61.86000061035156,61.56999969482422,61.709999084472656,40204,2025-10-23 18:00:00+00:00
61.720001220703125,61.79999923706055,61.560001373291016,61.630001068115234,9043,2025-10-23 19:00:00+00:00
61.619998931884766,61.77000045776367,61.58000183105469,61.75,9891,2025-10-23 20:00:00+00:00
61.790000915527344,61.79999923706055,61.599998474121094,61.72999954223633,0,2025-10-23 22:00:00+00:00
61.720001220703125,61.72999954223633,61.56999969482422,61.66999816894531,738,2025-10-23 23:00:00+00:00
61.66999816894531,61.72999954223633,61.439998626708984,61.61000061035156,4346,2025-10-24 00:00:00+00:00
61.599998474121094,61.599998474121094,61.2599983215332,61.27000045776367,3694,2025-10-24 01:00:00+00:00
61.279998779296875,61.439998626708984,61.209999084472656,61.40999984741211,2704,2025-10-24 02:00:00+00:00
61.400001525878906,61.56999969482422,61.33000183105469,61.439998626708984,2141,2025-10-24 03:00:00+00:00
61.41999816894531,61.59000015258789,61.40999984741211,61.52000045776367,2082,2025-10-24 04:00:00+00:00
61.52000045776367,61.59000015258789,61.470001220703125,61.4900016784668,2286,2025-10-24 05:00:00+00:00
61.5,61.66999816894531,61.380001068115234,61.439998626708984,6363,2025-10-24 06:00:00+00:00
61.439998626708984,62.0,61.36000061035156,61.97999954223633,9428,2025-10-24 07:00:00+00:00
61.970001220703125,62.130001068115234,61.650001525878906,61.68000030517578,13708,2025-10-24 08:00:00+00:00
61.68000030517578,61.81999969482422,61.61000061035156,61.68000030517578,8359,2025-10-24 09:00:00+00:00
61.66999816894531,61.91999816894531,61.650001525878906,61.90999984741211,10407,2025-10-24 10:00:00+00:00
61.90999984741211,62.470001220703125,61.869998931884766,62.439998626708984,22949,2025-10-24 11:00:00+00:00
62.45000076293945,62.59000015258789,61.709999084472656,61.79999923706055,38379,2025-10-24 12:00:00+00:00
61.810001373291016,62.16999816894531,61.7599983215332,62.09000015258789,44701,2025-10-24 13:00:00+00:00
62.099998474121094,62.38999938964844,61.91999816894531,62.18000030517578,38618,2025-10-24 14:00:00+00:00
62.189998626708984,62.400001525878906,62.11000061035156,62.27000045776367,26267,2025-10-24 15:00:00+00:00
62.27000045776367,62.310001373291016,61.900001525878906,61.90999984741211,24647,2025-10-24 16:00:00+00:00
61.91999816894531,61.93000030517578,61.5,61.540000915527344,31925,2025-10-24 17:00:00+00:00
61.54999923706055,61.70000076293945,61.41999816894531,61.56999969482422,37439,2025-10-24 18:00:00+00:00
61.560001373291016,61.59000015258789,61.40999984741211,61.4900016784668,6589,2025-10-24 19:00:00+00:00
61.47999954223633,61.5,61.380001068115234,61.5,4627,2025-10-24 20:00:00+00:00
61.81999969482422,62.16999816894531,61.5,62.02000045776367,5540,2025-10-26 22:00:00+00:00
62.02000045776367,62.060001373291016,61.86000061035156,61.91999816894531,1607,2025-10-26 23:00:00+00:00
61.91999816894531,62.02000045776367,61.75,61.7599983215332,2848,2025-10-27 00:00:00+00:00
61.7599983215332,61.790000915527344,61.529998779296875,61.54999923706055,4608,2025-10-27 01:00:00+00:00
61.560001373291016,61.7599983215332,61.540000915527344,61.75,1686,2025-10-27 02:00:00+00:00
61.7400016784668,61.75,61.5099983215332,61.52000045776367,1604,2025-10-27 03:00:00+00:00
61.52000045776367,61.779998779296875,61.4900016784668,61.7599983215332,1587,2025-10-27 04:00:00+00:00
61.7599983215332,61.88999938964844,61.709999084472656,61.86000061035156,1799,2025-10-27 05:00:00+00:00
61.869998931884766,61.959999084472656,61.70000076293945,61.72999954223633,2478,2025-10-27 06:00:00+00:00
61.72999954223633,61.81999969482422,61.369998931884766,61.630001068115234,7719,2025-10-27 07:00:00+00:00
61.630001068115234,61.63999938964844,60.709999084472656,60.709999084472656,17072,2025-10-27 08:00:00+00:00
60.709999084472656,61.02000045776367,60.66999816894531,60.81999969482422,10807,2025-10-27 09:00:00+00:00
60.81999969482422,61.18000030517578,60.77000045776367,60.90999984741211,9504,2025-10-27 10:00:00+00:00
60.900001525878906,61.5,60.88999938964844,61.45000076293945,10795,2025-10-27 11:00:00+00:00
61.45000076293945,61.56999969482422,61.209999084472656,61.560001373291016,12820,2025-10-27 12:00:00+00:00
61.56999969482422,61.880001068115234,61.34000015258789,61.81999969482422,31018,2025-10-27 13:00:00+00:00
61.83000183105469,61.9900016784668,61.47999954223633,61.900001525878906,27486,2025-10-27 14:00:00+00:00
61.90999984741211,62.029998779296875,61.56999969482422,61.66999816894531,32454,2025-10-27 15:00:00+00:00
61.66999816894531,61.75,61.459999084472656,61.59000015258789,23244,2025-10-27 16:00:00+00:00
61.59000015258789,61.709999084472656,61.34000015258789,61.459999084472656,12601,2025-10-27 17:00:00+00:00
61.459999084472656,61.52000045776367,61.119998931884766,61.41999816894531,24541,2025-10-27 18:00:00+00:00
61.40999984741211,61.5,61.31999969482422,61.40999984741211,4643,2025-10-27 19:00:00+00:00
61.41999816894531,61.630001068115234,61.369998931884766,61.54999923706055,3949,2025-10-27 20:00:00+00:00
61.5,61.5,61.34000015258789,61.349998474121094,0,2025-10-27 22:00:00+00:00
61.349998474121094,61.36000061035156,61.2599983215332,61.290000915527344,639,2025-10-27 23:00:00+00:00
61.29999923706055,61.310001373291016,61.099998474121094,61.130001068115234,1987,2025-10-28 00:00:00+00:00
61.119998931884766,61.380001068115234,61.11000061035156,61.36000061035156,2047,2025-10-28 01:00:00+00:00
61.349998474121094,61.38999938964844,61.189998626708984,61.290000915527344,1430,2025-10-28 02:00:00+00:00
61.290000915527344,61.33000183105469,61.25,61.2599983215332,485,2025-10-28 03:00:00+00:00
61.2400016784668,61.279998779296875,61.130001068115234,61.16999816894531,1062,2025-10-28 04:00:00+00:00
61.16999816894531,61.290000915527344,61.08000183105469,61.20000076293945,1899,2025-10-28 05:00:00+00:00
61.209999084472656,61.29999923706055,61.060001373291016,61.099998474121094,2237,2025-10-28 06:00:00+00:00
61.099998474121094,61.33000183105469,60.4900016784668,60.540000915527344,12651,2025-10-28 07:00:00+00:00
60.540000915527344,60.58000183105469,59.93000030517578,60.22999954223633,24269,2025-10-28 08:00:00+00:00
60.22999954223633,60.380001068115234,60.08000183105469,60.36000061035156,12036,2025-10-28 09:00:00+00:00
60.369998931884766,60.65999984741211,60.279998779296875,60.43000030517578,8004,2025-10-28 10:00:00+00:00
60.43000030517578,60.66999816894531,60.31999969482422,60.4900016784668,8389,2025-10-28 11:00:00+00:00
60.4900016784668,60.650001525878906,60.06999969482422,60.27000045776367,21269,2025-10-28 12:00:00+00:00
60.27000045776367,60.77000045776367,60.27000045776367,60.58000183105469,29542,2025-10-28 13:00:00+00:00
60.56999969482422,60.70000076293945,59.959999084472656,60.0,34592,2025-10-28 14:00:00+00:00
60.0,60.18000030517578,59.7599983215332,59.900001525878906,29317,2025-10-28 15:00:00+00:00
59.88999938964844,60.2599983215332,59.849998474121094,60.06999969482422,32976,2025-10-28 16:00:00+00:00
60.08000183105469,60.310001373291016,60.04999923706055,60.22999954223633,11497,2025-10-28 17:00:00+00:00
60.2400016784668,60.27000045776367,59.91999816894531,60.0,31035,2025-10-28 18:00:00+00:00
60.0099983215332,60.060001373291016,59.880001068115234,59.959999084472656,7372,2025-10-28 19:00:00+00:00
59.959999084472656,60.2400016784668,59.880001068115234,60.18000030517578,12018,2025-10-28 20:00:00+00:00
60.18000030517578,60.25,60.130001068115234,60.13999938964844,0,2025-10-28 22:00:00+00:00
60.15999984741211,60.279998779296875,60.13999938964844,60.22999954223633,586,2025-10-28 23:00:00+00:00
60.22999954223633,60.310001373291016,60.16999816894531,60.20000076293945,1388,2025-10-29 00:00:00+00:00
60.189998626708984,60.40999984741211,60.18000030517578,60.31999969482422,2026,2025-10-29 01:00:00+00:00
60.31999969482422,60.34000015258789,59.95000076293945,60.040000915527344,3053,2025-10-29 02:00:00+00:00
60.040000915527344,60.16999816894531,60.0099983215332,60.15999984741211,1950,2025-10-29 03:00:00+00:00
60.15999984741211,60.15999984741211,60.0099983215332,60.0099983215332,850,2025-10-29 04:00:00+00:00
60.0099983215332,60.209999084472656,59.9900016784668,60.119998931884766,1795,2025-10-29 05:00:00+00:00
60.11000061035156,60.369998931884766,60.11000061035156,60.36000061035156,2418,2025-10-29 06:00:00+00:00
60.36000061035156,60.52000045776367,60.2400016784668,60.27000045776367,5133,2025-10-29 07:00:00+00:00
60.279998779296875,60.290000915527344,59.70000076293945,59.7400016784668,18634,2025-10-29 08:00:00+00:00
59.72999954223633,60.369998931884766,59.720001220703125,60.18000030517578,10366,2025-10-29 09:00:00+00:00
60.189998626708984,60.400001525878906,60.08000183105469,60.369998931884766,7530,2025-10-29 10:00:00+00:00
60.369998931884766,60.52000045776367,60.290000915527344,60.380001068115234,8085,2025-10-29 11:00:00+00:00
60.380001068115234,60.380001068115234,60.029998779296875,60.189998626708984,13825,2025-10-29 12:00:00+00:00
60.16999816894531,60.4900016784668,60.04999923706055,60.369998931884766,26967,2025-10-29 13:00:00+00:00
60.36000061035156,60.90999984741211,60.36000061035156,60.880001068115234,37184,2025-10-29 14:00:00+00:00
60.880001068115234,60.9900016784668,60.7599983215332,60.849998474121094,23326,2025-10-29 15:00:00+00:00
60.86000061035156,61.02000045776367,60.58000183105469,60.630001068115234,25816,2025-10-29 16:00:00+00:00
60.630001068115234,60.70000076293945,60.5,60.63999938964844,20443,2025-10-29 17:00:00+00:00
60.650001525878906,60.70000076293945,60.310001373291016,60.470001220703125,29776,2025-10-29 18:00:00+00:00
60.470001220703125,60.58000183105469,60.279998779296875,60.34000015258789,5680,2025-10-29 19:00:00+00:00
60.33000183105469,60.43000030517578,60.310001373291016,60.36000061035156,2823,2025-10-29 20:00:00+00:00
60.38999938964844,60.470001220703125,60.16999816894531,60.18000030517578,0,2025-10-29 22:00:00+00:00
60.18000030517578,60.2400016784668,60.130001068115234,60.22999954223633,879,2025-10-29 23:00:00+00:00
60.2400016784668,60.43000030517578,60.22999954223633,60.38999938964844,3086,2025-10-30 00:00:00+00:00
60.380001068115234,60.40999984741211,60.209999084472656,60.27000045776367,3591,2025-10-30 01:00:00+00:00
60.27000045776367,60.279998779296875,60.06999969482422,60.09000015258789,4171,2025-10-30 02:00:00+00:00
60.099998474121094,60.380001068115234,60.09000015258789,60.380001068115234,2850,2025-10-30 03:00:00+00:00
60.369998931884766,60.43000030517578,59.959999084472656,60.16999816894531,6222,2025-10-30 04:00:00+00:00
60.15999984741211,60.27000045776367,60.09000015258789,60.18000030517578,2260,2025-10-30 05:00:00+00:00
60.16999816894531,60.29999923706055,60.040000915527344,60.099998474121094,3870,2025-10-30 06:00:00+00:00
60.09000015258789,60.22999954223633,59.84000015258789,59.900001525878906,5864,2025-10-30 07:00:00+00:00
59.90999984741211,60.22999954223633,59.88999938964844,60.130001068115234,9848,2025-10-30 08:00:00+00:00
60.130001068115234,60.25,59.959999084472656,60.08000183105469,8245,2025-10-30 09:00:00+00:00
60.08000183105469,60.290000915527344,59.97999954223633,60.09000015258789,7515,2025-10-30 10:00:00+00:00
60.09000015258789,60.220001220703125,59.97999954223633,60.119998931884766,5350,2025-10-30 11:00:00+00:00
60.130001068115234,60.18000030517578,59.81999969482422,59.970001220703125,20346,2025-10-30 12:00:00+00:00
59.959999084472656,60.11000061035156,59.63999938964844,59.86000061035156,26120,2025-10-30 13:00:00+00:00
59.86000061035156,60.54999923706055,59.83000183105469,60.41999816894531,29424,2025-10-30 14:00:00+00:00
60.41999816894531,60.709999084472656,60.380001068115234,60.45000076293945,23139,2025-10-30 15:00:00+00:00
60.45000076293945,60.720001220703125,60.439998626708984,60.689998626708984,13440,2025-10-30 16:00:00+00:00
60.68000030517578,60.790000915527344,60.56999969482422,60.65999984741211,13299,2025-10-30 17:00:00+00:00
60.66999816894531,60.689998626708984,60.38999938964844,60.459999084472656,24361,2025-10-30 18:00:00+00:00
60.45000076293945,60.4900016784668,60.220001220703125,60.2400016784668,6756,2025-10-30 19:00:00+00:00
60.2400016784668,60.31999969482422,60.220001220703125,60.290000915527344,7529,2025-10-30 20:00:00+00:00
60.29999923706055,60.29999923706055,60.20000076293945,60.25,0,2025-10-30 22:00:00+00:00
60.2400016784668,60.29999923706055,60.220001220703125,60.279998779296875,553,2025-10-30 23:00:00+00:00
60.290000915527344,60.29999923706055,60.18000030517578,60.2599983215332,1198,2025-10-31 00:00:00+00:00
60.2599983215332,60.38999938964844,60.2400016784668,60.29999923706055,1324,2025-10-31 01:00:00+00:00
60.29999923706055,60.31999969482422,60.130001068115234,60.2400016784668,1518,2025-10-31 02:00:00+00:00
60.2400016784668,60.2400016784668,60.11000061035156,60.13999938964844,1024,2025-10-31 03:00:00+00:00
60.119998931884766,60.18000030517578,60.099998474121094,60.15999984741211,507,2025-10-31 04:00:00+00:00
60.15999984741211,60.18000030517578,60.04999923706055,60.09000015258789,1705,2025-10-31 05:00:00+00:00
60.099998474121094,60.27000045776367,60.060001373291016,60.2400016784668,2447,2025-10-31 06:00:00+00:00
60.22999954223633,60.470001220703125,60.22999954223633,60.439998626708984,5950,2025-10-31 07:00:00+00:00
60.45000076293945,60.529998779296875,60.16999816894531,60.189998626708984,7398,2025-10-31 08:00:00+00:00
60.18000030517578,60.36000061035156,60.02000045776367,60.099998474121094,8190,2025-10-31 09:00:00+00:00
60.099998474121094,60.41999816894531,59.9900016784668,60.380001068115234,7561,2025-10-31 10:00:00+00:00
60.380001068115234,60.45000076293945,60.279998779296875,60.36000061035156,8534,2025-10-31 11:00:00+00:00
60.349998474121094,60.900001525878906,60.31999969482422,60.83000183105469,34705,2025-10-31 12:00:00+00:00
60.83000183105469,61.380001068115234,60.81999969482422,61.209999084472656,38212,2025-10-31 13:00:00+00:00
61.20000076293945,61.220001220703125,60.52000045776367,60.939998626708984,24213,2025-10-31 14:00:00+00:00
60.95000076293945,61.119998931884766,60.470001220703125,60.65999984741211,33183,2025-10-31 15:00:00+00:00
60.65999984741211,60.83000183105469,60.47999954223633,60.790000915527344,20397,2025-10-31 16:00:00+00:00
60.779998779296875,61.0099983215332,60.77000045776367,60.880001068115234,17800,2025-10-31 17:00:00+00:00
60.88999938964844,61.040000915527344,60.810001373291016,60.84000015258789,25037,2025-10-31 18:00:00+00:00
60.84000015258789,60.95000076293945,60.810001373291016,60.880001068115234,5555,2025-10-31 19:00:00+00:00
60.880001068115234,60.91999816894531,60.779998779296875,60.880001068115234,6412,2025-10-31 20:00:00+00:00
61.38999938964844,61.439998626708984,61.29999923706055,61.400001525878906,2418,2025-11-02 23:00:00+00:00
61.400001525878906,61.41999816894531,60.97999954223633,61.2599983215332,1718,2025-11-03 00:00:00+00:00
61.27000045776367,61.45000076293945,61.099998474121094,61.16999816894531,3277,2025-11-03 01:00:00+00:00
61.16999816894531,61.36000061035156,61.15999984741211,61.25,1366,2025-11-03 02:00:00+00:00
61.2400016784668,61.27000045776367,61.130001068115234,61.27000045776367,744,2025-11-03 03:00:00+00:00
61.2599983215332,61.27000045776367,61.099998474121094,61.130001068115234,1151,2025-11-03 04:00:00+00:00
61.130001068115234,61.45000076293945,61.130001068115234,61.43000030517578,1414,2025-11-03 05:00:00+00:00
61.41999816894531,61.5,61.33000183105469,61.43000030517578,3239,2025-11-03 06:00:00+00:00
61.43000030517578,61.459999084472656,61.20000076293945,61.279998779296875,3656,2025-11-03 07:00:00+00:00
61.279998779296875,61.34000015258789,60.84000015258789,60.84000015258789,9097,2025-11-03 08:00:00+00:00
60.849998474121094,61.0,60.70000076293945,60.970001220703125,6690,2025-11-03 09:00:00+00:00
60.959999084472656,61.220001220703125,60.77000045776367,61.20000076293945,9868,2025-11-03 10:00:00+00:00
61.189998626708984,61.20000076293945,60.59000015258789,60.81999969482422,9144,2025-11-03 11:00:00+00:00
60.81999969482422,60.9900016784668,60.790000915527344,60.880001068115234,5648,2025-11-03 12:00:00+00:00
60.880001068115234,61.040000915527344,60.779998779296875,60.849998474121094,11154,2025-11-03 13:00:00+00:00
60.84000015258789,61.16999816894531,60.61000061035156,60.849998474121094,31359,2025-11-03 14:00:00+00:00
60.86000061035156,61.02000045776367,60.5099983215332,60.9900016784668,25037,2025-11-03 15:00:00+00:00
60.970001220703125,61.470001220703125,60.970001220703125,61.310001373291016,28005,2025-11-03 16:00:00+00:00
61.29999923706055,61.380001068115234,61.150001525878906,61.279998779296875,11037,2025-11-03 17:00:00+00:00
61.27000045776367,61.310001373291016,60.95000076293945,60.959999084472656,12581,2025-11-03 18:00:00+00:00
60.970001220703125,61.11000061035156,60.7400016784668,60.9900016784668,22215,2025-11-03 19:00:00+00:00
61.0,61.06999969482422,60.939998626708984,61.06999969482422,3372,2025-11-03 20:00:00+00:00
61.08000183105469,61.09000015258789,60.95000076293945,61.02000045776367,3074,2025-11-03 21:00:00+00:00
61.029998779296875,61.029998779296875,60.90999984741211,61.02000045776367,0,2025-11-03 23:00:00+00:00
61.02000045776367,61.02000045776367,60.880001068115234,60.900001525878906,560,2025-11-04 00:00:00+00:00
60.900001525878906,60.970001220703125,60.86000061035156,60.93000030517578,1474,2025-11-04 01:00:00+00:00
60.93000030517578,60.93000030517578,60.779998779296875,60.790000915527344,923,2025-11-04 02:00:00+00:00
60.790000915527344,60.959999084472656,60.790000915527344,60.93000030517578,1505,2025-11-04 03:00:00+00:00
60.93000030517578,60.93000030517578,60.849998474121094,60.869998931884766,672,2025-11-04 04:00:00+00:00
60.86000061035156,60.90999984741211,60.81999969482422,60.86000061035156,1164,2025-11-04 05:00:00+00:00
60.86000061035156,60.88999938964844,60.77000045776367,60.779998779296875,1309,2025-11-04 06:00:00+00:00
60.790000915527344,60.849998474121094,60.56999969482422,60.599998474121094,4061,2025-11-04 07:00:00+00:00
60.61000061035156,60.619998931884766,60.04999923706055,60.20000076293945,12917,2025-11-04 08:00:00+00:00
60.20000076293945,60.33000183105469,60.09000015258789,60.130001068115234,7067,2025-11-04 09:00:00+00:00
60.130001068115234,60.2400016784668,59.939998626708984,60.11000061035156,7975,2025-11-04 10:00:00+00:00
60.11000061035156,60.189998626708984,60.0099983215332,60.16999816894531,3519,2025-11-04 11:00:00+00:00
60.16999816894531,60.349998474121094,60.099998474121094,60.27000045776367,6562,2025-11-04 12:00:00+00:00
60.2599983215332,60.290000915527344,60.0,60.0,12321,2025-11-04 13:00:00+00:00
59.9900016784668,60.66999816894531,59.9900016784668,60.52000045776367,25394,2025-11-04 14:00:00+00:00
60.52000045776367,60.77000045776367,60.439998626708984,60.77000045776367,17913,2025-11-04 15:00:00+00:00
60.77000045776367,60.849998474121094,60.58000183105469,60.720001220703125,25060,2025-11-04 16:00:00+00:00
60.72999954223633,60.900001525878906,60.58000183105469,60.779998779296875,14262,2025-11-04 17:00:00+00:00
60.779998779296875,60.86000061035156,60.5,60.63999938964844,12663,2025-11-04 18:00:00+00:00
60.650001525878906,60.720001220703125,60.47999954223633,60.529998779296875,28571,2025-11-04 19:00:00+00:00
60.529998779296875,60.560001373291016,60.34000015258789,60.380001068115234,3826,2025-11-04 20:00:00+00:00
60.38999938964844,60.439998626708984,60.33000183105469,60.43000030517578,3051,2025-11-04 21:00:00+00:00
60.43000030517578,60.45000076293945,60.2599983215332,60.279998779296875,0,2025-11-04 23:00:00+00:00
60.279998779296875,60.34000015258789,60.20000076293945,60.25,803,2025-11-05 00:00:00+00:00
60.25,60.31999969482422,60.0099983215332,60.119998931884766,3040,2025-11-05 01:00:00+00:00
60.119998931884766,60.2599983215332,60.099998474121094,60.209999084472656,1207,2025-11-05 02:00:00+00:00
60.220001220703125,60.5,60.209999084472656,60.47999954223633,1799,2025-11-05 03:00:00+00:00
60.47999954223633,60.56999969482422,60.43000030517578,60.4900016784668,1640,2025-11-05 04:00:00+00:00
60.5,60.650001525878906,60.47999954223633,60.650001525878906,1240,2025-11-05 05:00:00+00:00
60.650001525878906,60.709999084472656,60.529998779296875,60.560001373291016,1746,2025-11-05 06:00:00+00:00
60.56999969482422,60.599998474121094,60.40999984741211,60.56999969482422,3128,2025-11-05 07:00:00+00:00
60.58000183105469,60.72999954223633,60.380001068115234,60.650001525878906,7415,2025-11-05 08:00:00+00:00
60.63999938964844,61.0,60.59000015258789,60.880001068115234,9432,2025-11-05 09:00:00+00:00
60.880001068115234,61.09000015258789,60.86000061035156,60.900001525878906,5408,2025-11-05 10:00:00+00:00
60.88999938964844,61.029998779296875,60.5099983215332,60.529998779296875,6167,2025-11-05 11:00:00+00:00
60.529998779296875,60.529998779296875,60.15999984741211,60.34000015258789,11979,2025-11-05 12:00:00+00:00
60.349998474121094,60.380001068115234,60.11000061035156,60.220001220703125,20421,2025-11-05 13:00:00+00:00
60.22999954223633,60.25,60.029998779296875,60.13999938964844,23598,2025-11-05 14:00:00+00:00
60.130001068115234,60.72999954223633,60.04999923706055,60.709999084472656,34443,2025-11-05 15:00:00+00:00
60.720001220703125,60.84000015258789,59.779998779296875,59.79999923706055,49757,2025-11-05 16:00:00+00:00
59.79999923706055,59.880001068115234,59.61000061035156,59.7599983215332,20979,2025-11-05 17:00:00+00:00
59.7599983215332,59.849998474121094,59.63999938964844,59.79999923706055,14316,2025-11-05 18:00:00+00:00
59.79999923706055,59.81999969482422,59.52000045776367,59.59000015258789,35246,2025-11-05 19:00:00+00:00
59.58000183105469,59.650001525878906,59.58000183105469,59.61000061035156,5157,2025-11-05 20:00:00+00:00
59.61000061035156,59.68000030517578,59.58000183105469,59.63999938964844,4033,2025-11-05 21:00:00+00:00
59.68000030517578,59.7400016784668,59.58000183105469,59.599998474121094,0,2025-11-05 23:00:00+00:00
59.58000183105469,59.65999984741211,59.58000183105469,59.650001525878906,587,2025-11-06 00:00:00+00:00
59.650001525878906,59.720001220703125,59.54999923706055,59.619998931884766,2375,2025-11-06 01:00:00+00:00
59.619998931884766,59.7599983215332,59.58000183105469,59.7400016784668,1296,2025-11-06 02:00:00+00:00
59.75,59.810001373291016,59.70000076293945,59.79999923706055,1238,2025-11-06 03:00:00+00:00
59.790000915527344,59.869998931884766,59.77000045776367,59.790000915527344,1889,2025-11-06 04:00:00+00:00
59.790000915527344,59.880001068115234,59.790000915527344,59.869998931884766,1237,2025-11-06 05:00:00+00:00
59.86000061035156,59.939998626708984,59.77000045776367,59.939998626708984,1854,2025-11-06 06:00:00+00:00
59.939998626708984,60.0,59.7599983215332,59.779998779296875,3515,2025-11-06 07:00:00+00:00
59.779998779296875,60.34000015258789,59.459999084472656,60.33000183105469,17006,2025-11-06 08:00:00+00:00
60.310001373291016,60.5099983215332,60.060001373291016,60.130001068115234,13768,2025-11-06 09:00:00+00:00
60.119998931884766,60.18000030517578,59.91999816894531,60.150001525878906,8219,2025-11-06 10:00:00+00:00
60.150001525878906,60.189998626708984,59.869998931884766,59.91999816894531,5262,2025-11-06 11:00:00+00:00
59.93000030517578,60.150001525878906,59.93000030517578,60.11000061035156,7001,2025-11-06 12:00:00+00:00
60.11000061035156,60.15999984741211,59.720001220703125,59.77000045776367,15689,2025-11-06 13:00:00+00:00
59.779998779296875,59.86000061035156,59.13999938964844,59.13999938964844,46201,2025-11-06 14:00:00+00:00
59.13999938964844,59.220001220703125,58.83000183105469,59.119998931884766,31643,2025-11-06 15:00:00+00:00
59.11000061035156,59.400001525878906,58.93000030517578,58.9900016784668,27651,2025-11-06 16:00:00+00:00
58.9900016784668,59.31999969482422,58.939998626708984,59.27000045776367,14401,2025-11-06 17:00:00+00:00
59.27000045776367,59.439998626708984,59.04999923706055,59.29999923706055,18647,2025-11-06 18:00:00+00:00
59.310001373291016,59.5,59.2599983215332,59.45000076293945,22960,2025-11-06 19:00:00+00:00
59.459999084472656,59.68000030517578,59.439998626708984,59.47999954223633,7764,2025-11-06 20:00:00+00:00
59.47999954223633,59.56999969482422,59.470001220703125,59.529998779296875,3081,2025-11-06 21:00:00+00:00
59.650001525878906,59.79999923706055,59.619998931884766,59.65999984741211,0,2025-11-06 23:00:00+00:00
59.65999984741211,59.70000076293945,59.63999938964844,59.650001525878906,1101,2025-11-07 00:00:00+00:00
59.650001525878906,59.7599983215332,59.599998474121094,59.68000030517578,3218,2025-11-07 01:00:00+00:00
59.68000030517578,59.810001373291016,59.630001068115234,59.77000045776367,2214,2025-11-07 02:00:00+00:00
59.77000045776367,59.77000045776367,59.61000061035156,59.68000030517578,1336,2025-11-07 03:00:00+00:00
59.66999816894531,59.81999969482422,59.599998474121094,59.72999954223633,1518,2025-11-07 04:00:00+00:00
59.7400016784668,59.849998474121094,59.70000076293945,59.849998474121094,2191,2025-11-07 05:00:00+00:00
59.84000015258789,60.15999984741211,59.81999969482422,60.150001525878906,4429,2025-11-07 06:00:00+00:00
60.15999984741211,60.189998626708984,59.9900016784668,60.08000183105469,6177,2025-11-07 07:00:00+00:00
60.08000183105469,60.22999954223633,59.880001068115234,60.119998931884766,9792,2025-11-07 08:00:00+00:00
60.119998931884766,60.349998474121094,60.0099983215332,60.31999969482422,9450,2025-11-07 09:00:00+00:00
60.310001373291016,60.459999084472656,60.11000061035156,60.16999816894531,7644,2025-11-07 10:00:00+00:00
60.15999984741211,60.15999984741211,59.88999938964844,59.9900016784668,6698,2025-11-07 11:00:00+00:00
59.97999954223633,60.09000015258789,59.88999938964844,59.95000076293945,4393,2025-11-07 12:00:00+00:00
59.95000076293945,60.029998779296875,59.79999923706055,59.88999938964844,14448,2025-11-07 13:00:00+00:00
59.880001068115234,60.11000061035156,59.58000183105469,59.939998626708984,27541,2025-11-07 14:00:00+00:00
59.939998626708984,59.95000076293945,59.52000045776367,59.56999969482422,18671,2025-11-07 15:00:00+00:00
59.560001373291016,59.810001373291016,59.540000915527344,59.7599983215332,18958,2025-11-07 16:00:00+00:00
59.7599983215332,59.91999816894531,59.31999969482422,59.5099983215332,28770,2025-11-07 17:00:00+00:00
59.52000045776367,59.849998474121094,59.5099983215332,59.7599983215332,15273,2025-11-07 18:00:00+00:00
59.75,59.849998474121094,59.68000030517578,59.84000015258789,33414,2025-11-07 19:00:00+00:00
59.84000015258789,59.849998474121094,59.650001525878906,59.810001373291016,7021,2025-11-07 20:00:00+00:00
59.79999923706055,59.900001525878906,59.779998779296875,59.84000015258789,3703,2025-11-07 21:00:00+00:00
59.77000045776367,59.91999816894531,59.7400016784668,59.900001525878906,923,2025-11-09 23:00:00+00:00
59.88999938964844,59.9900016784668,59.7599983215332,59.959999084472656,1099,2025-11-10 00:00:00+00:00
59.959999084472656,60.25,59.959999084472656,60.08000183105469,3413,2025-11-10 01:00:00+00:00
60.06999969482422,60.189998626708984,60.029998779296875,60.189998626708984,1912,2025-11-10 02:00:00+00:00
60.189998626708984,60.27000045776367,60.16999816894531,60.18000030517578,1843,2025-11-10 03:00:00+00:00
60.18000030517578,60.279998779296875,60.18000030517578,60.2400016784668,1227,2025-11-10 04:00:00+00:00
60.22999954223633,60.36000061035156,60.22999954223633,60.33000183105469,1268,2025-11-10 05:00:00+00:00
60.33000183105469,60.369998931884766,60.2599983215332,60.29999923706055,1879,2025-11-10 06:00:00+00:00
60.29999923706055,60.380001068115234,60.150001525878906,60.25,3477,2025-11-10 07:00:00+00:00
60.25,60.47999954223633,60.0099983215332,60.099998474121094,9649,2025-11-10 08:00:00+00:00
60.09000015258789,60.47999954223633,60.040000915527344,60.369998931884766,7277,2025-11-10 09:00:00+00:00
60.369998931884766,60.400001525878906,59.83000183105469,59.83000183105469,9070,2025-11-10 10:00:00+00:00
59.83000183105469,60.0099983215332,59.779998779296875,59.86000061035156,5072,2025-11-10 11:00:00+00:00
59.869998931884766,60.09000015258789,59.869998931884766,60.04999923706055,5749,2025-11-10 12:00:00+00:00
60.04999923706055,60.099998474121094,59.95000076293945,59.97999954223633,6388,2025-11-10 13:00:00+00:00
59.970001220703125,60.220001220703125,59.58000183105469,59.630001068115234,25639,2025-11-10 14:00:00+00:00
59.630001068115234,59.88999938964844,59.52000045776367,59.540000915527344,19818,2025-11-10 15:00:00+00:00
59.540000915527344,59.65999984741211,59.40999984741211,59.54999923706055,25181,2025-11-10 16:00:00+00:00
59.54999923706055,59.9900016784668,59.54999923706055,59.97999954223633,15126,2025-11-10 17:00:00+00:00
59.9900016784668,60.04999923706055,59.900001525878906,59.970001220703125,15079,2025-11-10 18:00:00+00:00
59.97999954223633,60.20000076293945,59.97999954223633,60.099998474121094,27763,2025-11-10 19:00:00+00:00
60.11000061035156,60.189998626708984,60.09000015258789,60.150001525878906,3618,2025-11-10 20:00:00+00:00
60.150001525878906,60.15999984741211,59.9900016784668,60.04999923706055,2722,2025-11-10 21:00:00+00:00
60.06999969482422,60.06999969482422,59.959999084472656,59.97999954223633,0,2025-11-10 23:00:00+00:00
59.970001220703125,60.04999923706055,59.970001220703125,60.0,574,2025-11-11 00:00:00+00:00
60.0,60.02000045776367,59.88999938964844,59.90999984741211,1696,2025-11-11 01:00:00+00:00
59.900001525878906,60.0,59.86000061035156,59.959999084472656,896,2025-11-11 02:00:00+00:00
59.959999084472656,60.119998931884766,59.959999084472656,59.97999954223633,1385,2025-11-11 03:00:00+00:00
59.97999954223633,60.029998779296875,59.91999816894531,59.97999954223633,895,2025-11-11 04:00:00+00:00
59.97999954223633,59.9900016784668,59.79999923706055,59.810001373291016,1464,2025-11-11 05:00:00+00:00
59.810001373291016,59.90999984741211,59.75,59.86000061035156,1316,2025-11-11 06:00:00+00:00
59.86000061035156,59.880001068115234,59.65999984741211,59.7400016784668,5240,2025-11-11 07:00:00+00:00
59.7400016784668,60.04999923706055,59.709999084472656,60.02000045776367,8204,2025-11-11 08:00:00+00:00
60.02000045776367,60.4900016784668,60.0099983215332,60.380001068115234,15555,2025-11-11 09:00:00+00:00
60.369998931884766,60.529998779296875,60.189998626708984,60.349998474121094,6744,2025-11-11 10:00:00+00:00
60.34000015258789,60.58000183105469,60.2599983215332,60.56999969482422,5828,2025-11-11 11:00:00+00:00
60.56999969482422,60.56999969482422,60.40999984741211,60.439998626708984,6267,2025-11-11 12:00:00+00:00
60.439998626708984,60.810001373291016,60.369998931884766,60.77000045776367,22692,2025-11-11 13:00:00+00:00
60.77000045776367,61.040000915527344,60.529998779296875,61.0099983215332,35917,2025-11-11 14:00:00+00:00
61.0,61.02000045776367,60.790000915527344,60.970001220703125,19459,2025-11-11 15:00:00+00:00
60.970001220703125,61.279998779296875,60.93000030517578,61.099998474121094,35292,2025-11-11 16:00:00+00:00
61.099998474121094,61.20000076293945,60.88999938964844,60.9900016784668,14470,2025-11-11 17:00:00+00:00
60.97999954223633,61.09000015258789,60.91999816894531,61.0,12821,2025-11-11 18:00:00+00:00
61.0,61.13999938964844,60.939998626708984,61.02000045776367,32126,2025-11-11 19:00:00+00:00
61.02000045776367,61.04999923706055,60.900001525878906,60.91999816894531,4085,2025-11-11 20:00:00+00:00
60.91999816894531,61.060001373291016,60.90999984741211,61.040000915527344,0,2025-11-11 21:00:00+00:00
61.04999923706055,61.060001373291016,60.970001220703125,61.0099983215332,729,2025-11-11 23:00:00+00:00
61.0099983215332,61.029998779296875,60.939998626708984,60.970001220703125,720,2025-11-12 00:00:00+00:00
60.970001220703125,60.9900016784668,60.849998474121094,60.91999816894531,1806,2025-11-12 01:00:00+00:00
60.91999816894531,60.95000076293945,60.86000061035156,60.880001068115234,1085,2025-11-12 02:00:00+00:00
60.880001068115234,60.90999984741211,60.779998779296875,60.79999923706055,1137,2025-11-12 03:00:00+00:00
60.79999923706055,60.900001525878906,60.79999923706055,60.83000183105469,962,2025-11-12 04:00:00+00:00
60.84000015258789,60.849998474121094,60.75,60.79999923706055,1257,2025-11-12 05:00:00+00:00
60.79999923706055,60.880001068115234,60.779998779296875,60.779998779296875,1356,2025-11-12 06:00:00+00:00
60.790000915527344,60.849998474121094,60.70000076293945,60.709999084472656,3725,2025-11-12 07:00:00+00:00
60.709999084472656,60.790000915527344,60.560001373291016,60.58000183105469,7232,2025-11-12 08:00:00+00:00
60.59000015258789,60.65999984741211,60.40999984741211,60.43000030517578,7548,2025-11-12 09:00:00+00:00
60.41999816894531,60.630001068115234,60.36000061035156,60.619998931884766,7247,2025-11-12 10:00:00+00:00
60.630001068115234,60.689998626708984,60.31999969482422,60.34000015258789,6924,2025-11-12 11:00:00+00:00
60.34000015258789,60.459999084472656,60.33000183105469,60.41999816894531,7989,2025-11-12 12:00:00+00:00
60.40999984741211,60.459999084472656,60.0099983215332,60.040000915527344,21645,2025-11-12 13:00:00+00:00
60.04999923706055,60.060001373291016,59.08000183105469,59.11000061035156,56855,2025-11-12 14:00:00+00:00
59.11000061035156,59.36000061035156,58.90999984741211,58.91999816894531,34424,2025-11-12 15:00:00+00:00
58.90999984741211,58.9900016784668,58.41999816894531,58.56999969482422,42561,2025-11-12 16:00:00+00:00
58.56999969482422,58.7400016784668,58.4900016784668,58.59000015258789,21228,2025-11-12 17:00:00+00:00
58.58000183105469,58.619998931884766,58.29999923706055,58.369998931884766,14932,2025-11-12 18:00:00+00:00
58.36000061035156,58.52000045776367,58.34000015258789,58.369998931884766,31933,2025-11-12 19:00:00+00:00
58.36000061035156,58.47999954223633,58.31999969482422,58.45000076293945,6886,2025-11-12 20:00:00+00:00
58.45000076293945,58.5,58.34000015258789,58.47999954223633,4914,2025-11-12 21:00:00+00:00
58.470001220703125,58.5,58.189998626708984,58.20000076293945,0,2025-11-12 23:00:00+00:00
58.220001220703125,58.349998474121094,58.220001220703125,58.27000045776367,946,2025-11-13 00:00:00+00:00
58.279998779296875,58.369998931884766,58.119998931884766,58.310001373291016,3912,2025-11-13 01:00:00+00:00
58.29999923706055,58.47999954223633,58.290000915527344,58.369998931884766,2056,2025-11-13 02:00:00+00:00
58.380001068115234,58.5,58.34000015258789,58.4900016784668,1982,2025-11-13 03:00:00+00:00
58.47999954223633,58.5,58.369998931884766,58.41999816894531,1938,2025-11-13 04:00:00+00:00
58.40999984741211,58.459999084472656,58.33000183105469,58.400001525878906,1294,2025-11-13 05:00:00+00:00
58.38999938964844,58.52000045776367,58.36000061035156,58.459999084472656,1908,2025-11-13 06:00:00+00:00
58.459999084472656,58.560001373291016,58.369998931884766,58.40999984741211,3093,2025-11-13 07:00:00+00:00
58.400001525878906,58.45000076293945,58.20000076293945,58.310001373291016,6474,2025-11-13 08:00:00+00:00
58.310001373291016,58.380001068115234,58.13999938964844,58.36000061035156,7535,2025-11-13 09:00:00+00:00
58.369998931884766,58.849998474121094,58.369998931884766,58.779998779296875,10389,2025-11-13 10:00:00+00:00
58.77000045776367,58.88999938964844,58.72999954223633,58.86000061035156,5193,2025-11-13 11:00:00+00:00
58.86000061035156,59.0099983215332,58.810001373291016,58.939998626708984,9897,2025-11-13 12:00:00+00:00
58.93000030517578,59.209999084472656,58.869998931884766,59.11000061035156,16933,2025-11-13 13:00:00+00:00
59.11000061035156,59.13999938964844,58.88999938964844,59.0099983215332,27610,2025-11-13 14:00:00+00:00
59.0099983215332,59.13999938964844,58.77000045776367,58.83000183105469,22188,2025-11-13 15:00:00+00:00
58.81999969482422,59.060001373291016,58.790000915527344,59.040000915527344,26591,2025-11-13 16:00:00+00:00
59.02000045776367,59.02000045776367,58.7599983215332,58.86000061035156,18485,2025-11-13 17:00:00+00:00
58.86000061035156,58.900001525878906,58.540000915527344,58.65999984741211,13546,2025-11-13 18:00:00+00:00
58.65999984741211,58.84000015258789,58.529998779296875,58.77000045776367,25200,2025-11-13 19:00:00+00:00
58.75,58.77000045776367,58.56999969482422,58.61000061035156,4080,2025-11-13 20:00:00+00:00
58.61000061035156,58.720001220703125,58.58000183105469,58.599998474121094,2468,2025-11-13 21:00:00+00:00
58.709999084472656,59.029998779296875,58.709999084472656,58.9900016784668,0,2025-11-13 23:00:00+00:00
58.97999954223633,59.22999954223633,58.970001220703125,59.099998474121094,2873,2025-11-14 00:00:00+00:00
59.09000015258789,60.650001525878906,59.06999969482422,60.2400016784668,36851,2025-11-14 01:00:00+00:00
60.25,60.349998474121094,59.81999969482422,59.959999084472656,14336,2025-11-14 02:00:00+00:00
59.970001220703125,60.029998779296875,59.529998779296875,59.630001068115234,6466,2025-11-14 03:00:00+00:00
59.630001068115234,59.689998626708984,59.54999923706055,59.56999969482422,2130,2025-11-14 04:00:00+00:00
59.56999969482422,59.77000045776367,59.56999969482422,59.63999938964844,2346,2025-11-14 05:00:00+00:00
59.650001525878906,59.75,59.41999816894531,59.52000045776367,4435,2025-11-14 06:00:00+00:00
59.5099983215332,59.66999816894531,59.40999984741211,59.63999938964844,4120,2025-11-14 07:00:00+00:00
59.630001068115234,59.709999084472656,59.2599983215332,59.36000061035156,10176,2025-11-14 08:00:00+00:00
59.369998931884766,60.02000045776367,59.349998474121094,59.86000061035156,8341,2025-11-14 09:00:00+00:00
59.849998474121094,60.369998931884766,59.81999969482422,60.349998474121094,15413,2025-11-14 10:00:00+00:00
60.349998474121094,60.36000061035156,59.380001068115234,59.560001373291016,19737,2025-11-14 11:00:00+00:00
59.560001373291016,59.790000915527344,59.5,59.529998779296875,10188,2025-11-14 12:00:00+00:00
59.529998779296875,59.900001525878906,59.459999084472656,59.77000045776367,15890,2025-11-14 13:00:00+00:00
59.779998779296875,60.08000183105469,59.68000030517578,60.040000915527344,30331,2025-11-14 14:00:00+00:00
60.040000915527344,60.310001373291016,59.93000030517578,60.2599983215332,25612,2025-11-14 15:00:00+00:00
60.27000045776367,60.400001525878906,60.099998474121094,60.15999984741211,23017,2025-11-14 16:00:00+00:00
60.15999984741211,60.29999923706055,60.0,60.20000076293945,19809,2025-11-14 17:00:00+00:00
60.189998626708984,60.279998779296875,60.060001373291016,60.06999969482422,13541,2025-11-14 18:00:00+00:00
60.06999969482422,60.16999816894531,59.939998626708984,60.08000183105469,26302,2025-11-14 19:00:00+00:00
60.08000183105469,60.08000183105469,59.880001068115234,59.900001525878906,5221,2025-11-14 20:00:00+00:00
59.900001525878906,60.09000015258789,59.81999969482422,60.09000015258789,3102,2025-11-14 21:00:00+00:00
59.59000015258789,59.61000061035156,59.439998626708984,59.560001373291016,1600,2025-11-16 23:00:00+00:00
59.54999923706055,59.58000183105469,59.34000015258789,59.54999923706055,1630,2025-11-17 00:00:00+00:00
59.560001373291016,59.58000183105469,59.380001068115234,59.45000076293945,2273,2025-11-17 01:00:00+00:00
59.459999084472656,59.5099983215332,59.34000015258789,59.47999954223633,1348,2025-11-17 02:00:00+00:00
59.470001220703125,59.560001373291016,59.45000076293945,59.5099983215332,1083,2025-11-17 03:00:00+00:00
59.5,59.560001373291016,59.40999984741211,59.40999984741211,1039,2025-11-17 04:00:00+00:00
59.40999984741211,59.5,59.380001068115234,59.459999084472656,702,2025-11-17 05:00:00+00:00
59.459999084472656,59.5099983215332,59.31999969482422,59.41999816894531,679,2025-11-17 06:00:00+00:00
59.40999984741211,59.66999816894531,59.34000015258789,59.61000061035156,2370,2025-11-17 07:00:00+00:00
59.61000061035156,59.779998779296875,59.369998931884766,59.54999923706055,4008,2025-11-17 08:00:00+00:00
59.41999816894531,59.790000915527344,59.38999938964844,59.599998474121094,6248,2025-11-17 09:00:00+00:00
59.720001220703125,60.209999084472656,59.59000015258789,59.95000076293945,9329,2025-11-17 10:00:00+00:00
60.099998474121094,60.15999984741211,59.81999969482422,60.0,4971,2025-11-17 11:00:00+00:00
60.13999938964844,60.18000030517578,59.779998779296875,60.099998474121094,1755,2025-11-17 12:00:00+00:00
60.099998474121094,60.439998626708984,59.95000076293945,60.16999816894531,20958,2025-11-17 13:00:00+00:00
60.2599983215332,60.27000045776367,59.86000061035156,60.0,9483,2025-11-17 14:00:00+00:00
60.0,60.119998931884766,59.7599983215332,59.810001373291016,18179,2025-11-17 15:00:00+00:00
59.81999969482422,60.15999984741211,59.77000045776367,60.04999923706055,13782,2025-11-17 16:00:00+00:00
59.9900016784668,60.16999816894531,59.880001068115234,60.0,10130,2025-11-17 17:00:00+00:00
59.939998626708984,60.119998931884766,59.880001068115234,59.91999816894531,37181,2025-11-17 18:00:00+00:00
59.97999954223633,60.040000915527344,59.66999816894531,59.689998626708984,19774,2025-11-17 19:00:00+00:00
59.68000030517578,59.83000183105469,59.68000030517578,59.709999084472656,6294,2025-11-17 20:00:00+00:00
59.70000076293945,59.77000045776367,59.63999938964844,59.65999984741211,0,2025-11-17 21:00:00+00:00
59.7400016784668,59.7599983215332,59.650001525878906,59.720001220703125,0,2025-11-17 23:00:00+00:00
59.72999954223633,59.86000061035156,59.59000015258789,59.650001525878906,1330,2025-11-18 00:00:00+00:00
59.650001525878906,59.720001220703125,59.470001220703125,59.5,3776,2025-11-18 01:00:00+00:00
59.4900016784668,59.65999984741211,59.4900016784668,59.58000183105469,997,2025-11-18 02:00:00+00:00
59.56999969482422,59.650001525878906,59.5,59.5099983215332,1561,2025-11-18 03:00:00+00:00
59.56999969482422,59.56999969482422,59.369998931884766,59.4900016784668,0,2025-11-18 04:00:00+00:00
59.43000030517578,59.529998779296875,59.400001525878906,59.45000076293945,9187,2025-11-18 05:00:00+00:00
59.5,59.5,59.279998779296875,59.400001525878906,0,2025-11-18 06:00:00+00:00
59.34000015258789,59.540000915527344,59.279998779296875,59.31999969482422,14594,2025-11-18 07:00:00+00:00
59.369998931884766,59.75,59.2599983215332,59.619998931884766,8059,2025-11-18 08:00:00+00:00
59.630001068115234,59.790000915527344,59.380001068115234,59.560001373291016,6185,2025-11-18 09:00:00+00:00
59.560001373291016,59.97999954223633,59.560001373291016,59.880001068115234,9998,2025-11-18 10:00:00+00:00
59.869998931884766,60.060001373291016,59.790000915527344,59.97999954223633,6105,2025-11-18 11:00:00+00:00
60.040000915527344,60.040000915527344,59.77000045776367,59.970001220703125,0,2025-11-18 12:00:00+00:00
59.959999084472656,60.15999984741211,59.77000045776367,59.84000015258789,5026,2025-11-18 13:00:00+00:00
59.84000015258789,59.869998931884766,59.41999816894531,59.5,83225,2025-11-18 14:00:00+00:00
59.5,59.900001525878906,59.349998474121094,59.83000183105469,26941,2025-11-18 15:00:00+00:00
59.900001525878906,60.150001525878906,59.75,59.970001220703125,30382,2025-11-18 16:00:00+00:00
60.06999969482422,60.400001525878906,59.779998779296875,60.29999923706055,23849,2025-11-18 17:00:00+00:00
60.400001525878906,60.91999816894531,60.290000915527344,60.630001068115234,44163,2025-11-18 18:00:00+00:00
60.630001068115234,60.869998931884766,60.56999969482422,60.7400016784668,29320,2025-11-18 19:00:00+00:00
60.81999969482422,60.93000030517578,60.650001525878906,60.70000076293945,11014,2025-11-18 20:00:00+00:00
60.689998626708984,60.77000045776367,60.470001220703125,60.56999969482422,0,2025-11-18 21:00:00+00:00
60.5099983215332,60.790000915527344,60.4900016784668,60.630001068115234,1475,2025-11-18 23:00:00+00:00
60.630001068115234,60.709999084472656,60.47999954223633,60.5099983215332,1664,2025-11-19 00:00:00+00:00
60.61000061035156,60.61000061035156,60.310001373291016,60.38999938964844,5157,2025-11-19 01:00:00+00:00
60.5,60.65999984741211,60.38999938964844,60.529998779296875,1813,2025-11-19 02:00:00+00:00
60.61000061035156,60.689998626708984,60.400001525878906,60.41999816894531,1495,2025-11-19 03:00:00+00:00
60.529998779296875,60.61000061035156,60.41999816894531,60.470001220703125,1296,2025-11-19 04:00:00+00:00
60.47999954223633,60.70000076293945,60.470001220703125,60.540000915527344,2240,2025-11-19 05:00:00+00:00
60.529998779296875,60.650001525878906,60.369998931884766,60.400001525878906,1475,2025-11-19 06:00:00+00:00
60.40999984741211,60.59000015258789,60.25,60.310001373291016,5903,2025-11-19 07:00:00+00:00
60.29999923706055,60.40999984741211,60.0,60.130001068115234,11274,2025-11-19 08:00:00+00:00
60.150001525878906,60.599998474121094,60.08000183105469,60.33000183105469,10066,2025-11-19 09:00:00+00:00
60.33000183105469,60.459999084472656,60.099998474121094,60.16999816894531,10088,2025-11-19 10:00:00+00:00
60.15999984741211,60.27000045776367,59.45000076293945,59.5,19358,2025-11-19 11:00:00+00:00
59.4900016784668,59.630001068115234,59.040000915527344,59.08000183105469,21892,2025-11-19 12:00:00+00:00
59.06999969482422,59.2400016784668,58.68000030517578,59.13999938964844,32960,2025-11-19 13:00:00+00:00
59.150001525878906,59.279998779296875,58.65999984741211,58.88999938964844,36742,2025-11-19 14:00:00+00:00
58.88999938964844,59.36000061035156,58.86000061035156,59.040000915527344,30076,2025-11-19 15:00:00+00:00
59.150001525878906,59.5,58.97999954223633,59.09000015258789,33868,2025-11-19 16:00:00+00:00
59.08000183105469,59.40999984741211,58.90999984741211,59.13999938964844,23550,2025-11-19 17:00:00+00:00
59.13999938964844,59.5,59.040000915527344,59.22999954223633,13612,2025-11-19 18:00:00+00:00
59.22999954223633,59.54999923706055,59.189998626708984,59.279998779296875,41260,2025-11-19 19:00:00+00:00
59.290000915527344,59.4900016784668,59.20000076293945,59.310001373291016,7469,2025-11-19 20:00:00+00:00
59.310001373291016,59.619998931884766,59.290000915527344,59.40999984741211,7206,2025-11-19 21:00:00+00:00
59.38999938964844,59.65999984741211,59.31999969482422,59.52000045776367,0,2025-11-19 23:00:00+00:00
59.5099983215332,59.790000915527344,59.400001525878906,59.47999954223633,2082,2025-11-20 00:00:00+00:00
59.4900016784668,59.720001220703125,59.38999938964844,59.470001220703125,1983,2025-11-20 01:00:00+00:00
59.470001220703125,59.810001373291016,59.34000015258789,59.349998474121094,2889,2025-11-20 02:00:00+00:00
59.36000061035156,59.61000061035156,59.36000061035156,59.41999816894531,1824,2025-11-20 03:00:00+00:00
59.41999816894531,59.58000183105469,59.349998474121094,59.45000076293945,776,2025-11-20 04:00:00+00:00
59.439998626708984,59.65999984741211,59.38999938964844,59.400001525878906,1846,2025-11-20 05:00:00+00:00
59.400001525878906,59.439998626708984,59.34000015258789,59.380001068115234,1309,2025-11-20 06:00:00+00:00
59.380001068115234,59.84000015258789,59.2599983215332,59.380001068115234,6465,2025-11-20 07:00:00+00:00
59.380001068115234,59.709999084472656,59.380001068115234,59.63999938964844,10008,2025-11-20 08:00:00+00:00
59.63999938964844,59.95000076293945,59.54999923706055,59.68000030517578,11485,2025-11-20 09:00:00+00:00
59.689998626708984,60.040000915527344,59.66999816894531,59.83000183105469,10289,2025-11-20 10:00:00+00:00
59.81999969482422,59.97999954223633,59.65999984741211,59.7599983215332,5106,2025-11-20 11:00:00+00:00
59.7599983215332,60.04999923706055,59.7599983215332,59.88999938964844,7268,2025-11-20 12:00:00+00:00
59.880001068115234,60.0,59.560001373291016,59.619998931884766,14038,2025-11-20 13:00:00+00:00
59.630001068115234,60.099998474121094,59.540000915527344,59.720001220703125,28848,2025-11-20 14:00:00+00:00
59.720001220703125,60.33000183105469,59.63999938964844,59.91999816894531,32573,2025-11-20 15:00:00+00:00
59.91999816894531,60.18000030517578,58.91999816894531,58.95000076293945,64590,2025-11-20 16:00:00+00:00
58.939998626708984,59.36000061035156,58.59000015258789,59.06999969482422,37944,2025-11-20 17:00:00+00:00
59.06999969482422,59.41999816894531,58.869998931884766,58.939998626708984,25235,2025-11-20 18:00:00+00:00
59.20000076293945,59.27000045776367,58.779998779296875,59.0,26184,2025-11-20 19:00:00+00:00
59.0099983215332,59.02000045776367,58.63999938964844,58.709999084472656,9936,2025-11-20 20:00:00+00:00
58.709999084472656,58.779998779296875,58.70000076293945,58.7599983215332,4160,2025-11-20 21:00:00+00:00
58.79999923706055,58.79999923706055,58.470001220703125,58.470001220703125,0,2025-11-20 23:00:00+00:00
58.4900016784668,58.599998474121094,58.459999084472656,58.58000183105469,935,2025-11-21 00:00:00+00:00
58.58000183105469,58.63999938964844,58.33000183105469,58.349998474121094,5777,2025-11-21 01:00:00+00:00
58.349998474121094,58.36000061035156,58.189998626708984,58.25,5812,2025-11-21 02:00:00+00:00
58.25,58.279998779296875,58.130001068115234,58.150001525878906,3540,2025-11-21 03:00:00+00:00
58.150001525878906,58.15999984741211,58.02000045776367,58.04999923706055,5255,2025-11-21 04:00:00+00:00
58.04999923706055,58.349998474121094,58.04999923706055,58.29999923706055,3402,2025-11-21 05:00:00+00:00
58.290000915527344,58.400001525878906,58.22999954223633,58.2400016784668,2344,2025-11-21 06:00:00+00:00
58.2400016784668,58.2400016784668,57.790000915527344,57.790000915527344,8615,2025-11-21 07:00:00+00:00
57.79999923706055,58.220001220703125,57.75,58.16999816894531,13479,2025-11-21 08:00:00+00:00
58.15999984741211,58.29999923706055,57.72999954223633,57.7400016784668,12814,2025-11-21 09:00:00+00:00
57.72999954223633,57.7400016784668,57.41999816894531,57.470001220703125,15945,2025-11-21 10:00:00+00:00
57.47999954223633,57.97999954223633,57.47999954223633,57.88999938964844,8623,2025-11-21 11:00:00+00:00
57.880001068115234,58.61000061035156,57.70000076293945,58.47999954223633,28505,2025-11-21 12:00:00+00:00
58.4900016784668,58.560001373291016,58.22999954223633,58.279998779296875,13987,2025-11-21 13:00:00+00:00
58.290000915527344,58.290000915527344,57.380001068115234,57.470001220703125,45079,2025-11-21 14:00:00+00:00
57.470001220703125,58.0,57.400001525878906,57.61000061035156,46894,2025-11-21 15:00:00+00:00
57.61000061035156,57.88999938964844,57.439998626708984,57.810001373291016,29198,2025-11-21 16:00:00+00:00
57.81999969482422,58.0099983215332,57.720001220703125,57.84000015258789,21044,2025-11-21 17:00:00+00:00
57.83000183105469,57.97999954223633,57.70000076293945,57.84000015258789,13732,2025-11-21 18:00:00+00:00
57.849998474121094,58.18000030517578,57.83000183105469,57.869998931884766,26745,2025-11-21 19:00:00+00:00
57.880001068115234,58.060001373291016,57.849998474121094,57.95000076293945,6436,2025-11-21 20:00:00+00:00
57.959999084472656,58.060001373291016,57.91999816894531,58.060001373291016,4104,2025-11-21 21:00:00+00:00
57.84000015258789,57.880001068115234,57.63999938964844,57.7599983215332,2225,2025-11-23 23:00:00+00:00
57.7599983215332,57.849998474121094,57.72999954223633,57.84000015258789,1049,2025-11-24 00:00:00+00:00
57.849998474121094,58.040000915527344,57.83000183105469,57.970001220703125,2199,2025-11-24 01:00:00+00:00
57.970001220703125,58.02000045776367,57.900001525878906,57.939998626708984,869,2025-11-24 02:00:00+00:00
57.95000076293945,58.06999969482422,57.93000030517578,58.06999969482422,757,2025-11-24 03:00:00+00:00
58.06999969482422,58.130001068115234,58.02000045776367,58.040000915527344,1281,2025-11-24 04:00:00+00:00
58.04999923706055,58.11000061035156,58.0099983215332,58.08000183105469,967,2025-11-24 05:00:00+00:00
58.08000183105469,58.25,58.08000183105469,58.209999084472656,1643,2025-11-24 06:00:00+00:00
58.20000076293945,58.2599983215332,57.79999923706055,57.83000183105469,3888,2025-11-24 07:00:00+00:00
57.84000015258789,57.849998474121094,57.70000076293945,57.75,5909,2025-11-24 08:00:00+00:00
57.75,57.81999969482422,57.41999816894531,57.470001220703125,8485,2025-11-24 09:00:00+00:00
57.470001220703125,57.79999923706055,57.459999084472656,57.70000076293945,6070,2025-11-24 10:00:00+00:00
57.70000076293945,57.9900016784668,57.68000030517578,57.939998626708984,3689,2025-11-24 11:00:00+00:00
57.939998626708984,58.209999084472656,57.86000061035156,58.18000030517578,9068,2025-11-24 12:00:00+00:00
58.18000030517578,58.2400016784668,58.0099983215332,58.189998626708984,8075,2025-11-24 13:00:00+00:00
58.18000030517578,58.18000030517578,57.59000015258789,58.08000183105469,38153,2025-11-24 14:00:00+00:00
58.09000015258789,58.20000076293945,57.90999984741211,58.16999816894531,23652,2025-11-24 15:00:00+00:00
58.16999816894531,58.540000915527344,58.150001525878906,58.5099983215332,26458,2025-11-24 16:00:00+00:00
58.5099983215332,58.599998474121094,58.40999984741211,58.560001373291016,14173,2025-11-24 17:00:00+00:00
58.54999923706055,58.900001525878906,58.540000915527344,58.849998474121094,16068,2025-11-24 18:00:00+00:00
58.849998474121094,58.939998626708984,58.75,58.79999923706055,27308,2025-11-24 19:00:00+00:00
58.79999923706055,59.060001373291016,58.79999923706055,58.959999084472656,9280,2025-11-24 20:00:00+00:00
58.959999084472656,58.9900016784668,58.880001068115234,58.88999938964844,5082,2025-11-24 21:00:00+00:00
58.88999938964844,58.959999084472656,58.86000061035156,58.880001068115234,0,2025-11-24 23:00:00+00:00
58.88999938964844,58.900001525878906,58.810001373291016,58.86000061035156,699,2025-11-25 00:00:00+00:00
58.86000061035156,58.880001068115234,58.689998626708984,58.7400016784668,2284,2025-11-25 01:00:00+00:00
58.7400016784668,58.81999969482422,58.689998626708984,58.75,1660,2025-11-25 02:00:00+00:00
58.75,58.77000045776367,58.59000015258789,58.599998474121094,1151,2025-11-25 03:00:00+00:00
58.599998474121094,58.630001068115234,58.540000915527344,58.61000061035156,1085,2025-11-25 04:00:00+00:00
58.61000061035156,58.689998626708984,58.54999923706055,58.59000015258789,1225,2025-11-25 05:00:00+00:00
58.599998474121094,58.630001068115234,58.439998626708984,58.540000915527344,1315,2025-11-25 06:00:00+00:00
58.540000915527344,58.599998474121094,58.459999084472656,58.58000183105469,2158,2025-11-25 07:00:00+00:00
58.58000183105469,58.68000030517578,58.29999923706055,58.34000015258789,6345,2025-11-25 08:00:00+00:00
58.34000015258789,58.66999816894531,58.310001373291016,58.650001525878906,6894,2025-11-25 09:00:00+00:00
58.65999984741211,58.77000045776367,58.59000015258789,58.650001525878906,4819,2025-11-25 10:00:00+00:00
58.630001068115234,58.79999923706055,58.43000030517578,58.599998474121094,6190,2025-11-25 11:00:00+00:00
58.599998474121094,58.66999816894531,57.33000183105469,57.70000076293945,42133,2025-11-25 12:00:00+00:00
57.689998626708984,58.189998626708984,57.599998474121094,57.709999084472656,31248,2025-11-25 13:00:00+00:00
57.720001220703125,57.77000045776367,57.220001220703125,57.33000183105469,37813,2025-11-25 14:00:00+00:00
57.33000183105469,57.5,57.099998474121094,57.22999954223633,37812,2025-11-25 15:00:00+00:00
57.22999954223633,57.65999984741211,57.209999084472656,57.619998931884766,33793,2025-11-25 16:00:00+00:00
57.619998931884766,57.90999984741211,57.61000061035156,57.720001220703125,20924,2025-11-25 17:00:00+00:00
57.709999084472656,57.9900016784668,57.709999084472656,57.79999923706055,21849,2025-11-25 18:00:00+00:00
57.79999923706055,58.029998779296875,57.65999984741211,57.81999969482422,30715,2025-11-25 19:00:00+00:00
57.83000183105469,58.13999938964844,57.81999969482422,57.95000076293945,8395,2025-11-25 20:00:00+00:00
57.95000076293945,58.130001068115234,57.900001525878906,58.11000061035156,5401,2025-11-25 21:00:00+00:00
58.04999923706055,58.09000015258789,57.95000076293945,58.06999969482422,0,2025-11-25 23:00:00+00:00
58.08000183105469,58.130001068115234,57.97999954223633,58.09000015258789,761,2025-11-26 00:00:00+00:00
58.08000183105469,58.150001525878906,58.0,58.08000183105469,1860,2025-11-26 01:00:00+00:00
58.08000183105469,58.25,58.0,58.18000030517578,1882,2025-11-26 02:00:00+00:00
58.16999816894531,58.20000076293945,58.119998931884766,58.16999816894531,1012,2025-11-26 03:00:00+00:00
58.16999816894531,58.209999084472656,58.15999984741211,58.15999984741211,729,2025-11-26 04:00:00+00:00
58.15999984741211,58.209999084472656,58.119998931884766,58.15999984741211,765,2025-11-26 05:00:00+00:00
58.150001525878906,58.220001220703125,58.06999969482422,58.09000015258789,1443,2025-11-26 06:00:00+00:00
58.09000015258789,58.290000915527344,57.84000015258789,57.869998931884766,5853,2025-11-26 07:00:00+00:00
57.869998931884766,58.060001373291016,57.66999816894531,57.970001220703125,9302,2025-11-26 08:00:00+00:00
57.970001220703125,58.08000183105469,57.84000015258789,57.95000076293945,8190,2025-11-26 09:00:00+00:00
57.95000076293945,57.97999954223633,57.65999984741211,57.939998626708984,7033,2025-11-26 10:00:00+00:00
57.939998626708984,58.209999084472656,57.75,57.93000030517578,9995,2025-11-26 11:00:00+00:00
57.93000030517578,58.0099983215332,57.720001220703125,57.779998779296875,6672,2025-11-26 12:00:00+00:00
57.790000915527344,58.029998779296875,57.779998779296875,57.970001220703125,8979,2025-11-26 13:00:00+00:00
57.959999084472656,58.060001373291016,57.75,57.88999938964844,24394,2025-11-26 14:00:00+00:00
57.88999938964844,58.08000183105469,57.84000015258789,57.9900016784668,17140,2025-11-26 15:00:00+00:00
57.9900016784668,58.349998474121094,57.84000015258789,58.34000015258789,22338,2025-11-26 16:00:00+00:00
58.34000015258789,58.43000030517578,58.0099983215332,58.040000915527344,17529,2025-11-26 17:00:00+00:00
58.040000915527344,58.33000183105469,57.939998626708984,58.310001373291016,14397,2025-11-26 18:00:00+00:00
58.31999969482422,58.689998626708984,58.290000915527344,58.61000061035156,34621,2025-11-26 19:00:00+00:00
58.599998474121094,58.720001220703125,58.56999969482422,58.56999969482422,4882,2025-11-26 20:00:00+00:00
58.56999969482422,58.650001525878906,58.529998779296875,58.54999923706055,3677,2025-11-26 21:00:00+00:00
58.58000183105469,58.599998474121094,58.439998626708984,58.470001220703125,0,2025-11-26 23:00:00+00:00
58.470001220703125,58.529998779296875,58.45000076293945,58.52000045776367,198,2025-11-27 00:00:00+00:00
58.529998779296875,58.540000915527344,58.290000915527344,58.33000183105469,1624,2025-11-27 01:00:00+00:00
58.33000183105469,58.45000076293945,58.33000183105469,58.369998931884766,688,2025-11-27 02:00:00+00:00
58.369998931884766,58.40999984741211,58.27000045776367,58.33000183105469,1153,2025-11-27 03:00:00+00:00
58.34000015258789,58.36000061035156,58.290000915527344,58.29999923706055,585,2025-11-27 04:00:00+00:00
58.84000015258789,59.25,58.7599983215332,59.220001220703125,8418,2025-11-28 14:30:00+00:00
59.22999954223633,59.31999969482422,59.06999969482422,59.150001525878906,8657,2025-11-28 15:30:00+00:00
59.15999984741211,59.63999938964844,59.08000183105469,59.54999923706055,14716,2025-11-28 16:30:00+00:00
59.54999923706055,59.56999969482422,59.209999084472656,59.439998626708984,10517,2025-11-28 17:30:00+00:00
59.52000045776367,59.61000061035156,59.380001068115234,59.40999984741211,9884,2025-11-30 23:00:00+00:00
59.38999938964844,59.439998626708984,59.060001373291016,59.16999816894531,2827,2025-12-01 00:00:00+00:00
59.15999984741211,59.349998474121094,59.06999969482422,59.349998474121094,2052,2025-12-01 01:00:00+00:00
59.349998474121094,59.47999954223633,59.29999923706055,59.459999084472656,1910,2025-12-01 02:00:00+00:00
59.470001220703125,59.59000015258789,59.43000030517578,59.540000915527344,3909,2025-12-01 03:00:00+00:00
59.540000915527344,59.63999938964844,59.52000045776367,59.61000061035156,1484,2025-12-01 04:00:00+00:00
59.599998474121094,59.810001373291016,59.59000015258789,59.779998779296875,2967,2025-12-01 05:00:00+00:00
59.779998779296875,59.970001220703125,59.619998931884766,59.63999938964844,3967,2025-12-01 06:00:00+00:00
59.63999938964844,59.810001373291016,59.58000183105469,59.63999938964844,3231,2025-12-01 07:00:00+00:00
59.63999938964844,59.900001525878906,59.54999923706055,59.7400016784668,9328,2025-12-01 08:00:00+00:00
59.7400016784668,59.849998474121094,59.61000061035156,59.75,5802,2025-12-01 09:00:00+00:00
59.75,59.779998779296875,59.400001525878906,59.45000076293945,4901,2025-12-01 10:00:00+00:00
59.45000076293945,59.45000076293945,59.099998474121094,59.310001373291016,8896,2025-12-01 11:00:00+00:00
59.31999969482422,59.34000015258789,59.06999969482422,59.13999938964844,6125,2025-12-01 12:00:00+00:00
59.13999938964844,59.189998626708984,58.84000015258789,58.939998626708984,13347,2025-12-01 13:00:00+00:00
58.95000076293945,59.56999969482422,58.900001525878906,59.459999084472656,25595,2025-12-01 14:00:00+00:00
59.459999084472656,59.63999938964844,59.310001373291016,59.439998626708984,20127,2025-12-01 15:00:00+00:00
59.439998626708984,59.439998626708984,59.119998931884766,59.18000030517578,21742,2025-12-01 16:00:00+00:00
59.16999816894531,59.43000030517578,59.15999984741211,59.220001220703125,15103,2025-12-01 17:00:00+00:00
59.22999954223633,59.4900016784668,59.189998626708984,59.380001068115234,10421,2025-12-01 18:00:00+00:00
59.380001068115234,59.45000076293945,59.27000045776367,59.40999984741211,24099,2025-12-01 19:00:00+00:00
59.40999984741211,59.56999969482422,59.400001525878906,59.439998626708984,5863,2025-12-01 20:00:00+00:00
59.439998626708984,59.58000183105469,59.43000030517578,59.5099983215332,2879,2025-12-01 21:00:00+00:00
59.52000045776367,59.66999816894531,59.47999954223633,59.59000015258789,0,2025-12-01 23:00:00+00:00
59.59000015258789,59.61000061035156,59.52000045776367,59.52000045776367,400,2025-12-02 00:00:00+00:00
59.52000045776367,59.54999923706055,59.349998474121094,59.36000061035156,1599,2025-12-02 01:00:00+00:00
59.349998474121094,59.439998626708984,59.34000015258789,59.40999984741211,760,2025-12-02 02:00:00+00:00
59.400001525878906,59.41999816894531,59.33000183105469,59.40999984741211,922,2025-12-02 03:00:00+00:00
59.40999984741211,59.45000076293945,59.369998931884766,59.380001068115234,663,2025-12-02 04:00:00+00:00
59.380001068115234,59.439998626708984,59.36000061035156,59.38999938964844,479,2025-12-02 05:00:00+00:00
59.400001525878906,59.4900016784668,59.36000061035156,59.45000076293945,802,2025-12-02 06:00:00+00:00
59.459999084472656,59.540000915527344,59.2599983215332,59.27000045776367,2740,2025-12-02 07:00:00+00:00
59.27000045776367,59.5099983215332,59.150001525878906,59.16999816894531,5998,2025-12-02 08:00:00+00:00
59.18000030517578,59.38999938964844,59.09000015258789,59.209999084472656,6697,2025-12-02 09:00:00+00:00
59.209999084472656,59.43000030517578,59.15999984741211,59.349998474121094,3952,2025-12-02 10:00:00+00:00
59.349998474121094,59.38999938964844,59.06999969482422,59.099998474121094,6576,2025-12-02 11:00:00+00:00
59.11000061035156,59.2400016784668,59.09000015258789,59.20000076293945,3551,2025-12-02 12:00:00+00:00
59.209999084472656,59.279998779296875,58.849998474121094,58.93000030517578,15414,2025-12-02 13:00:00+00:00
58.939998626708984,59.11000061035156,58.279998779296875,58.47999954223633,38197,2025-12-02 14:00:00+00:00
58.47999954223633,59.400001525878906,58.459999084472656,59.220001220703125,51637,2025-12-02 15:00:00+00:00
59.22999954223633,59.31999969482422,58.790000915527344,58.81999969482422,18393,2025-12-02 16:00:00+00:00
58.83000183105469,59.029998779296875,58.81999969482422,58.90999984741211,11078,2025-12-02 17:00:00+00:00
58.900001525878906,59.15999984741211,58.83000183105469,58.9900016784668,18897,2025-12-02 18:00:00+00:00
58.9900016784668,59.02000045776367,58.4900016784668,58.619998931884766,34972,2025-12-02 19:00:00+00:00
58.619998931884766,58.68000030517578,58.56999969482422,58.650001525878906,4744,2025-12-02 20:00:00+00:00
58.650001525878906,58.75,58.4900016784668,58.59000015258789,4912,2025-12-02 21:00:00+00:00
58.650001525878906,58.720001220703125,58.59000015258789,58.650001525878906,0,2025-12-02 23:00:00+00:00
58.650001525878906,58.68000030517578,58.599998474121094,58.619998931884766,522,2025-12-03 00:00:00+00:00
58.61000061035156,58.72999954223633,58.529998779296875,58.540000915527344,2150,2025-12-03 01:00:00+00:00
58.529998779296875,58.56999969482422,58.369998931884766,58.54999923706055,3405,2025-12-03 02:00:00+00:00
58.54999923706055,58.689998626708984,58.54999923706055,58.66999816894531,1395,2025-12-03 03:00:00+00:00
58.65999984741211,58.720001220703125,58.630001068115234,58.70000076293945,721,2025-12-03 04:00:00+00:00
58.70000076293945,58.75,58.65999984741211,58.65999984741211,774,2025-12-03 05:00:00+00:00
58.650001525878906,58.849998474121094,58.630001068115234,58.81999969482422,1972,2025-12-03 06:00:00+00:00
58.83000183105469,58.9900016784668,58.81999969482422,58.93000030517578,3224,2025-12-03 07:00:00+00:00
58.93000030517578,59.119998931884766,58.880001068115234,59.060001373291016,6117,2025-12-03 08:00:00+00:00
59.06999969482422,59.4900016784668,59.04999923706055,59.470001220703125,13398,2025-12-03 09:00:00+00:00
59.47999954223633,59.61000061035156,59.380001068115234,59.5099983215332,9369,2025-12-03 10:00:00+00:00
59.5099983215332,59.52000045776367,59.400001525878906,59.439998626708984,3697,2025-12-03 11:00:00+00:00
59.43000030517578,59.459999084472656,59.310001373291016,59.40999984741211,6547,2025-12-03 12:00:00+00:00
59.40999984741211,59.4900016784668,59.060001373291016,59.369998931884766,19068,2025-12-03 13:00:00+00:00
59.369998931884766,59.369998931884766,58.97999954223633,59.20000076293945,26473,2025-12-03 14:00:00+00:00
59.209999084472656,59.54999923706055,59.09000015258789,59.52000045776367,27900,2025-12-03 15:00:00+00:00
59.529998779296875,59.63999938964844,58.86000061035156,58.959999084472656,31767,2025-12-03 16:00:00+00:00
58.95000076293945,59.459999084472656,58.93000030517578,59.2400016784668,19074,2025-12-03 17:00:00+00:00
59.22999954223633,59.34000015258789,59.060001373291016,59.11000061035156,17977,2025-12-03 18:00:00+00:00
59.11000061035156,59.130001068115234,58.84000015258789,58.970001220703125,31418,2025-12-03 19:00:00+00:00
58.970001220703125,59.119998931884766,58.939998626708984,59.09000015258789,7196,2025-12-03 20:00:00+00:00
59.099998474121094,59.130001068115234,59.08000183105469,59.11000061035156,2816,2025-12-03 21:00:00+00:00
59.09000015258789,59.099998474121094,58.970001220703125,59.02000045776367,0,2025-12-03 23:00:00+00:00
59.0099983215332,59.06999969482422,58.97999954223633,59.040000915527344,236,2025-12-04 00:00:00+00:00
59.029998779296875,59.189998626708984,59.029998779296875,59.119998931884766,1149,2025-12-04 01:00:00+00:00
59.11000061035156,59.279998779296875,59.040000915527344,59.2599983215332,1406,2025-12-04 02:00:00+00:00
59.25,59.290000915527344,59.209999084472656,59.2599983215332,576,2025-12-04 03:00:00+00:00
59.2599983215332,59.279998779296875,59.220001220703125,59.279998779296875,353,2025-12-04 04:00:00+00:00
59.290000915527344,59.349998474121094,59.18000030517578,59.209999084472656,1141,2025-12-04 05:00:00+00:00
59.220001220703125,59.45000076293945,59.220001220703125,59.40999984741211,1393,2025-12-04 06:00:00+00:00
59.38999938964844,59.40999984741211,58.95000076293945,59.34000015258789,1967,2025-12-04 07:00:00+00:00
59.349998474121094,59.40999984741211,59.099998474121094,59.369998931884766,7631,2025-12-04 08:00:00+00:00
59.369998931884766,59.400001525878906,59.09000015258789,59.209999084472656,6350,2025-12-04 09:00:00+00:00
59.220001220703125,59.349998474121094,59.119998931884766,59.31999969482422,3957,2025-12-04 10:00:00+00:00
59.310001373291016,59.400001525878906,59.18000030517578,59.2400016784668,4870,2025-12-04 11:00:00+00:00
59.2400016784668,59.380001068115234,59.20000076293945,59.33000183105469,4628,2025-12-04 12:00:00+00:00
59.34000015258789,59.4900016784668,59.310001373291016,59.380001068115234,9163,2025-12-04 13:00:00+00:00
59.38999938964844,59.38999938964844,58.810001373291016,58.880001068115234,32580,2025-12-04 14:00:00+00:00
58.88999938964844,59.630001068115234,58.86000061035156,59.459999084472656,36832,2025-12-04 15:00:00+00:00
59.459999084472656,60.02000045776367,59.41999816894531,59.86000061035156,45615,2025-12-04 16:00:00+00:00
59.86000061035156,59.93000030517578,59.70000076293945,59.790000915527344,18744,2025-12-04 17:00:00+00:00
59.779998779296875,59.970001220703125,59.77000045776367,59.86000061035156,14960,2025-12-04 18:00:00+00:00
59.86000061035156,59.88999938964844,59.619998931884766,59.70000076293945,31163,2025-12-04 19:00:00+00:00
59.70000076293945,59.7599983215332,59.630001068115234,59.689998626708984,11568,2025-12-04 20:00:00+00:00
59.70000076293945,59.79999923706055,59.68000030517578,59.70000076293945,3910,2025-12-04 21:00:00+00:00
59.70000076293945,59.7400016784668,59.630001068115234,59.720001220703125,0,2025-12-04 23:00:00+00:00
59.709999084472656,59.709999084472656,59.63999938964844,59.63999938964844,504,2025-12-05 00:00:00+00:00
59.650001525878906,59.709999084472656,59.59000015258789,59.599998474121094,2735,2025-12-05 01:00:00+00:00
59.61000061035156,59.619998931884766,59.45000076293945,59.47999954223633,2331,2025-12-05 02:00:00+00:00
59.47999954223633,59.529998779296875,59.41999816894531,59.5,1573,2025-12-05 03:00:00+00:00
59.4900016784668,59.529998779296875,59.439998626708984,59.459999084472656,517,2025-12-05 04:00:00+00:00
59.459999084472656,59.59000015258789,59.459999084472656,59.56999969482422,1112,2025-12-05 05:00:00+00:00
59.56999969482422,59.619998931884766,59.5,59.56999969482422,815,2025-12-05 06:00:00+00:00
59.56999969482422,59.63999938964844,59.470001220703125,59.54999923706055,4813,2025-12-05 07:00:00+00:00
59.560001373291016,59.72999954223633,59.47999954223633,59.630001068115234,12441,2025-12-05 08:00:00+00:00
59.630001068115234,59.779998779296875,59.4900016784668,59.70000076293945,6416,2025-12-05 09:00:00+00:00
59.689998626708984,59.689998626708984,59.45000076293945,59.56999969482422,5194,2025-12-05 10:00:00+00:00
59.56999969482422,59.63999938964844,59.470001220703125,59.54999923706055,3279,2025-12-05 11:00:00+00:00
59.54999923706055,59.599998474121094,59.43000030517578,59.58000183105469,5564,2025-12-05 12:00:00+00:00
59.58000183105469,59.77000045776367,59.4900016784668,59.61000061035156,11686,2025-12-05 13:00:00+00:00
59.619998931884766,60.09000015258789,59.4900016784668,60.0,28797,2025-12-05 14:00:00+00:00
59.97999954223633,60.5,59.97999954223633,60.290000915527344,44818,2025-12-05 15:00:00+00:00
60.29999923706055,60.36000061035156,59.880001068115234,59.91999816894531,26713,2025-12-05 16:00:00+00:00
59.93000030517578,60.34000015258789,59.900001525878906,60.2599983215332,13003,2025-12-05 17:00:00+00:00
60.2599983215332,60.290000915527344,60.040000915527344,60.06999969482422,14498,2025-12-05 18:00:00+00:00
60.060001373291016,60.130001068115234,60.0,60.11000061035156,30373,2025-12-05 19:00:00+00:00
60.11000061035156,60.18000030517578,60.040000915527344,60.11000061035156,6683,2025-12-05 20:00:00+00:00
60.11000061035156,60.20000076293945,60.08000183105469,60.08000183105469,2575,2025-12-05 21:00:00+00:00
60.13999938964844,60.290000915527344,60.11000061035156,60.22999954223633,1590,2025-12-07 23:00:00+00:00
60.22999954223633,60.22999954223633,60.04999923706055,60.04999923706055,1515,2025-12-08 00:00:00+00:00
60.04999923706055,60.15999984741211,59.970001220703125,60.08000183105469,1720,2025-12-08 01:00:00+00:00
60.08000183105469,60.18000030517578,60.029998779296875,60.16999816894531,1005,2025-12-08 02:00:00+00:00
60.16999816894531,60.22999954223633,60.13999938964844,60.18000030517578,706,2025-12-08 03:00:00+00:00
60.189998626708984,60.22999954223633,60.15999984741211,60.209999084472656,398,2025-12-08 04:00:00+00:00
60.20000076293945,60.27000045776367,60.09000015258789,60.20000076293945,1043,2025-12-08 05:00:00+00:00
60.189998626708984,60.2599983215332,60.150001525878906,60.220001220703125,1091,2025-12-08 06:00:00+00:00
60.209999084472656,60.279998779296875,60.13999938964844,60.209999084472656,1254,2025-12-08 07:00:00+00:00
60.209999084472656,60.29999923706055,59.900001525878906,59.90999984741211,6893,2025-12-08 08:00:00+00:00
59.91999816894531,59.959999084472656,59.5,59.61000061035156,11947,2025-12-08 09:00:00+00:00
59.61000061035156,59.650001525878906,59.45000076293945,59.5099983215332,7136,2025-12-08 10:00:00+00:00
59.5099983215332,59.599998474121094,59.369998931884766,59.45000076293945,5502,2025-12-08 11:00:00+00:00
59.459999084472656,59.470001220703125,59.18000030517578,59.2400016784668,8274,2025-12-08 12:00:00+00:00
59.2400016784668,59.630001068115234,59.20000076293945,59.47999954223633,16260,2025-12-08 13:00:00+00:00
59.47999954223633,59.529998779296875,59.09000015258789,59.33000183105469,36979,2025-12-08 14:00:00+00:00
59.31999969482422,59.470001220703125,59.15999984741211,59.31999969482422,18394,2025-12-08 15:00:00+00:00
59.310001373291016,59.310001373291016,59.04999923706055,59.279998779296875,21109,2025-12-08 16:00:00+00:00
59.279998779296875,59.279998779296875,59.029998779296875,59.09000015258789,11886,2025-12-08 17:00:00+00:00
59.09000015258789,59.11000061035156,58.68000030517578,58.79999923706055,23912,2025-12-08 18:00:00+00:00
58.790000915527344,58.90999984741211,58.720001220703125,58.810001373291016,42824,2025-12-08 19:00:00+00:00
58.810001373291016,58.86000061035156,58.779998779296875,58.86000061035156,7158,2025-12-08 20:00:00+00:00
58.86000061035156,58.880001068115234,58.79999923706055,58.849998474121094,2760,2025-12-08 21:00:00+00:00
58.869998931884766,58.880001068115234,58.81999969482422,58.849998474121094,0,2025-12-08 23:00:00+00:00
58.86000061035156,58.900001525878906,58.83000183105469,58.880001068115234,566,2025-12-09 00:00:00+00:00
58.869998931884766,58.88999938964844,58.7400016784668,58.77000045776367,2652,2025-12-09 01:00:00+00:00
58.77000045776367,58.81999969482422,58.72999954223633,58.7400016784668,841,2025-12-09 02:00:00+00:00
58.7400016784668,58.7599983215332,58.689998626708984,58.75,874,2025-12-09 03:00:00+00:00
58.75,58.7599983215332,58.650001525878906,58.70000076293945,1117,2025-12-09 04:00:00+00:00
58.689998626708984,58.70000076293945,58.58000183105469,58.68000030517578,1279,2025-12-09 05:00:00+00:00
58.68000030517578,58.7400016784668,58.59000015258789,58.720001220703125,1961,2025-12-09 06:00:00+00:00
58.72999954223633,58.869998931884766,58.68000030517578,58.790000915527344,2064,2025-12-09 07:00:00+00:00
58.790000915527344,58.88999938964844,58.66999816894531,58.68000030517578,5993,2025-12-09 08:00:00+00:00
58.68000030517578,58.79999923706055,58.630001068115234,58.779998779296875,4228,2025-12-09 09:00:00+00:00
58.790000915527344,59.130001068115234,58.790000915527344,59.02000045776367,6656,2025-12-09 10:00:00+00:00
59.0099983215332,59.13999938964844,58.939998626708984,59.119998931884766,2432,2025-12-09 11:00:00+00:00
59.119998931884766,59.16999816894531,58.97999954223633,59.02000045776367,4944,2025-12-09 12:00:00+00:00
59.0099983215332,59.029998779296875,58.65999984741211,58.79999923706055,15343,2025-12-09 13:00:00+00:00
58.810001373291016,58.880001068115234,58.5,58.5,37805,2025-12-09 14:00:00+00:00
58.5099983215332,58.619998931884766,58.15999984741211,58.27000045776367,41580,2025-12-09 15:00:00+00:00
58.27000045776367,58.38999938964844,58.119998931884766,58.220001220703125,26368,2025-12-09 16:00:00+00:00
58.22999954223633,58.279998779296875,58.15999984741211,58.16999816894531,12076,2025-12-09 17:00:00+00:00
58.16999816894531,58.310001373291016,58.150001525878906,58.18000030517578,17127,2025-12-09 18:00:00+00:00
58.18000030517578,58.439998626708984,58.150001525878906,58.400001525878906,29805,2025-12-09 19:00:00+00:00
58.400001525878906,58.41999816894531,58.310001373291016,58.33000183105469,6639,2025-12-09 20:00:00+00:00
58.33000183105469,58.40999984741211,58.310001373291016,58.38999938964844,6711,2025-12-09 21:00:00+00:00
58.369998931884766,58.43000030517578,58.33000183105469,58.349998474121094,0,2025-12-09 23:00:00+00:00
58.349998474121094,58.41999816894531,58.34000015258789,58.369998931884766,681,2025-12-10 00:00:00+00:00
58.36000061035156,58.41999816894531,58.33000183105469,58.38999938964844,1710,2025-12-10 01:00:00+00:00
58.400001525878906,58.439998626708984,58.34000015258789,58.349998474121094,1552,2025-12-10 02:00:00+00:00
58.349998474121094,58.36000061035156,58.27000045776367,58.349998474121094,1379,2025-12-10 03:00:00+00:00
58.34000015258789,58.380001068115234,58.290000915527344,58.31999969482422,401,2025-12-10 04:00:00+00:00
58.310001373291016,58.400001525878906,58.29999923706055,58.369998931884766,482,2025-12-10 05:00:00+00:00
58.369998931884766,58.470001220703125,58.349998474121094,58.41999816894531,907,2025-12-10 06:00:00+00:00
58.40999984741211,58.439998626708984,58.25,58.310001373291016,1430,2025-12-10 07:00:00+00:00
58.29999923706055,58.43000030517578,58.18000030517578,58.2599983215332,6616,2025-12-10 08:00:00+00:00
58.2599983215332,58.4900016784668,58.08000183105469,58.25,6494,2025-12-10 09:00:00+00:00
58.2599983215332,58.619998931884766,58.25,58.58000183105469,5910,2025-12-10 10:00:00+00:00
58.58000183105469,58.65999984741211,58.52000045776367,58.54999923706055,5105,2025-12-10 11:00:00+00:00
58.54999923706055,58.66999816894531,58.4900016784668,58.5,6451,2025-12-10 12:00:00+00:00
58.5099983215332,58.52000045776367,58.2599983215332,58.31999969482422,16804,2025-12-10 13:00:00+00:00
58.310001373291016,58.31999969482422,57.77000045776367,57.88999938964844,33898,2025-12-10 14:00:00+00:00
57.880001068115234,57.97999954223633,57.709999084472656,57.7599983215332,21415,2025-12-10 15:00:00+00:00
57.75,58.13999938964844,57.65999984741211,58.130001068115234,23288,2025-12-10 16:00:00+00:00
58.119998931884766,58.189998626708984,58.02000045776367,58.09000015258789,16400,2025-12-10 17:00:00+00:00
58.09000015258789,58.56999969482422,58.06999969482422,58.349998474121094,24510,2025-12-10 18:00:00+00:00
58.36000061035156,58.790000915527344,58.310001373291016,58.7599983215332,36898,2025-12-10 19:00:00+00:00
58.77000045776367,59.04999923706055,58.75,58.91999816894531,15119,2025-12-10 20:00:00+00:00
58.91999816894531,59.0,58.90999984741211,58.959999084472656,3284,2025-12-10 21:00:00+00:00
58.90999984741211,58.939998626708984,58.7400016784668,58.7400016784668,0,2025-12-10 23:00:00+00:00
58.7400016784668,58.84000015258789,58.7400016784668,58.779998779296875,616,2025-12-11 00:00:00+00:00
58.77000045776367,58.91999816894531,58.720001220703125,58.83000183105469,2212,2025-12-11 01:00:00+00:00
58.83000183105469,58.86000061035156,58.68000030517578,58.68000030517578,2006,2025-12-11 02:00:00+00:00
58.689998626708984,58.70000076293945,58.40999984741211,58.459999084472656,2299,2025-12-11 03:00:00+00:00
58.439998626708984,58.47999954223633,58.380001068115234,58.38999938964844,994,2025-12-11 04:00:00+00:00
58.400001525878906,58.439998626708984,58.2599983215332,58.279998779296875,1452,2025-12-11 05:00:00+00:00
58.27000045776367,58.279998779296875,58.09000015258789,58.130001068115234,2377,2025-12-11 06:00:00+00:00
58.119998931884766,58.18000030517578,57.97999954223633,58.060001373291016,4604,2025-12-11 07:00:00+00:00
58.060001373291016,58.08000183105469,57.63999938964844,57.72999954223633,11038,2025-12-11 08:00:00+00:00
57.75,57.810001373291016,57.63999938964844,57.709999084472656,8338,2025-12-11 09:00:00+00:00
57.70000076293945,57.72999954223633,57.5099983215332,57.58000183105469,8604,2025-12-11 10:00:00+00:00
57.58000183105469,57.77000045776367,57.529998779296875,57.7400016784668,5094,2025-12-11 11:00:00+00:00
57.72999954223633,57.869998931884766,57.709999084472656,57.77000045776367,8725,2025-12-11 12:00:00+00:00
57.77000045776367,57.86000061035156,57.560001373291016,57.599998474121094,15136,2025-12-11 13:00:00+00:00
57.61000061035156,57.61000061035156,57.18000030517578,57.31999969482422,35074,2025-12-11 14:00:00+00:00
57.31999969482422,57.5099983215332,57.2599983215332,57.41999816894531,23333,2025-12-11 15:00:00+00:00
57.41999816894531,57.4900016784668,57.0099983215332,57.22999954223633,37875,2025-12-11 16:00:00+00:00
57.22999954223633,57.41999816894531,57.209999084472656,57.310001373291016,17514,2025-12-11 17:00:00+00:00
57.310001373291016,57.529998779296875,57.25,57.40999984741211,17243,2025-12-11 18:00:00+00:00
57.41999816894531,57.83000183105469,57.400001525878906,57.790000915527344,37848,2025-12-11 19:00:00+00:00
57.790000915527344,57.810001373291016,57.65999984741211,57.810001373291016,7159,2025-12-11 20:00:00+00:00
57.810001373291016,57.939998626708984,57.79999923706055,57.91999816894531,4243,2025-12-11 21:00:00+00:00
57.88999938964844,58.09000015258789,57.880001068115234,57.88999938964844,0,2025-12-11 23:00:00+00:00
57.88999938964844,57.970001220703125,57.880001068115234,57.91999816894531,635,2025-12-12 00:00:00+00:00
57.91999816894531,58.02000045776367,57.88999938964844,57.97999954223633,2937,2025-12-12 01:00:00+00:00
57.97999954223633,58.06999969482422,57.97999954223633,58.02000045776367,1038,2025-12-12 02:00:00+00:00
58.0099983215332,58.189998626708984,57.970001220703125,58.0099983215332,3208,2025-12-12 03:00:00+00:00
58.0099983215332,58.04999923706055,57.970001220703125,58.02000045776367,656,2025-12-12 04:00:00+00:00
58.02000045776367,58.13999938964844,58.0099983215332,58.099998474121094,1247,2025-12-12 05:00:00+00:00
58.099998474121094,58.11000061035156,57.900001525878906,57.91999816894531,1785,2025-12-12 06:00:00+00:00
57.91999816894531,58.0,57.84000015258789,57.95000076293945,2555,2025-12-12 07:00:00+00:00
57.95000076293945,58.130001068115234,57.86000061035156,58.099998474121094,4405,2025-12-12 08:00:00+00:00
58.11000061035156,58.130001068115234,57.560001373291016,57.59000015258789,6356,2025-12-12 09:00:00+00:00
57.599998474121094,57.63999938964844,57.400001525878906,57.56999969482422,5141,2025-12-12 10:00:00+00:00
57.58000183105469,57.58000183105469,57.36000061035156,57.4900016784668,5730,2025-12-12 11:00:00+00:00
57.4900016784668,57.68000030517578,57.459999084472656,57.58000183105469,5866,2025-12-12 12:00:00+00:00
57.56999969482422,57.68000030517578,57.45000076293945,57.61000061035156,12704,2025-12-12 13:00:00+00:00
57.61000061035156,57.630001068115234,57.310001373291016,57.58000183105469,23195,2025-12-12 14:00:00+00:00
57.58000183105469,57.58000183105469,57.150001525878906,57.20000076293945,21735,2025-12-12 15:00:00+00:00
57.20000076293945,57.720001220703125,57.16999816894531,57.65999984741211,27871,2025-12-12 16:00:00+00:00
57.66999816894531,57.720001220703125,57.56999969482422,57.63999938964844,12063,2025-12-12 17:00:00+00:00
57.63999938964844,57.68000030517578,57.4900016784668,57.5,11305,2025-12-12 18:00:00+00:00
57.5,57.619998931884766,57.400001525878906,57.40999984741211,27014,2025-12-12 19:00:00+00:00
57.40999984741211,57.5,57.33000183105469,57.470001220703125,4351,2025-12-12 20:00:00+00:00
57.459999084472656,57.540000915527344,57.43000030517578,57.529998779296875,3777,2025-12-12 21:00:00+00:00
57.459999084472656,57.65999984741211,57.45000076293945,57.58000183105469,1050,2025-12-14 23:00:00+00:00
57.599998474121094,57.70000076293945,57.540000915527344,57.68000030517578,1006,2025-12-15 00:00:00+00:00
57.66999816894531,57.709999084472656,57.619998931884766,57.66999816894531,972,2025-12-15 01:00:00+00:00
57.68000030517578,57.79999923706055,57.66999816894531,57.70000076293945,1435,2025-12-15 02:00:00+00:00
57.70000076293945,57.7599983215332,57.689998626708984,57.720001220703125,800,2025-12-15 03:00:00+00:00
57.720001220703125,57.77000045776367,57.720001220703125,57.72999954223633,511,2025-12-15 04:00:00+00:00
57.72999954223633,57.75,57.66999816894531,57.689998626708984,563,2025-12-15 05:00:00+00:00
57.68000030517578,57.790000915527344,57.650001525878906,57.709999084472656,840,2025-12-15 06:00:00+00:00
57.709999084472656,57.779998779296875,57.630001068115234,57.63999938964844,2890,2025-12-15 07:00:00+00:00
57.650001525878906,57.70000076293945,57.470001220703125,57.560001373291016,4282,2025-12-15 08:00:00+00:00
57.56999969482422,57.720001220703125,57.439998626708984,57.540000915527344,7437,2025-12-15 09:00:00+00:00
57.560001373291016,57.61000061035156,57.279998779296875,57.310001373291016,4672,2025-12-15 10:00:00+00:00
57.31999969482422,57.43000030517578,57.04999923706055,57.130001068115234,5727,2025-12-15 11:00:00+00:00
57.13999938964844,57.209999084472656,57.08000183105469,57.18000030517578,5034,2025-12-15 12:00:00+00:00
57.189998626708984,57.400001525878906,56.959999084472656,57.06999969482422,16041,2025-12-15 13:00:00+00:00
57.06999969482422,57.189998626708984,56.83000183105469,56.93000030517578,26686,2025-12-15 14:00:00+00:00
56.93000030517578,57.040000915527344,56.709999084472656,56.79999923706055,20063,2025-12-15 15:00:00+00:00
56.79999923706055,56.81999969482422,56.400001525878906,56.599998474121094,33277,2025-12-15 16:00:00+00:00
56.59000015258789,56.7400016784668,56.5099983215332,56.630001068115234,16291,2025-12-15 17:00:00+00:00
56.630001068115234,56.630001068115234,56.400001525878906,56.52000045776367,18230,2025-12-15 18:00:00+00:00
56.5099983215332,56.880001068115234,56.5099983215332,56.7400016784668,29866,2025-12-15 19:00:00+00:00
56.72999954223633,56.75,56.61000061035156,56.650001525878906,4426,2025-12-15 20:00:00+00:00
56.650001525878906,56.709999084472656,56.56999969482422,56.68000030517578,3020,2025-12-15 21:00:00+00:00
56.68000030517578,56.70000076293945,56.56999969482422,56.63999938964844,0,2025-12-15 23:00:00+00:00
56.650001525878906,56.68000030517578,56.630001068115234,56.66999816894531,327,2025-12-16 00:00:00+00:00
56.66999816894531,56.68000030517578,56.47999954223633,56.47999954223633,2543,2025-12-16 01:00:00+00:00
56.4900016784668,56.59000015258789,56.43000030517578,56.459999084472656,1096,2025-12-16 02:00:00+00:00
56.47999954223633,56.52000045776367,56.470001220703125,56.47999954223633,934,2025-12-16 03:00:00+00:00
56.47999954223633,56.540000915527344,56.459999084472656,56.5,672,2025-12-16 04:00:00+00:00
56.4900016784668,56.52000045776367,56.31999969482422,56.349998474121094,2365,2025-12-16 05:00:00+00:00
56.349998474121094,56.560001373291016,56.34000015258789,56.560001373291016,1264,2025-12-16 06:00:00+00:00
56.540000915527344,56.540000915527344,56.369998931884766,56.380001068115234,4890,2025-12-16 07:00:00+00:00
56.369998931884766,56.45000076293945,55.810001373291016,56.13999938964844,13532,2025-12-16 08:00:00+00:00
56.02000045776367,56.16999816894531,55.720001220703125,55.84000015258789,11054,2025-12-16 09:00:00+00:00
55.72999954223633,55.91999816894531,55.58000183105469,55.81999969482422,7600,2025-12-16 10:00:00+00:00
55.84000015258789,55.95000076293945,55.66999816894531,55.779998779296875,28896,2025-12-16 11:00:00+00:00
55.869998931884766,55.9900016784668,55.7400016784668,55.79999923706055,8328,2025-12-16 12:00:00+00:00
55.79999923706055,55.959999084472656,55.5,55.689998626708984,0,2025-12-16 13:00:00+00:00
55.689998626708984,55.689998626708984,55.189998626708984,55.29999923706055,24799,2025-12-16 14:00:00+00:00
55.20000076293945,55.36000061035156,54.88999938964844,55.25,23741,2025-12-16 15:00:00+00:00
55.2400016784668,55.560001373291016,55.029998779296875,55.38999938964844,86343,2025-12-16 16:00:00+00:00
55.38999938964844,55.650001525878906,55.220001220703125,55.2400016784668,16318,2025-12-16 17:00:00+00:00
55.2400016784668,55.61000061035156,55.20000076293945,55.279998779296875,10248,2025-12-16 18:00:00+00:00
55.279998779296875,55.43000030517578,55.09000015258789,55.11000061035156,21655,2025-12-16 19:00:00+00:00
55.119998931884766,55.290000915527344,55.040000915527344,55.060001373291016,6036,2025-12-16 20:00:00+00:00
55.04999923706055,55.189998626708984,54.970001220703125,55.06999969482422,4415,2025-12-16 21:00:00+00:00
55.08000183105469,55.59000015258789,55.08000183105469,55.439998626708984,0,2025-12-16 23:00:00+00:00
55.43000030517578,56.189998626708984,55.40999984741211,55.59000015258789,15992,2025-12-17 00:00:00+00:00
55.58000183105469,55.86000061035156,55.4900016784668,55.59000015258789,6193,2025-12-17 01:00:00+00:00
55.59000015258789,56.060001373291016,55.58000183105469,55.869998931884766,4926,2025-12-17 02:00:00+00:00
55.72999954223633,56.02000045776367,55.689998626708984,55.81999969482422,2750,2025-12-17 03:00:00+00:00
55.81999969482422,56.060001373291016,55.779998779296875,56.040000915527344,2245,2025-12-17 04:00:00+00:00
55.900001525878906,56.22999954223633,55.88999938964844,55.970001220703125,2857,2025-12-17 05:00:00+00:00
55.959999084472656,56.209999084472656,55.810001373291016,56.09000015258789,0,2025-12-17 06:00:00+00:00
56.060001373291016,56.220001220703125,55.869998931884766,55.869998931884766,31892,2025-12-17 07:00:00+00:00
55.869998931884766,56.33000183105469,55.75,56.15999984741211,10404,2025-12-17 08:00:00+00:00
56.150001525878906,56.68000030517578,56.040000915527344,56.54999923706055,0,2025-12-17 09:00:00+00:00
56.540000915527344,56.7400016784668,56.369998931884766,56.439998626708984,77820,2025-12-17 10:00:00+00:00
56.439998626708984,56.619998931884766,56.25,56.41999816894531,0,2025-12-17 11:00:00+00:00
56.40999984741211,56.52000045776367,56.060001373291016,56.099998474121094,89640,2025-12-17 12:00:00+00:00
56.099998474121094,56.369998931884766,56.040000915527344,56.209999084472656,12650,2025-12-17 13:00:00+00:00
56.34000015258789,56.34000015258789,55.58000183105469,55.869998931884766,38689,2025-12-17 14:00:00+00:00
55.869998931884766,56.34000015258789,55.75,55.88999938964844,30511,2025-12-17 15:00:00+00:00
55.88999938964844,56.33000183105469,55.849998474121094,56.06999969482422,24492,2025-12-17 16:00:00+00:00
56.20000076293945,56.22999954223633,55.88999938964844,55.9900016784668,13228,2025-12-17 17:00:00+00:00
55.97999954223633,56.18000030517578,55.86000061035156,55.880001068115234,15507,2025-12-17 18:00:00+00:00
55.880001068115234,55.9900016784668,55.7599983215332,55.97999954223633,30812,2025-12-17 19:00:00+00:00
55.970001220703125,56.619998931884766,55.959999084472656,56.529998779296875,21916,2025-12-17 20:00:00+00:00
56.529998779296875,56.810001373291016,56.529998779296875,56.7400016784668,15032,2025-12-17 21:00:00+00:00
56.77000045776367,56.849998474121094,56.72999954223633,56.72999954223633,0,2025-12-17 23:00:00+00:00
56.72999954223633,56.79999923706055,56.65999984741211,56.709999084472656,1943,2025-12-18 00:00:00+00:00
56.709999084472656,56.79999923706055,56.66999816894531,56.709999084472656,4575,2025-12-18 01:00:00+00:00
56.709999084472656,56.75,55.90999984741211,56.220001220703125,14212,2025-12-18 02:00:00+00:00
56.22999954223633,56.290000915527344,56.18000030517578,56.220001220703125,2251,2025-12-18 03:00:00+00:00
56.220001220703125,56.25,56.119998931884766,56.189998626708984,1497,2025-12-18 04:00:00+00:00
56.18000030517578,56.310001373291016,56.13999938964844,56.310001373291016,1454,2025-12-18 05:00:00+00:00
56.310001373291016,56.400001525878906,56.29999923706055,56.400001525878906,1762,2025-12-18 06:00:00+00:00
56.38999938964844,56.45000076293945,56.27000045776367,56.279998779296875,3410,2025-12-18 07:00:00+00:00
56.290000915527344,56.36000061035156,56.099998474121094,56.130001068115234,6807,2025-12-18 08:00:00+00:00
56.130001068115234,56.22999954223633,55.880001068115234,56.0099983215332,11896,2025-12-18 09:00:00+00:00
56.0,56.09000015258789,55.810001373291016,55.81999969482422,5062,2025-12-18 10:00:00+00:00
55.83000183105469,56.0099983215332,55.72999954223633,55.779998779296875,8117,2025-12-18 11:00:00+00:00
55.77000045776367,56.0,55.72999954223633,55.91999816894531,5240,2025-12-18 12:00:00+00:00
55.93000030517578,56.2400016784668,55.91999816894531,56.04999923706055,13961,2025-12-18 13:00:00+00:00
56.040000915527344,56.400001525878906,55.90999984741211,56.38999938964844,26205,2025-12-18 14:00:00+00:00
56.38999938964844,56.439998626708984,56.13999938964844,56.2400016784668,23918,2025-12-18 15:00:00+00:00
56.2400016784668,56.5099983215332,56.13999938964844,56.2599983215332,24127,2025-12-18 16:00:00+00:00
56.2599983215332,56.439998626708984,56.15999984741211,56.189998626708984,16315,2025-12-18 17:00:00+00:00
56.189998626708984,56.27000045776367,56.060001373291016,56.119998931884766,14566,2025-12-18 18:00:00+00:00
56.130001068115234,56.15999984741211,55.810001373291016,55.83000183105469,32780,2025-12-18 19:00:00+00:00
55.83000183105469,55.939998626708984,55.81999969482422,55.88999938964844,3948,2025-12-18 20:00:00+00:00
55.88999938964844,55.9900016784668,55.869998931884766,55.900001525878906,3766,2025-12-18 21:00:00+00:00
55.900001525878906,55.9900016784668,55.849998474121094,55.849998474121094,0,2025-12-18 23:00:00+00:00
55.86000061035156,55.88999938964844,55.79999923706055,55.880001068115234,580,2025-12-19 00:00:00+00:00
55.880001068115234,55.95000076293945,55.75,55.81999969482422,3639,2025-12-19 01:00:00+00:00
55.81999969482422,55.88999938964844,55.790000915527344,55.849998474121094,1285,2025-12-19 02:00:00+00:00
55.849998474121094,55.90999984741211,55.790000915527344,55.849998474121094,1331,2025-12-19 03:00:00+00:00
55.849998474121094,55.9900016784668,55.849998474121094,55.900001525878906,1464,2025-12-19 04:00:00+00:00
55.900001525878906,55.90999984741211,55.79999923706055,55.81999969482422,921,2025-12-19 05:00:00+00:00
55.81999969482422,55.93000030517578,55.790000915527344,55.900001525878906,1530,2025-12-19 06:00:00+00:00
55.88999938964844,55.97999954223633,55.650001525878906,55.68000030517578,3431,2025-12-19 07:00:00+00:00
55.68000030517578,55.9900016784668,55.65999984741211,55.86000061035156,7149,2025-12-19 08:00:00+00:00
55.880001068115234,55.95000076293945,55.63999938964844,55.84000015258789,6768,2025-12-19 09:00:00+00:00
55.84000015258789,56.11000061035156,55.61000061035156,56.0,10319,2025-12-19 10:00:00+00:00
56.0099983215332,56.25,56.0,56.22999954223633,6877,2025-12-19 11:00:00+00:00
56.22999954223633,56.369998931884766,56.099998474121094,56.310001373291016,6553,2025-12-19 12:00:00+00:00
56.29999923706055,56.560001373291016,56.27000045776367,56.4900016784668,8942,2025-12-19 13:00:00+00:00
56.47999954223633,56.540000915527344,56.189998626708984,56.45000076293945,24410,2025-12-19 14:00:00+00:00
56.459999084472656,56.5099983215332,56.09000015258789,56.18000030517578,15727,2025-12-19 15:00:00+00:00
56.16999816894531,56.540000915527344,56.16999816894531,56.439998626708984,24400,2025-12-19 16:00:00+00:00
56.439998626708984,56.5099983215332,56.349998474121094,56.470001220703125,10367,2025-12-19 17:00:00+00:00
56.47999954223633,56.720001220703125,56.439998626708984,56.650001525878906,18807,2025-12-19 18:00:00+00:00
56.650001525878906,56.650001525878906,56.40999984741211,56.52000045776367,34017,2025-12-19 19:00:00+00:00
56.52000045776367,56.66999816894531,56.45000076293945,56.560001373291016,6886,2025-12-19 20:00:00+00:00
56.560001373291016,56.599998474121094,56.47999954223633,56.52000045776367,2997,2025-12-19 21:00:00+00:00
56.93000030517578,56.95000076293945,56.779998779296875,56.869998931884766,1697,2025-12-21 23:00:00+00:00
56.86000061035156,56.91999816894531,56.84000015258789,56.88999938964844,1057,2025-12-22 00:00:00+00:00
56.900001525878906,57.0,56.869998931884766,56.900001525878906,2875,2025-12-22 01:00:00+00:00
56.90999984741211,57.09000015258789,56.900001525878906,56.9900016784668,2086,2025-12-22 02:00:00+00:00
56.9900016784668,57.029998779296875,56.90999984741211,56.97999954223633,1691,2025-12-22 03:00:00+00:00
56.97999954223633,57.060001373291016,56.939998626708984,57.0099983215332,948,2025-12-22 04:00:00+00:00
57.0099983215332,57.2599983215332,56.959999084472656,57.150001525878906,4742,2025-12-22 05:00:00+00:00
57.150001525878906,57.2400016784668,57.06999969482422,57.18000030517578,1841,2025-12-22 06:00:00+00:00
57.18000030517578,57.2599983215332,57.040000915527344,57.08000183105469,3190,2025-12-22 07:00:00+00:00
57.08000183105469,57.130001068115234,56.959999084472656,57.099998474121094,6248,2025-12-22 08:00:00+00:00
57.099998474121094,57.15999984741211,56.90999984741211,57.04999923706055,3852,2025-12-22 09:00:00+00:00
57.060001373291016,57.4900016784668,57.02000045776367,57.43000030517578,6920,2025-12-22 10:00:00+00:00
57.43000030517578,57.77000045776367,57.43000030517578,57.7400016784668,9449,2025-12-22 11:00:00+00:00
57.75,57.7599983215332,57.630001068115234,57.709999084472656,8428,2025-12-22 12:00:00+00:00
57.720001220703125,58.130001068115234,57.689998626708984,57.9900016784668,20150,2025-12-22 13:00:00+00:00
57.97999954223633,58.04999923706055,57.65999984741211,57.779998779296875,31832,2025-12-22 14:00:00+00:00
57.779998779296875,58.0,57.59000015258789,57.61000061035156,18294,2025-12-22 15:00:00+00:00
57.61000061035156,57.880001068115234,57.560001373291016,57.810001373291016,18415,2025-12-22 16:00:00+00:00
57.79999923706055,57.95000076293945,57.77000045776367,57.79999923706055,9943,2025-12-22 17:00:00+00:00
57.810001373291016,57.97999954223633,57.79999923706055,57.91999816894531,14588,2025-12-22 18:00:00+00:00
57.90999984741211,58.060001373291016,57.83000183105469,58.029998779296875,22768,2025-12-22 19:00:00+00:00
58.040000915527344,58.09000015258789,57.970001220703125,57.9900016784668,6870,2025-12-22 20:00:00+00:00
58.0,58.0099983215332,57.880001068115234,57.95000076293945,4674,2025-12-22 21:00:00+00:00
57.95000076293945,57.9900016784668,57.790000915527344,57.880001068115234,0,2025-12-22 23:00:00+00:00
57.880001068115234,57.91999816894531,57.83000183105469,57.84000015258789,718,2025-12-23 00:00:00+00:00
57.849998474121094,57.970001220703125,57.83000183105469,57.880001068115234,2535,2025-12-23 01:00:00+00:00
57.880001068115234,57.970001220703125,57.86000061035156,57.93000030517578,2147,2025-12-23 02:00:00+00:00
57.939998626708984,57.97999954223633,57.900001525878906,57.95000076293945,1025,2025-12-23 03:00:00+00:00
57.95000076293945,57.95000076293945,57.900001525878906,57.90999984741211,437,2025-12-23 04:00:00+00:00
57.88999938964844,57.88999938964844,57.7599983215332,57.790000915527344,3213,2025-12-23 05:00:00+00:00
57.779998779296875,57.869998931884766,57.7599983215332,57.849998474121094,1462,2025-12-23 06:00:00+00:00
57.849998474121094,57.93000030517578,57.81999969482422,57.880001068115234,2098,2025-12-23 07:00:00+00:00
57.880001068115234,58.060001373291016,57.869998931884766,57.95000076293945,5820,2025-12-23 08:00:00+00:00
57.95000076293945,58.099998474121094,57.93000030517578,58.029998779296875,3577,2025-12-23 09:00:00+00:00
58.02000045776367,58.16999816894531,57.93000030517578,58.08000183105469,6158,2025-12-23 10:00:00+00:00
58.09000015258789,58.150001525878906,57.970001220703125,58.09000015258789,6909,2025-12-23 11:00:00+00:00
58.09000015258789,58.18000030517578,58.0099983215332,58.13999938964844,4581,2025-12-23 12:00:00+00:00
58.150001525878906,58.22999954223633,58.08000183105469,58.16999816894531,12289,2025-12-23 13:00:00+00:00
58.16999816894531,58.220001220703125,57.7400016784668,57.790000915527344,22920,2025-12-23 14:00:00+00:00
57.790000915527344,57.959999084472656,57.75,57.779998779296875,13700,2025-12-23 15:00:00+00:00
57.779998779296875,58.20000076293945,57.75,58.08000183105469,17034,2025-12-23 16:00:00+00:00
58.06999969482422,58.27000045776367,58.060001373291016,58.2400016784668,17850,2025-12-23 17:00:00+00:00
58.2400016784668,58.40999984741211,58.220001220703125,58.31999969482422,14641,2025-12-23 18:00:00+00:00
58.33000183105469,58.4900016784668,58.310001373291016,58.459999084472656,19474,2025-12-23 19:00:00+00:00
58.45000076293945,58.5099983215332,58.40999984741211,58.45000076293945,4001,2025-12-23 20:00:00+00:00
58.45000076293945,58.560001373291016,58.45000076293945,58.470001220703125,0,2025-12-23 21:00:00+00:00
58.470001220703125,58.54999923706055,58.36000061035156,58.54999923706055,848,2025-12-23 23:00:00+00:00
58.54999923706055,58.619998931884766,58.470001220703125,58.5099983215332,992,2025-12-24 00:00:00+00:00
58.5099983215332,58.5099983215332,58.279998779296875,58.369998931884766,3375,2025-12-24 01:00:00+00:00
58.380001068115234,58.439998626708984,58.369998931884766,58.380001068115234,1210,2025-12-24 02:00:00+00:00
58.38999938964844,58.45000076293945,58.349998474121094,58.439998626708984,1367,2025-12-24 03:00:00+00:00
58.45000076293945,58.52000045776367,58.220001220703125,58.45000076293945,4148,2025-12-24 04:00:00+00:00
58.52000045776367,58.689998626708984,58.40999984741211,58.56999969482422,12741,2025-12-24 14:30:00+00:00
58.560001373291016,58.630001068115234,58.130001068115234,58.220001220703125,12916,2025-12-24 15:30:00+00:00
58.209999084472656,58.45000076293945,58.16999816894531,58.41999816894531,9265,2025-12-24 16:30:00+00:00
58.41999816894531,58.58000183105469,58.29999923706055,58.36000061035156,11206,2025-12-24 17:30:00+00:00
58.41999816894531,58.43000030517578,58.310001373291016,58.43000030517578,1268,2025-12-26 05:00:00+00:00
58.41999816894531,58.54999923706055,58.38999938964844,58.4900016784668,1753,2025-12-26 06:00:00+00:00
58.4900016784668,58.560001373291016,58.400001525878906,58.40999984741211,1482,2025-12-26 07:00:00+00:00
58.40999984741211,58.599998474121094,58.33000183105469,58.56999969482422,4763,2025-12-26 08:00:00+00:00
58.560001373291016,58.66999816894531,58.36000061035156,58.439998626708984,3872,2025-12-26 09:00:00+00:00
58.43000030517578,58.880001068115234,58.43000030517578,58.560001373291016,5198,2025-12-26 10:00:00+00:00
58.54999923706055,58.650001525878906,58.22999954223633,58.400001525878906,5343,2025-12-26 11:00:00+00:00
58.40999984741211,58.5099983215332,58.33000183105469,58.36000061035156,3651,2025-12-26 12:00:00+00:00
58.369998931884766,58.459999084472656,58.0099983215332,58.040000915527344,9672,2025-12-26 13:00:00+00:00
58.029998779296875,58.029998779296875,57.7400016784668,57.880001068115234,20068,2025-12-26 14:00:00+00:00
57.869998931884766,57.880001068115234,57.369998931884766,57.43000030517578,15755,2025-12-26 15:00:00+00:00
57.43000030517578,57.470001220703125,57.209999084472656,57.27000045776367,15116,2025-12-26 16:00:00+00:00
57.27000045776367,57.34000015258789,57.13999938964844,57.22999954223633,9000,2025-12-26 17:00:00+00:00
57.22999954223633,57.29999923706055,57.0099983215332,57.02000045776367,11538,2025-12-26 18:00:00+00:00
57.029998779296875,57.099998474121094,56.650001525878906,56.7400016784668,25677,2025-12-26 19:00:00+00:00
56.7400016784668,56.93000030517578,56.709999084472656,56.900001525878906,5062,2025-12-26 20:00:00+00:00
56.900001525878906,57.0099983215332,56.7400016784668,56.7400016784668,3271,2025-12-26 21:00:00+00:00
57.09000015258789,57.22999954223633,57.09000015258789,57.209999084472656,1557,2025-12-28 23:00:00+00:00
57.20000076293945,57.2400016784668,57.13999938964844,57.150001525878906,1415,2025-12-29 00:00:00+00:00
57.13999938964844,57.290000915527344,57.06999969482422,57.130001068115234,3428,2025-12-29 01:00:00+00:00
57.130001068115234,57.29999923706055,57.09000015258789,57.279998779296875,1316,2025-12-29 02:00:00+00:00
57.279998779296875,57.36000061035156,57.22999954223633,57.33000183105469,1101,2025-12-29 03:00:00+00:00
57.33000183105469,57.36000061035156,57.290000915527344,57.31999969482422,464,2025-12-29 04:00:00+00:00
57.310001373291016,57.52000045776367,57.279998779296875,57.38999938964844,1977,2025-12-29 05:00:00+00:00
57.38999938964844,57.43000030517578,57.29999923706055,57.33000183105469,1207,2025-12-29 06:00:00+00:00
57.33000183105469,57.41999816894531,57.27000045776367,57.36000061035156,2658,2025-12-29 07:00:00+00:00
57.369998931884766,57.61000061035156,57.310001373291016,57.599998474121094,6547,2025-12-29 08:00:00+00:00
57.599998474121094,58.09000015258789,57.599998474121094,57.97999954223633,9203,2025-12-29 09:00:00+00:00
57.9900016784668,58.0099983215332,57.720001220703125,57.9900016784668,5702,2025-12-29 10:00:00+00:00
57.9900016784668,58.06999969482422,57.90999984741211,58.02000045776367,4286,2025-12-29 11:00:00+00:00
58.029998779296875,58.18000030517578,57.88999938964844,58.13999938964844,4966,2025-12-29 12:00:00+00:00
58.13999938964844,58.27000045776367,58.060001373291016,58.09000015258789,9463,2025-12-29 13:00:00+00:00
58.09000015258789,58.279998779296875,57.869998931884766,58.119998931884766,20341,2025-12-29 14:00:00+00:00
58.11000061035156,58.25,58.04999923706055,58.220001220703125,16292,2025-12-29 15:00:00+00:00
58.220001220703125,58.29999923706055,58.0099983215332,58.02000045776367,20042,2025-12-29 16:00:00+00:00
58.02000045776367,58.20000076293945,57.97999954223633,58.0099983215332,10871,2025-12-29 17:00:00+00:00
58.02000045776367,58.06999969482422,57.810001373291016,57.93000030517578,12873,2025-12-29 18:00:00+00:00
57.93000030517578,58.189998626708984,57.900001525878906,58.040000915527344,17932,2025-12-29 19:00:00+00:00
58.040000915527344,58.040000915527344,57.81999969482422,57.84000015258789,2959,2025-12-29 20:00:00+00:00
57.849998474121094,57.88999938964844,57.779998779296875,57.83000183105469,2890,2025-12-29 21:00:00+00:00
57.810001373291016,57.86000061035156,57.650001525878906,57.779998779296875,0,2025-12-29 23:00:00+00:00
57.790000915527344,57.810001373291016,57.720001220703125,57.7400016784668,233,2025-12-30 00:00:00+00:00
57.7400016784668,57.93000030517578,57.599998474121094,57.90999984741211,2568,2025-12-30 01:00:00+00:00
57.90999984741211,58.0099983215332,57.83000183105469,57.959999084472656,1256,2025-12-30 02:00:00+00:00
57.970001220703125,58.150001525878906,57.959999084472656,58.060001373291016,1276,2025-12-30 03:00:00+00:00
58.04999923706055,58.099998474121094,58.040000915527344,58.06999969482422,380,2025-12-30 04:00:00+00:00
58.060001373291016,58.209999084472656,58.0,58.119998931884766,1047,2025-12-30 05:00:00+00:00
58.119998931884766,58.16999816894531,57.95000076293945,57.970001220703125,1192,2025-12-30 06:00:00+00:00
57.970001220703125,58.099998474121094,57.93000030517578,58.060001373291016,1065,2025-12-30 07:00:00+00:00
58.04999923706055,58.279998779296875,57.9900016784668,58.220001220703125,5432,2025-12-30 08:00:00+00:00
58.220001220703125,58.45000076293945,58.16999816894531,58.36000061035156,5905,2025-12-30 09:00:00+00:00
58.36000061035156,58.439998626708984,58.15999984741211,58.29999923706055,4015,2025-12-30 10:00:00+00:00
58.279998779296875,58.400001525878906,58.2400016784668,58.380001068115234,3150,2025-12-30 11:00:00+00:00
58.38999938964844,58.470001220703125,58.25,58.34000015258789,4943,2025-12-30 12:00:00+00:00
58.34000015258789,58.439998626708984,58.2599983215332,58.369998931884766,10271,2025-12-30 13:00:00+00:00
58.380001068115234,58.470001220703125,58.31999969482422,58.38999938964844,17304,2025-12-30 14:00:00+00:00
58.38999938964844,58.439998626708984,58.2599983215332,58.29999923706055,11901,2025-12-30 15:00:00+00:00
58.29999923706055,58.36000061035156,58.0099983215332,58.08000183105469,15083,2025-12-30 16:00:00+00:00
58.06999969482422,58.130001068115234,57.93000030517578,58.0099983215332,9489,2025-12-30 17:00:00+00:00
58.0099983215332,58.08000183105469,57.95000076293945,58.0099983215332,8081,2025-12-30 18:00:00+00:00
58.02000045776367,58.04999923706055,57.88999938964844,57.95000076293945,15781,2025-12-30 19:00:00+00:00
57.959999084472656,57.9900016784668,57.880001068115234,57.93000030517578,2441,2025-12-30 20:00:00+00:00
57.939998626708984,57.97999954223633,57.880001068115234,57.95000076293945,3197,2025-12-30 21:00:00+00:00
57.95000076293945,57.959999084472656,57.84000015258789,57.91999816894531,0,2025-12-30 23:00:00+00:00
57.93000030517578,57.959999084472656,57.90999984741211,57.939998626708984,149,2025-12-31 00:00:00+00:00
57.939998626708984,57.95000076293945,57.810001373291016,57.81999969482422,1965,2025-12-31 01:00:00+00:00
57.81999969482422,57.939998626708984,57.790000915527344,57.86000061035156,1268,2025-12-31 02:00:00+00:00
57.869998931884766,57.959999084472656,57.81999969482422,57.88999938964844,1002,2025-12-31 03:00:00+00:00
57.88999938964844,58.2400016784668,57.880001068115234,58.040000915527344,3388,2025-12-31 04:00:00+00:00
58.04999923706055,58.060001373291016,57.81999969482422,57.86000061035156,1361,2025-12-31 05:00:00+00:00
57.86000061035156,57.93000030517578,57.83000183105469,57.849998474121094,721,2025-12-31 06:00:00+00:00
57.849998474121094,57.959999084472656,57.79999923706055,57.84000015258789,904,2025-12-31 07:00:00+00:00
57.84000015258789,57.849998474121094,57.689998626708984,57.709999084472656,3225,2025-12-31 08:00:00+00:00
57.72999954223633,58.18000030517578,57.72999954223633,58.06999969482422,4669,2025-12-31 09:00:00+00:00
58.060001373291016,58.16999816894531,57.939998626708984,58.099998474121094,3481,2025-12-31 10:00:00+00:00
58.099998474121094,58.349998474121094,58.06999969482422,58.2400016784668,4797,2025-12-31 11:00:00+00:00
58.2400016784668,58.349998474121094,58.04999923706055,58.13999938964844,6918,2025-12-31 12:00:00+00:00
58.13999938964844,58.54999923706055,58.11000061035156,58.439998626708984,10575,2025-12-31 13:00:00+00:00
58.45000076293945,58.47999954223633,58.130001068115234,58.25,17032,2025-12-31 14:00:00+00:00
58.25,58.38999938964844,57.83000183105469,57.84000015258789,17675,2025-12-31 15:00:00+00:00
57.83000183105469,58.08000183105469,57.72999954223633,57.86000061035156,12509,2025-12-31 16:00:00+00:00
57.86000061035156,57.90999984741211,57.720001220703125,57.7400016784668,9223,2025-12-31 17:00:00+00:00
57.75,57.779998779296875,57.45000076293945,57.56999969482422,13341,2025-12-31 18:00:00+00:00
57.56999969482422,57.61000061035156,57.20000076293945,57.470001220703125,20690,2025-12-31 19:00:00+00:00
57.470001220703125,57.4900016784668,57.400001525878906,57.439998626708984,4125,2025-12-31 20:00:00+00:00
57.439998626708984,57.47999954223633,57.400001525878906,57.40999984741211,1726,2025-12-31 21:00:00+00:00
57.68000030517578,57.75,57.68000030517578,57.75,554,2026-01-02 05:00:00+00:00
57.75,57.88999938964844,57.72999954223633,57.849998474121094,1486,2026-01-02 06:00:00+00:00
57.849998474121094,57.93000030517578,57.689998626708984,57.810001373291016,2606,2026-01-02 07:00:00+00:00
57.79999923706055,57.91999816894531,57.310001373291016,57.31999969482422,8786,2026-01-02 08:00:00+00:00
57.31999969482422,57.349998474121094,57.0099983215332,57.209999084472656,8304,2026-01-02 09:00:00+00:00
57.220001220703125,57.560001373291016,57.220001220703125,57.400001525878906,5669,2026-01-02 10:00:00+00:00
57.400001525878906,57.47999954223633,57.130001068115234,57.279998779296875,4507,2026-01-02 11:00:00+00:00
57.279998779296875,57.31999969482422,56.900001525878906,56.91999816894531,6726,2026-01-02 12:00:00+00:00
56.93000030517578,57.04999923706055,56.849998474121094,56.86000061035156,8496,2026-01-02 13:00:00+00:00
56.86000061035156,56.970001220703125,56.630001068115234,56.689998626708984,20644,2026-01-02 14:00:00+00:00
56.70000076293945,56.9900016784668,56.599998474121094,56.77000045776367,20437,2026-01-02 15:00:00+00:00
56.77000045776367,56.93000030517578,56.619998931884766,56.77000045776367,15793,2026-01-02 16:00:00+00:00
56.77000045776367,57.189998626708984,56.75,57.0,14308,2026-01-02 17:00:00+00:00
57.0,57.220001220703125,56.93000030517578,57.18000030517578,9864,2026-01-02 18:00:00+00:00
57.18000030517578,57.439998626708984,57.16999816894531,57.2400016784668,24602,2026-01-02 19:00:00+00:00
57.2400016784668,57.31999969482422,57.220001220703125,57.290000915527344,2987,2026-01-02 20:00:00+00:00
57.290000915527344,57.349998474121094,57.279998779296875,57.31999969482422,3622,2026-01-02 21:00:00+00:00
56.95000076293945,57.380001068115234,56.939998626708984,57.31999969482422,4480,2026-01-04 23:00:00+00:00
57.31999969482422,57.459999084472656,57.310001373291016,57.380001068115234,3283,2026-01-05 00:00:00+00:00
57.380001068115234,57.72999954223633,57.25,57.279998779296875,7143,2026-01-05 01:00:00+00:00
57.27000045776367,57.38999938964844,57.25,57.27000045776367,2249,2026-01-05 02:00:00+00:00
57.27000045776367,57.279998779296875,57.02000045776367,57.060001373291016,2128,2026-01-05 03:00:00+00:00
57.04999923706055,57.130001068115234,56.9900016784668,56.9900016784668,1543,2026-01-05 04:00:00+00:00
57.02000045776367,57.099998474121094,56.84000015258789,56.88999938964844,2546,2026-01-05 05:00:00+00:00
56.88999938964844,57.02000045776367,56.84000015258789,56.880001068115234,2361,2026-01-05 06:00:00+00:00
56.88999938964844,56.97999954223633,56.70000076293945,56.7599983215332,3769,2026-01-05 07:00:00+00:00
56.7599983215332,56.90999984741211,56.310001373291016,56.599998474121094,13258,2026-01-05 08:00:00+00:00
56.59000015258789,57.45000076293945,56.560001373291016,57.40999984741211,13197,2026-01-05 09:00:00+00:00
57.40999984741211,57.439998626708984,57.20000076293945,57.380001068115234,11140,2026-01-05 10:00:00+00:00
57.369998931884766,57.75,57.31999969482422,57.63999938964844,10610,2026-01-05 11:00:00+00:00
57.63999938964844,57.84000015258789,57.459999084472656,57.84000015258789,8515,2026-01-05 12:00:00+00:00
57.84000015258789,57.959999084472656,57.75,57.900001525878906,16884,2026-01-05 13:00:00+00:00
57.88999938964844,58.20000076293945,57.779998779296875,57.97999954223633,31235,2026-01-05 14:00:00+00:00
57.9900016784668,58.5099983215332,57.52000045776367,58.41999816894531,37463,2026-01-05 15:00:00+00:00
58.40999984741211,58.41999816894531,57.88999938964844,58.119998931884766,28677,2026-01-05 16:00:00+00:00
58.119998931884766,58.33000183105469,58.099998474121094,58.310001373291016,18997,2026-01-05 17:00:00+00:00
58.310001373291016,58.41999816894531,58.220001220703125,58.279998779296875,12206,2026-01-05 18:00:00+00:00
58.290000915527344,58.400001525878906,58.18000030517578,58.29999923706055,24234,2026-01-05 19:00:00+00:00
58.29999923706055,58.40999984741211,58.29999923706055,58.34000015258789,5544,2026-01-05 20:00:00+00:00
58.34000015258789,58.40999984741211,58.310001373291016,58.349998474121094,4231,2026-01-05 21:00:00+00:00
58.34000015258789,58.380001068115234,58.04999923706055,58.220001220703125,0,2026-01-05 23:00:00+00:00
58.220001220703125,58.310001373291016,58.119998931884766,58.27000045776367,2129,2026-01-06 00:00:00+00:00
58.27000045776367,58.279998779296875,58.0,58.0099983215332,3766,2026-01-06 01:00:00+00:00
58.02000045776367,58.09000015258789,57.88999938964844,57.9900016784668,2402,2026-01-06 02:00:00+00:00
58.0,58.15999984741211,57.95000076293945,58.119998931884766,1177,2026-01-06 03:00:00+00:00
58.119998931884766,58.15999984741211,58.08000183105469,58.119998931884766,694,2026-01-06 04:00:00+00:00
58.11000061035156,58.18000030517578,58.06999969482422,58.08000183105469,1088,2026-01-06 05:00:00+00:00
58.06999969482422,58.189998626708984,58.029998779296875,58.130001068115234,1656,2026-01-06 06:00:00+00:00
58.130001068115234,58.130001068115234,57.880001068115234,57.959999084472656,4535,2026-01-06 07:00:00+00:00
57.95000076293945,58.4900016784668,57.84000015258789,58.470001220703125,11436,2026-01-06 08:00:00+00:00
58.47999954223633,58.66999816894531,58.290000915527344,58.38999938964844,19112,2026-01-06 09:00:00+00:00
58.400001525878906,58.59000015258789,58.369998931884766,58.58000183105469,6611,2026-01-06 10:00:00+00:00
58.58000183105469,58.630001068115234,58.41999816894531,58.59000015258789,9379,2026-01-06 11:00:00+00:00
58.599998474121094,58.630001068115234,58.380001068115234,58.560001373291016,7280,2026-01-06 12:00:00+00:00
58.560001373291016,58.869998931884766,58.5099983215332,58.72999954223633,17891,2026-01-06 13:00:00+00:00
58.7400016784668,58.79999923706055,58.09000015258789,58.130001068115234,32761,2026-01-06 14:00:00+00:00
58.130001068115234,58.40999984741211,57.72999954223633,58.13999938964844,41872,2026-01-06 15:00:00+00:00
58.13999938964844,58.220001220703125,57.939998626708984,57.95000076293945,16760,2026-01-06 16:00:00+00:00
57.959999084472656,57.959999084472656,57.58000183105469,57.619998931884766,15631,2026-01-06 17:00:00+00:00
57.630001068115234,57.689998626708984,57.36000061035156,57.380001068115234,15682,2026-01-06 18:00:00+00:00
57.34000015258789,57.36000061035156,56.93000030517578,56.939998626708984,35988,2026-01-06 19:00:00+00:00
56.90999984741211,57.029998779296875,56.84000015258789,56.900001525878906,8764,2026-01-06 20:00:00+00:00
56.90999984741211,57.04999923706055,56.880001068115234,56.970001220703125,6425,2026-01-06 21:00:00+00:00
57.0,57.09000015258789,56.369998931884766,56.45000076293945,0,2026-01-06 23:00:00+00:00
56.459999084472656,56.58000183105469,55.7599983215332,56.31999969482422,27596,2026-01-07 00:00:00+00:00
56.31999969482422,56.66999816894531,56.29999923706055,56.369998931884766,15913,2026-01-07 01:00:00+00:00
56.369998931884766,56.459999084472656,56.2599983215332,56.43000030517578,3388,2026-01-07 02:00:00+00:00
56.439998626708984,56.470001220703125,56.2599983215332,56.31999969482422,2990,2026-01-07 03:00:00+00:00
56.31999969482422,56.400001525878906,56.189998626708984,56.2599983215332,3873,2026-01-07 04:00:00+00:00
56.25,56.2599983215332,56.119998931884766,56.2599983215332,2932,2026-01-07 05:00:00+00:00
56.27000045776367,56.41999816894531,56.189998626708984,56.22999954223633,3400,2026-01-07 06:00:00+00:00
56.220001220703125,56.38999938964844,56.119998931884766,56.33000183105469,5817,2026-01-07 07:00:00+00:00
56.34000015258789,56.599998474121094,56.2599983215332,56.540000915527344,13732,2026-01-07 08:00:00+00:00
56.529998779296875,56.65999984741211,56.279998779296875,56.34000015258789,8915,2026-01-07 09:00:00+00:00
56.34000015258789,56.88999938964844,56.279998779296875,56.869998931884766,9830,2026-01-07 10:00:00+00:00
56.869998931884766,56.9900016784668,56.7400016784668,56.84000015258789,8052,2026-01-07 11:00:00+00:00
56.84000015258789,57.09000015258789,56.7400016784668,57.040000915527344,9308,2026-01-07 12:00:00+00:00
57.029998779296875,57.16999816894531,56.619998931884766,56.9900016784668,31443,2026-01-07 13:00:00+00:00
57.0,57.08000183105469,56.349998474121094,56.5099983215332,34160,2026-01-07 14:00:00+00:00
56.5099983215332,56.650001525878906,56.25,56.540000915527344,27751,2026-01-07 15:00:00+00:00
56.41999816894531,56.560001373291016,56.150001525878906,56.150001525878906,28825,2026-01-07 16:00:00+00:00
56.15999984741211,56.20000076293945,55.86000061035156,55.869998931884766,37665,2026-01-07 17:00:00+00:00
55.869998931884766,56.02000045776367,55.86000061035156,55.97999954223633,22955,2026-01-07 18:00:00+00:00
56.0,56.31999969482422,55.959999084472656,56.2400016784668,33403,2026-01-07 19:00:00+00:00
56.2400016784668,56.310001373291016,56.099998474121094,56.290000915527344,7730,2026-01-07 20:00:00+00:00
56.290000915527344,56.400001525878906,56.2599983215332,56.400001525878906,4523,2026-01-07 21:00:00+00:00
56.41999816894531,56.45000076293945,56.290000915527344,56.29999923706055,0,2026-01-07 23:00:00+00:00
56.290000915527344,56.349998474121094,56.27000045776367,56.290000915527344,511,2026-01-08 00:00:00+00:00
56.29999923706055,56.459999084472656,56.27000045776367,56.43000030517578,2750,2026-01-08 01:00:00+00:00
56.43000030517578,56.43000030517578,56.15999984741211,56.220001220703125,3080,2026-01-08 02:00:00+00:00
56.220001220703125,56.279998779296875,56.13999938964844,56.2599983215332,1251,2026-01-08 03:00:00+00:00
56.2599983215332,56.33000183105469,56.220001220703125,56.27000045776367,908,2026-01-08 04:00:00+00:00
56.279998779296875,56.33000183105469,56.209999084472656,56.2599983215332,1618,2026-01-08 05:00:00+00:00
56.25,56.27000045776367,56.09000015258789,56.2599983215332,2338,2026-01-08 06:00:00+00:00
56.25,56.290000915527344,56.130001068115234,56.16999816894531,1668,2026-01-08 07:00:00+00:00
56.15999984741211,56.20000076293945,55.970001220703125,56.189998626708984,7922,2026-01-08 08:00:00+00:00
56.18000030517578,56.52000045776367,56.060001373291016,56.43000030517578,6836,2026-01-08 09:00:00+00:00
56.41999816894531,56.70000076293945,56.38999938964844,56.650001525878906,5998,2026-01-08 10:00:00+00:00
56.63999938964844,56.91999816894531,56.58000183105469,56.84000015258789,8732,2026-01-08 11:00:00+00:00
56.84000015258789,56.939998626708984,56.790000915527344,56.88999938964844,11438,2026-01-08 12:00:00+00:00
56.88999938964844,57.18000030517578,56.77000045776367,57.06999969482422,19913,2026-01-08 13:00:00+00:00
57.06999969482422,57.22999954223633,56.90999984741211,56.970001220703125,30746,2026-01-08 14:00:00+00:00
56.959999084472656,57.04999923706055,56.7400016784668,56.86000061035156,22587,2026-01-08 15:00:00+00:00
56.869998931884766,57.15999984741211,56.849998474121094,57.06999969482422,21507,2026-01-08 16:00:00+00:00
57.060001373291016,57.36000061035156,57.040000915527344,57.290000915527344,17649,2026-01-08 17:00:00+00:00
57.279998779296875,57.709999084472656,57.25,57.689998626708984,32635,2026-01-08 18:00:00+00:00
57.70000076293945,58.2599983215332,57.540000915527344,58.20000076293945,67476,2026-01-08 19:00:00+00:00
58.20000076293945,58.66999816894531,58.20000076293945,58.59000015258789,15516,2026-01-08 20:00:00+00:00
58.59000015258789,58.7400016784668,58.36000061035156,58.400001525878906,11111,2026-01-08 21:00:00+00:00
58.400001525878906,58.45000076293945,58.27000045776367,58.279998779296875,0,2026-01-08 23:00:00+00:00
58.279998779296875,58.29999923706055,58.220001220703125,58.220001220703125,1724,2026-01-09 00:00:00+00:00
58.2400016784668,58.25,57.97999954223633,58.099998474121094,6513,2026-01-09 01:00:00+00:00
58.099998474121094,58.189998626708984,58.099998474121094,58.150001525878906,1833,2026-01-09 02:00:00+00:00
58.150001525878906,58.150001525878906,58.0,58.11000061035156,2194,2026-01-09 03:00:00+00:00
58.11000061035156,58.209999084472656,58.04999923706055,58.18000030517578,1854,2026-01-09 04:00:00+00:00
58.18000030517578,58.2599983215332,58.099998474121094,58.16999816894531,1496,2026-01-09 05:00:00+00:00
58.15999984741211,58.369998931884766,58.150001525878906,58.33000183105469,3008,2026-01-09 06:00:00+00:00
58.34000015258789,58.529998779296875,58.27000045776367,58.33000183105469,3932,2026-01-09 07:00:00+00:00
58.33000183105469,58.349998474121094,58.150001525878906,58.16999816894531,9214,2026-01-09 08:00:00+00:00
58.18000030517578,58.27000045776367,57.61000061035156,57.91999816894531,17368,2026-01-09 09:00:00+00:00
57.91999816894531,58.119998931884766,57.86000061035156,58.08000183105469,8621,2026-01-09 10:00:00+00:00
58.099998474121094,58.31999969482422,58.099998474121094,58.290000915527344,5583,2026-01-09 11:00:00+00:00
58.279998779296875,58.31999969482422,58.130001068115234,58.13999938964844,6525,2026-01-09 12:00:00+00:00
58.13999938964844,58.33000183105469,58.0,58.2599983215332,14222,2026-01-09 13:00:00+00:00
58.27000045776367,59.34000015258789,58.18000030517578,59.2400016784668,45469,2026-01-09 14:00:00+00:00
59.22999954223633,59.529998779296875,58.95000076293945,59.459999084472656,34333,2026-01-09 15:00:00+00:00
59.45000076293945,59.77000045776367,59.310001373291016,59.7599983215332,38798,2026-01-09 16:00:00+00:00
59.7599983215332,59.7599983215332,59.2599983215332,59.36000061035156,34794,2026-01-09 17:00:00+00:00
59.369998931884766,59.45000076293945,59.099998474121094,59.43000030517578,20323,2026-01-09 18:00:00+00:00
59.43000030517578,59.439998626708984,58.97999954223633,58.97999954223633,50653,2026-01-09 19:00:00+00:00
58.97999954223633,59.029998779296875,58.75,58.77000045776367,10160,2026-01-09 20:00:00+00:00
58.77000045776367,58.95000076293945,58.709999084472656,58.779998779296875,5658,2026-01-09 21:00:00+00:00
