Open,High,Low,Close,Volume,Dividends,Stock Splits,sma_20,sma_50,sma_200,ema_12,ema_26,macd,macd_signal,macd_diff,rsi,bb_high,bb_mid,bb_low,bb_width,atr,stoch_k,stoch_d,volume_sma,volume_ratio,returns,log_returns,volatility_20,symbol,timestamp
19496.94921875,19647.94921875,19469.849609375,19554.30078125,1458200,0.0,0.0,19417.53505859375,19724.8948828125,19274.196484375,19542.95873741468,19553.400599547906,-10.441862133226095,-61.75154482843213,51.309682695206035,49.902545821463306,19844.636509115615,19417.53505859375,18990.433608071882,4.399131498751601,202.2963996594021,67.18466850920863,82.93218154014619,1068395.0,1.364851014840017,-0.009018191982667956,-0.009018191982667956,0.007103801580269614,FINNIFTY,2023-11-17 00:00:00+05:30
19552.80078125,19592.5,19483.099609375,19518.599609375,987300,0.0,0.0,19412.95751953125,19720.171875,19279.346728515626,19539.21117925473,19550.822748423987,-11.611569169257564,-51.72354969659722,40.111980527339654,48.62358742831416,19833.617131379866,19412.95751953125,18992.297907682634,4.333802424750511,195.6609704426591,57.067015246033186,70.56489290781894,1076265.0,0.917339131161935,-0.0018257452554495401,-0.0018257452554495401,0.007063353708383658,FINNIFTY,2023-11-20 00:00:00+05:30
19619.0,19635.400390625,19584.599609375,19612.099609375,1260000,0.0,0.0,19413.25,19717.2338671875,19287.252978515626,19550.42478388862,19555.3617751611,-4.936991272479645,-42.3662380117737,37.42924673929406,52.08697524874685,19834.454563899355,19413.25,18992.045436100645,4.339351359502968,190.0280997860406,69.45849403359821,64.57005926294669,1102815.0,1.1425307055127107,0.004790302679045233,0.004790302679045233,0.007151329076976905,FINNIFTY,2023-11-21 00:00:00+05:30
19604.599609375,19615.69921875,19467.25,19566.30078125,1015400,0.0,0.0,19421.325,19709.3458984375,19294.628232421874,19552.867245021138,19556.172071908426,-3.3048268872880726,-34.55395578687658,31.249128899588506,50.29835330403691,19847.732191096016,19421.325,18994.917808903985,4.39112358292769,187.05817971203768,57.365614572375065,61.29704128400215,1102525.0,0.9209768485975375,-0.0023352333017474525,-0.0023352333017474525,0.006758216742321228,FINNIFTY,2023-11-22 00:00:00+05:30
19563.69921875,19642.400390625,19561.69921875,19587.25,789600,0.0,0.0,19439.48251953125,19698.32890625,19302.089482421874,19558.15689963327,19558.47414065595,-0.31724102267980925,-27.706612834037227,27.389371811357417,51.125101834322315,19861.656607722187,19439.48251953125,19017.308431340316,4.343470437207044,179.4612505808207,47.490710426416534,58.10493967746327,1094640.0,0.7213330409997808,0.0010706785602556668,0.0010706785602556668,0.006356831901323018,FINNIFTY,2023-11-23 00:00:00+05:30
19595.44921875,19665.400390625,19576.94921875,19652.0,681700,0.0,0.0,19475.94755859375,19685.262890625,19309.925478515626,19572.594299689692,19565.401982088846,7.192317600845854,-20.72682674706061,27.919144347906464,53.689238676495556,19834.46102326728,19475.94755859375,19117.434093920223,3.681602279888394,172.96053067326207,60.80824311567277,55.22152270482146,1052365.0,0.6477790500444237,0.003305721834356623,0.003305721834356623,0.005018930493624547,FINNIFTY,2023-11-24 00:00:00+05:30
19685.44921875,19739.400390625,19645.849609375,19702.650390625,939500,0.0,0.0,19504.62255859375,19673.23890625,19318.327978515626,19592.602929064356,19575.568530869303,17.034398195053654,-13.174581758637759,30.20897995369141,55.6493599177854,19838.490888209166,19504.62255859375,19170.754228978334,3.4234790097828705,167.28840571445764,71.22582200172735,59.84159184793888,1054160.0,0.8912309326857403,0.002577365694331313,0.002577365694331313,0.004556559580507224,FINNIFTY,2023-11-28 00:00:00+05:30
19786.75,20022.55078125,19766.150390625,20000.349609375,1029700,0.0,0.0,19542.57001953125,19665.5108984375,19326.091474609377,19655.333187573688,19607.0337959438,48.299391629887396,-0.8797870809327275,49.179178710820125,65.02052997167664,19918.06955639781,19542.57001953125,19167.070482664687,3.842887977285283,178.18926177949638,96.29641696994973,76.11016069578328,1069105.0,0.9631420674302337,0.015109602659937105,0.015109602659937105,0.00541234908213102,FINNIFTY,2023-11-29 00:00:00+05:30
20051.599609375,20099.30078125,19903.349609375,20054.650390625,2192300,0.0,0.0,19585.07255859375,19658.439921875,19334.506728515626,19716.766603427735,19640.190580734998,76.57602269273775,14.611374873801369,61.964647818936385,66.41451656588461,19989.26867503184,19585.07255859375,19180.876442155663,4.127593760286894,179.45796964346093,93.39687766272402,86.9730388781337,1125110.0,1.948520589097955,0.0027149916031741217,0.0027149916031741217,0.00533692076914034,FINNIFTY,2023-11-30 00:00:00+05:30
20096.69921875,20255.30078125,20074.150390625,20211.0,1660100,0.0,0.0,19638.392578125,19652.0329296875,19343.5834765625,19792.8025105927,19682.47275993981,110.32975065289065,33.75505002961923,76.57470062327143,70.10829972422965,20076.06386024752,19638.392578125,19200.72129600248,4.4573025045851935,180.97171399928516,94.67667401258429,94.78998954841934,1159370.0,1.4318983585913039,0.007796177262112236,0.007796177262112236,0.005324150071733452,FINNIFTY,2023-12-01 00:00:00+05:30
20571.30078125,20884.30078125,20493.05078125,20862.900390625,1949800,0.0,0.0,19717.94013671875,19661.1259375,19355.468232421874,19957.432953674594,19769.91184369427,187.52110998032367,64.50826201976011,123.01284796056356,79.99006593021028,20380.716587968018,19717.94013671875,19055.16368546948,6.7225729123200475,216.1380759457648,98.48979366807713,95.52111511446181,1176810.0,1.6568519981985197,0.03225473210751573,0.03225473210751573,0.008467492428576275,FINNIFTY,2023-12-04 00:00:00+05:30
21068.05078125,21161.80078125,20938.25,21055.80078125,1933300,0.0,0.0,19802.36015625,19680.151953125,19368.188232421875,20126.412619455423,19865.162876105805,261.24974334961735,103.85655828573155,157.3931850638858,81.89714054238301,20665.009716418423,19802.36015625,18939.71059608158,8.712593381412198,222.04966985142445,93.74465485644471,95.63704084570203,1229330.0,1.5726452620533136,0.009246096516459579,0.009246096516459579,0.008546766992634534,FINNIFTY,2023-12-05 00:00:00+05:30
21161.150390625,21161.150390625,20993.5,21026.75,1349000,0.0,0.0,19876.8201171875,19704.38796875,19380.740986328125,20264.926062616127,19951.206366764633,313.7196958514942,145.82918579888408,167.8905100526101,80.6505078104391,20880.70677284419,19876.8201171875,18872.93346153081,10.101079043208006,218.164007049537,92.03029010730627,94.75491287727603,1248150.0,1.0807995833834074,-0.001379704412660887,-0.001379704412660887,0.008563354047214507,FINNIFTY,2023-12-06 00:00:00+05:30
20992.44921875,21075.25,20911.05078125,21023.44921875,1403500,0.0,0.0,19949.96259765625,19730.19796875,19393.713486328124,20381.62193279057,20030.631763207995,350.9901695825756,186.8613825556224,164.1287870269532,80.50056959028306,21058.719426274165,19949.96259765625,18841.205769038334,11.115377517030273,214.30937931385577,91.83550212653151,92.53681569676083,1259490.0,1.1143399312420106,-0.00015698009678144498,-0.00015698009678144498,0.008589351045550612,FINNIFTY,2023-12-07 00:00:00+05:30
21007.05078125,21237.19921875,21006.30078125,21213.849609375,1436100,0.0,0.0,20035.11005859375,19757.62296875,19406.80423828125,20509.656959957407,20118.277529590734,391.37943036667275,227.7649921178325,163.61443824884026,82.5193896529559,21252.183719445915,20035.11005859375,18818.036397741584,12.149408286680421,215.4943120414375,98.68077518113823,94.18218913832534,1287855.0,1.11511000850251,0.00905657243223379,0.00905657243223379,0.008540951264570848,FINNIFTY,2023-12-08 00:00:00+05:30
21192.650390625,21321.5,21162.44921875,21214.69921875,905600,0.0,0.0,20121.24755859375,19785.9599609375,19419.69298828125,20618.12499977165,20199.49395100994,418.631048761712,265.93820344660844,152.69284531510357,82.52808230720603,21413.86931227066,20121.24755859375,18828.62580491684,12.84832612801719,211.46263127062053,94.24021673183228,94.91883134650068,1274075.0,0.7107901811117869,4.00497500756547e-05,4.00497500756547e-05,0.0085114971856376,FINNIFTY,2023-12-11 00:00:00+05:30
21260.75,21277.75,21140.349609375,21173.25,1134700,0.0,0.0,20201.35751953125,19813.9739453125,19432.620234375,20703.528845960627,20271.624028712908,431.9048172477196,299.1315262068307,132.77329104088892,80.42682859280197,21545.23218009235,20201.35751953125,18857.482858970154,13.304795573879638,206.1724712245048,92.0048537144398,94.97528187580343,1290990.0,0.8789378693870595,-0.0019537971442633584,-0.0019537971442633584,0.00862505707230489,FINNIFTY,2023-12-12 00:00:00+05:30
21203.650390625,21208.69921875,21055.44921875,21171.19921875,1712400,0.0,0.0,20282.8099609375,19843.8869140625,19446.305732421875,20775.47813408207,20338.259227974915,437.2189061071549,326.74900218689555,110.46990392025936,80.31786621424315,21654.184774401198,20282.8099609375,18911.4351474738,13.522532786185138,202.3922947084687,91.45921613108729,92.56809552578646,1308060.0,1.309114260813724,-9.685717827923046e-05,-9.685717827923046e-05,0.008584560992310473,FINNIFTY,2023-12-13 00:00:00+05:30
21375.599609375,21562.19921875,21354.349609375,21461.25,1426100,0.0,0.0,20369.72998046875,19876.889921875,19462.349228515624,20880.981498069443,20421.443729606402,459.53776846304027,353.30675544212454,106.23101302091573,83.68462547625529,21806.908322182153,20369.72998046875,18932.551638755347,14.110921873696142,215.8642736578638,94.91503746379549,92.79303576977419,1314315.0,1.0850519091694153,0.013700252794046852,0.013700252794046852,0.008782056164310055,FINNIFTY,2023-12-14 00:00:00+05:30
21545.400390625,21570.94921875,21365.400390625,21529.75,2026800,0.0,0.0,20459.60498046875,19912.8109375,19478.685732421876,20980.79203682799,20503.540490376297,477.25154645169096,378.0957136440378,99.15583280765316,84.36483629052196,21949.915239251484,20459.60498046875,18969.294721686016,14.56831898959361,215.12745611980213,97.85989158434374,94.74471505974218,1364555.0,1.4853193898377126,0.0031917991729280004,0.0031917991729280004,0.008741243233764172,FINNIFTY,2023-12-15 00:00:00+05:30
21513.150390625,21535.44921875,21418.150390625,21444.900390625,986100,0.0,0.0,20554.1349609375,19950.1479296875,19496.203984375,21052.193322027528,20573.27085335768,478.92246866984715,398.2610646491997,80.66140402064747,79.92009550735523,22042.599696506924,20554.1349609375,19065.670225368074,14.483360534493,208.13969697731628,93.01590702738035,95.26361202517319,1340950.0,0.7353741750251688,-0.00394104015954666,-0.00394104015954666,0.008397897415400249,FINNIFTY,2023-12-18 00:00:00+05:30
21476.849609375,21491.05078125,21337.150390625,21434.44921875,979200,0.0,0.0,20649.92744140625,19985.264921875,19513.815732421874,21111.00192152329,20637.061843386742,473.9400781365475,413.3968673466693,60.54321078987823,79.36544901138292,22105.72496077864,20649.92744140625,19194.12992203386,14.099783386679556,204.2654608092937,91.81458191566986,94.23012684246464,1340545.0,0.7304491829815486,-0.0004873499845944318,-0.0004873499845944318,0.008348697914752776,FINNIFTY,2023-12-19 00:00:00+05:30
21518.349609375,21552.349609375,21096.75,21201.25,1452800,0.0,0.0,20729.3849609375,20012.9259375,19530.501484375,21124.886241288936,20678.85355869143,446.0326825975062,419.9240303968367,26.108652200669496,68.0217461901325,22122.032230961646,20729.3849609375,19336.737690913353,13.436455279772694,222.21789999255842,75.30067422533244,86.71038772279422,1350185.0,1.076000696200891,-0.01087964595544666,-0.01087964595544666,0.009048242122636116,FINNIFTY,2023-12-20 00:00:00+05:30
21087.25,21359.25,20996.44921875,21326.0,1385800,0.0,0.0,20817.369921875,20047.5529296875,19547.124482421874,21155.826819552178,20726.790332121695,429.03648743048325,421.74652180356605,7.289965626917194,70.45457603910364,22124.70994821102,20817.369921875,19510.02989553898,12.560088342017309,232.25953436808996,77.27529698269926,81.46351770790052,1368705.0,1.0124899083440186,0.005884087023170892,0.005884087023170892,0.00893408200968813,FINNIFTY,2023-12-21 00:00:00+05:30
21339.25,21413.5,21138.44921875,21197.150390625,1307200,0.0,0.0,20897.86494140625,20074.7989453125,19563.161982421876,21162.18429202492,20761.631817936755,400.55247408816285,417.50771226048545,-16.955238172322595,64.95771258293017,22085.058181040375,20897.86494140625,19710.671701772124,11.361861539088283,235.31605200251212,43.3550972569169,65.31035615498287,1394585.0,0.9373397820857101,-0.006041902343383643,-0.006041902343383643,0.00920893265214195,FINNIFTY,2023-12-22 00:00:00+05:30
21240.349609375,21303.599609375,21192.900390625,21261.650390625,1064500,0.0,0.0,20978.3474609375,20101.436953125,19578.96873046875,21177.486768732622,20798.67023072848,378.8165380041428,409.76947740921696,-30.952939405074176,66.37209499387691,22026.941817493076,20978.3474609375,19929.753104381925,9.996920477250164,226.41484962733267,53.12932861354138,57.91990761771918,1413725.0,0.7529752957611983,0.003042861838095323,0.003042861838095323,0.009210158679451652,FINNIFTY,2023-12-26 00:00:00+05:30
21316.0,21491.69921875,21306.05078125,21465.69921875,963800,0.0,0.0,21066.49990234375,20131.836953125,19596.56248046875,21221.827145658375,20848.07978539674,373.74736026163373,402.56505397970034,-28.817693718066607,70.43725982364793,21955.594080158724,21066.49990234375,20177.405724528773,8.440834328782444,226.67441952002318,84.05057596457789,60.178333945012064,1414940.0,0.6811596251431156,0.009597036183746743,0.009597036183746743,0.009287170235661354,FINNIFTY,2023-12-27 00:00:00+05:30
21555.349609375,21627.349609375,21490.80078125,21534.099609375,1598300,0.0,0.0,21143.18740234375,20165.971953125,19612.910478515623,21269.86906315324,20898.89606865439,370.9729944988503,396.2466420835304,-25.273647584680077,71.67343882669691,21906.966934776483,21143.18740234375,20379.407869911014,7.224828668435002,222.0298460275215,85.21953681030026,74.13314712947317,1443370.0,1.107339074526975,0.0031864972078454734,0.0031864972078454734,0.008935130147870797,FINNIFTY,2023-12-28 00:00:00+05:30
21461.5,21523.900390625,21417.400390625,21487.44921875,1573200,0.0,0.0,21214.82734375,20199.4309375,19628.499970703124,21303.34293324505,20942.4925982911,360.85033495394964,389.1673806576142,-28.317045703664576,69.53774655965469,21806.055492449937,21214.82734375,20623.59919505006,5.573725763779239,214.5062297934128,77.82528070930373,82.36513116139396,1412415.0,1.1138369388600375,-0.002166349718410787,-0.002166349718410787,0.009030721434260303,FINNIFTY,2023-12-29 00:00:00+05:30
21453.69921875,21465.80078125,21299.099609375,21346.150390625,1206200,0.0,0.0,21271.58486328125,20227.4899609375,19643.2647265625,21309.928695918887,20972.39317550102,337.5355204178668,378.84100860966475,-41.30548819179796,63.377688732635555,21643.848668986113,21271.58486328125,20899.321057576384,3.5001040881299033,212.63789976352618,55.428904003145306,72.82457384091644,1389720.0,0.8679446219382322,-0.006575877233566785,-0.006575877233566785,0.009239812539161806,FINNIFTY,2024-01-02 00:00:00+05:30
21362.150390625,21368.30078125,21216.55078125,21256.55078125,1049800,0.0,0.0,21291.2673828125,20258.8769921875,19658.26998046875,21301.716709046752,20993.44188703798,308.27482200877057,364.72777128948593,-56.45294928071536,59.76238855316048,21613.247723553857,21291.2673828125,20969.287042071144,3.0245295871985243,208.28876406613145,41.2270409663768,58.16040855960861,1344720.0,0.7806829674579094,-0.004197459857415375,-0.004197459857415375,0.0062209565722411405,FINNIFTY,2024-01-03 00:00:00+05:30
21346.75,21551.55078125,21329.099609375,21516.599609375,1374200,0.0,0.0,21314.30732421875,20297.0059765625,19676.214228515626,21334.77561678956,21032.194310914798,302.5813058747626,352.2984782065413,-49.71717233177867,65.85101385366812,21631.50442792424,21314.30732421875,20997.11022051326,2.976377312013976,214.4824237756935,82.44572334306439,59.700556104195506,1316765.0,1.0436182614209826,0.012233820566711406,0.012233820566711406,0.006461783908824625,FINNIFTY,2024-01-04 00:00:00+05:30
21529.94921875,21602.099609375,21380.400390625,21514.19921875,1052100,0.0,0.0,21338.67978515625,20335.1649609375,19695.610224609376,21362.379247860397,21067.898378161848,294.4808696985492,340.7349565049429,-46.25408680639367,65.75211108238204,21638.16508721303,21338.67978515625,21039.194483099473,2.8069712378842553,214.99790913100108,82.06525272350714,68.57933901098278,1301920.0,0.8081141698414649,-0.00011155994295464211,-0.00011155994295464211,0.0064423345113274804,FINNIFTY,2024-01-05 00:00:00+05:30
21511.94921875,21554.05078125,21270.150390625,21292.44921875,899400,0.0,0.0,21352.12978515625,20372.9179296875,19714.343720703124,21351.620781843412,21084.531773760973,267.08900808243925,326.00576682044215,-58.9167587380029,57.20453723447168,21615.79856829663,21352.12978515625,21088.46100201587,2.4697188130027117,219.919514952001,46.91707350296111,70.47601652317756,1276715.0,0.7044641913034624,-0.010307146352290908,-0.010307146352290908,0.006933160371791061,FINNIFTY,2024-01-08 00:00:00+05:30
21385.44921875,21479.44921875,21155.400390625,21197.25,1083300,0.0,0.0,21351.2998046875,20412.3809375,19733.276220703126,21327.871430790583,21092.8812720009,234.99015878968203,307.8026452142901,-72.8124864246081,53.96136138306942,21616.80261050997,21351.2998046875,21085.79699886503,2.486994311832779,227.35732303578666,31.8276520721563,53.603326099541526,1259075.0,0.8603935428787006,-0.0044710318560331475,-0.0044710318560331475,0.006727577235273809,FINNIFTY,2024-01-09 00:00:00+05:30
21138.849609375,21256.94921875,21095.849609375,21224.30078125,907100,0.0,0.0,21351.7798828125,20458.41296875,19752.07822265625,21311.937484707414,21102.6160504638,209.32143424361493,288.1064030201551,-78.78496877654015,54.74645907254428,21616.325955122607,21351.7798828125,21087.233810502395,2.477976765984339,222.62462920287334,36.11529900532783,38.286674860148416,1259150.0,0.7204066235158639,0.0012761457854202352,0.0012761457854202352,0.006733810491892916,FINNIFTY,2024-01-10 00:00:00+05:30
21299.25,21382.75,21170.80078125,21249.19921875,843900,0.0,0.0,21355.57734375,20500.8139453125,19769.967216796875,21302.28544379089,21113.474062929443,188.8113808614471,268.2473985884135,-79.43601772696638,55.49868966210062,21611.81339947383,21355.57734375,21099.341288026168,2.3997108727086007,221.86209988481096,40.06179164822101,36.00158090856838,1244610.0,0.6780437245402174,0.0011731099062635142,0.0011731099062635142,0.006721269903024208,FINNIFTY,2024-01-11 00:00:00+05:30
21303.75,21371.94921875,21217.900390625,21300.69921875,932000,0.0,0.0,21362.05234375,20541.999921875,19788.721962890624,21302.041409169215,21127.342592990226,174.69881617898864,249.53768210652854,-74.8388659275399,57.08760584060777,21605.552809617948,21362.05234375,21118.551877882055,2.279747862701857,217.01829475911018,38.54178915804327,38.239626603864046,1205590.0,0.773065470018829,0.002423620743061017,0.002423620743061017,0.006739007700463133,FINNIFTY,2024-01-12 00:00:00+05:30
21374.5,21499.349609375,21336.69921875,21461.349609375,1111000,0.0,0.0,21362.05732421875,20587.134921875,19806.99470703125,21326.550363047027,21152.083853463173,174.46650958385362,234.52344760199355,-60.05693801813993,61.683530630132196,21605.565909631478,21362.05732421875,21118.54873880602,2.2798233495671405,215.70630160667375,68.76763875823141,49.12373985483191,1189835.0,0.9337429139334446,0.007542024277005233,0.007542024277005233,0.006216195009059986,FINNIFTY,2024-01-15 00:00:00+05:30
21444.05078125,21513.5,21415.0,21447.150390625,1134200,0.0,0.0,21357.92734375,20633.1859375,19824.913212890624,21345.104213443636,21173.94063399368,171.16357944995616,221.85147397158607,-50.687894521629914,61.06105575868349,21592.55940358618,21357.92734375,21123.295283913823,2.197142597779637,207.33442292048275,66.09610183443085,57.80184325023519,1145205.0,0.9903903667902253,-0.0006616181651407649,-0.0006616181651407649,0.006172227487246498,FINNIFTY,2024-01-16 00:00:00+05:30
20733.69921875,21015.80078125,20486.900390625,20528.900390625,3102400,0.0,0.0,21312.12734375,20658.3249609375,19838.8249609375,21219.53439454846,21126.15987522563,93.37451932283147,196.15608304183516,-102.78156371900369,35.85913709924709,21739.45148199633,21312.12734375,20884.803205503667,4.010150008526938,261.11410699759114,3.682759329348701,46.182166640670324,1251020.0,2.4798964045339003,-0.04281454567509291,-0.04281454567509291,0.01136081124658445,FINNIFTY,2024-01-17 00:00:00+05:30
20245.94921875,20522.099609375,20194.75,20324.05078125,2362600,0.0,0.0,21256.607421875,20677.45796875,19852.328212890625,21081.767684810235,21066.74438678299,15.023298027244891,159.92952603891712,-144.90622801167223,32.624185001563774,21858.722529374892,21256.607421875,20654.492314375108,5.665204193217218,266.3309843995489,9.187538077864115,26.322133080547896,1320190.0,1.7895908922200592,-0.009978596294838549,-0.009978596294838549,0.011486657831766302,FINNIFTY,2024-01-18 00:00:00+05:30
20510.349609375,20604.900390625,20371.150390625,20425.349609375,1835500,0.0,0.0,21217.81240234375,20695.2139453125,19866.37470703125,20980.780288589427,21019.233662530547,-38.453373941119935,120.25294604290971,-158.70631998402965,35.712682734130766,21920.74014390401,21217.81240234375,20514.884660783486,6.625826717957187,267.3680290406526,16.385381986030367,9.751893131081067,1339325.0,1.370466466316988,0.004984184954824666,0.004984184954824666,0.011431866035529424,FINNIFTY,2024-01-19 00:00:00+05:30
20735.5,20771.849609375,20081.30078125,20137.05078125,2807900,0.0,0.0,21158.36494140625,20706.74296875,19878.73771484375,20850.975748998746,20953.886782435693,-102.91103343694704,75.62015014693836,-178.5311835838854,31.313269026224773,22001.715184470104,21158.36494140625,20315.014698342395,7.971790309878292,297.59522897524886,3.6658365964638753,9.746252220119457,1410430.0,1.990811312862035,-0.0141147561064352,-0.0141147561064352,0.011597886827438257,FINNIFTY,2024-01-23 00:00:00+05:30
19878.55078125,20324.5,19878.55078125,20206.400390625,2202400,0.0,0.0,21108.82744140625,20720.65296875,19890.80046875,20751.81030924894,20898.517420079344,-146.70711083040442,31.154697951469803,-177.86180878187423,33.437433838792714,22048.17307312307,21108.82744140625,20169.48180968943,8.900026629373421,308.1919425305882,19.021776698468027,13.024331760320763,1455190.0,1.5134793394676984,0.003443881138720295,0.003443881138720295,0.011652124735215517,FINNIFTY,2024-01-24 00:00:00+05:30
20204.150390625,20234.900390625,19941.30078125,20099.400390625,1851400,0.0,0.0,21050.71494140625,20732.8019921875,19901.003974609375,20651.439552537566,20839.323566045692,-187.88401350812637,-12.653044340449433,-175.23096916767693,31.803212790105363,22084.14592052807,21050.71494140625,20017.283962284433,9.818488179601772,307.1496330194747,12.81365550956024,11.833756268164052,1494535.0,1.2387799549692713,-0.0052953518653250375,-0.0052953518653250375,0.011599011985436574,FINNIFTY,2024-01-25 00:00:00+05:30
20246.400390625,20465.0,20235.75,20413.349609375,2025000,0.0,0.0,20998.0974609375,20749.64796875,19912.24697265625,20614.810330512555,20807.76993962564,-192.9596091130843,-48.71435729497641,-144.24525181810787,40.92612747921584,22048.673357677817,20998.0974609375,19947.521564197184,10.006391280873798,311.32463133058366,31.9187602581319,21.251397488720063,1547595.0,1.308481870256753,0.015619830076942787,0.015619830076942787,0.012007217476184273,FINNIFTY,2024-01-29 00:00:00+05:30
20392.150390625,20466.30078125,20242.69921875,20285.5,1654100,0.0,0.0,20935.66748046875,20764.5149609375,19921.813720703125,20564.14720274139,20769.08327743115,-204.93607468975824,-79.95870077393278,-124.97737391582547,38.658166230534555,21999.725313768893,20935.66748046875,19871.609647168607,10.165024203721435,305.0586978426848,24.89063354892043,23.20768310553753,1550385.0,1.0668962870512808,-0.006263039227833778,-0.006263039227833778,0.011959966262433907,FINNIFTY,2024-01-30 00:00:00+05:30
20249.25,20587.44921875,20160.55078125,20497.5,1655500,0.0,0.0,20886.17001953125,20780.00796875,19931.99046875,20553.893786935023,20748.965997621435,-195.0722106864123,-102.98140275642868,-92.09080792998361,44.18188179301974,21934.942925788033,20886.17001953125,19837.39711327447,10.04274987013937,313.76153638963586,37.857397138194756,31.555596981749034,1554500.0,1.0649726600192988,0.010450814621281168,0.010450814621281168,0.01232850864267185,FINNIFTY,2024-01-31 00:00:00+05:30
20555.94921875,20570.19921875,20355.69921875,20516.650390625,1309000,0.0,0.0,20844.69501953125,20795.6959765625,19942.620224609374,20548.164033656558,20731.757434140218,-183.59340048365993,-119.10380230187494,-64.489598181785,44.6665989326028,21882.98037013068,20844.69501953125,19806.409668931818,9.962106422056737,306.67142664751907,39.02871123195244,33.925580639689215,1559640.0,0.8392962478520685,0.0009342793328455112,0.0009342793328455112,0.012305197867588782,FINNIFTY,2024-02-01 00:00:00+05:30
20661.05078125,20817.5,20408.30078125,20434.05078125,1324200,0.0,0.0,20803.57001953125,20813.2909765625,19951.847724609375,20530.608148670934,20709.705089481686,-179.09694081075213,-131.10243000365037,-47.99451080710176,42.93476089531592,21838.496157554593,20803.57001953125,19768.643881507905,9.949505176772183,313.9948403691248,33.976590442650405,36.95423293759921,1573360.0,0.8416382773173336,-0.00402597928035775,-0.00402597928035775,0.012303577314452224,FINNIFTY,2024-02-02 00:00:00+05:30
20441.349609375,20458.05078125,20260.0,20315.849609375,1335600,0.0,0.0,20743.53251953125,20829.2359765625,19959.91671875,20497.568373394635,20680.530609473783,-182.96223607914726,-141.47439121874976,-41.4878448603975,40.51396796957009,21744.804763247692,20743.53251953125,19742.26027581481,9.653825767368067,305.7131218606159,26.746936425299907,33.25074603330092,1571430.0,0.8499265000668181,-0.005784519826262713,-0.005784519826262713,0.011866233576752065,FINNIFTY,2024-02-05 00:00:00+05:30
20351.80078125,20391.0,20240.55078125,20365.5,1405800,0.0,0.0,20686.09755859375,20844.303984375,19967.47271484375,20477.250162103155,20657.19500877202,-179.94484666886638,-149.1684823087731,-30.776364360093282,41.99345499992491,21634.331333563336,20686.09755859375,19737.86378362416,9.167836246384294,294.6228430670005,29.783751884495647,30.16909291748199,1589115.0,0.8846433392171114,0.0024439239106244237,0.0024439239106244237,0.011910371295851452,FINNIFTY,2024-02-06 00:00:00+05:30
20463.44921875,20537.599609375,20357.849609375,20443.650390625,1836500,0.0,0.0,20643.6576171875,20861.8509765625,19975.554716796876,20472.080966491132,20641.376888909283,-169.29592241815044,-153.19397033064857,-16.10195208750187,44.340018889494075,21554.792270344304,20643.6576171875,19732.522964030693,8.827259878580941,286.41763999078614,49.69000741921301,35.4068985763362,1635970.0,1.1225755973520297,0.0038373912069431526,0.0038373912069431526,0.01185290041864784,FINNIFTY,2024-02-07 00:00:00+05:30
20496.650390625,20542.849609375,20021.349609375,20064.69921875,2084800,0.0,0.0,20587.030078125,20871.3999609375,19982.05521484375,20409.406851454038,20598.660024453042,-189.25317299900416,-160.4058108643197,-28.84736213468446,36.60689360619248,21494.270566432664,20587.030078125,19679.789589817337,8.81370926126603,303.2092371343014,19.825186898585937,33.0996487340982,1686045.0,1.236503177554573,-0.018536375091249724,-0.018536375091249724,0.012413490337820294,FINNIFTY,2024-02-08 00:00:00+05:30
20037.849609375,20233.55078125,19958.599609375,20203.30078125,2026600,0.0,0.0,20535.980078125,20882.4259765625,19989.228466796874,20377.698225268803,20569.37415458615,-191.67592931734544,-166.65983455492486,-25.01609476242058,40.68179170054439,21408.268871168035,20535.980078125,19663.691285081968,8.495224379110091,301.1908039014942,34.586534981341345,34.70057643304677,1742020.0,1.1633620739141917,0.006907731882194401,0.006907731882194401,0.01257052651148638,FINNIFTY,2024-02-09 00:00:00+05:30
20198.400390625,20231.55078125,19822.05078125,19918.5,1349800,0.0,0.0,20469.4451171875,20886.74296875,19994.869462890623,20307.052344458218,20521.161254246435,-214.10890978821772,-176.14964960158343,-37.95926018663428,35.6156909110249,21316.61697414813,20469.4451171875,19622.27326022687,8.277428646556613,308.92717505138745,9.68901446033708,21.36691211342146,1767315.0,0.7637574512749566,-0.014096745097925467,-0.014096745097925467,0.012804542040658909,FINNIFTY,2024-02-12 00:00:00+05:30
19984.30078125,20272.099609375,19920.05078125,20190.5,1464300,0.0,0.0,20413.93515625,20890.5459765625,20002.053212890623,20289.12121454157,20496.667828005957,-207.5466134643866,-182.42904237414407,-25.117571090242535,42.92583192908454,21177.309331593027,20413.93515625,19650.560980906976,7.478951701375504,312.11806321735975,37.01336158690918,27.096303676195873,1793930.0,0.8162525851064423,0.013655646760549311,0.013655646760549311,0.013298611104891438,FINNIFTY,2024-02-13 00:00:00+05:30
19976.650390625,20394.0,19941.099609375,20325.55078125,1552100,0.0,0.0,20357.14521484375,20895.963984375,20008.716220703125,20294.725763265942,20483.99249120922,-189.26672794327897,-183.79657948797106,-5.470148455307907,46.19247448696111,20950.429880098753,20357.14521484375,19763.860549588746,5.828760948488985,322.17394374647694,50.58017933172445,32.42751845965691,1815985.0,0.8546876763849922,0.006688827976028433,0.006688827976028433,0.01326573452120883,FINNIFTY,2024-02-14 00:00:00+05:30
20372.19921875,20442.94921875,20205.349609375,20416.150390625,1130100,0.0,0.0,20305.59521484375,20900.0669921875,20015.987724609375,20313.406475167336,20478.967150425204,-165.56067525786784,-180.14939864195043,14.588723384082584,48.32906952714492,20628.753302371435,20305.59521484375,19982.437127316065,3.1829462186013706,316.1329198628,59.68155865560068,49.09169985807811,1815780.0,0.6223771602286621,0.004457424566254753,0.004457424566254753,0.013354801881225379,FINNIFTY,2024-02-15 00:00:00+05:30
20526.0,20552.30078125,20401.900390625,20472.75,982700,0.0,0.0,20302.7876953125,20892.263984375,20023.336474609376,20337.920863603133,20478.506620764078,-140.58575716094492,-172.23667034574933,31.65091318480441,49.67352824630771,20619.03874274929,20302.7876953125,19986.536647875713,3.115346051811438,304.2948820601,65.3673945886554,58.543044191993516,1709795.0,0.5747472650229999,0.0027722958683233934,0.0027722958683233934,0.0093915689448013,FINNIFTY,2024-02-16 00:00:00+05:30
20517.44921875,20818.19921875,20482.19921875,20800.849609375,1070900,0.0,0.0,20326.62763671875,20887.1649609375,20031.854970703123,20409.14067064496,20502.383879179702,-93.24320853474273,-156.43797798354802,63.19476944880529,56.70597031352873,20710.377638755304,20326.62763671875,19942.877634682194,3.775835410526587,307.23447753795,98.25833091516544,74.43576138647386,1645210.0,0.6509199433506969,0.016026162062986238,0.016026162062986238,0.00974469230484476,FINNIFTY,2024-02-20 00:00:00+05:30
20897.30078125,20897.30078125,20631.44921875,20686.75,1111700,0.0,0.0,20339.69765625,20880.3649609375,20039.475966796876,20451.849798238043,20516.040628870094,-64.19083063205107,-137.98854851324865,73.79771788119757,53.88597398066434,20752.697874350295,20339.69765625,19926.697438149702,4.061026128118374,304.27855503523926,80.41843466635666,81.34805339005918,1609020.0,0.6909174528595046,-0.005485334085756577,-0.005485334085756577,0.009811983050056004,FINNIFTY,2024-02-21 00:00:00+05:30
20635.05078125,20712.0,20440.900390625,20665.900390625,1168700,0.0,0.0,20366.14013671875,20873.213984375,20046.76521484375,20484.78065860527,20527.141351963048,-42.36069335777938,-118.8629774821548,76.50228412437542,53.36374078790375,20791.39400754279,20366.14013671875,19940.88626589471,4.176087053995426,301.90863034522215,78.47938706114857,85.71871754755689,1527060.0,0.7653268371904182,-0.0010078726419084916,-0.0010078726419084916,0.009189675198438134,FINNIFTY,2024-02-22 00:00:00+05:30
20717.69921875,20794.650390625,20645.0,20677.099609375,876400,0.0,0.0,20389.67509765625,20862.478984375,20054.239462890626,20514.368189492918,20538.249371030597,-23.881181537679367,-99.86661829325972,75.98543675558035,53.6237322091746,20828.834611427752,20389.67509765625,19950.51558388475,4.307665636339459,291.0330417937777,79.52093263194605,79.4729181198171,1460760.0,0.599961663791451,0.0005419177746099901,0.0005419177746099901,0.009177562688707144,FINNIFTY,2024-02-23 00:00:00+05:30
20585.849609375,20724.19921875,20585.25,20619.69921875,856200,0.0,0.0,20415.6900390625,20850.578984375,20059.9412109375,20530.572963224775,20544.282693083886,-13.709729859110666,-82.63524060642992,68.92551074731925,52.022914809767016,20844.507375441426,20415.6900390625,19986.872702683577,4.200860569086267,280.16991157636505,74.18260288305045,77.39430752538169,1411000.0,0.6068036853295535,-0.0027760368576535965,-0.0027760368576535965,0.00910080232684402,FINNIFTY,2024-02-26 00:00:00+05:30
20564.849609375,20631.30078125,20527.94921875,20552.900390625,1192100,0.0,0.0,20422.667578125,20838.1719921875,20067.58646484375,20534.007952055577,20544.921041049896,-10.913088994318969,-68.29081028400772,57.37772128968875,50.14676980762976,20855.626934608492,20422.667578125,19989.70822164151,4.239988285832347,267.5400294994818,67.97020315043014,73.89124622180888,1369355.0,0.8705558456353538,-0.003239563653007038,-0.003239563653007038,0.008498028600471592,FINNIFTY,2024-02-27 00:00:00+05:30
20577.05078125,20627.900390625,20293.349609375,20340.400390625,898100,0.0,0.0,20425.41259765625,20821.556015625,20072.768720703127,20504.22217337395,20529.771363240645,-25.549189866695087,-59.742486200545194,34.19329633385011,44.63239043738895,20855.54542942777,20425.41259765625,19995.27976588473,4.211741914294315,272.32651176737596,48.20735730062776,63.45338777803613,1331555.0,0.6744745804717042,-0.010339173350780717,-0.010339173350780717,0.008711797510574174,FINNIFTY,2024-02-28 00:00:00+05:30
20306.849609375,20495.400390625,20234.75,20407.900390625,1547000,0.0,0.0,20420.9326171875,20800.4890234375,20078.4347265625,20489.40343756642,20520.743883787636,-31.340446221216553,-54.06207820467947,22.72163198346292,46.63964257575234,20849.83352512717,20420.9326171875,19992.03170924783,4.200600589403854,271.4925031143491,54.48496715880028,56.887509203286065,1326130.0,1.1665522987942358,0.003318518746126209,0.003318518746126209,0.008409597085897542,FINNIFTY,2024-02-29 00:00:00+05:30
20446.099609375,20863.650390625,20446.099609375,20842.69921875,963000,0.0,0.0,20437.23505859375,20786.7480078125,20085.962470703125,20543.756634671583,20544.59242711818,-0.8357924465963151,-43.41682105306285,42.58102860646653,57.36243355239274,20902.678873953464,20437.23505859375,19971.791243234034,4.554860909758907,284.65375289189564,94.92196582190188,65.87143009377665,1308830.0,0.7357716433761451,0.021305417010205385,0.021305417010205385,0.009688725003099388,FINNIFTY,2024-03-01 00:00:00+05:30
20852.150390625,20959.80078125,20807.0,20927.25,1213100,0.0,0.0,20461.89501953125,20776.395,20093.591220703125,20602.755613952875,20572.937432516836,29.818181436039595,-28.76982055524236,58.588001991281956,59.08427555832392,20973.975473365103,20461.89501953125,19949.814565697397,5.005210449423794,275.2356834889031,96.8693646309209,82.09209920387435,1303275.0,0.9308089236730545,0.00405661379855915,0.00405661379855915,0.009643839281726952,FINNIFTY,2024-03-04 00:00:00+05:30
20846.5,20958.25,20814.5,20854.5,1133700,0.0,0.0,20488.8275390625,20764.796015625,20100.32796875,20641.485519498587,20593.79391899707,47.691600501515495,-13.47753634389079,61.169136845406285,56.95310431931028,21023.51139943021,20488.8275390625,19954.14367869479,5.219272399538926,265.8438489539814,89.66323155826103,93.81818733702794,1293180.0,0.8766761007748342,-0.003476328710174559,-0.003476328710174559,0.00956890518527585,FINNIFTY,2024-03-05 00:00:00+05:30
20815.650390625,21064.75,20802.69921875,20986.150390625,1690000,0.0,0.0,20519.86005859375,20760.4940234375,20107.342724609374,20694.51088428727,20622.85736133988,71.65352294738841,3.5486755143650512,68.10484743302337,59.78031963119611,21092.9733360729,20519.86005859375,19946.746781114598,5.585937485369259,265.57291554655416,90.8541338551361,92.46224334810601,1307390.0,1.2926517718507866,0.006312804940180827,0.006312804940180827,0.009631030635101718,FINNIFTY,2024-03-06 00:00:00+05:30
21017.94921875,21063.80078125,20947.849609375,21005.849609375,1080100,0.0,0.0,20547.97001953125,20754.091015625,20115.17697265625,20742.409149685383,20651.22715749063,91.18199219475355,21.075338850442755,70.10665334431079,60.20152606859172,21157.374429757,20547.97001953125,19938.5656093055,5.931529096514152,254.88564814144314,92.90356739457832,91.14031093599182,1269570.0,0.8507604937104689,0.0009386770981494319,0.0009386770981494319,0.009616535852740183,FINNIFTY,2024-03-07 00:00:00+05:30
21001.400390625,21020.400390625,20833.25,20862.55078125,1325800,0.0,0.0,20587.86259765625,20747.3990234375,20122.982978515625,20760.8924776184,20666.880759250584,94.01171836781577,35.66261475391736,58.349103613898414,55.63697360785955,21169.317790939378,20587.86259765625,20006.407404373123,5.648524129448202,250.0474154616972,75.63864834337349,86.46544986436265,1231620.0,1.076468391224566,-0.0068218534736650405,-0.0068218534736650405,0.008646042502054906,FINNIFTY,2024-03-11 00:00:00+05:30
20867.94921875,21069.849609375,20647.849609375,20897.5,1618400,0.0,0.0,20622.57255859375,20740.116015625,20130.651728515626,20781.90901952326,20683.963665972762,97.94535355049811,48.11916251323351,49.8261910372646,56.503192402376605,21190.787766328718,20622.57255859375,20054.357350858783,5.510614217702759,262.3297429287188,79.36179020560328,82.63466864785171,1211210.0,1.3361844766803443,0.0016752131183024321,0.0016752131183024321,0.008568120715350852,FINNIFTY,2024-03-12 00:00:00+05:30
20928.400390625,20960.44921875,20696.75,20758.19921875,1745100,0.0,0.0,20664.55751953125,20725.966015625,20137.341728515625,20778.261357865835,20689.462595808112,88.79876205772234,56.25508242213128,32.54367963559106,52.13374863990814,21133.97509393348,20664.55751953125,20195.139945129016,4.543214380066537,262.42756263023887,62.681051801922955,72.56049678363325,1230975.0,1.417656735514531,-0.00666590650795551,-0.00666590650795551,0.007987342197038042,FINNIFTY,2024-03-13 00:00:00+05:30
20725.30078125,20864.19921875,20590.5,20725.900390625,1353100,0.0,0.0,20691.3275390625,20709.80203125,20144.040234375,20770.205824444165,20692.161691720474,78.04413272369129,60.612892482443286,17.431240241248005,51.14614212550923,21107.612065050245,20691.3275390625,20275.04301307475,4.023758506570991,263.2326809245075,58.81339005685606,66.9520773547941,1225415.0,1.104197353549614,-0.0015559552052003545,-0.0015559552052003545,0.007540498792892967,FINNIFTY,2024-03-14 00:00:00+05:30
20617.650390625,20706.44921875,20530.349609375,20644.30078125,2910400,0.0,0.0,20707.2650390625,20692.9390625,20150.272734375,20750.835817798907,20688.61643909303,62.21937870587499,60.93418972712963,1.28518897874536,48.639237849501086,21089.312898408352,20707.2650390625,20325.217179716645,3.6899885969987145,258.39825951918556,49.042147386048164,56.84552974827574,1293330.0,2.2503150781316448,-0.0039370839305929994,-0.0039370839305929994,0.00751782681367953,FINNIFTY,2024-03-15 00:00:00+05:30
20572.94921875,20703.25,20413.150390625,20626.650390625,877100,0.0,0.0,20717.7900390625,20678.5490625,20157.190986328125,20731.730367464457,20684.026361428732,47.70400603572489,58.28815298884869,-10.584146953123799,48.09016238397478,21078.16159861224,20717.7900390625,20357.41847951276,3.4788610066061723,260.66264165174374,46.92858028257295,51.594705908492394,1280680.0,0.6848705375269388,-0.0008549764320926467,-0.0008549764320926467,0.00747571817579917,FINNIFTY,2024-03-18 00:00:00+05:30
20552.5,20651.599609375,20541.30078125,20601.94921875,1213800,0.0,0.0,20724.25,20665.45703125,20164.004228515623,20711.764036893,20677.94657308216,33.8174638108394,53.39401515324683,-19.576551342407434,47.285668530252735,21071.20191530303,20724.25,20377.29808469697,3.3482699282534285,249.9223692569763,43.97070895827827,46.6471455422998,1292235.0,0.9393028357845129,-0.001197536750136896,-0.001197536750136896,0.007466006630153091,FINNIFTY,2024-03-19 00:00:00+05:30
20591.0,20689.849609375,20362.80078125,20544.25,1275700,0.0,0.0,20711.42001953125,20646.0100390625,20169.872978515625,20685.99264660177,20668.043123224223,17.949523377548758,46.30511679810722,-28.355593420558463,45.3761191434773,21065.006922436103,20711.42001953125,20357.8331166264,3.4144148742231364,255.43140203326374,37.06144710469138,42.65357878184755,1302475.0,0.979442983550548,-0.0028006679434724457,-0.0028006679434724457,0.006509922841049672,FINNIFTY,2024-03-20 00:00:00+05:30
20692.44921875,20822.75,20656.849609375,20714.80078125,1340700,0.0,0.0,20712.82255859375,20630.0220703125,20175.783486328124,20690.424667316885,20671.506653448356,18.91801386852967,40.82769621219172,-21.90968234366205,51.59814525310728,21066.2293969257,20712.82255859375,20359.4157202618,3.4124449947100186,257.07915903088775,49.7843976254734,43.605517896147695,1313925.0,1.0203778754495119,0.008301630930795723,0.008301630930795723,0.0066928238075245755,FINNIFTY,2024-03-21 00:00:00+05:30
20693.75,20846.05078125,20667.349609375,20783.55078125,1198700,0.0,0.0,20718.705078125,20619.8441015625,20181.670986328125,20704.751761768133,20679.806218470698,24.945543297435506,37.65126562924048,-12.70572233180497,53.878769990889275,21072.708094443064,20718.705078125,20364.702061806936,3.417231096086437,251.4807313768958,59.507912786698675,48.78458583895449,1315425.0,0.9112644202444077,0.003318882992214389,0.003318882992214389,0.006725355905861023,FINNIFTY,2024-03-22 00:00:00+05:30
20629.599609375,20769.349609375,20629.25,20705.94921875,1390900,0.0,0.0,20720.14755859375,20610.0180859375,20187.971982421874,20704.93598591919,20681.742737009907,23.193248909283284,34.759662285249036,-11.566413375965752,50.95997571540356,21073.695507175515,20720.14755859375,20366.59961001199,3.4126006832912537,244.5393063678318,48.53249504846565,52.60826848687925,1341150.0,1.0370950303843716,-0.0037337971416322446,-0.0037337971416322446,0.0067851287024080584,FINNIFTY,2024-03-26 00:00:00+05:30
20737.25,20861.25,20737.25,20792.400390625,2208500,0.0,0.0,20728.7826171875,20601.380078125,20195.32048828125,20718.39204818162,20689.939600240654,28.452447940966522,33.49821941639253,-5.045771475426008,53.95275420984597,21080.52686454705,20728.7826171875,20377.038369827947,3.39377621788458,238.16512600227242,60.75953912748026,56.2666489875482,1408765.0,1.5676851710540793,0.0041751851587037425,0.0041751851587037425,0.006808508533567901,FINNIFTY,2024-03-27 00:00:00+05:30
20809.400390625,21141.75,20809.349609375,20989.099609375,1509100,0.0,0.0,20750.592578125,20596.1780859375,20203.424990234376,20760.039365288292,20712.099600917274,47.9397643710181,36.38652840731765,11.553235963700452,59.94268935268317,21110.019057013727,20750.592578125,20391.166099236274,3.4642526716815727,246.1068748146101,80.40303694379949,63.231690373248476,1424615.0,1.0593037417126732,0.009460149624604508,0.009460149624604508,0.00703579205445126,FINNIFTY,2024-03-28 00:00:00+05:30
21108.75,21237.5,21100.19921875,21198.400390625,861200,0.0,0.0,20793.492578125,20594.132109375,20212.2244921875,20827.4795230324,20748.121881636365,79.35764139603634,44.98075100506139,34.37689039097495,65.13916757984019,21151.65538325187,20793.492578125,20435.329772998128,3.4449509026075047,246.2706973724951,95.52993663000228,78.89750423376069,1422770.0,0.6052981156476451,0.00997187993507409,0.00997187993507409,0.006762241149061971,FINNIFTY,2024-04-01 00:00:00+05:30
21157.25,21220.44921875,21118.650390625,21150.94921875,1133500,0.0,0.0,20830.64501953125,20587.9241015625,20220.580986328125,20877.244091604338,20777.960943644783,99.28314795955521,55.84123039596016,43.44191756359505,63.1393597090132,21174.996819787535,20830.64501953125,20486.293219274965,3.306203911913564,235.95127814053117,90.1050807643699,88.67935144605724,1402095.0,0.8084330947617672,-0.002238431721290901,-0.002238431721290901,0.006822976679901845,FINNIFTY,2024-04-02 00:00:00+05:30
21069.30078125,21261.25,21065.25,21197.25,1273400,0.0,0.0,20848.37255859375,20582.92609375,20228.87673828125,20926.47576981905,20809.01939226369,117.45637755536154,68.16425982784044,49.2921177275211,64.29134162740564,21228.072283866277,20848.37255859375,20468.672833321223,3.6424879131969816,233.0976154162075,92.87661465285235,92.83721068240818,1417615.0,0.8982692762139227,0.002189063988152107,0.002189063988152107,0.005059502257147469,FINNIFTY,2024-04-03 00:00:00+05:30
21390.099609375,21457.44921875,21220.5,21373.5,1593300,0.0,0.0,20870.68505859375,20599.8180859375,20238.562490234373,20995.248728308427,20850.83277061453,144.41595769389824,83.414599401052,61.001358292846234,68.34668371386104,21313.503222785384,20870.68505859375,20427.866894402116,4.243446374169676,235.0334442257641,92.33094244013846,91.77087928578692,1436625.0,1.1090576872879143,0.008314757810565121,0.008314757810565121,0.005285811623989579,FINNIFTY,2024-04-04 00:00:00+05:30
21375.400390625,21579.650390625,21294.94921875,21556.650390625,1127700,0.0,0.0,20905.792578125,20624.470078125,20249.28673828125,21081.61821481867,20903.11555728197,178.502657536701,102.43221102818181,76.0704465085192,71.91593655468569,21439.8478851419,20905.792578125,20371.737271108104,5.109161061663949,238.58113905785237,98.10987324786888,94.43914344695322,1436325.0,0.785128713905279,0.008569040663672256,0.008569040663672256,0.005425075826800852,FINNIFTY,2024-04-05 00:00:00+05:30
21613.30078125,21669.150390625,21552.94921875,21604.5,917900,0.0,0.0,20936.71005859375,20648.0530859375,20260.31048828125,21162.06156638503,20955.069960446268,206.9916059387615,123.34409001029776,83.64751592846373,72.77952924758335,21551.314358309803,20936.71005859375,20322.1057588777,5.871068548936404,229.83971283050576,95.0510651849216,95.16396029097632,1397720.0,0.6567123601293535,0.002219714496822345,0.002219714496822345,0.005316879836504472,FINNIFTY,2024-04-08 00:00:00+05:30
21716.55078125,21758.349609375,21625.150390625,21682.19921875,895600,0.0,0.0,20970.5275390625,20678.9560546875,20271.376484375,21242.08274367195,21008.931386987286,233.15135668466246,145.3055433451707,87.84581333949177,74.16858643147175,21665.767583488945,20970.5275390625,20275.287494636053,6.630639530945505,224.4118482979696,94.54333742465232,95.90142528581426,1388495.0,0.6450149262330797,0.0035964367955749754,0.0035964367955749754,0.005336174448795215,FINNIFTY,2024-04-09 00:00:00+05:30
21748.5,21754.25,21670.69921875,21717.69921875,990200,0.0,0.0,21013.2849609375,20709.18203125,20282.8734765625,21315.25450906857,21061.4327078586,253.82180120997145,167.00879491813086,86.8130062918406,74.80128843972058,21778.377921702642,21013.2849609375,20248.19200017236,7.281992912459005,214.35034350882893,97.08713949624993,95.56051403527464,1371715.0,0.7218700677618893,0.0016372877880994618,0.0016372877880994618,0.004955211904911219,FINNIFTY,2024-04-10 00:00:00+05:30
21584.94921875,21665.0,21484.349609375,21521.80078125,1112600,0.0,0.0,21044.5,20737.6300390625,20294.339228515626,21347.030858634942,21095.534046628334,251.4968120066078,183.90639833582625,67.59041367078154,65.29677145469591,21838.544180397686,21044.5,20250.455819602314,7.546334485473036,215.70743392784112,79.04978213074232,90.22675301721488,1346425.0,0.8263364093803962,-0.009020220582614535,-0.009020220582614535,0.0055375482041643475,FINNIFTY,2024-04-12 00:00:00+05:30
21292.650390625,21377.30078125,21130.349609375,21146.0,823600,0.0,0.0,21063.8900390625,20752.283046875,20302.7847265625,21316.103034229567,21099.272265396605,216.83076883296235,190.49127243525348,26.33949639770887,51.72013937381295,21847.89838627264,21063.8900390625,20279.881691852355,7.444098366979867,228.26055806692392,45.766555555363354,73.96782572745188,1300350.0,0.6333679394009305,-0.017461400422282614,-0.017461400422282614,0.006764378167146547,FINNIFTY,2024-04-15 00:00:00+05:30
20996.94921875,21145.94921875,20964.099609375,21099.25,934600,0.0,0.0,21082.55751953125,20768.558046875,20311.151474609374,21282.74102896348,21099.27061610797,183.4704128555095,189.08710051930467,-5.616687663795176,50.31849887620047,21851.113213065746,21082.55751953125,20314.00182599675,7.290915182586308,224.94911753535794,41.626088265158735,55.48080865042147,1279425.0,0.7304843972878442,-0.0022108200132412437,-0.0022108200132412437,0.00677870482137386,FINNIFTY,2024-04-16 00:00:00+05:30
21142.75,21228.19921875,20862.0,20899.44921875,1244100,0.0,0.0,21095.31494140625,20776.59703125,20318.13421875,21223.773058161405,21084.46903111849,139.30402704291555,179.13048582402683,-39.826458781111285,44.73822002171804,21842.522264072406,21095.31494140625,20348.107618740094,7.084106824113107,235.03841047926093,15.884759651340945,34.42580115728769,1196110.0,1.0401217279347217,-0.009469567934879186,-0.009469567934879186,0.0070927374095640285,FINNIFTY,2024-04-18 00:00:00+05:30
20758.94921875,21211.099609375,20694.349609375,21173.0,1100300,0.0,0.0,21122.632421875,20789.7240234375,20325.81947265625,21215.961818444266,21091.026880665268,124.93493777899857,168.2913762150212,-43.356438436022614,52.50439405882606,21838.601349638786,21122.632421875,20406.663494111217,6.779163822614395,255.16066687359944,44.985938968515036,34.165595628338245,1207270.0,0.9113951311637,0.013088899060774484,0.013088899060774484,0.007605042171694959,FINNIFTY,2024-04-19 00:00:00+05:30
21409.099609375,21409.69921875,21194.44921875,21326.5,975900,0.0,0.0,21158.8599609375,20807.5730078125,20334.480224609375,21232.967692529764,21108.46933394932,124.49835858044389,159.53277268810575,-35.03441410766186,56.222236049982,21838.162519048343,21158.8599609375,20479.55740282666,6.42097503707608,253.84199200762805,59.412630697838345,40.094443105898115,1195375.0,0.8163965282861027,0.007249799272658564,0.007249799272658564,0.00769104413377221,FINNIFTY,2024-04-22 00:00:00+05:30
21476.0,21477.25,21302.69921875,21334.19921875,876000,0.0,0.0,21198.357421875,20827.94,20343.575966796874,21248.541773486726,21125.190066156778,123.35170732994811,152.2965596164742,-28.9448522865261,56.40655992830547,21819.49465149759,21198.357421875,20577.22019225241,5.860239237042257,248.1783340963689,60.13624148261278,54.84493704965539,1175390.0,0.7452845438535295,0.00036101651700937154,0.00036101651700937154,0.007624620863263178,FINNIFTY,2024-04-23 00:00:00+05:30
21391.0,21481.650390625,21361.30078125,21442.599609375,726200,0.0,0.0,21234.74736328125,20849.4819921875,20353.18021484375,21278.396825161843,21148.70188417294,129.6949409889021,147.7762358909598,-18.08129490205772,59.022582465292345,21822.692931317502,21234.74736328125,20646.801795245,5.537580061375411,240.98353679484256,70.32424812030075,63.29104010025063,1144665.0,0.6344214246089467,0.00508106207847403,0.00508106207847403,0.007515894023746932,FINNIFTY,2024-04-24 00:00:00+05:30
21290.55078125,21612.900390625,21269.5,21545.349609375,2336100,0.0,0.0,21272.8373046875,20871.5159765625,20361.964462890624,21319.46648427156,21178.08319715087,141.3832871206905,146.49764613690596,-5.114359016215445,61.387848563279896,21837.15609434145,21272.8373046875,20708.518515033546,5.3055338276817885,248.2990263541395,79.9812030075188,70.14723087014413,1201535.0,1.9442629636256954,0.00479186301436485,0.00479186301436485,0.007539206562928569,FINNIFTY,2024-04-25 00:00:00+05:30
21552.55078125,21552.55078125,21304.55078125,21354.05078125,1360000,0.0,0.0,21305.2423828125,20897.3030078125,20369.25896484375,21324.787145345166,21191.117833010063,133.6693123351033,143.93197937654543,-10.262667041442114,55.020283276518754,21806.54273725368,21305.2423828125,20803.94202837132,4.705887362685839,248.27766732884382,62.00198983787594,70.76914698856517,1199990.0,1.1333427778564822,-0.008878891806970768,-0.008878891806970768,0.007821493844599698,FINNIFTY,2024-04-26 00:00:00+05:30
21426.25,21832.0,21418.150390625,21811.19921875,1680200,0.0,0.0,21356.18232421875,20929.4609765625,20378.02646484375,21399.61977202283,21237.049787509317,162.5699845135132,147.65958040393897,14.910404109574216,64.49747814030233,21845.589738360763,21356.18232421875,20866.774910076736,4.583285595824925,264.6827781446407,98.17160162547191,80.05159815695556,1173575.0,1.431693756257589,0.02140804300706267,0.02140804300706267,0.008985970701388242,FINNIFTY,2024-04-29 00:00:00+05:30
21827.5,22073.69921875,21779.19921875,21841.150390625,2895400,0.0,0.0,21398.78486328125,20967.913984375,20385.963466796875,21467.547559500086,21281.797980332703,185.74957916738276,155.27758015662772,30.47199901075504,65.0175396448115,21901.127946102377,21398.78486328125,20896.44178046012,4.695061761970528,266.8125797057378,83.1406898914938,81.1047604516139,1242890.0,2.329570597558915,0.0013732015179273027,0.0013732015179273027,0.008833780458106911,FINNIFTY,2024-04-30 00:00:00+05:30
21785.44921875,21967.900390625,21773.849609375,21873.69921875,2700700,0.0,0.0,21432.5498046875,21001.57796875,20393.2649609375,21530.03243015392,21325.64251651176,204.3899136421569,165.10004685373357,39.289866788423325,65.60715639192051,21966.27841495238,21432.5498046875,20898.82119442262,4.980542353837414,261.6153083874708,85.50041275680482,88.93756809125686,1334865.0,2.02320084802583,0.0014902524611968282,0.0014902524611968282,0.008633702963178514,FINNIFTY,2024-05-02 00:00:00+05:30
22009.30078125,22136.599609375,21707.44921875,21797.400390625,1979500,0.0,0.0,21464.87236328125,21031.0149609375,20401.020966796874,21571.165962534087,21360.587544223854,210.57841831023325,174.1957211450335,36.382697165199744,62.92958226578507,22004.734058765207,21464.87236328125,20925.010667797294,5.030187800300805,273.58209997586573,76.48124674987,81.70744979938955,1377165.0,1.4373731542698225,-0.0034881538491485786,-0.0034881538491485786,0.008667436812978747,FINNIFTY,2024-05-03 00:00:00+05:30
21857.75,21890.75,21707.05078125,21743.69921875,2573600,0.0,0.0,21492.19482421875,21057.5659375,20408.3887109375,21597.70954041346,21388.966186781345,208.74335363211503,181.1052476424498,27.638105989665235,61.04130958734475,22030.422582667303,21492.19482421875,20953.967065770197,5.008588120949323,267.1618941740182,72.75781656266251,78.24649202311245,1442175.0,1.784526843136235,-0.0024636502937339655,-0.0024636502937339655,0.008711485328866607,FINNIFTY,2024-05-06 00:00:00+05:30
21783.0,21807.75,21509.400390625,21543.5,1586400,0.0,0.0,21500.69482421875,21078.9809375,20415.671708984373,21589.369611119084,21400.413135908653,188.95647521043065,182.675493156046,6.280982054384651,54.478385407553745,22036.520236006658,21500.69482421875,20964.869412430842,4.9842613568408485,269.38958811694545,58.87678215461952,69.3719484890507,1441830.0,1.1002684088970267,-0.009207229033841857,-0.009207229033841857,0.00884987117461472,FINNIFTY,2024-05-07 00:00:00+05:30
21457.30078125,21528.19921875,21396.400390625,21428.349609375,1878800,0.0,0.0,21494.27978515625,21091.5309375,20422.526953125,21564.597303158458,21402.482504313568,162.11479884489017,178.56335429381485,-16.44855544892468,51.076773814319175,22030.34398089476,21494.27978515625,20958.21558941774,4.987970763353603,260.65458963537793,50.892702374761654,60.84243369734791,1479385.0,1.2699871906231306,-0.005345017783786266,-0.005345017783786266,0.008722637684850558,FINNIFTY,2024-05-08 00:00:00+05:30
21376.05078125,21475.25,21072.599609375,21093.5,1628600,0.0,0.0,21468.72978515625,21099.6659375,20428.147705078125,21492.120794980234,21379.59491140145,112.52588357878267,165.3558601508084,-52.82997657202574,42.722861814174,22029.48713021623,21468.72978515625,20907.972440096273,5.223945251271384,270.79714684892235,27.675534104697523,45.81500621135958,1514920.0,1.0750402661526681,-0.015626476862618532,-0.015626476862618532,0.009345909625196524,FINNIFTY,2024-05-09 00:00:00+05:30
21120.349609375,21270.69921875,21017.650390625,21094.150390625,1219800,0.0,0.0,21439.32734375,21108.2309375,20433.997958984375,21430.89457892558,21358.45087282542,72.44370610016267,146.77342934067926,-74.32972324051659,42.74245063769512,22013.730416985018,21439.32734375,20864.92427051498,5.358405737505273,269.5294097972136,6.83677138498382,28.46833595481434,1531130.0,0.7966665142737717,3.0833698769772155e-05,3.0833698769772155e-05,0.00928431380883794,FINNIFTY,2024-05-10 00:00:00+05:30
21062.69921875,21288.55078125,20934.400390625,21249.80078125,1023400,0.0,0.0,21415.932421875,21119.6849609375,20440.139462890624,21403.0339946678,21350.402717893907,52.63127677389275,127.94499882732197,-75.31372205342922,47.38049037541363,21981.11866063537,21415.932421875,20850.746183114632,5.278184742337599,275.5737655706269,26.23528494328428,20.24919681098855,1532790.0,0.6676713705073755,0.00737884142013967,0.00737884142013967,0.009467940358876072,FINNIFTY,2024-05-13 00:00:00+05:30
21247.5,21317.55078125,21184.94921875,21254.55078125,910700,0.0,0.0,21402.569921875,21132.3819921875,20446.159716796876,21380.190423372755,21343.302574438803,36.88784893395132,109.73356884864783,-72.84571991469652,47.52019859882685,21969.745770921756,21402.569921875,20835.394072828247,5.300072384924757,265.36146535129643,26.630394166940146,19.900816831736094,1522695.0,0.5980843176079255,0.00022353150737264293,0.00022353150737264293,0.009281971670201998,FINNIFTY,2024-05-14 00:00:00+05:30
21281.099609375,21293.80078125,21125.150390625,21186.0,1080400,0.0,0.0,21404.569921875,21145.043984375,20450.583466796874,21350.314973623103,21331.65053188778,18.664441735323635,91.51974342598301,-72.85530169065937,45.637001576451404,21968.384895950636,21404.569921875,20840.754947799367,5.2681738164655005,258.4535314422753,20.9282792278474,24.59798611269062,1535535.0,0.703598420094625,-0.003225228420751791,-0.003225228420751791,0.008425938154400616,FINNIFTY,2024-05-15 00:00:00+05:30
21308.05078125,21445.650390625,21093.849609375,21416.099609375,1512300,0.0,0.0,21420.41240234375,21166.55796875,20456.3512109375,21360.4356868157,21337.906019109054,22.52966770664716,77.72172828211583,-55.19206057546867,52.44887355611007,21966.549678165786,21420.41240234375,20874.275126521716,5.0992227933228635,265.12119214282706,40.06816933809457,29.208947577627384,1564420.0,0.9666841385305737,0.010860927469791282,0.010860927469791282,0.008736226300141512,FINNIFTY,2024-05-16 00:00:00+05:30
21354.44921875,21509.5,21320.099609375,21478.30078125,932500,0.0,0.0,21449.35498046875,21187.9659765625,20461.8562109375,21378.56877826713,21348.305631119492,30.263147147637937,68.23001205522026,-37.96686490758232,54.122394628207964,21940.582949825828,21449.35498046875,20958.127011111672,4.580351901531567,259.71256346298225,45.24211812336116,35.412855563101054,1548840.0,0.6020634797655019,0.002904411774764526,0.002904411774764526,0.008403861654919685,FINNIFTY,2024-05-17 00:00:00+05:30
21373.55078125,21495.80078125,21373.5,21438.19921875,1012400,0.0,0.0,21462.61494140625,21199.8759765625,20466.125458984374,21387.742692187574,21354.96441538842,32.77827679915572,61.13966500400735,-28.36138820485163,52.83144215850591,21937.327577408654,21462.61494140625,20987.902305403844,4.423623470843496,249.89743616205493,41.906434496674386,42.40557398604338,1544445.0,0.6555105555717426,-0.0018670733270952367,-0.0018670733270952367,0.007962888565097213,FINNIFTY,2024-05-21 00:00:00+05:30
21463.69921875,21463.69921875,21198.80078125,21326.69921875,1039000,0.0,0.0,21462.62490234375,21207.8649609375,20470.087451171876,21378.351388581792,21352.870697118906,25.48069146288617,54.00787029578312,-28.52717883289695,49.30965224747472,21937.32612170357,21462.62490234375,20987.92368298393,4.4235150315466045,250.96893625762246,32.631765351910396,39.92677265731532,1547600.0,0.6713621090721117,-0.005200996541840253,-0.005200996541840253,0.007906475719503467,FINNIFTY,2024-05-22 00:00:00+05:30
21370.099609375,21759.19921875,21352.94921875,21731.650390625,1097300,0.0,0.0,21482.4974609375,21225.40796875,20476.231953125,21432.70508120382,21380.92845219343,51.776629010390025,53.561622038704506,-1.7849930283144815,59.79271534322024,21967.201375455566,21482.4974609375,20997.79354641943,4.512547159839538,263.9354408106494,66.3159639072923,46.9513879186257,1558665.0,0.703999897348051,0.01898799095543935,0.01898799095543935,0.008972707415327331,FINNIFTY,2024-05-23 00:00:00+05:30
21686.0,21890.650390625,21673.099609375,21852.30078125,1164900,0.0,0.0,21502.98251953125,21242.7309765625,20482.842958984376,21497.258265826313,21415.844921012438,81.41334481387457,59.131966593738525,22.281378220136048,62.29465377205148,22013.170588460496,21502.98251953125,20992.794450602007,4.745277251337936,260.6222508420316,95.97958545984794,64.97577157301689,1580600.0,0.7369986081234974,0.005551828253092417,0.005551828253092417,0.008984692867028906,FINNIFTY,2024-05-24 00:00:00+05:30
21913.0,22143.44921875,21868.69921875,21965.599609375,1328700,0.0,0.0,21523.99501953125,21261.9259765625,20489.966953125,21569.310780218417,21456.567490520774,112.74328969764247,69.85423121451932,42.88905848312315,64.52694974711707,22072.602060458983,21523.99501953125,20975.387978603514,5.0976321117889025,262.80269274617217,85.29012185133911,82.52855707282646,1530230.0,0.8683008436640244,0.005184755109274963,0.005184755109274963,0.008993879410458993,FINNIFTY,2024-05-27 00:00:00+05:30
22011.349609375,22056.099609375,21917.05078125,21982.150390625,1081200,0.0,0.0,21555.4,21284.31796875,20497.97220703125,21632.824566434814,21495.49955719516,137.32500923965563,83.34838681954659,53.97662242010904,64.85428963777724,22132.660473399945,21555.4,20978.139526600058,5.356063662933123,253.96313098751702,86.65903110173448,89.30957947097386,1516290.0,0.7130562095641335,0.0007534864307976452,0.0007534864307976452,0.008689522061199688,FINNIFTY,2024-05-28 00:00:00+05:30
21829.099609375,21914.400390625,21593.0,21620.44921875,1251300,0.0,0.0,21545.8625,21298.776953125,20504.58419921875,21630.920666790997,21504.755087680704,126.16557911029304,91.91182527769588,34.253753832597155,53.28248767674689,22112.100462904553,21545.8625,20979.624537095446,5.256117854688376,263.6193638187658,56.74285538896957,76.23066944734774,1494845.0,0.8370767537771474,-0.016454312496618106,-0.016454312496618106,0.008233287351616578,FINNIFTY,2024-05-29 00:00:00+05:30
21530.400390625,21740.44921875,21529.599609375,21597.30078125,1176900,0.0,0.0,21533.67001953125,21315.558984375,20510.86044921875,21625.74837670777,21511.610324241392,114.1380524663764,96.357070715432,17.78098175094439,52.63520342498849,22084.234271912403,21533.67001953125,20983.1057671501,5.113519914457535,259.85009564421114,54.82825632882253,66.07671427317554,1408920.0,0.8353206711523721,-0.0010706732901702987,-0.0010706732901702987,0.008223607160804145,FINNIFTY,2024-05-30 00:00:00+05:30
21696.349609375,21786.80078125,21565.75,21718.30078125,2091900,0.0,0.0,21525.90009765625,21335.4069921875,20517.815703125,21639.987208175804,21526.92072846425,113.06647971155326,99.69895251465627,13.367527196896987,55.66690840877442,22061.225458186218,21525.90009765625,20990.57473712628,4.973779104254556,257.0787160446246,64.83612343768426,58.80241171849213,1378480.0,1.5175410597179502,0.005602551968209246,0.005602551968209246,0.008327507941193055,FINNIFTY,2024-05-31 00:00:00+05:30
22600.400390625,22660.05078125,22259.400390625,22596.400390625,2798500,0.0,0.0,21565.85009765625,21374.448984375,20530.462958984375,21787.12769778337,21606.14144417986,180.9862536035107,115.95641273242717,65.02984087108354,70.44924165742364,22269.157232028818,21565.85009765625,20862.542963283682,6.522415125652778,305.98380775572286,95.93600159621896,71.86679378757526,1419430.0,1.9715660511613817,0.040431321870866066,0.040431321870866066,0.012294828423775227,FINNIFTY,2024-06-03 00:00:00+05:30
22475.44921875,22475.44921875,20457.900390625,20819.5,5333400,0.0,0.0,21519.64013671875,21378.3059765625,20535.398212890625,21638.26189812439,21547.871707573944,90.39019055044628,110.843168296031,-20.452977745584718,40.801363017175326,22288.52316747148,21519.64013671875,20750.75710596602,7.145872569130873,436.87782148745697,16.420295857830723,59.064140297244656,1557420.0,3.4245097661517123,-0.07863643588835578,-0.07863643588835578,0.021818466172038538,FINNIFTY,2024-06-04 00:00:00+05:30
21048.900390625,21785.30078125,20666.94921875,21682.599609375,3542100,0.0,0.0,21526.5951171875,21399.918984375,20543.86845703125,21645.083084470636,21557.8515521518,87.23153231883771,106.12084110059234,-18.889308781754636,51.482112028936115,22298.725240480682,21526.5951171875,20754.464993894315,7.173732019298224,485.55451727406717,55.613786595311225,55.99002801645364,1655205.0,2.139976619210309,0.041456308238670525,0.041456308238670525,0.02378252433441936,FINNIFTY,2024-06-05 00:00:00+05:30
21850.900390625,22034.900390625,21710.400390625,21894.900390625,2328400,0.0,0.0,21549.92265625,21426.9319921875,20553.2299609375,21683.516516186693,21582.818132779445,100.69838340724891,105.03634956192367,-4.33796615467476,53.69516446333737,22336.820076444783,21549.92265625,20763.02523605522,7.303018509596022,476.0363932723481,65.2543988874511,45.762827113531024,1677685.0,1.387864825637709,0.009791297403204613,0.009791297403204613,0.023824282249305495,FINNIFTY,2024-06-06 00:00:00+05:30
21937.849609375,22224.94921875,21814.44921875,22165.80078125,1612700,0.0,0.0,21603.5376953125,21455.9519921875,20563.62171875,21757.714095427204,21626.002032666154,131.7120627610493,110.37149220174881,21.340570559300502,56.426381220320145,22404.728125233847,21603.5376953125,20802.347265391156,7.417215098943601,471.3552223243232,77.55602877514077,66.14140475263439,1676890.0,0.9617208045846776,0.01237276195789394,0.01237276195789394,0.023595516334645874,FINNIFTY,2024-06-07 00:00:00+05:30
22182.55078125,22326.55078125,22085.650390625,22154.849609375,1282100,0.0,0.0,21656.57265625,21483.37796875,20574.17396484375,21818.81186680379,21665.17592723718,153.63593956661134,119.02438167472133,34.611557891890016,56.28185923956128,22456.290829579248,21656.57265625,20856.85448292075,7.385454624081097,454.8941629172287,77.05873431597843,73.28972065952344,1680005.0,0.7631524906175875,-0.0004940571280539485,-0.0004940571280539485,0.02359899606754422,FINNIFTY,2024-06-10 00:00:00+05:30
22140.05078125,22220.69921875,22038.30078125,22125.44921875,1247400,0.0,0.0,21700.355078125,21511.76796875,20585.346708984376,21865.986844026284,21699.270245127016,166.7165988992674,128.56282511963056,38.15377377963685,55.868151923674404,22502.07693101805,21700.355078125,20898.63322523195,7.389020594425423,435.4301825302838,75.72365789476018,76.7794736619598,1691205.0,0.7375806008142124,-0.0013270408575718484,-0.0013270408575718484,0.02358897543001647,FINNIFTY,2024-06-11 00:00:00+05:30
22190.900390625,22376.75,22135.5,22232.400390625,1331500,0.0,0.0,21749.24755859375,21540.56796875,20597.915458984375,21922.358158887626,21738.76136701576,183.59679187186703,139.56961847007787,44.027173401789156,57.10342925168543,22555.511894595857,21749.24755859375,20942.983222591643,7.414181422414575,422.278082438835,80.58032764494222,77.78757328522696,1712245.0,0.7776340418573277,0.004833853126216647,0.004833853126216647,0.023590221779191275,FINNIFTY,2024-06-12 00:00:00+05:30
22355.94921875,22386.80078125,22273.900390625,22296.69921875,1385400,0.0,0.0,21804.78251953125,21566.7199609375,20611.136455078125,21979.949091174145,21780.09009677385,199.85899440029607,151.62749365612152,48.231500744174554,57.866978673940466,22601.159787886394,21804.78251953125,21008.405251176107,7.304610973687102,403.14396159498966,83.50014767170939,79.9347110704706,1727495.0,0.801970483272021,0.0028921226226257257,0.0028921226226257257,0.023551397740788998,FINNIFTY,2024-06-13 00:00:00+05:30
22364.69921875,22446.900390625,22250.05078125,22411.94921875,1053100,0.0,0.0,21854.575,21590.9909375,20625.265703125,22046.410649262736,21826.89447617949,219.51617308324785,165.20522954154677,54.31094354170108,59.26652911425493,22671.77447889509,21854.575,21037.37552110491,7.4785208945503685,388.40865072213325,88.7336685288971,84.27138128184959,1704535.0,0.61782245597773,0.005168926524473205,0.005168926524473205,0.02348351926039355,FINNIFTY,2024-06-14 00:00:00+05:30
22486.099609375,22633.849609375,22355.25,22585.349609375,1243400,0.0,0.0,21909.92744140625,21619.6789453125,20640.452451171874,22129.324335433856,21883.076337897674,246.24799753618208,181.41378314047384,64.83421439570824,61.34691516347295,22766.694192412688,21909.92744140625,21053.16069039981,7.820808656694012,380.56514776876656,96.60780788664489,89.61387469575045,1720080.0,0.7228733547276871,0.007736961606174431,0.007736961606174431,0.023512266273220558,FINNIFTY,2024-06-18 00:00:00+05:30
22657.55078125,23154.25,22586.5,22943.94921875,1878000,0.0,0.0,21985.21494140625,21654.6129296875,20657.765947265623,22254.65124055942,21961.659514257106,292.9917263023126,203.7293717728416,89.262354529471,65.2945307896687,22923.677055185635,21985.21494140625,21046.752827626868,8.537211178335257,394.01766511564034,92.20053732947684,92.51400458167295,1763360.0,1.065012249342165,0.015877531921230315,0.015877531921230315,0.023661774196971776,FINNIFTY,2024-06-19 00:00:00+05:30
23065.44921875,23068.75,22818.25,23035.30078125,1350100,0.0,0.0,22070.64501953125,21687.8489453125,20675.084951171873,22374.751169896434,22041.188496997318,333.56267289911557,229.6960319980964,103.86664090101917,66.24041642833632,23063.280606650947,22070.64501953125,21078.009432411553,8.99507546101414,383.766403321666,95.58850905919535,94.7989514251057,1778915.0,0.7589457618829455,0.00398150996713964,0.00398150996713964,0.023569432385907634,FINNIFTY,2024-06-20 00:00:00+05:30
23110.25,23110.400390625,22814.19921875,22991.55078125,2198600,0.0,0.0,22133.6400390625,21716.546953125,20692.283955078125,22469.643417796982,22111.58570323826,358.0577145587231,255.36836851022173,102.68934604850136,65.32219329412084,23190.087828393043,22133.6400390625,21077.192249731954,9.546082681981595,377.51174393261846,93.96594498783439,93.91833045883554,1833980.0,1.1988135094166785,-0.001899258899002998,-0.001899258899002998,0.02333814125875244,FINNIFTY,2024-06-21 00:00:00+05:30
22833.80078125,23098.099609375,22811.05078125,23071.25,968500,0.0,0.0,22194.5875,21745.881953125,20708.980458984373,22562.198276597446,22182.671947442832,379.52632915461436,280.19996063910025,99.3263685155141,66.24028206599561,23317.626097633685,22194.5875,21071.548902366318,10.119932146823487,371.0501070892172,96.92176416176095,95.49207273626358,1824160.0,0.5309293044469784,0.0034664568522708716,0.0034664568522708716,0.023331210047985943,FINNIFTY,2024-06-24 00:00:00+05:30
23101.30078125,23577.5,23098.05078125,23510.650390625,1741200,0.0,0.0,22271.8400390625,21782.4509765625,20727.944462890624,22708.11398644784,22281.04072101188,427.0732654359599,309.5746215984722,117.49864383748769,70.82611636932593,23526.137088494608,22271.8400390625,21017.54298963039,11.263524228193107,380.7072422971302,97.70319728466342,96.1969688114196,1844785.0,0.9438498253183976,0.01904536557945491,0.01904536557945491,0.023604300164286746,FINNIFTY,2024-06-25 00:00:00+05:30
23518.849609375,23638.80078125,23402.099609375,23592.69921875,1276600,0.0,0.0,22352.36748046875,21819.9509765625,20747.650205078124,22844.204022186634,22378.20060973322,466.00341245341406,340.8603797694606,125.14303268395344,71.6018388816612,23723.305914158216,22352.36748046875,20981.429046779285,12.266606075507449,370.42109440983523,97.60933659191709,97.41143267944716,1854555.0,0.6883592020727344,0.003489857862788659,0.003489857862788659,0.023594394451451124,FINNIFTY,2024-06-26 00:00:00+05:30
23638.19921875,23763.19921875,23504.44921875,23624.849609375,1703800,0.0,0.0,22452.5875,21862.011953125,20766.976201171874,22964.303343292537,22470.544980077055,493.75836321548195,371.43997645866494,122.318386756817,71.91694372173843,23886.462412611705,22452.5875,21018.712587388298,12.772469209722074,362.4445876662756,92.9005973380372,96.0710437382059,1877180.0,0.9076380528239167,0.0013627262538680185,0.0013627262538680185,0.023120476328488494,FINNIFTY,2024-06-27 00:00:00+05:30
23644.19921875,23711.05078125,23379.55078125,23420.30078125,1036000,0.0,0.0,22543.7375,21907.49796875,20785.077958984373,23034.456795285994,22540.897261645423,493.5595336405713,395.8638878950463,97.69564574552504,66.83571353690101,23980.314925586492,22543.7375,21107.160074413507,12.744802636089004,360.23425997582734,80.12065927794661,90.21019773596697,1870135.0,0.5539707026498087,-0.008658206570924754,-0.008658206570924754,0.023281907196341916,FINNIFTY,2024-06-28 00:00:00+05:30
23418.5,23660.25,23361.099609375,23631.05078125,0,0.0,0.0,22639.375,21958.133984375,20804.72646484375,23126.2404854343,22621.649374208726,504.5911112255744,417.609332561152,86.98177866442245,69.24664785399611,24097.918606843516,22639.375,21180.831393156484,12.885016541697954,355.87112645076826,92.33876994569427,88.45334218722604,1765540.0,0.0,0.008998603475183442,0.008998603475183442,0.023304090981212937,FINNIFTY,2024-07-01 00:00:00+05:30
23732.55078125,23749.25,23395.94921875,23500.849609375,0,0.0,0.0,22684.5974609375,22010.1619921875,20824.2424609375,23183.872658348253,22686.775317554377,497.09734079387636,433.5069342076969,63.59040658617948,66.05193198407113,24190.329012802074,22684.5974609375,21178.865909072927,13.275364964773287,355.6875303649991,83.88218128061321,85.44720350141806,1625615.0,0.0,-0.0055097495697613574,-0.0055097495697613574,0.02179043247007531,FINNIFTY,2024-07-02 00:00:00+05:30
23847.19921875,23991.44921875,23692.75,23923.75,0,0.0,0.0,22839.8099609375,22065.1769921875,20845.039462890625,23297.69994167929,22778.40307180961,519.2968698696786,450.6649213400932,68.63194852958543,70.76912060447481,24174.817796461095,22839.8099609375,21504.802125413902,11.690183393004018,365.324107437142,96.11236479302285,90.77777200644346,1358945.0,0.0,0.01799511071532911,0.01799511071532911,0.010930876160289878,FINNIFTY,2024-07-03 00:00:00+05:30
24044.25,24046.599609375,23808.94921875,23879.69921875,1245500,0.0,0.0,22949.66494140625,22116.2409765625,20865.4999609375,23387.23829199786,22859.980564175567,527.2577278222925,465.9834826365331,61.27424518575941,69.68295769878328,24246.746368350727,22949.66494140625,21652.58351446177,11.303706875513095,356.2045562362747,90.70994408767679,90.23483005377096,1244115.0,1.0011132411392838,-0.0018412991796854516,-0.0018412991796854516,0.007504069823461236,FINNIFTY,2024-07-04 00:00:00+05:30
23640.400390625,23719.400390625,23496.849609375,23641.75,1280000,0.0,0.0,23037.007421875,22162.3919921875,20884.9349609375,23426.393939382804,22917.889411273674,508.50452810912975,474.48769173105245,34.0168363780773,63.97142648736211,24271.99571602818,23037.007421875,21802.019127721822,10.7217771087792,358.10777431761227,76.06351713856469,87.62860867308812,1191695.0,1.0741003360759254,-0.009964498152605139,-0.009964498152605139,0.00809811089650447,FINNIFTY,2024-07-05 00:00:00+05:30
23615.599609375,23680.25,23476.80078125,23586.75,1155000,0.0,0.0,23108.0548828125,22205.275,20904.0737109375,23451.06410255468,22967.43464006822,483.6294624864604,476.31604588213406,7.313416604326335,62.692329501652324,24297.024309744746,23108.0548828125,21919.085455880253,10.290519327237602,347.06073463421137,68.50560013697695,78.4263537877395,1168810.0,0.9881845637870997,-0.002326392927765486,-0.002326392927765486,0.007952130944005948,FINNIFTY,2024-07-08 00:00:00+05:30
23566.25,23685.80078125,23523.599609375,23662.599609375,1108600,0.0,0.0,23183.4423828125,22247.62,20922.583212890626,23483.608026680882,23018.92834149835,464.6796851825311,473.9887737422135,-9.30908855968238,63.76825460044889,24310.695286842667,23183.4423828125,22056.189478782333,9.724637829159297,333.8564801514106,68.92069408679404,71.16327045411191,1160135.0,0.9555784456119331,0.0032157719641323634,0.0032157719641323634,0.007906000357556543,FINNIFTY,2024-07-09 00:00:00+05:30
23647.5,23649.849609375,23478.0,23599.099609375,1550800,0.0,0.0,23257.12490234375,22292.5209765625,20939.888212890626,23501.37596247998,23061.903990970695,439.4719715092833,467.08541329562746,-27.61344178634414,62.15223828943866,24286.52615252012,23257.12490234375,22227.723652167377,8.852351737360566,323.1952750959527,63.78127761416754,67.06919061264618,1175305.0,1.319487282024666,-0.0026835597545605827,-0.0026835597545605827,0.007953703185810675,FINNIFTY,2024-07-10 00:00:00+05:30
23652.400390625,23684.5,23388.25,23599.44921875,1007200,0.0,0.0,23325.47734375,22328.2859765625,20956.358955078125,23516.464155752292,23101.722155991385,414.74199976090677,456.61673058868337,-41.8747308277766,62.15792433306772,24249.817016931378,23325.47734375,22401.137670568623,7.925579910406863,321.27061258909896,63.80957349103147,65.50384839733103,1159090.0,0.8689575442804269,1.4814521773542921e-05,1.4814521773542921e-05,0.007976448216687599,FINNIFTY,2024-07-11 00:00:00+05:30
23606.94921875,23819.900390625,23553.0,23604.400390625,1085900,0.0,0.0,23390.86240234375,22363.5509765625,20972.861708984376,23529.99280727117,23138.95758077906,391.03522649210936,443.50042976936857,-52.46520327725921,62.244433194770124,24191.603143774915,23390.86240234375,22590.121660912588,6.846611532808897,317.387025305949,53.38150175947222,60.32411762155709,1144115.0,0.9491178771364767,0.0002098003147914529,0.0002098003147914529,0.008001190517617024,FINNIFTY,2024-07-12 00:00:00+05:30
23627.75,23775.25,23556.19921875,23691.849609375,1181600,0.0,0.0,23454.857421875,22399.913984375,20989.38720703125,23554.893853748683,23179.912545860243,374.9813078884399,429.79660539318286,-54.815297504742944,63.817741844512376,24126.62281280034,23454.857421875,22783.09203094966,5.728155825827545,310.3630078733812,48.24945295404814,55.14684273485062,1150540.0,1.0269960192605212,0.0037047845868913853,0.0037047845868913853,0.00798586786636372,FINNIFTY,2024-07-15 00:00:00+05:30
23696.0,23760.19921875,23628.849609375,23648.349609375,938500,0.0,0.0,23508.007421875,22436.93296875,21005.587958984375,23569.27166230658,23214.611587602078,354.6600747045013,414.7692992554466,-60.10922455094527,62.42425048934655,24052.29422914675,23508.007421875,22963.72061460325,4.630650292931869,297.5763365520683,41.903719912472646,47.844891541997676,1135295.0,0.8266573886082472,-0.0018360744609313695,-0.0018360744609313695,0.007961923086800837,FINNIFTY,2024-07-16 00:00:00+05:30
23559.150390625,23838.5,23523.75,23783.5,1166500,0.0,0.0,23549.9849609375,22477.728984375,21021.8487109375,23602.229868105565,23256.751470001924,345.47839810364167,400.9111190250856,-55.432720921443945,64.9825977992642,24040.64428699273,23549.9849609375,23059.325634882272,4.166960844086215,298.8030267983491,61.61931300145879,50.59082862265987,1099720.0,1.0607245480667806,0.005715003070295488,0.005715003070295488,0.007352961947833663,FINNIFTY,2024-07-18 00:00:00+05:30
23737.69921875,23762.05078125,23566.05078125,23596.349609375,849500,0.0,0.0,23578.03740234375,22518.7859765625,21037.789208984374,23601.325212916247,23281.90688773326,319.4183251829854,384.61256025666563,-65.1942350736802,58.99283989321197,24008.210380958626,23578.03740234375,23147.864423728875,3.64892947851643,292.9920405091813,34.31801604668126,45.94701632020425,1074690.0,0.7904605048897821,-0.007868917132676012,-0.007868917132676012,0.007641755131154892,FINNIFTY,2024-07-19 00:00:00+05:30
23543.19921875,23719.05078125,23450.80078125,23626.80078125,1086100,0.0,0.0,23609.79990234375,22562.755,21055.400712890623,23605.24453112144,23307.454583549315,297.7899475721242,367.24803771975735,-69.45809014763313,59.64463550261958,23945.50159728358,23609.79990234375,23274.098207403924,2.8437487511827864,291.22475190138266,36.23466587554699,44.05733164122902,1019065.0,1.0657808873820611,0.0012905035049532998,0.0012905035049532998,0.007606178240632972,FINNIFTY,2024-07-22 00:00:00+05:30
23710.30078125,23725.0,23111.05078125,23304.099609375,1636100,0.0,0.0,23621.4423828125,22606.9669921875,21072.84646484375,23558.91454316045,23307.20606694381,251.7084762166378,344.1401254191335,-92.43164920249569,50.486479451765646,23891.325270267327,23621.4423828125,23351.559495357673,2.2850669580719596,314.2764995334268,20.634821221667597,30.395834381298624,1052445.0,1.5545705476295673,-0.013658267780845446,-0.013658267780845446,0.008293102092202485,FINNIFTY,2024-07-23 00:00:00+05:30
23224.099609375,23388.349609375,22969.19921875,23165.099609375,1553400,0.0,0.0,23604.16484375,22648.3859765625,21090.007216796876,23498.32763027038,23296.679662679457,201.64796759092496,315.6416938534918,-113.99372626256684,47.12964618075835,23937.087495102955,23604.16484375,23271.242192397047,2.8208805823613483,321.76749175425346,18.182691627887586,25.0173929083674,1043055.0,1.4892790888304068,-0.005964615768466852,-0.005964615768466852,0.007163724968301443,FINNIFTY,2024-07-24 00:00:00+05:30
22921.599609375,23064.19921875,22866.150390625,23049.5,1215700,0.0,0.0,23577.0048828125,22684.3799609375,21106.04171875,23429.277225613398,23278.370058036533,150.9071675768646,282.6947885981664,-131.7876210213018,44.48081851539819,23988.576460473654,23577.0048828125,23165.433305151346,3.491296538358759,320.1376151110925,18.85634627784261,19.224619709132607,1040010.0,1.1689310679705003,-0.004990248750245674,-0.004990248750245674,0.007152655302348284,FINNIFTY,2024-07-25 00:00:00+05:30
22941.150390625,23358.94921875,22934.0,23316.69921875,1398500,0.0,0.0,23561.59736328125,22725.6229296875,21123.635966796875,23411.9575322498,23281.209255126418,130.74827712338083,252.3054863032093,-121.55720917982848,51.294764310427006,23987.667288390618,23561.59736328125,23135.52743817188,3.616647195349855,327.6241582281573,46.33609390912396,27.791710604951394,1024745.0,1.3647297620383607,0.011592408457884229,0.011592408457884229,0.007686837472773673,FINNIFTY,2024-07-26 00:00:00+05:30
23371.0,23668.55078125,23222.150390625,23315.30078125,1776300,0.0,0.0,23556.34736328125,22768.2089453125,21141.349716796874,23397.087262865214,23283.734553357797,113.35270950741688,224.51493094405083,-111.16222143663396,51.259305766280335,23991.737748485164,23556.34736328125,23120.956978077334,3.6965865589381224,336.10817482793175,46.19227346773983,37.12823788490214,1061760.0,1.6729769439421338,-5.997579189409574e-05,-5.997579189409574e-05,0.007450920875806008,FINNIFTY,2024-07-29 00:00:00+05:30
23298.900390625,23583.849609375,23208.349609375,23338.0,1491600,0.0,0.0,23541.69482421875,22806.646953125,21159.661962890626,23387.996914732106,23287.754216072033,100.24269866007307,199.6604844872553,-99.41778582718223,51.841242361457034,23985.682429905253,23541.69482421875,23097.707218532247,3.771925589909072,338.9218766259366,48.52674437523476,47.01837058403286,1136340.0,1.3126353028142985,0.0009735760633315937,0.0009735760633315937,0.0071391352191005515,FINNIFTY,2024-07-30 00:00:00+05:30
23364.94921875,23463.69921875,23348.150390625,23412.19921875,1140400,0.0,0.0,23537.2623046875,22845.324921875,21177.6674609375,23391.720346119477,23296.97236441855,94.74798170092618,178.67798392998947,-83.93000222906329,53.783702923307885,23984.550311611085,23537.2623046875,23089.974297763918,3.800679969772908,323.6916867776554,56.157664163200046,50.29222733539155,1193360.0,0.9556211034390293,0.0031793306517267084,0.0031793306517267084,0.007088810207661496,FINNIFTY,2024-07-31 00:00:00+05:30
23462.80078125,23550.650390625,23387.650390625,23435.849609375,907700,0.0,0.0,23512.86728515625,22885.2779296875,21196.178212890623,23398.509463543403,23307.259567748657,91.24989579474641,161.19236630294085,-69.94247050819445,54.41484056439721,23925.01829201474,23512.86728515625,23100.71627829776,3.5057485916971305,312.21370915068,58.589957074820774,54.42478853775187,1238745.0,0.732757750788096,0.0010101738159675744,0.0010101738159675744,0.00567513374509297,FINNIFTY,2024-08-01 00:00:00+05:30
23254.19921875,23476.849609375,23238.25,23365.900390625,1053100,0.0,0.0,23487.17734375,22926.061953125,21215.1174609375,23393.492683094417,23311.60333240616,81.88935068825594,145.3317631800039,-63.442412491747945,52.1466247552577,23867.48679697651,23487.17734375,23106.867890523492,3.238443237860686,306.9555591667028,51.39612287407878,55.38124803736654,1229125.0,0.8567883657073121,-0.002984710173341343,-0.002984710173341343,0.005689643149641119,FINNIFTY,2024-08-02 00:00:00+05:30
22984.5,23086.150390625,22598.0,22762.69921875,1665100,0.0,0.0,23443.2248046875,22946.6829296875,21230.537958984376,23296.44753473374,23270.94376843163,25.503766302110307,121.36616380442518,-95.86239750231488,37.593801673024636,23930.157189071564,23443.2248046875,22956.292420303434,4.154141663024979,339.88018998515264,13.276841495364772,41.08764048142145,1248380.0,1.3338086159662923,-0.02581544737377295,-0.02581544737377295,0.007731282648686975,FINNIFTY,2024-08-05 00:00:00+05:30
22917.849609375,23078.900390625,22497.80078125,22520.099609375,1368900,0.0,0.0,23389.89228515625,22960.03890625,21244.0474609375,23177.00939237086,23215.32568257558,-38.31629020472246,89.42967300259565,-127.74596320731811,33.539715093221616,24016.021541228823,23389.89228515625,22763.763029083675,5.353844715821371,357.1101485129989,1.663223772576693,22.112062714006754,1259075.0,1.0872267339118002,-0.010657769847222998,-0.010657769847222998,0.007978016450657205,FINNIFTY,2024-08-06 00:00:00+05:30
22782.69921875,22857.94921875,22622.05078125,22804.75,1285200,0.0,0.0,23346.9998046875,22976.8219140625,21260.097958984374,23119.738716621498,23184.912669051464,-65.17395242996645,58.50894791608324,-123.68290034604968,41.50985333015914,24009.02943214084,23346.9998046875,22684.97017723416,5.671217997958094,355.7343957174275,24.27915513150089,13.073073466480794,1267905.0,1.0136406118754955,0.01263983710385097,0.01263983710385097,0.00857565774605631,FINNIFTY,2024-08-07 00:00:00+05:30
22762.94921875,22988.849609375,22679.599609375,22838.400390625,994200,0.0,0.0,23308.96484375,22993.9469140625,21275.115712890623,23076.45589723742,23159.245092871726,-82.78919563430463,30.249319206005666,-113.0385148403103,42.38942029565459,23995.638277854003,23308.96484375,22622.291409645997,5.891925606367075,352.4140817376113,27.754223126211553,17.898867343429725,1240075.0,0.8017257020744712,0.0014755869117180076,0.0014755869117180076,0.008603728787455661,FINNIFTY,2024-08-08 00:00:00+05:30
23044.25,23088.55078125,22945.599609375,22983.30078125,808900,0.0,0.0,23278.157421875,23021.2039453125,21290.383466796877,23062.124340931667,23146.212180899747,-84.08783996808052,7.38188737118843,-91.46972733926894,46.144994954986764,23965.223065049522,23278.157421875,22591.091778700476,5.903093021691417,345.1095323724248,39.56162883598641,30.531669031232962,1230160.0,0.6575567405865904,0.006344594548945759,0.006344594548945759,0.008780911125873548,FINNIFTY,2024-08-09 00:00:00+05:30
22966.599609375,23158.400390625,22830.80078125,23028.55078125,917800,0.0,0.0,23249.36494140625,23049.8289453125,21305.797724609376,23056.959177903715,23137.496521666435,-80.53734376272041,-10.20195885559334,-70.33538490712706,47.300350341409924,23927.536726709724,23249.36494140625,22571.193156102774,5.8338951365994225,343.8588235868944,45.33418748665385,37.550013149617286,1221755.0,0.7512144415205995,0.00196882077255478,0.00196882077255478,0.008805446559387265,FINNIFTY,2024-08-12 00:00:00+05:30
22919.5,22989.150390625,22574.5,22596.80078125,1122400,0.0,0.0,23194.6125,23067.3989453125,21319.64498046875,22986.165578418528,23097.444985339294,-111.27940692076663,-30.417448468628,-80.86195845213864,38.75684033548069,23897.41767312305,23194.6125,22491.807326876948,6.060072554547326,351.72967770568766,8.456117873158233,31.11731139859951,1218795.0,0.9209095869280725,-0.0187484659413103,-0.0187484659413103,0.00954765822537514,FINNIFTY,2024-08-13 00:00:00+05:30
22636.400390625,22663.400390625,22518.849609375,22591.69921875,774100,0.0,0.0,23141.77998046875,23067.304921875,21333.5309765625,22925.478446161833,23059.98233596231,-134.50388980047865,-51.23473673499813,-83.26915306548051,38.66796549257989,23858.923915076837,23141.77998046875,22424.63604586066,6.197828647695593,336.93118510170996,8.020366218236173,20.603557192682764,1210575.0,0.6394481961051567,-0.00022576481287706063,-0.00022576481287706063,0.009558735041306773,FINNIFTY,2024-08-14 00:00:00+05:30
22774.400390625,22997.099609375,22617.94921875,22976.19921875,823600,0.0,0.0,23101.41494140625,23110.43890625,21348.6959765625,22933.281641944628,23053.776179131768,-120.49453718713994,-65.08669682542649,-55.407840361713454,48.29216565722374,23757.845104080036,23101.41494140625,22444.98477873246,5.683029929887301,341.8218426390878,40.86256139226991,19.11301516122145,1193430.0,0.6901116948627066,0.017019525458310092,0.017019525458310092,0.010354909434691308,FINNIFTY,2024-08-16 00:00:00+05:30
23062.400390625,23065.900390625,22872.0,22922.69921875,642400,0.0,0.0,23067.732421875,23135.2408984375,21364.8734765625,22931.65357683776,23044.066774659044,-112.41319782128267,-74.55199702459772,-37.86120079668494,47.18272914527146,23687.21471118881,23067.732421875,22448.25013256119,5.370985565328997,331.25602463808156,39.123327284792744,29.335418298432955,1183075.0,0.542991779895611,-0.002328496523321455,-0.002328496523321455,0.010254075689431739,FINNIFTY,2024-08-19 00:00:00+05:30
22943.80078125,23247.19921875,22926.80078125,23178.150390625,1058200,0.0,0.0,23045.29990234375,23160.9058984375,21382.7134765625,22969.57616357426,23053.998894360226,-84.42273078596554,-76.5261437768713,-7.896587009094247,52.76290349842706,23612.461585214805,23045.29990234375,22478.138219472698,4.922146253461189,330.7734514496472,64.61982825627622,48.2019056444463,1181680.0,0.895504705165527,0.01114402668888359,0.01114402668888359,0.010620176404013974,FINNIFTY,2024-08-20 00:00:00+05:30
23123.0,23170.400390625,23014.05078125,23143.650390625,1109500,0.0,0.0,23037.27744140625,23180.462890625,21400.400478515625,22996.356813889757,23060.639745935398,-64.28293204564034,-74.0775014306251,9.794569384984769,51.96440582183745,23594.01260379164,23037.27744140625,22480.54227902086,4.833341646393834,318.8681770157438,61.34300698068301,55.02872084058401,1155350.0,0.9603150560436231,-0.0014884707976506872,-0.0014884707976506872,0.010190932528943188,FINNIFTY,2024-08-21 00:00:00+05:30
23230.849609375,23283.849609375,23163.44921875,23247.150390625,641600,0.0,0.0,23041.37998046875,23202.30890625,21419.6122265625,23034.940441079794,23074.455349245738,-39.51490816594378,-67.16498277768885,27.65007461174507,54.20355326385447,23603.01006100857,23041.37998046875,22479.749899928935,4.874969129591093,306.1061085681907,76.5385328952487,67.50045604406932,1109760.0,0.5781430219146482,0.00447206893696972,0.00447206893696972,0.010152515845873133,FINNIFTY,2024-08-22 00:00:00+05:30
23275.150390625,23305.5,23199.94921875,23232.150390625,565100,0.0,0.0,23050.5125,23224.4429296875,21439.65248046875,23065.28043331752,23086.13646342198,-20.856030104459933,-57.903192243043065,37.04716213858313,53.812050655762874,23618.280250625205,23050.5125,22482.744749374797,4.92629177442544,291.78072804546275,90.91869749626399,76.26674579073192,1077230.0,0.5245862072166575,-0.0006452403734631407,-0.0006452403734631407,0.010081258211595678,FINNIFTY,2024-08-23 00:00:00+05:30
23324.05078125,23437.44921875,23286.5,23386.19921875,676800,0.0,0.0,23053.9875,23247.51890625,21461.96998046875,23114.652554153286,23108.36333418702,6.28921996626741,-45.064709801180975,51.353929767448385,57.22877844206144,23629.033547661624,23053.9875,22478.941452338375,4.988690547885692,285.6034494797154,94.54583246726253,87.33435428625842,1041145.0,0.6500535468162456,0.006630846716073391,0.006630846716073391,0.009850876640273305,FINNIFTY,2024-08-26 00:00:00+05:30
23402.900390625,23603.150390625,23280.400390625,23578.80078125,1345100,0.0,0.0,23067.1625,23273.1609375,21484.218232421874,23186.059973706626,23143.21055248798,42.84942121864515,-27.481883597215756,70.3313048158609,61.102995478894016,23676.598718381385,23067.1625,22457.726281618612,5.284015477685099,288.2567745168786,97.75434918095979,94.40629304816211,1019585.0,1.3192622488561523,0.008235693226523955,0.008235693226523955,0.0100128841033776,FINNIFTY,2024-08-27 00:00:00+05:30
23557.599609375,23571.19921875,23481.25,23521.5,865400,0.0,0.0,23076.3375,23295.351953125,21505.61873046875,23237.666131597915,23171.231993044425,66.4341385534899,-8.698679167074626,75.13281772056453,59.37971556461692,23706.963937976565,23076.3375,22445.711062023438,5.4655678179135965,274.6349178549587,92.46976558193825,94.92331574338687,988275.0,0.8756671978953227,-0.002430182170060413,-0.002430182170060413,0.010035280547999475,FINNIFTY,2024-08-28 00:00:00+05:30
23519.5,23675.55078125,23484.849609375,23581.69921875,1274700,0.0,0.0,23084.8125,23315.2789453125,21527.504228515623,23290.59429885208,23201.63697272632,88.95732612576103,10.832521891492505,78.12480423426852,60.63577453824747,23737.43787209816,23084.8125,22432.18712790184,5.654153544441035,268.63965028496165,91.88627410588099,94.03679628959303,994990.0,1.2811184032000322,0.0025593273707034125,0.0025593273707034125,0.010027326880676457,FINNIFTY,2024-08-29 00:00:00+05:30
23712.849609375,23718.19921875,23593.849609375,23637.900390625,3217100,0.0,0.0,23094.9150390625,23329.15796875,21549.970732421876,23344.026005278683,23233.952781459557,110.07322381912672,30.68066227701935,79.39256154210737,61.8226682843147,23774.655771727354,23094.9150390625,22415.174306397646,5.886496932464546,259.2011038360358,93.3048022447062,92.55361397750848,1110460.0,2.8970876933883254,0.002383253698287957,0.002383253698287957,0.010036357482904634,FINNIFTY,2024-08-30 00:00:00+05:30
23756.69921875,23766.400390625,23663.150390625,23727.55078125,912200,0.0,0.0,23112.99755859375,23343.00296875,21572.248740234376,23403.02981696658,23270.51559625885,132.5142207077297,51.04737396316142,81.46684674456827,63.702744344921335,23838.324062934862,23112.99755859375,22387.671054252638,6.276351671844702,249.86531070489042,96.88592961834594,94.02566865631104,1103415.0,0.8267061803582514,0.0037926545566016046,0.0037926545566016046,0.010027720344574177,FINNIFTY,2024-09-02 00:00:00+05:30
23764.900390625,23950.94921875,23595.05078125,23922.19921875,1217800,0.0,0.0,23170.97255859375,23361.6159375,21595.022734375,23482.90203262557,23318.78845718412,164.11357544144994,73.66061425881912,90.45296118263082,67.4507036868016,23957.784998365878,23170.97255859375,22384.16011882162,6.79136309693063,257.4391054759697,97.99245807960612,96.06106331421944,1081050.0,1.1264973867998704,0.008203477859746622,0.008203477859746622,0.0079405787978651,FINNIFTY,2024-09-03 00:00:00+05:30
23772.099609375,23847.69921875,23742.400390625,23834.05078125,815500,0.0,0.0,23236.6701171875,23376.871953125,21616.505234375,23536.92491702933,23356.956036744556,179.96888028477406,94.92226746401012,85.04661282076394,64.21686352308569,24014.49822495085,23236.6701171875,22458.84200942415,6.69483281245202,251.89337137947186,91.23042479369842,95.3696041638835,1053380.0,0.7741745618864987,-0.003684796564644821,-0.003684796564644821,0.007470841323572706,FINNIFTY,2024-09-04 00:00:00+05:30
23886.0,23921.599609375,23829.5,23859.5,802700,0.0,0.0,23289.4076171875,23383.8489453125,21637.999736328125,23586.551852870973,23394.181515504217,192.37033736675585,114.41188144455927,77.95845592219658,64.7424315573473,24085.751766824018,23289.4076171875,22493.06346755098,6.838681023804318,240.4795312362953,91.5242332854231,93.58237205290924,1029255.0,0.779884479550743,0.0010677672454244558,0.0010677672454244558,0.007113604718441545,FINNIFTY,2024-09-05 00:00:00+05:30
23750.80078125,23855.19921875,23473.0,23529.75,1454500,0.0,0.0,23323.97509765625,23382.5899609375,21658.093984375,23577.81310627544,23404.223625466868,173.58948080857226,126.24740131736189,47.34207949121037,53.73043793188578,24098.736835450112,23323.97509765625,22549.213359862388,6.643479377335774,250.90956471941703,58.873225469330464,80.542627849484,1052270.0,1.3822498028072643,-0.013820490789832163,-0.013820490789832163,0.007975515040222689,FINNIFTY,2024-09-06 00:00:00+05:30
23524.05078125,23735.25,23441.55078125,23722.150390625,1158100,0.0,0.0,23360.917578125,23384.5359765625,21679.244990234376,23600.018842329217,23427.77375621932,172.24508610989506,135.44693827586852,36.79814783402654,58.19808587054259,24137.637397436323,23360.917578125,22584.19775881368,6.649737252090104,253.9659685787444,75.57912160302861,75.32552678592741,1069730.0,1.0826096304675012,0.00817689905863861,0.00817689905863861,0.00804405141331367,FINNIFTY,2024-09-09 00:00:00+05:30
23806.94921875,23807.400390625,23559.19921875,23649.400390625,1070000,0.0,0.0,23391.96005859375,23389.11796875,21699.63673828125,23607.616003605493,23444.190543953075,163.4254596524188,141.04264255117857,22.38281710124022,55.996399820549776,24162.667567591165,23391.96005859375,22621.25254959634,6.58950773741827,253.5541973856198,61.708085317460316,65.38681079660648,1077340.0,0.9931869233482467,-0.003066754016901929,-0.003066754016901929,0.00811089405452289,FINNIFTY,2024-09-10 00:00:00+05:30
23625.69921875,23725.349609375,23542.400390625,23582.5,925000,0.0,0.0,23441.24501953125,23388.146953125,21719.838486328124,23603.752003050802,23454.43568884544,149.3163142053636,142.6973768820156,6.618937323348007,53.97424858125831,24123.212374696883,23441.24501953125,22759.277664365614,5.818525036510808,248.51098462593268,50.938852363515316,62.74201976133477,1067470.0,0.8665348909102832,-0.0028288408805290377,-0.0028288408805290377,0.006690114773157877,FINNIFTY,2024-09-11 00:00:00+05:30
23712.19921875,23990.25,23578.44921875,23945.599609375,1107200,0.0,0.0,23508.9400390625,23397.041953125,21740.952236328125,23656.343942485295,23490.818201477257,165.52574100803758,147.26304970721998,18.262691300817607,61.995930594691856,24103.312067146388,23508.9400390625,22914.568010978615,5.056561691818316,260.1745415276518,93.70988022881167,68.78560596992911,1084125.0,1.0212844459817825,0.015396993930880898,0.015396993930880898,0.007282892763533417,FINNIFTY,2024-09-12 00:00:00+05:30
24021.25,24021.25,23855.80078125,23979.55078125,892300,0.0,0.0,23559.1076171875,23398.15796875,21762.188740234375,23706.06807152602,23527.020614793757,179.04745673226353,153.6199311122287,25.427525620034828,62.65140018865648,24134.210479287707,23559.1076171875,22984.00475508729,4.882212615563102,253.4084470435338,94.37143271423487,79.67338843552062,1087560.0,0.8204604803413145,0.0014178459687310685,0.0014178459687310685,0.0064875044128037684,FINNIFTY,2024-09-13 00:00:00+05:30
24034.349609375,24081.099609375,23932.69921875,23989.849609375,748000,0.0,0.0,23612.46513671875,23400.3609765625,21784.366484375,23749.726769656634,23561.304244021998,188.42252563463626,160.58045001671022,27.842075617926042,62.86065450174288,24137.307784833516,23612.46513671875,23087.622488603985,4.445471026221694,245.9078715850671,85.73212927814713,91.27114740706456,1092840.0,0.6844551809963032,0.00042948378053231373,0.00042948378053231373,0.006416006889598805,FINNIFTY,2024-09-16 00:00:00+05:30
24022.5,24049.69921875,23939.75,23991.55078125,931300,0.0,0.0,23653.13515625,23407.3569921875,21806.731240234374,23786.93046374792,23593.17435789074,193.75610585718096,167.21558118480436,26.54052467237659,62.89763278798399,24162.89875711659,23653.13515625,23143.371555383408,4.310325861659762,236.19653923970517,85.99812489883921,88.70056229707374,1086495.0,0.8571599501148187,7.091215254373395e-05,7.091215254373395e-05,0.006081459298558776,FINNIFTY,2024-09-17 00:00:00+05:30
24006.25,24412.599609375,23998.25,24326.900390625,1219000,0.0,0.0,23712.29765625,23422.16,21830.305244140625,23870.002760190546,23647.524434389576,222.4783258009702,178.26813010803755,44.21019569293264,69.37160791000193,24245.90340591277,23712.29765625,23178.69190658723,4.500666762861112,249.40027416008337,91.17457163143106,87.63494193613916,1091970.0,1.1163310347353865,0.013977821293531534,0.013977821293531534,0.006609274512185144,FINNIFTY,2024-09-18 00:00:00+05:30
24399.55078125,24584.44921875,24333.25,24403.650390625,1248900,0.0,0.0,23770.12265625,23436.981015625,21854.4919921875,23952.102395642003,23703.53376448109,248.56863116091336,192.32823031861273,56.24040084230063,70.63451624376773,24339.052791235874,23770.12265625,23201.19252126413,4.786934785431414,249.98231372900597,84.18067413579783,87.11779022202272,1122335.0,1.1127693603068602,0.0031549436536344455,0.0031549436536344455,0.006595315134528954,FINNIFTY,2024-09-19 00:00:00+05:30
24488.099609375,24905.349609375,24407.69921875,24789.19921875,2224000,0.0,0.0,23847.97509765625,23460.7830078125,21880.50173828125,24080.886522274002,23783.95342776027,296.9330945137335,213.24920315763688,83.68389135609664,75.99026992806705,24518.242256552174,23847.97509765625,23177.707938760326,5.621166209300486,267.962092659077,92.06513979972381,89.14012852231758,1205280.0,1.8452143900172575,0.01579881787984938,0.01579881787984938,0.007187415833719143,FINNIFTY,2024-09-20 00:00:00+05:30
24857.94921875,24994.25,24790.900390625,24953.099609375,843400,0.0,0.0,23926.3201171875,23487.856015625,21907.007236328125,24215.073151058772,23870.556848620618,344.5163024381545,239.50262301374045,105.01367942441408,77.84051156695362,24717.723263987795,23926.3201171875,23134.916970387207,6.615335270314207,263.46842755842863,97.34975131512411,91.19852175021526,1213610.0,0.6949514259111247,0.006611766244592143,0.006611766244592143,0.007186947961626803,FINNIFTY,2024-09-23 00:00:00+05:30
24959.650390625,25038.19921875,24849.349609375,24883.650390625,956300,0.0,0.0,23991.56259765625,23513.441015625,21932.912236328124,24317.931187915114,23945.600814695015,372.3303732200984,266.06817305501204,106.26220016508637,75.19622057645246,24868.1668005052,23991.56259765625,23114.9583948073,7.307604073563645,258.138511973898,90.32042217340033,93.24510442941609,1194170.0,0.8008072552484152,-0.002783190058036178,-0.002783190058036178,0.007208751082093987,FINNIFTY,2024-09-24 00:00:00+05:30
24814.94921875,25007.80078125,24813.55078125,24987.75,866400,0.0,0.0,24064.87509765625,23539.3590234375,21957.84923828125,24420.98023592817,24022.797050643534,398.18318528463715,292.49117550093706,105.69200978370009,76.4856651555986,25014.202299837914,24064.87509765625,23115.54789547459,7.889733051422492,253.57504683290531,96.84030513135426,94.83682620662624,1194220.0,0.7254944650064478,0.004183454105038287,0.004183454105038287,0.007111028265546286,FINNIFTY,2024-09-25 00:00:00+05:30
24965.44921875,25201.94921875,24945.900390625,25155.44921875,1112000,0.0,0.0,24143.56259765625,23569.501015625,21983.353232421876,24533.975464054605,24106.697211244013,427.2782528105927,319.4485909628682,107.82966184772448,78.43094694731774,25176.826282736485,24143.56259765625,23110.298912576018,8.559330719324233,253.75174549662637,97.3585525293901,94.8397599447149,1186085.0,0.9375382034171245,0.006711257266060366,0.006711257266060366,0.00715634679350258,FINNIFTY,2024-09-26 00:00:00+05:30
25127.05078125,25127.05078125,24873.19921875,24907.94921875,1286300,0.0,0.0,24207.0650390625,23591.99,22006.837978515625,24591.509887853896,24166.04921180001,425.4606760538845,340.6510079810715,84.80966807281305,69.31677867723566,25264.052328685633,24207.0650390625,23150.07774943937,8.732882635028167,255.7873351040102,82.28434168266271,92.16106644780236,1089545.0,1.180584555938488,-0.009838822509101619,-0.009838822509101619,0.007733678845429075,FINNIFTY,2024-09-27 00:00:00+05:30
24799.25,24851.25,24459.5,24480.30078125,1022000,0.0,0.0,24244.7025390625,23609.6690234375,22024.92498046875,24574.40079453022,24189.327105833345,385.07368869687343,349.5355441242319,35.538144572641556,56.99291644110836,25284.173834612553,24244.7025390625,23205.231243512444,8.574832327806725,269.5488982215809,56.51538386397847,78.71942602534376,1095035.0,0.9333035017145571,-0.017169154864748126,-0.017169154864748126,0.008902539492710672,FINNIFTY,2024-09-30 00:00:00+05:30
24410.5,24609.099609375,24410.5,24477.44921875,954900,0.0,0.0,24272.4650390625,23626.6819921875,22042.03322265625,24559.485167487106,24210.669484567912,348.81568291919393,349.3915718832243,-0.575888964030355,56.9202463135623,25305.639793741546,24272.4650390625,23239.290284383453,8.513142385961405,264.48109187539654,55.37419156144133,64.72463903602751,1081890.0,0.8826220780301139,-0.00011648396502483838,-0.00011648396502483838,0.008771173183123595,FINNIFTY,2024-10-01 00:00:00+05:30
24215.25,24326.25,23819.80078125,23881.55078125,1405900,0.0,0.0,24274.8400390625,23638.231015625,22056.3072265625,24455.187569604474,24186.290321359178,268.8972482452955,333.2927071556386,-64.39545891034311,44.22872924779824,25304.183951614406,24274.8400390625,23245.496126510592,8.480747233724394,292.5644737057254,4.4676822202752735,38.785752548565036,1111410.0,1.264969723144474,-0.02434479312670923,-0.02434479312670923,0.01043382128855164,FINNIFTY,2024-10-03 00:00:00+05:30
23795.30078125,24035.75,23560.0,23621.80078125,1199500,0.0,0.0,24262.955078125,23647.3650390625,22069.298984375,24326.97421754994,24144.47628135109,182.49793619885168,303.1337529642812,-120.63581676542952,40.03802155494771,25316.413414254577,24262.955078125,23209.496741995423,8.683677093227233,305.64915415531647,3.763866783715049,21.20191352181056,1131250.0,1.0603314917127071,-0.010876596849980769,-0.010876596849980769,0.010716620666621521,FINNIFTY,2024-10-04 00:00:00+05:30
23641.400390625,23744.849609375,23120.5,23221.099609375,1932600,0.0,0.0,24247.52255859375,23650.79703125,22079.335234375,24156.839662446106,24076.07800935286,80.76165309324642,258.65933299007423,-177.8976798968278,34.59276957801433,25351.332524828777,24247.52255859375,23143.712592358726,9.104517490953445,328.41347238529386,4.83315223204986,4.354900412013404,1155155.0,1.6730222351113053,-0.01696319326310891,-0.01696319326310891,0.010943687546041279,FINNIFTY,2024-10-07 00:00:00+05:30
23311.69921875,23511.05078125,23213.55078125,23452.849609375,1162600,0.0,0.0,24234.05751953125,23653.5200390625,22090.525986328124,24048.53350043517,24029.91294268783,18.620557747337443,210.65157794152688,-192.03102019418944,39.7006618725063,25369.297163272036,24234.05751953125,23098.81787579046,9.368960545099394,326.2053672149157,15.967221606039962,8.1880802072683,1155380.0,1.0062490262943793,0.009980147533859007,0.009980147533859007,0.011026940734735636,FINNIFTY,2024-10-08 00:00:00+05:30
23518.150390625,23824.349609375,23467.55078125,23546.0,1655300,0.0,0.0,24228.8875,23658.1340234375,22102.389736328125,23971.220654214376,23994.06753952577,-22.846885311395454,163.9518852909424,-186.79877060233787,41.67235812458437,25375.614132931067,24228.8875,23082.160867068935,9.4657803246729,329.44069812813603,20.44248767479089,13.747620504293579,1184645.0,1.3972962364252581,0.003971815458525985,0.003971815458525985,0.011053425053464783,FINNIFTY,2024-10-09 00:00:00+05:30
23631.25,23821.150390625,23572.05078125,23764.650390625,704700,0.0,0.0,24237.99501953125,23666.66703125,22115.3569921875,23939.440613662162,23977.073676644235,-37.63306298207317,123.6348956363393,-161.26795861841248,46.125447408428975,25366.795286070148,24237.99501953125,23109.19475299235,9.314303972991986,325.56281902076915,30.947206629996003,22.452305303608963,1173630.0,0.6004447739065975,0.009286094904654707,0.009286094904654707,0.01123006415591075,FINNIFTY,2024-10-10 00:00:00+05:30
23740.94921875,23762.599609375,23527.0,23612.55078125,636500,0.0,0.0,24221.342578125,23670.6740625,22126.11349609375,23889.149870214136,23950.071980689107,-60.922110474970395,86.72349441407736,-147.64560488904777,43.63007446006106,25376.426086094398,24221.342578125,23066.259070155604,9.53773313137965,319.28335984964275,23.639816759281675,25.0098370213562,1150095.0,0.5534325425290955,-0.006400246032443269,-0.006400246032443269,0.010750054702521999,FINNIFTY,2024-10-11 00:00:00+05:30
23654.150390625,23888.55078125,23630.75,23857.55078125,650500,0.0,0.0,24215.242578125,23679.1080859375,22137.7525,23884.28847191196,23943.21855850843,-58.930086596468755,57.59277821196815,-116.5228648084369,48.46632360533193,25376.640576259313,24215.242578125,23053.844579990684,9.592288777511328,316.191691288954,35.410461836423316,29.999161741900338,1138005.0,0.571614360218101,0.010375837929146758,0.010375837929146758,0.0110236573749591,FINNIFTY,2024-10-14 00:00:00+05:30
23948.05078125,23954.5,23808.650390625,23863.44921875,748600,0.0,0.0,24208.92255859375,23689.0590625,22149.845244140626,23881.082432963965,23937.30971852632,-56.22728556235597,34.82876545710333,-91.0560510194593,48.58070171939083,25376.517032266252,24208.92255859375,23041.328084921246,9.645984622789644,304.0243997236716,35.69384311937108,31.581373905025362,1138035.0,0.6578005070142834,0.0002472356678220322,0.0002472356678220322,0.011023187562756753,FINNIFTY,2024-10-15 00:00:00+05:30
23805.349609375,23983.75,23805.30078125,23882.349609375,638800,0.0,0.0,24203.4625,23711.4520703125,22162.08474609375,23881.27738318105,23933.23859932993,-51.96121614888034,17.470769135906593,-69.43198528478693,48.97152718837902,25376.082424061653,24203.4625,23030.84257593835,9.68968736652164,295.05474393983786,36.601883078008676,35.90206267793437,1123410.0,0.5686258801328099,0.0007920225802962033,0.0007920225802962033,0.011025320515513718,FINNIFTY,2024-10-16 00:00:00+05:30
23904.349609375,23924.5,23531.349609375,23583.75,775500,0.0,0.0,24166.30498046875,23732.725078125,22173.99724609375,23835.503939614733,23907.35055493512,-71.84661532038808,-0.39270775535234215,-71.45390756503573,43.3637965004428,25367.66924464442,24166.30498046875,22964.94071629308,9.942473747199791,302.06157584592086,23.08688144495471,31.794202547444836,1101235.0,0.7042093649402716,-0.012502941053077365,-0.012502941053077365,0.01082509718687635,FINNIFTY,2024-10-17 00:00:00+05:30
23550.80078125,23987.5,23428.900390625,23938.099609375,859700,0.0,0.0,24143.02744140625,23755.3920703125,22187.057744140624,23851.28788880862,23909.62826267141,-58.34037386278942,-11.982240976839758,-46.35813288594966,50.5940011631629,25343.13480721728,24143.02744140625,22942.920075595222,9.941647697030714,320.385721097998,47.23961342626029,35.64279264974124,1081775.0,0.7947123939821127,0.015025159670323918,0.015025159670323918,0.011403367735656745,FINNIFTY,2024-10-18 00:00:00+05:30
24096.80078125,24213.80078125,23899.099609375,23954.69921875,886800,0.0,0.0,24101.30244140625,23777.718046875,22200.84548828125,23867.197324184213,23912.966852010562,-45.769527826349076,-18.739698346741623,-27.029829479607454,50.910155184212606,25266.154233565467,24101.30244140625,22936.450649247032,9.666297454182326,319.9796818677838,56.03919371577996,42.121896195664995,1014915.0,0.8737677539498382,0.0006934388963983906,0.0006934388963983906,0.010718800945796116,FINNIFTY,2024-10-21 00:00:00+05:30
24000.400390625,24124.75,23662.849609375,23700.349609375,1124900,0.0,0.0,24038.66494140625,23792.0590234375,22213.038984375,23841.528444982796,23897.217426630148,-55.68898164735219,-26.12955500686374,-29.559426640488454,46.04780888944642,25146.91889411853,24038.66494140625,22930.410988693966,9.220594865926447,330.1168753504421,48.09036776902343,50.456391637021234,1028990.0,1.0932079028950719,-0.010617942101978639,-0.010617942101978639,0.01071173317515353,FINNIFTY,2024-10-22 00:00:00+05:30
23597.25,23903.55078125,23597.05078125,23752.0,927500,0.0,0.0,23982.082421875,23806.5280078125,22224.47048828125,23827.754838062367,23886.4605802131,-58.705742150734295,-32.644792435637854,-26.06094971509644,47.1516339462797,25025.660772304127,23982.082421875,22938.50407144587,8.702983603102286,328.42995568255344,57.760866069993035,53.96347585159882,1027550.0,0.902632475305338,0.0021793092286102045,0.0021793092286102045,0.010762605563989893,FINNIFTY,2024-10-23 00:00:00+05:30
23771.44921875,23965.75,23731.05078125,23854.150390625,737000,0.0,0.0,23925.40244140625,23831.675,22236.0707421875,23831.81569230277,23884.067232836205,-52.25154053343431,-36.56614205519715,-15.685398478237161,49.35836781542205,24861.9947529945,23925.40244140625,22988.810129818004,7.829271117858759,321.7349030445139,67.10416778319667,57.651800540737725,1021080.0,0.7217847769028871,0.004300706914154517,0.004300706914154517,0.010766336769230228,FINNIFTY,2024-10-24 00:00:00+05:30
23910.30078125,23990.30078125,23551.05078125,23732.69921875,907800,0.0,0.0,23854.26494140625,23854.495,22247.2969921875,23816.567004063883,23872.85478734834,-56.287783284456964,-40.51047030104911,-15.777312983407853,46.85337963844581,24603.789373306165,23854.26494140625,23104.740509506337,6.284196421402941,330.12883854133435,51.901868282929264,58.922300712039664,1010870.0,0.8980383234243771,-0.005091406312367819,-0.005091406312367819,0.010570204276134714,FINNIFTY,2024-10-25 00:00:00+05:30
23887.69921875,24033.55078125,23826.25,23861.849609375,1084700,0.0,0.0,23801.9599609375,23872.2080078125,22259.87548828125,23823.53355872713,23872.039588979944,-48.506030252814526,-42.10958229140219,-6.396447961412335,49.772583523659016,24375.375189424583,23801.9599609375,23228.544732450417,4.818218578874527,328.0376045383819,55.15976599339586,58.055267353173946,1000790.0,1.0838437634268927,0.005441875339782909,0.005441875339782909,0.010590955419166305,FINNIFTY,2024-10-28 00:00:00+05:30
23877.94921875,24379.94921875,23799.80078125,24357.80078125,1380600,0.0,0.0,23795.8349609375,23900.9100390625,22275.38173828125,23905.72851603834,23908.021899518466,-2.2933834801260673,-34.14634252914697,31.852959049020903,59.069932224571566,24342.111000651472,23795.8349609375,23249.558921223528,4.591358450844204,346.0455211784975,97.67115663833309,68.24426363821941,1018720.0,1.3552300926653056,0.020784271965244017,0.020784271965244017,0.01113313063035618,FINNIFTY,2024-10-29 00:00:00+05:30
24208.5,24308.900390625,23994.55078125,24037.400390625,997400,0.0,0.0,23773.83251953125,23918.0950390625,22287.9857421875,23925.98572751321,23917.605491452283,8.380236060926109,-25.641026811132356,34.021262872058465,52.330655990846076,24237.763822557466,23773.83251953125,23309.901216505034,3.902873486174991,347.27441252289054,63.98199356384912,72.27097206519271,1020845.0,0.977033731859391,-0.013153912929267264,-0.013153912929267264,0.011503998698341292,FINNIFTY,2024-10-30 00:00:00+05:30
23966.849609375,24058.05078125,23804.80078125,23886.55078125,890900,0.0,0.0,23774.08251953125,23932.953046875,22299.8475,23919.918812703487,23915.305142548412,4.613670155074942,-19.590087417890896,24.203757572965838,49.46901041189516,24238.251066991157,23774.08251953125,23309.913972071343,3.904828269007447,340.55838305696983,48.120598763289706,69.92458298849066,995095.0,0.8952914043382793,-0.006275620779434776,-0.006275620779434776,0.01019642809656972,FINNIFTY,2024-10-31 00:00:00+05:30
23920.94921875,24019.44921875,23878.150390625,23947.599609375,72600,0.0,0.0,23790.3724609375,23946.96203125,22313.123251953126,23924.177396806797,23917.697325276305,6.480071530491841,-14.376055628214349,20.85612715870619,50.645278186625426,24254.887995895955,23790.3724609375,23325.856925979042,3.9050715638955706,326.3255577046863,54.53970431493191,55.54743221402359,938750.0,0.07733688415446072,0.0025557824854696154,0.0025557824854696154,0.009875486418844708,FINNIFTY,2024-11-01 00:00:00+05:30
23997.900390625,23997.94921875,23606.900390625,23660.25,840700,0.0,0.0,23812.32998046875,23955.5240234375,22325.438251953125,23883.57318191344,23898.627153033616,-15.053971120174538,-14.511638726606389,-0.5423323935681488,45.30006332195051,24202.737724532246,23812.32998046875,23421.92223640525,3.2790385853355466,330.9486484489944,24.32573412987717,42.32867906936627,884155.0,0.950851377869265,-0.011999098617905268,-0.011999098617905268,0.009461039344854405,FINNIFTY,2024-11-04 00:00:00+05:30
23579.099609375,24174.0,23419.80078125,24128.900390625,1242800,0.0,0.0,23846.13251953125,23970.378046875,22339.96125,23921.31582940753,23915.684429892237,5.631399515292287,-10.483031078226656,16.114430593518943,53.85428734393046,24223.02228791641,23846.13251953125,23469.24275114609,3.1610137876778825,361.18083204192334,73.85312329636531,50.90618724705814,888165.0,1.3992895464243693,0.01980749952451899,0.01980749952451899,0.010180902206083624,FINNIFTY,2024-11-05 00:00:00+05:30
24218.349609375,24257.05078125,24097.94921875,24181.19921875,805500,0.0,0.0,23877.89248046875,23982.426015625,22354.62125,23961.29788930637,23935.35219202985,25.94569727651833,-3.1972854072776586,29.14298268379599,54.70555550694982,24255.31684344423,23877.89248046875,23500.468117493267,3.1612870632046057,346.7465985032145,79.30007567189318,59.15964436604523,845675.0,0.9524935702249682,0.0021674766474364393,0.0021674766474364393,0.010165558010273657,FINNIFTY,2024-11-06 00:00:00+05:30
24134.0,24194.599609375,23871.849609375,23966.599609375,667100,0.0,0.0,23887.98994140625,23991.3280078125,22367.950751953125,23962.1135385477,23937.6668155369,24.44672301079845,2.331516276337563,22.115206734460887,50.58216821380038,24263.556648742288,23887.98994140625,23512.42323407021,3.1443977350731354,345.0325557529849,56.94940560948421,70.03420152591424,843795.0,0.7905948719771982,-0.008874647093953913,-0.008874647093953913,0.010233129570569348,FINNIFTY,2024-11-07 00:00:00+05:30
23948.5,24037.05078125,23801.55078125,23834.55078125,775800,0.0,0.0,23899.08994140625,23996.3850390625,22379.8167578125,23942.488498963437,23930.028590774906,12.4599081885317,4.357194658776391,8.10271352975531,48.175906300868846,24253.991778873118,23899.08994140625,23544.188103939385,2.970002944354657,337.2088017706288,43.19644586204932,59.81530904780891,850760.0,0.911890544924538,-0.005509702263868377,-0.005509702263868377,0.01020354401849403,FINNIFTY,2024-11-08 00:00:00+05:30
23828.69921875,24145.25,23727.849609375,23959.94921875,947800,0.0,0.0,23904.20986328125,24002.826015625,22392.380751953126,23945.174763545987,23932.244933587877,12.929829958109622,6.071721718643037,6.858108239466585,50.58020621755498,24259.521177201586,23904.20986328125,23548.89854936091,2.972792792169417,342.93677240308386,56.25676368400068,52.13420505184475,865625.0,1.0949314079422383,0.005261204150683874,0.005261204150683874,0.01000562854259062,FINNIFTY,2024-11-11 00:00:00+05:30
24050.69921875,24091.80078125,23486.25,23563.650390625,852600,0.0,0.0,23889.219921875,23999.5480078125,22407.554501953124,23886.47870617353,23904.941634109146,-18.46292793561588,1.1647917877912537,-19.627719723407132,43.6828420276274,24274.202001043635,23889.219921875,23504.237842706363,3.2230611165006176,361.6949158921493,14.982017754416228,38.14507576682208,870825.0,0.9790715700628714,-0.016540052923604498,-0.016540052923604498,0.010687774539394061,FINNIFTY,2024-11-12 00:00:00+05:30
23516.19921875,23632.349609375,23053.55078125,23138.400390625,915300,0.0,0.0,23852.0224609375,23983.87203125,22421.62625,23771.389734550678,23848.16080125847,-76.77106670779176,-14.42237991132535,-62.34868679646641,37.73625738153357,24357.406622088936,23852.0224609375,23346.638299786064,4.237662965302878,377.2023381944958,6.396992560917428,25.878591333111455,884650.0,1.0346464703555078,-0.018046864257041828,-0.018046864257041828,0.011369135250081513,FINNIFTY,2024-11-13 00:00:00+05:30
23100.150390625,23365.099609375,23089.55078125,23200.30078125,685400,0.0,0.0,23832.85,23971.19703125,22435.501005859376,23683.52989558134,23800.17117014673,-116.641274565387,-34.86615884213768,-81.77511572324931,39.03719188872264,24402.496402783854,23832.85,23263.203597216143,4.78034647793995,369.9413731895318,11.063794697813039,10.814268337715575,880145.0,0.7787353220208034,0.0026752234199423075,0.0026752234199423075,0.011100821866985465,FINNIFTY,2024-11-14 00:00:00+05:30
23270.25,23347.900390625,23194.599609375,23257.69921875,709300,0.0,0.0,23798.82998046875,23959.161015625,22451.104248046875,23618.017483761134,23759.98806263586,-141.97057887472693,-56.28704284865553,-85.6835360260714,40.28316412052192,24418.355416160244,23798.82998046875,23179.304544777253,5.206352045036907,354.467045193851,15.39118501110267,10.950657423277724,872625.0,0.812834837415843,0.0024740385067070214,0.0024740385067070214,0.010499940278576031,FINNIFTY,2024-11-18 00:00:00+05:30
23361.599609375,23466.150390625,23289.849609375,23403.05078125,1244200,0.0,0.0,23771.24755859375,23956.62703125,22467.0875,23584.945683374805,23733.548264014687,-148.60258063988294,-74.75015040690101,-73.85243023298193,43.43590694529212,24409.399418656187,23771.24755859375,23133.095698531313,5.369107014593628,344.0373399567902,27.840849862852572,18.098609857256104,890495.0,1.3972004334667798,0.006249610554031948,0.006249610554031948,0.010630611223078705,FINNIFTY,2024-11-19 00:00:00+05:30
23416.19921875,23426.19921875,23094.849609375,23273.44921875,1380100,0.0,0.0,23749.9025390625,23947.6530078125,22482.957744140625,23537.023150355602,23699.466853254344,-162.44370289874132,-92.28886090526908,-70.15484199347225,41.340158690711355,24423.6760103832,23749.9025390625,23076.1290677418,5.673905147294938,343.1310734866624,18.27157769007063,20.501204188008632,903255.0,1.527918472635081,-0.005537806318987815,-0.005537806318987815,0.010450656851126575,FINNIFTY,2024-11-21 00:00:00+05:30
23324.69921875,23673.5,23319.30078125,23623.75,1117100,0.0,0.0,23743.4900390625,23947.14,22499.00974609375,23550.36574260859,23693.85819745773,-143.4924548491399,-102.52957969404325,-40.962875155096654,48.56406944754299,24419.49907952309,23743.4900390625,23067.48099860191,5.6942685287498085,347.1967668983294,47.37841452014956,31.1636140243576,912735.0,1.223903980892592,0.015051519779362366,0.015051519779362366,0.011027896036329784,FINNIFTY,2024-11-22 00:00:00+05:30
24037.650390625,24135.80078125,23931.94921875,24058.69921875,3363400,0.0,0.0,23753.71748046875,23956.663984375,22517.8757421875,23628.57089278419,23720.883458294193,-92.31256551000115,-100.48617685723484,8.173611347233688,55.83646438073905,24442.188281057883,23753.71748046875,23065.246679879616,5.796741509241419,358.9720536377344,83.51877336933943,49.722921859853216,1044055.0,3.2214777957099963,0.018411523096460103,0.018411523096460103,0.011759025077249049,FINNIFTY,2024-11-25 00:00:00+05:30
24229.75,24229.94921875,23954.0,24046.80078125,679400,0.0,0.0,23769.42255859375,23958.6880078125,22535.62224609375,23692.913952548162,23745.025482216843,-52.111529668680305,-90.81124741952394,38.69971775084363,55.60485314998036,24469.491595276864,23769.42255859375,23069.353521910634,5.890500999402761,353.04185114575336,82.53012048192771,71.14243612380557,1032635.0,0.6579285032949687,-0.0004945586372652189,-0.0004945586372652189,0.011688852199427589,FINNIFTY,2024-11-26 00:00:00+05:30
24040.94921875,24201.650390625,24012.5,24171.55078125,766700,0.0,0.0,23784.9076171875,23962.5280078125,22553.896748046875,23766.55038773306,23776.61994881189,-10.069561078831612,-74.66291015138547,64.59334907255386,57.591103469956785,24505.85864015087,23784.9076171875,23063.956594224128,6.062256238846145,341.3353182514138,92.89572081429165,86.31487155518626,1016735.0,0.7540804634442603,0.005187800287232758,0.005187800287232758,0.011683589858251844,FINNIFTY,2024-11-27 00:00:00+05:30
24211.900390625,24378.05078125,23854.69921875,23919.599609375,1207100,0.0,0.0,23762.99755859375,23961.1230078125,22571.3244921875,23790.09642183182,23787.211034779528,2.8853870522907528,-59.153250710650234,62.038637762940986,52.48387927354991,24438.15475947928,23762.99755859375,23087.84035770822,5.682424527635929,354.33647855488425,65.38684999056248,80.27089709559395,1008060.0,1.1974485645695692,-0.010423459138188207,-0.010423459138188207,0.010920480176098856,FINNIFTY,2024-11-28 00:00:00+05:30
23968.150390625,24035.44921875,23853.5,24010.150390625,849000,0.0,0.0,23761.63505859375,23961.495,22589.79599609375,23823.95087856923,23803.72506113845,20.22581743077899,-43.277437082364386,63.503254513143375,54.06067219471806,24434.678401858833,23761.63505859375,23088.59171532867,5.664958169801252,342.02310285453535,72.22345106644016,76.83534062376478,1000640.0,0.848456987527982,0.0037856311446997637,0.0037856311446997637,0.010567228497072523,FINNIFTY,2024-11-29 00:00:00+05:30
24033.400390625,24101.150390625,23854.80078125,24072.650390625,630100,0.0,0.0,23770.9400390625,23956.41,22608.331748046876,23862.212341962426,23823.645455915233,38.566886047192384,-26.908572456453037,65.47545850364543,55.16655298539089,24455.678186872086,23770.9400390625,23086.201891252917,5.761136469019424,335.1892818917114,76.94221286334466,71.51750464011577,987600.0,0.6380113406237343,0.0026030657444113814,0.0026030657444113814,0.010475980476811515,FINNIFTY,2024-12-02 00:00:00+05:30
24199.5,24347.80078125,24138.75,24296.55078125,986200,0.0,0.0,23788.38759765625,23954.2680078125,22627.59625,23929.033640314363,23858.675480014103,70.35816030026035,-7.45522590511036,77.8133862053707,58.97647567605187,24507.178437585466,23788.38759765625,23069.59675772703,6.043207737207344,330.9007896583749,93.84673461683654,81.0041328488738,1033280.0,0.9544363580055745,0.009301027805072914,0.009301027805072914,0.010654726428247366,FINNIFTY,2024-12-03 00:00:00+05:30
24339.19921875,24615.599609375,24314.099609375,24562.599609375,1062000,0.0,0.0,23833.505078125,23949.736015625,22650.085751953124,24026.505327862156,23910.81800811491,115.68731974724506,17.173283225360727,98.51403652188432,63.000002571330434,24624.14717314781,23833.505078125,23042.86298310219,6.634711029125808,330.0542209774195,96.60702027710501,89.13198925242875,1044345.0,1.0169053330077704,0.010950065732388437,0.010950065732388437,0.010439924452590265,FINNIFTY,2024-12-04 00:00:00+05:30
24596.94921875,24874.849609375,24336.0,24731.25,994800,0.0,0.0,23863.62255859375,23945.2990234375,22672.725498046875,24134.927585114132,23971.590748254548,163.33683685958385,46.40599395220536,116.93084290737849,65.32188441350198,24738.39349016612,23863.62255859375,22988.85162702138,7.331417762952739,344.9681772915324,91.95655051620604,94.13676847004922,1031945.0,0.9640048646003421,0.0068661458195422576,0.0068661458195422576,0.009643934042874992,FINNIFTY,2024-12-05 00:00:00+05:30
24731.849609375,24830.849609375,24562.900390625,24703.69921875,801100,0.0,0.0,23889.74755859375,23941.7,22696.651494140624,24222.430913365803,24025.821005328286,196.60990803751702,76.4467767692677,120.16313126824932,64.60860443766504,24829.67781781336,23889.74755859375,22949.81729937414,7.868900723327184,339.4668231099944,90.38480951544943,92.98279343625352,1031725.0,0.7764665972037122,-0.0011140068233510547,-0.0011140068233510547,0.00965590909584232,FINNIFTY,2024-12-06 00:00:00+05:30
24648.19921875,24856.75,24626.400390625,24722.599609375,698400,0.0,0.0,23927.54755859375,23936.3969921875,22719.3119921875,24299.379943521064,24077.43423525767,221.9457082633926,105.54656306809268,116.39914519529991,64.89182910532722,24935.168912254387,23927.54755859375,22919.926204933112,8.422270198758778,331.67273641463765,91.44662921348315,91.26266308171289,1033290.0,0.6758993119066283,0.0007650834175738641,0.0007650834175738641,0.009367360941852386,FINNIFTY,2024-12-09 00:00:00+05:30
24754.44921875,24838.44921875,24681.400390625,24802.94921875,643600,0.0,0.0,23975.96748046875,23929.3469921875,22741.698984375,24376.85213971013,24131.176085886735,245.6760538233939,133.57246121915293,112.10359260424096,66.13265876056897,25051.82005876048,23975.96748046875,22900.114902177018,8.974424737338671,319.19960010823496,95.96065221207866,92.59736364700376,1026680.0,0.6268749756496669,0.0032500469467025006,0.0032500469467025006,0.009221296081555159,FINNIFTY,2024-12-10 00:00:00+05:30
24756.099609375,24865.69921875,24696.650390625,24803.05078125,582600,0.0,0.0,24018.12255859375,23927.2490234375,22763.633486328126,24442.421161485494,24180.94458183957,261.4765796459251,159.15328490450736,102.32329474141773,66.13428805085057,25152.632412281506,24018.12255859375,22883.612704905994,9.447115201615333,308.4745449665753,95.38434108741262,94.26387417099149,1008420.0,0.5777354673647885,4.094775145624396e-06,4.094775145624396e-06,0.009199356477545894,FINNIFTY,2024-12-11 00:00:00+05:30
24717.55078125,24858.19921875,24695.80078125,24726.94921875,576400,0.0,0.0,24076.2875,23932.1819921875,22784.904482421876,24486.194708756957,24221.38936975886,264.805338998096,180.2836957232251,84.52164327487088,63.662857747348035,25230.738894826758,24076.2875,22921.83610517324,9.589945250709933,298.0405372903914,85.51912202565921,92.28803844171684,994610.0,0.5795236323785202,-0.003068233951185162,-0.003068233951185162,0.008230196594923864,FINNIFTY,2024-12-12 00:00:00+05:30
24688.349609375,24911.150390625,24276.69921875,24880.400390625,705000,0.0,0.0,24163.3875,23940.241015625,22805.302236328123,24546.841736736656,24270.20500093413,276.63673580252726,199.55430373908553,77.08243206344173,66.39025396999054,25284.01475524813,24163.3875,23042.760244751873,9.27541517304333,322.06986833214916,97.09261205096054,92.6653583880108,984095.0,0.7163942505550785,0.006205827112656603,0.006205827112656603,0.006695751326811272,FINNIFTY,2024-12-13 00:00:00+05:30
24846.900390625,24931.69921875,24755.349609375,24857.0,462500,0.0,0.0,24246.2224609375,23959.75,22826.153486328127,24594.558392623327,24313.671297161232,280.8870954620943,215.8208620836873,65.06623337840699,65.5818678859517,25313.49532982137,24246.2224609375,23178.949592053632,8.803621847513163,311.6612784066385,93.07185374919843,91.89452927527275,972950.0,0.47535844596330745,-0.0009405150342282065,-0.0009405150342282065,0.006772036800347014,FINNIFTY,2024-12-16 00:00:00+05:30
24776.349609375,24821.099609375,24449.55078125,24498.900390625,690300,0.0,0.0,24308.28251953125,23977.2919921875,22845.318486328124,24579.841776931276,24327.39197075114,252.44980618013506,223.1466509029769,29.30315527715817,54.62111296198739,25278.33363175484,24308.28251953125,23338.231407307663,7.981239410428685,318.50327414545,59.8591039022676,83.34118990080887,972000.0,0.7101851851851851,-0.014406388919620206,-0.014406388919620206,0.00786695045608235,FINNIFTY,2024-12-17 00:00:00+05:30
24441.900390625,24512.900390625,24140.44921875,24198.349609375,656100,0.0,0.0,24348.0474609375,23996.8369921875,22862.924736328125,24521.15067423031,24317.833277315873,203.31739691443727,219.180800105269,-15.863403190831718,47.45279615477264,25227.36669023639,24348.0474609375,23468.72823163861,7.222913711743129,322.35669541184643,31.98384893793543,61.638268863133824,942595.0,0.6960571613471321,-0.01226792943592736,-0.01226792943592736,0.008484279871844662,FINNIFTY,2024-12-18 00:00:00+05:30
23874.599609375,23977.44921875,23794.099609375,23906.599609375,759900,0.0,0.0,24379.70498046875,24005.9119921875,22879.35923828125,24426.604356560263,24287.371524135066,139.23283242519756,203.19120656925472,-63.95837414405716,41.72797826289366,25139.45262116969,24379.70498046875,23619.957339767807,6.2326237442954815,328.20621716814316,9.889243902062148,33.910732247421734,911585.0,0.8336030101416763,-0.012056607359989924,-0.012056607359989924,0.008892619087425854,FINNIFTY,2024-12-19 00:00:00+05:30
23834.44921875,23958.150390625,23525.75,23591.69921875,1558400,0.0,0.0,24378.10244140625,24006.8259765625,22894.553232421877,24298.157412281762,24235.84024225469,62.31717002707228,175.01639926081825,-112.69922923374597,36.59604459781445,25144.329062339082,24378.10244140625,23611.875820473415,6.286187555200328,335.6486581293472,4.690725516290985,15.521272785429531,933650.0,1.6691479676538317,-0.01317211129020257,-0.01317211129020257,0.008848277352527072,FINNIFTY,2024-12-20 00:00:00+05:30
23713.80078125,23889.150390625,23703.19921875,23785.55078125,467600,0.0,0.0,24364.44501953125,24007.243984375,22911.778984375,24219.29485366149,24202.485467365455,16.809386296034063,143.3749966678614,-126.56561037182735,41.37585838132578,25162.05203065841,24364.44501953125,23566.838008404087,6.5473029284088105,332.9202662540367,18.47867460540171,11.01954800791829,788860.0,0.5927541008543975,0.008216939386287647,0.008216939386287647,0.00798109683445937,FINNIFTY,2024-12-23 00:00:00+05:30
23794.44921875,23833.75,23680.19921875,23737.599609375,478300,0.0,0.0,24348.9849609375,24009.7449609375,22928.42748046875,24145.18789300203,24168.04947788468,-22.861584882652096,110.12768035775872,-132.98926524041082,40.56130206409945,25181.828494727884,24348.9849609375,23516.14142714712,6.8408891387176425,320.10816018231975,15.068084006857022,12.745828042849915,778805.0,0.6141460314199318,-0.002015979041897986,-0.002015979041897986,0.007987884610544236,FINNIFTY,2024-12-24 00:00:00+05:30
23809.099609375,23949.5,23623.900390625,23743.80078125,487400,0.0,0.0,24327.5974609375,24007.4699609375,22942.93298828125,24083.436029655564,24136.623648504334,-53.18761884876949,77.46462051645308,-130.65223936522256,40.723824566569284,25198.66097859622,24327.5974609375,23456.53394327878,7.161114195985652,320.50040655322545,15.509150568316,16.351969726858254,764840.0,0.6372574656137231,0.00026123837190983323,0.00026123837190983323,0.007874632581648642,FINNIFTY,2024-12-26 00:00:00+05:30
23799.0,23929.30078125,23757.849609375,23788.0,398800,0.0,0.0,24321.01748046875,24005.9609765625,22957.23673828125,24037.98433278548,24110.79967454105,-72.81534175556953,47.408628062048564,-120.2239698176181,41.94233509422049,25206.183624092773,24321.01748046875,23435.851336844724,7.279022305171787,310.8575203708522,18.65287853235275,16.4100377025086,724425.0,0.5505055733857888,0.0018615056265509633,0.0018615056265509633,0.007562569276518281,FINNIFTY,2024-12-27 00:00:00+05:30
23757.099609375,24047.349609375,23497.19921875,23565.30078125,1358700,0.0,0.0,24298.775,23999.62,22970.7907421875,23965.263786395408,24070.392349112084,-105.12856271667624,16.901189906303603,-122.02975262297984,37.73347318758323,25234.955573636653,24298.775,23362.59442636335,7.705578356412217,327.94986824614847,4.747407633321715,12.9698122446635,749910.0,1.8118174180901707,-0.009361830282075045,-0.009361830282075045,0.007762226242766225,FINNIFTY,2024-12-30 00:00:00+05:30
23462.94921875,23564.69921875,23440.44921875,23512.80078125,574000,0.0,0.0,24270.78251953125,23998.201015625,22983.423994140627,23895.654093296114,24029.089270011187,-133.43517671507288,-13.166083417971695,-120.2690932971012,36.796043952969896,25264.07219395579,24270.78251953125,23277.49284510671,8.18506509730552,313.4428464071379,4.851739312657167,9.417341826110553,747105.0,0.7682989673472939,-0.002227851894925581,-0.002227851894925581,0.0077223480386854676,FINNIFTY,2024-12-31 00:00:00+05:30
23632.30078125,24046.650390625,23632.30078125,24006.69921875,831200,0.0,0.0,24256.28994140625,23999.5730078125,22998.4282421875,23912.737958750557,24027.430747695544,-114.69278894498711,-33.47142452337478,-81.22136442161234,49.50530960161568,25256.089639007463,24256.28994140625,23256.490243805034,8.24363247649448,329.186186619128,37.971500419111486,15.856882455030131,739355.0,1.124223140439978,0.02100551278832996,0.02100551278832996,0.0089082823954193,FINNIFTY,2025-01-02 00:00:00+05:30
24000.75,24035.150390625,23701.650390625,23735.69921875,952000,0.0,0.0,24214.944921875,23995.1930078125,23012.793984375,23885.5012295197,24005.821004810692,-120.31977529099095,-50.84109467689801,-69.47868061409294,44.247755366586304,25228.946702114194,24214.944921875,23200.94314163581,8.375007942497326,329.4943161463331,19.798826487845766,20.874022073204817,733855.0,1.2972589953056122,-0.011288515656843856,-0.011288515656843856,0.008782710464677736,FINNIFTY,2025-01-03 00:00:00+05:30
23738.05078125,23801.80078125,23243.44921875,23317.849609375,769700,0.0,0.0,24144.27490234375,23987.5430078125,23024.895732421875,23798.170211035904,23954.860160704346,-156.68994966844184,-72.01086567520679,-84.67908399323505,37.61455258887977,25200.61974040016,24144.27490234375,23087.93006428734,8.750271791793335,345.8412623144522,4.406953391085444,20.725760099347575,722600.0,1.0651812897868806,-0.017604267964641207,-0.017604267964641207,0.009223752515924383,FINNIFTY,2025-01-06 00:00:00+05:30
23375.599609375,23519.099609375,23288.80078125,23430.30078125,580200,0.0,0.0,24080.60498046875,23981.1090234375,23038.256240234376,23741.574914145767,23916.003910374395,-174.4289962286275,-92.49449178589094,-81.93450444273657,40.21216026950597,25147.84894369513,24080.60498046875,23013.36101724237,8.863929823125288,337.58823130091986,11.843660902969582,12.016480260633607,711555.0,0.8153972637392752,0.0048225361154139446,0.0048225361154139446,0.00937839889224089,FINNIFTY,2025-01-07 00:00:00+05:30
23420.849609375,23444.94921875,23050.30078125,23236.05078125,729100,0.0,0.0,24006.2775390625,23968.74703125,23050.8069921875,23663.801970623343,23865.637011920735,-201.8350412973923,-114.36260168819122,-87.47243960920109,37.32128978549826,25091.235760024887,24006.2775390625,22921.31931810011,9.038954241839177,341.66396031513983,12.699989717580667,9.650201337211907,713090.0,1.022451583951535,-0.008290546579557634,-0.008290546579557634,0.009425819700155005,FINNIFTY,2025-01-08 00:00:00+05:30
23179.94921875,23221.099609375,22924.30078125,23026.150390625,830900,0.0,0.0,23917.43759765625,23954.6160546875,23062.716240234375,23565.701727546675,23803.45281775068,-237.75109020400487,-139.04029939135395,-98.71079081265091,34.44009589685919,25017.78158607771,23917.43759765625,22817.093609234795,9.201186238523169,339.52724886405844,9.069027706038773,11.204226108863017,722455.0,1.1501062349904145,-0.009033393522894895,-0.009033393522894895,0.009393592333365987,FINNIFTY,2025-01-09 00:00:00+05:30
23010.349609375,23030.5,22684.650390625,22730.19921875,795700,0.0,0.0,23813.79501953125,23931.983046875,23073.233984375,23437.162880039494,23723.95255115804,-286.7896711185458,-168.59017373679234,-118.19949738175347,30.826559764613563,24950.82387067454,23813.79501953125,22676.766168387963,9.549329287589286,339.9788460434114,3.3425445247397887,8.370520649453086,733110.0,1.0853760008729931,-0.012852828929472038,-0.012852828929472038,0.009567401390661845,FINNIFTY,2025-01-10 00:00:00+05:30
22503.94921875,22659.5,22357.94921875,22400.44921875,824600,0.0,0.0,23697.47001953125,23892.836015625,23082.226484375,23277.66847061034,23625.915267275963,-348.24679666562224,-204.52149832255833,-143.7252983430639,27.379541078945834,24910.502475007717,23697.47001953125,22484.437564054784,10.23765367760099,342.28392846888204,2.5156854607022416,4.975752563826943,745520.0,1.1060736130486104,-0.014507131980083576,-0.014507131980083576,0.009827592578568656,FINNIFTY,2025-01-13 00:00:00+05:30
22521.099609375,22809.150390625,22505.55078125,22722.150390625,986700,0.0,0.0,23589.55751953125,23866.531015625,23093.115986328125,23192.204150612597,23558.969720857374,-366.76557024477734,-236.97031270700217,-129.79525753777517,35.01419888918451,24745.088622768646,23589.55751953125,22434.02641629385,9.796971412292596,347.02801728360475,21.55801394956837,9.13874797833681,759605.0,1.2989645934400116,0.014361371449896021,0.014361371449896021,0.010460707921436057,FINNIFTY,2025-01-14 00:00:00+05:30
22773.94921875,22821.900390625,22567.349609375,22680.099609375,774800,0.0,0.0,23480.7125,23842.4019921875,23102.94248046875,23113.418836576042,23493.86823111794,-380.4493945418981,-265.6661290739814,-114.78326546791669,34.50357539008549,24544.669184856957,23480.7125,22416.755815143046,9.062388416509554,340.4225004240616,19.068918914232004,14.380872774834215,775220.0,0.999458218312221,-0.0018506514800354923,-0.0018506514800354923,0.010446493467776164,FINNIFTY,2025-01-15 00:00:00+05:30
22842.75,22994.849609375,22832.400390625,22943.75,1116900,0.0,0.0,23402.95498046875,23822.325,23113.7434765625,23087.315938641266,23453.11873251661,-365.8027938753439,-285.6934620342539,-80.10933184109001,40.37476049882569,24381.802940590936,23402.95498046875,22424.10702034656,8.365165518107425,338.5887503937715,34.67507078255622,25.10066788211887,796550.0,1.4021718661728706,0.0116247457094949,0.0116247457094949,0.01076667485311532,FINNIFTY,2025-01-16 00:00:00+05:30
22803.94921875,22839.30078125,22518.30078125,22608.19921875,940900,0.0,0.0,23323.4474609375,23801.283984375,23123.2547265625,23013.60567404261,23390.53210186723,-376.92642782461917,-303.940055192327,-72.98637263229216,35.956963932663214,24289.18778183426,23323.4474609375,22357.70714004074,8.281282795043031,344.7930695620735,14.812947918605552,22.852312538464602,810790.0,1.1604731188100494,-0.014624931898665205,-0.014624931898665205,0.010883207336999531,FINNIFTY,2025-01-17 00:00:00+05:30
22697.69921875,23025.5,22638.900390625,22926.69921875,1101100,0.0,0.0,23274.45244140625,23777.2399609375,23133.926220703124,23000.23545015144,23356.174110525215,-355.93866037377666,-314.339776228617,-41.59888414515967,42.39951353803543,24216.004812515064,23274.45244140625,22332.900070297437,8.090865926742504,349.97219182549685,33.67973028457753,27.722582995246444,827850.0,1.3300718729238388,0.014087809334936141,0.014087809334936141,0.011341207840662714,FINNIFTY,2025-01-20 00:00:00+05:30
23003.19921875,23009.400390625,22492.099609375,22548.900390625,998100,0.0,0.0,23222.3125,23744.593984375,23141.725224609374,22930.79928714737,23296.37605719927,-365.5767700519027,-324.5871749932742,-40.98959505862854,37.5713840812154,24202.51789975702,23222.3125,22242.10710024298,8.441927562184157,361.92423392724703,11.307576204437813,19.93341813587364,799835.0,1.2478823757399964,-0.016478552997111207,-0.016478552997111207,0.011534634718731002,FINNIFTY,2025-01-21 00:00:00+05:30
22607.099609375,22679.19921875,22367.30078125,22650.400390625,1065000,0.0,0.0,23165.55498046875,23718.27,23148.985224609376,22887.6609953747,23248.5260078234,-360.8650124486994,-331.84274248435923,-29.022269964340182,39.56258033179544,24140.17602554028,23165.55498046875,22190.93393539722,8.414398410858261,358.35096275387224,17.436857115241516,20.808054534752298,829705.0,1.2835887453974606,0.0045013281464580945,0.0045013281464580945,0.01138709363529382,FINNIFTY,2025-01-22 00:00:00+05:30
22684.55078125,22719.55078125,22563.599609375,22625.849609375,938500,0.0,0.0,23109.96748046875,23694.0959765625,23156.3597265625,22847.382320605517,23202.401830160554,-355.0195095550371,-336.4780958984948,-18.54141365654226,39.23658936453938,24074.506576045864,23109.96748046875,22145.428384891635,8.347386004695064,343.89383483395284,18.55456596667983,15.766333095453064,852715.0,1.1006021941680397,-0.001083900541562266,-0.001083900541562266,0.011390570949014876,FINNIFTY,2025-01-23 00:00:00+05:30
22616.900390625,22736.25,22458.44921875,22513.5,820300,0.0,0.0,23048.45244140625,23665.1669921875,23162.9409765625,22796.015809743127,23151.372064963478,-355.35625522035116,-340.2537277628661,-15.102527457485053,37.705445605636214,24000.29540491902,23048.45244140625,22096.609477893482,8.25949565102076,339.17290243509905,13.396264816848863,16.46256263292341,869360.0,0.9435676819729456,-0.004965542126137312,-0.004965542126137312,0.011387855196536161,FINNIFTY,2025-01-24 00:00:00+05:30
22357.400390625,22494.19921875,22320.849609375,22383.099609375,872200,0.0,0.0,22978.207421875,23641.5559765625,23167.988974609376,22732.49024045572,23094.462994179146,-361.97275372342483,-344.59753295497785,-17.37522076844698,35.95181718731418,23908.48713037508,22978.207421875,22047.927713374916,8.097060762141664,328.70700873437767,5.5377654685434,12.496198750690708,893030.0,0.9766749157363135,-0.005792097658071871,-0.005792097658071871,0.011358766266931308,FINNIFTY,2025-01-27 00:00:00+05:30
22650.849609375,22984.0,22589.69921875,22805.900390625,1374500,0.0,0.0,22940.23740234375,23634.9059765625,23174.235224609376,22743.784109712535,23073.087986508468,-329.3038767959333,-341.53880172316894,12.234924927235625,44.89985500545281,23832.793096176567,22940.23740234375,22047.681708510936,7.78157329567675,348.1493931551364,53.87956470424882,24.271198329880367,893820.0,1.5377816562618871,0.018889286498680935,0.018889286498680935,0.012245138543570368,FINNIFTY,2025-01-28 00:00:00+05:30
22865.69921875,23060.5,22803.400390625,23044.94921875,779600,0.0,0.0,22916.84482421875,23631.7989453125,23181.437470703124,22790.11720341061,23071.003633341174,-280.8864299305642,-329.408327364648,48.521897434083826,49.2195498329814,23771.885153135554,22916.84482421875,22061.80449530195,7.462112131711843,341.64583717084093,97.897549782018,52.43829331827009,904100.0,0.8622939940272094,0.010481885127555213,0.010481885127555213,0.01253530976634494,FINNIFTY,2025-01-29 00:00:00+05:30
23088.599609375,23197.25,23012.900390625,23133.69921875,1009200,0.0,0.0,22873.19482421875,23629.3189453125,23188.694970703124,22842.975975001285,23075.647750778862,-232.67177577757684,-310.0610170472338,77.38924126965696,50.76288188664601,23576.98550297476,22873.19482421875,22169.40414546274,6.153846755249225,330.41039232828086,92.7486589543075,81.50859114685812,913000.0,1.105366922234392,0.0038511692587193114,0.0038511692587193114,0.011499493666357963,FINNIFTY,2025-01-30 00:00:00+05:30
23122.19921875,23267.75,23031.94921875,23220.55078125,741100,0.0,0.0,22847.43740234375,23625.6689453125,23196.209228515625,22901.064406731857,23086.38130859154,-185.31690185968182,-285.1121940097234,99.79529215004158,52.29100060466946,23454.080630639535,22847.43740234375,22240.794174047962,5.310383108729346,323.6525629655465,95.01539768941839,95.22053547524797,902455.0,0.8212043813818971,0.003754330929901961,0.003754330929901961,0.011336156224632708,FINNIFTY,2025-01-31 00:00:00+05:30
22964.55078125,23164.599609375,22911.75,23132.44921875,971000,0.0,0.0,22838.1673828125,23622.8489453125,23204.262470703125,22936.662070119266,23089.793746381056,-153.13167626178983,-258.7160904601367,105.58441419834685,50.57624698786565,23420.971888270487,22838.1673828125,22255.36287735451,5.103776460598101,322.59172141443605,85.71119173784531,91.15841612719042,912520.0,1.0640862666023758,-0.003794120274319246,-0.003794120274319246,0.010675129418884018,FINNIFTY,2025-02-03 00:00:00+05:30
23288.30078125,23648.80078125,23239.599609375,23620.69921875,1155000,0.0,0.0,22847.6873046875,23622.7879296875,23216.635966796875,23041.898554523996,23129.12007766764,-87.22152314364575,-224.41717699683852,137.19565385319277,58.66584846353382,23473.50309106095,22847.6873046875,22221.871518314052,5.47815433595377,336.43171006340486,97.88384067914771,92.87014336880382,941260.0,1.2270785967745363,0.021106714441817553,0.021106714441817553,0.011665112242175675,FINNIFTY,2025-02-04 00:00:00+05:30
23714.400390625,23743.80078125,23621.30078125,23664.400390625,836800,0.0,0.0,22869.10478515625,23614.901953125,23229.46171875,23137.668067770304,23168.77047122004,-31.102403449734993,-185.75422228741783,154.65181883768284,59.307852168730726,23571.27953517114,22869.10478515625,22166.930035141362,6.140815363010206,321.1938423803045,94.42002001232584,92.67168414310629,946645.0,0.883963893539817,0.0018501218558470978,0.0018501218558470978,0.011483290377242453,FINNIFTY,2025-02-05 00:00:00+05:30
23705.5,23734.30078125,23571.55078125,23660.400390625,1042500,0.0,0.0,22900.81728515625,23607.1739453125,23243.266474609376,23218.088425132562,23205.187502287074,12.900922845488822,-146.0231932608365,158.92411610632533,59.21718962679296,23681.409196170505,22900.81728515625,22120.22537414199,6.8171533032597695,309.8764250674256,94.1389140911206,95.4809249275314,957225.0,1.0890856381728433,-0.00016903027053183362,-0.00016903027053183362,0.011245215390986898,FINNIFTY,2025-02-06 00:00:00+05:30
23724.94921875,23780.44921875,23410.80078125,23539.75,1204200,0.0,0.0,22941.29482421875,23594.5379296875,23255.100224609374,23267.574821266015,23229.96990952507,37.60491174094568,-109.29757226048008,146.90248400142576,56.41582240432822,23765.0635446551,22941.29482421875,22117.5261037824,7.181536410636342,314.14585452689516,83.50922970902498,90.68938793749048,977650.0,1.231729146422544,-0.005099253970055617,-0.005099253970055617,0.010854131928049945,FINNIFTY,2025-02-07 00:00:00+05:30
23479.80078125,23532.400390625,23281.80078125,23400.349609375,662700,0.0,0.0,22991.28984375,23584.1529296875,23265.46947265625,23288.00171174432,23242.59062803247,45.41108371184964,-78.35584106601415,123.76692477786379,53.27962526889742,23798.9038370795,22991.28984375,22183.675850420503,7.025390909497332,310.1318091142598,73.95863859282899,83.86892746432487,969555.0,0.68350944505469,-0.005921914660308669,-0.005921914660308669,0.010332188571053893,FINNIFTY,2025-02-10 00:00:00+05:30
23329.55078125,23358.80078125,22966.0,23089.599609375,844300,0.0,0.0,23009.6623046875,23565.7419140625,23274.246474609376,23257.478311379808,23231.25795998377,26.220351396037586,-57.440602573603805,83.66095396964138,47.00639529737159,23808.621581431802,23009.6623046875,22210.703027943197,6.944554562902384,319.00450913288415,52.66855342124807,70.0454739077007,962435.0,0.8772540483253415,-0.013279716123365204,-0.013279716123365204,0.010472680884341827,FINNIFTY,2025-02-11 00:00:00+05:30
23068.25,23310.099609375,22819.900390625,23192.80078125,983200,0.0,0.0,23035.29736328125,23548.144921875,23282.99748046875,23247.52792212907,23228.409280077565,19.11864205150414,-42.12875364858222,61.24739570008636,49.147796291785134,23823.138037066605,23035.29736328125,22247.456689495895,6.840290892369286,331.23270267696387,59.739065855763634,62.12208595661358,972855.0,1.0106336504412272,0.004469595559080108,0.004469595559080108,0.010482112872531105,FINNIFTY,2025-02-12 00:00:00+05:30
23195.30078125,23485.80078125,23188.44921875,23272.400390625,1022500,0.0,0.0,23051.7298828125,23527.6619140625,23291.632734375,23251.35445574383,23231.66788085886,19.68657488497047,-29.765687941871683,49.45226282684215,50.79921632797845,23844.93868360101,23051.7298828125,22258.521082023988,6.881989376250079,328.81262123575215,65.19258947030369,59.20006958243848,968135.0,1.0561543586379998,0.003432082659001301,0.003432082659001301,0.010208574653525313,FINNIFTY,2025-02-13 00:00:00+05:30
23321.80078125,23368.19921875,22998.599609375,23186.900390625,784000,0.0,0.0,23080.66494140625,23500.1479296875,23300.796982421874,23241.438445725547,23228.351770471163,13.086675254384318,-21.195215302620483,34.2818905570048,48.9600153944541,23848.87166776886,23080.66494140625,22312.458215043636,6.656712259484906,331.7259775314127,50.15336316397229,58.36167283001322,960290.0,0.8164200397796499,-0.0036738797272688473,-0.0036738797272688473,0.009616419895407844,FINNIFTY,2025-02-14 00:00:00+05:30
23053.599609375,23293.80078125,22958.55078125,23271.0,698200,0.0,0.0,23097.87998046875,23470.9429296875,23308.095986328124,23245.98637715239,23231.51089858441,14.475478567979735,-14.06107652850044,28.536555096480175,50.84518646429819,23866.944699659816,23097.87998046875,22328.815261277687,6.659180148493069,331.9776934220261,47.85836653346633,54.40143972258078,940145.0,0.7426513995181594,0.0036270311235304664,0.0036270311235304664,0.009158328655935173,FINNIFTY,2025-02-17 00:00:00+05:30
23258.5,23311.150390625,23092.5,23280.30078125,660800,0.0,0.0,23134.45,23442.4749609375,23315.29173828125,23251.265516244326,23235.124963967046,16.14055227728022,-8.020750767344307,24.16130304462453,51.06046967589359,23864.169691860443,23134.45,22404.73030813956,6.308511262298799,323.8828860793814,47.93097208017064,48.6475672592031,923280.0,0.7157092106403258,0.0003996726075372603,0.0003996726075372603,0.008212602113026874,FINNIFTY,2025-02-18 00:00:00+05:30
23197.150390625,23501.400390625,23158.400390625,23456.19921875,676600,0.0,0.0,23174.73994140625,23417.146953125,23323.20423828125,23282.793778168278,23251.50083469171,31.292943476568325,-0.15801191856177965,31.450955395130105,55.06842598267482,23881.734579477044,23174.73994140625,22467.745303335454,6.101424567078827,325.2483942165685,66.24325692709043,54.01086518024248,903860.0,0.7485672559909721,0.00755567718616712,0.00755567718616712,0.008296789067079344,FINNIFTY,2025-02-19 00:00:00+05:30
23321.30078125,23396.05078125,23227.599609375,23281.400390625,772400,0.0,0.0,23207.51748046875,23386.7159765625,23330.62423828125,23282.579410853927,23253.71561661269,28.863794241235155,5.646349313397607,23.217444927837548,50.63090809670236,23869.003021473927,23207.51748046875,22546.03193946357,5.7006143941236225,318.3449095850279,48.045449277248316,54.07322609483648,895555.0,0.8624819246165786,-0.007452137769416334,-0.007452137769416334,0.00853144171631952,FINNIFTY,2025-02-20 00:00:00+05:30
23189.650390625,23288.0,23030.900390625,23174.349609375,650600,0.0,0.0,23240.5599609375,23354.141953125,23337.777490234374,23265.92867216486,23247.8366531136,18.09201905125883,8.135483260969853,9.956535790288978,48.075851938643225,23821.149202822104,23240.5599609375,22659.970719052893,4.996344691009629,313.9702452843116,36.900697639899064,50.396467948079284,887070.0,0.7334257724869514,-0.004598124659765168,-0.004598124659765168,0.008517253149688148,FINNIFTY,2025-02-21 00:00:00+05:30
22996.69921875,23049.05078125,22842.599609375,22995.19921875,612100,0.0,0.0,23271.16494140625,23319.506953125,23345.035986328126,23224.277987024114,23229.12276908667,-4.8447820625551685,5.539430196264849,-10.384212258820018,44.06792381157704,23716.50743470236,23271.16494140625,22825.82244811014,3.8274189918504202,315.2402277640036,18.249861224357005,34.398669380501474,874065.0,0.7002911682769588,-0.007730546645094427,-0.007730546645094427,0.008614854178809328,FINNIFTY,2025-02-24 00:00:00+05:30
23008.099609375,23121.25,23002.599609375,23036.05078125,714400,0.0,0.0,23282.6724609375,23282.6199609375,23353.0744921875,23195.319955366558,23214.821140358028,-19.501184991469927,0.5313071587178939,-20.03249215018782,45.19001516012517,23689.56526934115,23282.6724609375,22875.779652533853,3.4952414426334704,301.72669587014616,22.50280092964431,25.884453264633475,841060.0,0.8494043231160678,0.0017765257048387717,0.0017765257048387717,0.007571440368000139,FINNIFTY,2025-02-25 00:00:00+05:30
23081.80078125,23261.650390625,23081.75,23173.650390625,1100900,0.0,0.0,23289.10751953125,23248.95296875,23363.475244140624,23191.98617617555,23211.77145519262,-19.785279017069115,-3.5320100764395077,-16.253268940629606,48.90804608190258,23684.671435987246,23289.10751953125,22893.543603075257,3.396986476396808,296.28904683477856,36.82790396928839,25.860188707763246,857125.0,1.2844100918769141,0.005973229121677415,0.005973229121677415,0.007322544594461373,FINNIFTY,2025-02-27 00:00:00+05:30
23034.30078125,23128.75,22925.849609375,23028.94921875,1705300,0.0,0.0,23283.87001953125,23219.5539453125,23373.14923828125,23166.90356734085,23198.22906730798,-31.325499967129872,-9.090708054577581,-22.23479191255229,45.41882311280069,23690.154657045074,23283.87001953125,22877.585382017423,3.4898377045827926,292.8255992930087,29.34018640350877,29.556963767480507,891930.0,1.9119213391185408,-0.006244211396817301,-0.006244211396817301,0.007412548948763069,FINNIFTY,2025-02-28 00:00:00+05:30
23117.80078125,23159.94921875,22855.599609375,22953.0,894500,0.0,0.0,23270.49248046875,23194.646953125,23381.665234375,23133.99532621149,23180.063951211094,-46.068624999603344,-16.486291443582736,-29.582333556020608,43.65826319328861,23701.125156019367,23270.49248046875,22839.859804918135,3.7011049586685982,293.6487428702938,19.530390223771093,28.5661601988561,899600.0,0.9943308136949756,-0.003297988893395165,-0.003297988893395165,0.007382173178187892,FINNIFTY,2025-03-03 00:00:00+05:30
22865.0,23076.44921875,22861.05078125,23028.44921875,868400,0.0,0.0,23265.29248046875,23177.0839453125,23390.5347265625,23117.757463525108,23168.83323028805,-51.07576676294411,-23.404186507455012,-27.6715802554891,45.90170412054901,23704.885634350136,23265.29248046875,22825.699326587364,3.7789609071145343,288.05943534384426,30.601442131327953,26.490672919535953,894470.0,0.9708542488848144,0.003287117969328568,0.003287117969328568,0.007388379424231686,FINNIFTY,2025-03-04 00:00:00+05:30
22985.80078125,23126.69921875,22952.25,23050.599609375,872200,0.0,0.0,23236.7875,23166.261953125,23399.857724609374,23107.42548596355,23160.075184294492,-52.64969833094074,-29.253288872152158,-23.39640945878858,46.574287385762325,23653.85802299322,23236.7875,22819.716977006778,3.589743401433791,279.94441987285535,31.572518721872722,27.23478369232394,880330.0,0.9907648268263037,0.0009618707023903994,0.0009618707023903994,0.005449674416181771,FINNIFTY,2025-03-05 00:00:00+05:30
23175.5,23198.650390625,22942.400390625,23163.0,950100,0.0,0.0,23211.71748046875,23153.8109375,23408.5922265625,23115.97541119993,23160.291837309713,-44.316426109784516,-32.26591631967863,-12.050509790105885,49.97317297033343,23580.43439060194,23211.71748046875,22843.00057033556,3.176989470455533,278.25196131050853,48.63388140145743,36.935947418219385,885995.0,1.0723536814541843,0.004876245847387217,0.004876245847387217,0.005579474773348017,FINNIFTY,2025-03-06 00:00:00+05:30
23089.349609375,23235.94921875,23066.55078125,23136.19921875,642100,0.0,0.0,23185.507421875,23141.7829296875,23416.88171875,23119.08676620763,23158.50719889788,-39.42043269025089,-33.69681959379309,-5.723613096457804,49.16992418559489,23492.23469801712,23185.507421875,22878.780145732882,2.6458534683845554,270.4767096097579,44.56576521022454,41.59072177785158,865975.0,0.7414763705649701,-0.0011570513858308873,-0.0011570513858308873,0.005575586505597375,FINNIFTY,2025-03-07 00:00:00+05:30
23110.0,23288.0,23015.400390625,23056.849609375,655800,0.0,0.0,23161.36240234375,23128.04390625,23424.974970703126,23109.51181900261,23150.97700708137,-41.46518807875691,-35.250493290785855,-6.214694787971055,46.77281044848928,23425.867033246566,23161.36240234375,22896.857771440937,2.284016167166824,270.6283453072752,32.52121219308284,41.90695293492161,838555.0,0.7820596144558198,-0.003429673501025743,-0.003429673501025743,0.005524901022228557,FINNIFTY,2025-03-10 00:00:00+05:30
22992.349609375,23258.55078125,22934.55078125,23203.349609375,680400,0.0,0.0,23151.51240234375,23116.3508984375,23434.35822265625,23123.948402136826,23154.85645910312,-30.90805696629468,-34.38200602588762,3.4739490595929396,51.47630338056726,23393.388853977576,23151.51240234375,22909.635950709922,2.089508861713419,274.44060635675555,54.758587158248,43.948521520518476,839440.0,0.8105403602401601,0.006353860240317921,0.006353860240317921,0.005632651837860808,FINNIFTY,2025-03-11 00:00:00+05:30
23254.44921875,23365.900390625,23200.599609375,23327.900390625,712200,0.0,0.0,23163.42744140625,23111.602890625,23442.33947265625,23155.32563113501,23167.67452810474,-12.348896969731868,-29.975384214656472,17.626487244924604,55.10830844262314,23415.20561942585,23163.42744140625,22911.649263386647,2.1739285229398373,266.6449045634159,87.68628668828762,58.32202867987284,832835.0,0.8551513805255543,0.005367793156884515,0.005367793156884515,0.004883284790611613,FINNIFTY,2025-03-12 00:00:00+05:30
23399.150390625,23458.19921875,23262.900390625,23290.0,621700,0.0,0.0,23168.28740234375,23107.146875,23449.52796875,23176.044764806546,23176.735674171057,-0.6909093645117537,-24.11848924462753,23.427579880115776,53.78893592714122,23425.832229402444,23168.28740234375,22910.742575285058,2.223253040556112,261.5487562463862,72.6771725991237,71.70734881521979,814760.0,0.7630467867838382,-0.001624680746674989,-0.001624680746674989,0.004813825729178025,FINNIFTY,2025-03-13 00:00:00+05:30
23313.650390625,23567.69921875,23305.44921875,23529.25,703900,0.0,0.0,23181.1298828125,23097.597890625,23457.346220703126,23230.384031759386,23202.847846454682,27.536185304703395,-13.787554334761346,41.32373963946474,60.257379522911165,23480.39651516885,23181.1298828125,22881.86325045615,2.5819848632851947,262.70236071093,94.69738802050365,85.02028243597168,798830.0,0.8811637019140492,0.010272649205667728,0.010272649205667728,0.00527497635358924,FINNIFTY,2025-03-17 00:00:00+05:30
23744.650390625,24008.19921875,23678.25,23969.69921875,823600,0.0,0.0,23220.26982421875,23102.277890625,23467.28396484375,23344.124829757944,23259.65165180989,84.47317794805349,5.8645921218016195,78.60858582625187,68.89061883502686,23676.114575151423,23220.26982421875,22764.42507328608,3.9262657530122773,278.1485648565779,96.65972470519257,88.01142844160665,800810.0,1.0284586855808493,0.018719220491515864,0.018719220491515864,0.006550789435862139,FINNIFTY,2025-03-18 00:00:00+05:30
23994.0,24199.349609375,23968.44921875,24140.349609375,766500,0.0,0.0,23263.7373046875,23118.727890625,23479.883466796877,23466.62094969903,23324.888537555453,141.73241214357768,33.038156126156835,108.69425601742084,71.47599592559955,23871.216852971505,23263.7373046875,22656.257756403495,5.222544772817754,274.77369526860804,95.6093023255814,95.65547168375922,804225.0,0.9530914855917187,0.007119421444033325,0.007119421444033325,0.006651148688691093,FINNIFTY,2025-03-19 00:00:00+05:30
24263.44921875,24352.44921875,24131.0,24309.0,702100,0.0,0.0,23315.172265625,23136.301875,23493.441962890625,23596.21772666841,23397.785682921716,198.43204374669222,66.11693365026392,132.3151100964283,73.79392062960923,24074.717610846725,23315.172265625,22555.626920403272,6.515459860801208,270.96480408870747,97.09728896758426,96.45543866611943,806290.0,0.870778504012204,0.006986244745995851,0.006986244745995851,0.006737723074465897,FINNIFTY,2025-03-20 00:00:00+05:30
24316.69921875,24604.400390625,24294.55078125,24567.94921875,1573600,0.0,0.0,23370.759765625,23162.93984375,23507.690205078125,23745.714879296345,23484.46446335344,261.2504159429045,105.14363010879204,156.1067858341125,76.8981104760048,24305.88625406262,23370.759765625,22435.63327718738,8.002533916873828,273.7422901805855,97.91564755312234,96.87407961542935,851140.0,1.8488145310994666,0.01065240111687027,0.01065240111687027,0.006901219472792303,FINNIFTY,2025-03-21 00:00:00+05:30
24759.69921875,25101.30078125,24673.150390625,25057.55078125,908800,0.0,0.0,23459.56728515625,23203.5678515625,23519.99595703125,23947.535787289216,23600.989375790225,346.5464114989918,153.424186386832,193.1222251121598,81.38730443112027,24647.157371749712,23459.56728515625,22271.977198562785,10.124569410492892,292.28580963197226,98.04709295837519,97.68667649302728,857960.0,1.059256841810807,0.019928466887514595,0.019928466887514595,0.0075423708264580735,FINNIFTY,2025-03-24 00:00:00+05:30
25158.650390625,25297.349609375,25006.44921875,25086.0,1167600,0.0,0.0,23555.1498046875,23250.6838671875,23541.32845703125,24122.684127706263,23710.99016276873,411.6939649375345,205.0781420969725,206.61582284056198,81.61091545447914,24928.69011799559,23555.1498046875,22181.609491379408,11.662335622546157,292.18685113147427,91.05511620967255,95.6726189070567,883810.0,1.3210984261323135,0.0011353551270176787,0.0011353551270176787,0.007315535606449479,FINNIFTY,2025-03-25 00:00:00+05:30
25114.44921875,25151.349609375,24769.44921875,24829.599609375,759500,0.0,0.0,23646.86982421875,23299.266875,23557.06345703125,24231.4403556553,23793.850121776602,437.5902338786982,251.58056045331767,186.00967342538053,73.08844193921698,25101.20756819244,23646.86982421875,22192.53208024506,12.300467290467179,298.59496109529755,80.20356221476615,89.76859046093797,891180.0,0.8522408492111583,-0.010220855880770152,-0.010220855880770152,0.007543288170804305,FINNIFTY,2025-03-26 00:00:00+05:30
24775.05078125,25101.05078125,24764.30078125,25011.150390625,1137900,0.0,0.0,23745.6248046875,23345.046875,23572.64470703125,24351.39574565064,23884.02051206167,467.3752335889694,294.739495080448,172.6357385085214,75.07337139556842,25286.31309275912,23745.6248046875,22204.936516615882,12.976607697157577,301.320321017062,87.88727946944542,86.38198596462807,912355.0,1.2472118857243069,0.00731186906378678,0.00731186906378678,0.007563884635662514,FINNIFTY,2025-03-27 00:00:00+05:30
25034.05078125,25199.05078125,24937.349609375,25074.900390625,748400,0.0,0.0,23840.6873046875,23392.942890625,23587.190205078125,24462.70415256977,23972.233836399697,490.4703161700745,333.88565929837335,156.58465687170116,75.74974900562549,25461.038086457153,23840.6873046875,22220.33652291785,13.593154937702339,298.49038179262897,90.58535089394282,86.22539752605148,894730.0,0.8364534552323047,0.002548863167201487,0.002548863167201487,0.007559163110963148,FINNIFTY,2025-03-28 00:00:00+05:30
24855.69921875,24998.05078125,24516.400390625,24529.400390625,805300,0.0,0.0,23915.70986328125,23424.6558984375,23599.062958984374,24472.965112270576,24013.505433008977,459.4596792615994,359.00046329101855,100.45921597058083,60.59742917142674,25517.616389176477,23915.70986328125,22313.80333738602,13.396269941831834,317.0624973788698,67.49832403804744,81.99031813381191,849730.0,0.9477128028903299,-0.021754822212731506,-0.021754822212731506,0.009265991243165243,FINNIFTY,2025-04-01 00:00:00+05:30
24582.44921875,24772.099609375,24577.30078125,24750.05078125,716400,0.0,0.0,24005.56240234375,23467.4929296875,23612.185966796875,24515.59367672895,24068.0643476935,447.52932903544934,376.7062364399047,70.82309259554461,63.75558566347065,25582.79843411242,24005.56240234375,22428.326370575076,13.140588046499435,311.7508346196648,73.89775470966973,77.32714321388667,840825.0,0.8520203371688521,0.008995343836832204,0.008995343836832204,0.009219757094794081,FINNIFTY,2025-04-02 00:00:00+05:30
24550.94921875,24795.849609375,24548.599609375,24724.94921875,655800,0.0,0.0,24090.38740234375,23503.4579296875,23624.6487109375,24547.802221655264,24116.72248629028,431.0797353649832,387.58093622492044,43.49879914006277,63.13562475094665,25630.337343420622,24090.38740234375,22550.437461266876,12.784766930954806,307.1436321468315,71.86460171383916,71.08689348718546,830195.0,0.789934894813869,-0.001014202464546754,-0.001014202464546754,0.009282708074657363,FINNIFTY,2025-04-03 00:00:00+05:30
24792.150390625,24942.55078125,24718.75,24774.30078125,997900,0.0,0.0,24176.5724609375,23547.9659375,23637.03671875,24582.64815390061,24165.431989620633,417.2161642799765,393.5079818359317,23.708182444044837,63.879306265951755,25666.220115522792,24176.5724609375,22686.924806352206,12.323067357807995,301.1905713684864,73.74121564578425,73.16785735643107,836480.0,1.19297532517215,0.0019960228052793294,0.0019960228052793294,0.009270102847636958,FINNIFTY,2025-04-04 00:00:00+05:30
23767.25,24216.400390625,23546.5,23908.44921875,1614000,0.0,0.0,24213.844921875,23573.1269140625,23644.51921875,24478.925240800516,24146.396228815403,332.52901198511245,381.31218786576784,-48.78317588065539,46.250474819594714,25635.957919256063,24213.844921875,22791.731924493935,11.746279882186862,367.3770149314517,20.672776051805208,55.426197803809565,869675.0,1.8558656969557594,-0.03494958627269529,-0.03494958627269529,0.012653540510127738,FINNIFTY,2025-04-07 00:00:00+05:30
24143.75,24403.44921875,24044.0,24301.5,1356900,0.0,0.0,24272.1099609375,23606.639921875,23653.099970703126,24451.62904990813,24157.885397051297,293.74365285683234,363.7984808639808,-70.05482800714844,52.63995260966302,25605.563652845773,24272.1099609375,22938.65626902923,10.987538323238272,376.492942436348,43.121921834823496,45.84530451080433,905415.0,1.498649790427594,0.016439827512599647,0.016439827512599647,0.013052707329445195,FINNIFTY,2025-04-08 00:00:00+05:30
24297.349609375,24301.349609375,23991.349609375,24132.650390625,1081300,0.0,0.0,24325.9,23639.0229296875,23659.0434765625,24402.555410018416,24156.016137316015,246.53927270240092,340.3466392316648,-93.8073665292639,49.895904553488656,25540.41369905358,24325.9,23111.386300946422,9.985354696464093,371.7541887355374,33.47805473904968,32.42425087522614,926690.0,1.1668411227055433,-0.006948114699709906,-0.006948114699709906,0.013160687760726203,FINNIFTY,2025-04-09 00:00:00+05:30
24319.19921875,24698.599609375,24319.19921875,24555.55078125,1190800,0.0,0.0,24393.51005859375,23682.471953125,23666.6447265625,24426.09315943866,24185.61129612594,240.48186331272154,320.37368404787617,-79.89182073515462,56.072328718358854,25495.90883647038,24393.51005859375,23291.111280717123,9.03845961674758,385.62526230799904,57.63206478997362,44.744013787948944,952210.0,1.2505644763235,0.017523992755859474,0.017523992755859474,0.013569507158618904,FINNIFTY,2025-04-11 00:00:00+05:30
25215.849609375,25333.05078125,25035.599609375,25280.650390625,1319600,0.0,0.0,24491.14755859375,23731.966953125,23678.090224609376,24557.563502698096,24266.72530312587,290.8381995722266,314.4665871527463,-23.6283875805197,64.2171732876613,25543.50184337074,24491.14755859375,23438.793273816762,8.593752352839234,413.6163150002848,97.06695207463754,62.72569053455362,982580.0,1.3429949724195485,0.029528949109488778,0.029528949109488778,0.0148166860057421,FINNIFTY,2025-04-15 00:00:00+05:30
25401.69921875,25514.400390625,25287.599609375,25492.099609375,1221300,0.0,0.0,24601.2525390625,23780.9099609375,23690.19447265625,24701.338288340696,24357.493770255434,343.84451808526137,320.3421733392493,23.502344746012056,66.1861146951696,25586.537789069767,24601.2525390625,23615.967289055236,8.010041346007116,400.76872107169305,98.86677286328921,84.52192990930014,1012560.0,1.2061507466224224,0.008364073529865124,0.008364073529865124,0.014780722606028494,FINNIFTY,2025-04-16 00:00:00+05:30
25509.650390625,26116.400390625,25470.849609375,26071.599609375,1482900,0.0,0.0,24728.37001953125,23839.66796875,23702.99921875,24912.147722345973,24484.464573153182,427.68314919279146,341.8103685099578,85.87278068283365,70.91032343297802,25781.317226756284,24728.37001953125,23675.422812306213,8.516106855351845,418.2531539415721,98.25671137241609,98.06347877011429,1051510.0,1.4102576295042368,0.02273253317223367,0.02273253317223367,0.015284979689292655,FINNIFTY,2025-04-17 00:00:00+05:30
26341.80078125,26527.69921875,26224.650390625,26435.099609375,1477100,0.0,0.0,24851.6400390625,23903.9589453125,23717.211220703124,25146.448012658133,24628.95605731776,517.4919553403743,376.9466858760411,140.54526946433316,73.41898049073686,26082.649678391164,24851.6400390625,23620.630399733833,9.90686841909613,420.95647218681694,96.89388052993566,98.00578825521366,1084185.0,1.3624058624681212,0.013942374286435744,0.013942374286435744,0.015099709681118694,FINNIFTY,2025-04-21 00:00:00+05:30
26519.150390625,26726.349609375,26459.25,26624.80078125,1443400,0.0,0.0,24975.86259765625,23973.8059765625,23732.2109765625,25373.886900133803,24776.796407238664,597.0904928951386,420.97544727986065,176.11504561527795,74.64774667461607,26383.446607340844,24975.86259765625,23568.278587971658,11.27155471952894,411.69172417347283,96.80648959543217,97.31902716592799,1118030.0,1.2910208133949894,0.007176109592101687,0.007176109592101687,0.015100130633934995,FINNIFTY,2025-04-22 00:00:00+05:30
26819.099609375,26819.099609375,26346.25,26446.19921875,1290500,0.0,0.0,25082.72255859375,24030.3159765625,23747.34046875,25538.85802607476,24900.455874758023,638.4021513167354,464.46078808723564,173.94136322949976,71.30563180511389,26592.37594608003,25082.72255859375,23573.06917110747,12.037396530298485,416.06014454501053,88.60537691330299,94.10191567955695,1147450.0,1.1246677415137913,-0.006708090098678898,-0.006708090098678898,0.015315172643391958,FINNIFTY,2025-04-23 00:00:00+05:30
26378.900390625,26473.94921875,26266.0,26305.650390625,1070200,0.0,0.0,25169.6076171875,24083.1409765625,23760.713466796875,25656.826082159412,25004.544357414834,652.2817247445782,502.02497541870423,150.256749325874,68.69898812456321,26749.15485450267,25169.6076171875,23590.060379872328,12.551226553381392,401.1950784167955,84.31066185795767,89.9075094555643,1122280.0,0.953594468403607,-0.00531451899618729,-0.00531451899618729,0.015384478101984815,FINNIFTY,2025-04-24 00:00:00+05:30
26354.69921875,26430.25,25789.849609375,26036.099609375,1446900,0.0,0.0,25218.53505859375,24130.6549609375,23773.389716796875,25715.175855577192,25080.95585756003,634.2199980171608,528.4639799383956,105.75601807876524,63.87623330019937,26841.200835772983,25218.53505859375,23595.869281414514,12.86883455687706,418.281172145953,76.07406669129509,82.99670182085192,1149185.0,1.2590662077907386,-0.010246877657359321,-0.010246877657359321,0.015170381454713246,FINNIFTY,2025-04-25 00:00:00+05:30
25990.0,26346.900390625,25961.650390625,26291.650390625,1202200,0.0,0.0,25278.817578125,24185.69296875,23785.22921875,25803.864245584547,25170.636934083363,633.2273115011849,549.4166462509535,83.81066525023141,66.2922291199642,26965.622395109276,25278.817578125,23592.012761140722,13.345599031846742,415.9218027069564,83.88286739266793,81.42253198064024,1150915.0,1.0445601977556986,0.009815248254695597,0.009815248254695597,0.015267380556262264,FINNIFTY,2025-04-28 00:00:00+05:30
26313.5,26447.19921875,26133.849609375,26193.849609375,903600,0.0,0.0,25347.030078125,24241.56296875,23796.799970703127,25863.86199386,25246.430465586447,617.4315282735515,563.0196226554731,54.411905618078436,64.51392350776945,27065.69120729779,25347.030078125,23628.36894895221,13.56104540749355,408.5952174689595,80.89439361268487,80.28377589888265,1158120.0,0.7802300279763755,-0.003719841843206395,-0.003719841843206395,0.015050837815542588,FINNIFTY,2025-04-29 00:00:00+05:30
26162.05078125,26247.75,25943.69921875,26113.55078125,1453700,0.0,0.0,25402.15009765625,24302.0419921875,23809.158974609374,25902.275653458462,25310.661600080046,591.6140533784164,568.7385088000617,22.87554457835472,63.01917524244895,27144.73179602388,25402.15009765625,23659.56839928862,13.719954347710207,401.1277577390338,75.04910872159844,79.9421232423171,1173910.0,1.23834024754879,-0.0030655604014867555,-0.0030655604014867555,0.015065468527566671,FINNIFTY,2025-04-30 00:00:00+05:30
26121.650390625,26354.849609375,26067.55078125,26151.75,1043800,0.0,0.0,25455.992578125,24361.2209765625,23821.983974609375,25940.656322157163,25372.964444518562,567.691877638601,568.5291825677696,-0.8373049291685675,63.452982191812616,27221.199776513346,25455.992578125,23690.78537973665,13.868696676987843,392.99711990945997,76.39997845018124,77.44782692815487,1188680.0,0.8781169027829189,0.001462812126546531,0.001462812126546531,0.01506635670042084,FINNIFTY,2025-05-02 00:00:00+05:30
26172.69921875,26287.30078125,26089.19921875,26164.900390625,932300,0.0,0.0,25537.767578125,24419.0709765625,23834.495478515626,25975.155409613755,25431.626366452372,543.529043161383,563.5291546864923,-20.000111525109332,63.61123669044859,27275.007714571177,25537.767578125,23800.527441678823,13.605262332595212,379.0760086659271,73.83098857845117,75.09335858341029,1195030.0,0.7801477787168523,0.0005028493552057256,0.0005028493552057256,0.01398611064603842,FINNIFTY,2025-05-05 00:00:00+05:30
26148.30078125,26198.0,25925.099609375,25969.0,884100,0.0,0.0,25598.7150390625,24474.71296875,23846.34498046875,25974.208423519332,25471.431820789236,502.7766027300968,551.3786442952132,-48.60204156511645,59.47932098140047,27306.41455877317,25598.7150390625,23891.01551935183,13.34207218686404,371.49203594871796,52.33531766890945,67.52209489918063,1203415.0,0.7346592821262823,-0.007487144521872158,-0.007487144521872158,0.014119420317502226,FINNIFTY,2025-05-06 00:00:00+05:30
25855.75,26196.900390625,25795.849609375,26165.650390625,956000,0.0,0.0,25670.75009765625,24532.6059765625,23859.175986328126,26003.66103384328,25522.85541855485,480.805615288431,537.2640384938568,-56.45842320542579,62.13799686590044,27346.181757788832,25670.75009765625,23995.31843752367,13.053234936719269,373.6033748988095,57.33273139079334,61.166345879384664,1218425.0,0.7846194882737961,0.0075725053188417935,0.0075725053188417935,0.01413742735270853,FINNIFTY,2025-05-07 00:00:00+05:30
26239.849609375,26277.0,25849.150390625,25980.650390625,1206900,0.0,0.0,25731.067578125,24586.61296875,23871.057236328124,26000.12093488662,25556.766157226713,443.354777659908,518.4821863270671,-75.1274086671591,58.264908973430884,27359.257314277882,25731.067578125,24102.877841972117,12.655438653754663,377.47810593282304,37.8120364361209,49.160028498607915,1228875.0,0.9821177906621911,-0.007070338296130574,-0.007070338296130574,0.014313244918628404,FINNIFTY,2025-05-08 00:00:00+05:30
25608.55078125,25811.25,25453.80078125,25502.099609375,1120600,0.0,0.0,25810.75009765625,24627.5309765625,23880.108486328125,25923.502269423298,25552.71678331177,370.78548611152655,488.942846283959,-118.15736017243245,49.644764525367464,27214.923281631334,25810.75009765625,24406.57691368117,10.880529846380474,388.14749903583566,3.5376012291265218,32.89412301868027,1204205.0,0.9305724523648382,-0.018419507366246757,-0.018419507366246757,0.012385782573475439,FINNIFTY,2025-05-09 00:00:00+05:30
25988.0,26530.30078125,25956.75,26497.599609375,1008400,0.0,0.0,25920.555078125,24691.8549609375,23894.354736328125,26011.824937108173,25622.7081037609,389.1168333472742,468.97764369662207,-79.86081034934784,62.179878973794025,27170.458704228353,25920.555078125,24670.651452021644,9.644111573506997,433.86561852434744,76.45204160604722,39.267226423764896,1186780.0,0.8496941303358668,0.03903600155471265,0.03903600155471265,0.014497619243605191,FINNIFTY,2025-05-12 00:00:00+05:30
26409.099609375,26543.30078125,26177.150390625,26206.0,1036100,0.0,0.0,26024.22255859375,24752.48796875,23906.467236328124,26041.698023706915,25665.91491088972,375.7831128171929,450.3387375207363,-74.5556247035434,57.65264184980272,26970.925476560784,26024.22255859375,25077.519640626713,7.275551965754412,429.0288165315369,55.09410857570386,45.02791713695921,1184520.0,0.8747003005436801,-0.01100475566367265,-0.01100475566367265,0.01469231289015861,FINNIFTY,2025-05-13 00:00:00+05:30
26218.94921875,26326.55078125,26013.69921875,26145.55078125,1160900,0.0,0.0,26103.72255859375,24815.495,23919.2132421875,26057.675371021236,25701.44349387937,356.23187714186497,431.517365444962,-75.28548830309705,56.73051945829208,26768.93693343592,26103.72255859375,25438.508183751575,5.0967012336956845,420.73044124357,63.49242771913722,65.01285930029611,1183025.0,0.9812979438304347,-0.002306693839197127,-0.002306693839197127,0.01441452793393723,FINNIFTY,2025-05-14 00:00:00+05:30
26169.400390625,26550.94921875,25966.150390625,26482.80078125,1322700,0.0,0.0,26163.830078125,24884.43,23933.4932421875,26123.0792802872,25759.32181146238,363.7574688248169,417.965386120933,-54.20791729611608,60.524084343642606,26730.671334493436,26163.830078125,25596.988821756564,4.33301435360077,432.44961173510075,93.78858546658597,70.79170725380904,1183180.0,1.1179195050626278,0.012898944176837013,0.012898944176837013,0.013250890301677103,FINNIFTY,2025-05-15 00:00:00+05:30
26486.75,26518.349609375,26425.94921875,26474.599609375,976200,0.0,0.0,26212.955078125,24950.448984375,23949.3457421875,26177.15933091609,25812.3053520485,364.853978867588,407.343104670264,-42.48912580267597,60.3854385498352,26703.594582448273,26212.955078125,25722.315573801727,3.7434886899319286,408.16038165580784,93.04108662370491,83.44069993647605,1170925.0,0.833699852680573,-0.000309679174145594,-0.000309679174145594,0.013187484412101567,FINNIFTY,2025-05-16 00:00:00+05:30
26455.099609375,26610.400390625,26452.19921875,26507.80078125,728200,0.0,0.0,26234.76513671875,25020.026015625,23966.059248046877,26228.027246352074,25863.82353198935,364.203714362724,398.71522660875604,-34.511512246032055,60.77716208632894,26736.9751850056,26234.76513671875,25732.5550884319,3.8285842901177545,390.3061523857501,91.1292024877613,92.65295819268408,1133190.0,0.6426106831158058,0.0012540764493089718,0.0012540764493089718,0.012249241059837018,FINNIFTY,2025-05-19 00:00:00+05:30
26504.05078125,26558.94921875,26172.349609375,26193.849609375,988400,0.0,0.0,26222.70263671875,25084.8430078125,23981.78099609375,26222.7691483556,25888.269908091992,334.49924026360895,385.8720293397266,-51.37278907611767,55.216958727313454,26716.606425795082,26222.70263671875,25728.798847642418,3.7669937833542417,390.04139931355365,63.98487619452902,82.71838843533176,1108755.0,0.8914503204044175,-0.011843727605538312,-0.011843727605538312,0.012160997931738703,FINNIFTY,2025-05-20 00:00:00+05:30
26283.25,26472.19921875,26176.75,26339.650390625,847500,0.0,0.0,26208.4451171875,25151.06703125,23996.895751953125,26240.75087793551,25921.705499390733,319.0453785447753,372.50669918073635,-53.461320635961044,57.176329274034856,26670.534521169968,26208.4451171875,25746.355713205034,3.5262634003375406,383.2848149875855,76.59086188466662,77.23498018898566,1078960.0,0.7854786090309187,0.0055662219728793705,0.0055662219728793705,0.012113524485004072,FINNIFTY,2025-05-21 00:00:00+05:30
26270.30078125,26297.5,26070.94921875,26225.94921875,846800,0.0,0.0,26197.4326171875,25214.5740234375,24011.448994140625,26238.473699599275,25944.242071195124,294.2316284041517,356.85168502541944,-62.620056621267736,55.14987280048572,26646.651264173815,26197.4326171875,25748.213970201185,3.4294860381974526,375.10026905097226,66.76021946066983,69.11198584662183,1056775.0,0.8013058598093256,-0.004316730487640363,-0.004316730487640363,0.012060389317833677,FINNIFTY,2025-05-22 00:00:00+05:30
26241.94921875,26510.900390625,26188.75,26485.400390625,622300,0.0,0.0,26206.4201171875,25281.02203125,24027.18599609375,26276.462421295542,25984.327872634374,292.1345486611681,343.9082577525692,-51.773709091401145,58.7431631925842,26670.87373444693,26206.4201171875,25741.96649992807,3.544578887024852,371.3181348776885,89.19245701046474,77.51451278526707,1034380.0,0.6016164272317717,0.009892918258588956,0.009892918258588956,0.01220937828605706,FINNIFTY,2025-05-23 00:00:00+05:30
26550.400390625,26724.75,26476.150390625,26591.900390625,542100,0.0,0.0,26234.21015625,25350.1360546875,24043.084501953126,26324.99133965392,26029.333244337384,295.65809531653576,334.2582252653625,-38.60012994882675,60.154361610470815,26720.569293787863,26234.21015625,25747.851018712136,3.707823751057313,362.5525259132108,89.54721342008772,81.83329663040745,989140.0,0.5480518430151444,0.004021083254519997,0.004021083254519997,0.011968349254818008,FINNIFTY,2025-05-26 00:00:00+05:30
26519.900390625,26669.150390625,26292.44921875,26420.80078125,1011100,0.0,0.0,26240.66767578125,25417.415078125,24058.0092578125,26339.731253745624,26058.330839664246,281.4004140813777,323.68666302856553,-42.28624894718786,56.79332281045073,26733.295069046337,26240.66767578125,25748.040282516162,3.754686423011687,363.56314348191006,76.0848652120862,84.94151188087956,979585.0,1.0321717870322638,-0.006434275356842156,-0.006434275356842156,0.011898632231486992,FINNIFTY,2025-05-27 00:00:00+05:30
26432.69921875,26523.900390625,26386.69921875,26451.849609375,905700,0.0,0.0,26253.56767578125,25482.385078125,24073.43900390625,26356.98023153476,26087.480378161337,269.4998533734215,312.84930109753674,-43.34944772411524,57.26000555555468,26754.064712877404,26253.56767578125,25753.070638685098,3.8127925566311367,347.39443122427366,78.52782891724013,81.38663584980469,979690.0,0.9244761097898315,0.0011751660512513418,0.0011751660512513418,0.011861632286945393,FINNIFTY,2025-05-28 00:00:00+05:30
26509.05078125,26601.30078125,26288.44921875,26478.44921875,1005700,0.0,0.0,26271.81259765625,25545.3960546875,24092.01775390625,26375.66776802941,26116.441033019757,259.22673500965175,302.12478787995974,-42.89805287030799,57.68171532332777,26777.143351685623,26271.81259765625,25766.48184362688,3.846942438029214,344.9270834582541,67.92958577473958,74.18075996802197,957290.0,1.0505698377712083,0.0010055859899329445,0.0010055859899329445,0.011831101096411186,FINNIFTY,2025-05-29 00:00:00+05:30
26501.099609375,26552.30078125,26399.599609375,26499.25,1353100,0.0,0.0,26289.18759765625,25609.5810546875,24111.913505859375,26394.680419101805,26144.797252796074,249.88316630573172,291.67646356511415,-41.79329725938243,58.030455932317274,26800.669911518296,26289.18759765625,25777.705283794206,3.891199086788402,331.1966612023074,70.27417398938731,72.24386289378903,972755.0,1.3909977332421832,0.0007855739993742894,0.0007855739993742894,0.011829952104300531,FINNIFTY,2025-05-30 00:00:00+05:30
26386.099609375,26491.0,26226.5,26448.400390625,897100,0.0,0.0,26303.36259765625,25667.9640625,24130.1317578125,26402.945030105373,26167.286374116735,235.6586559886382,280.47290204981897,-44.81424606118077,56.7981978380368,26815.993766837688,26303.36259765625,25790.731428474814,3.897837527640781,327.0218996878569,63.5710846723635,67.25828147883014,970995.0,0.9238976513782254,-0.0019189074926648786,-0.0019189074926648786,0.011844740331117532,FINNIFTY,2025-06-02 00:00:00+05:30
26507.05078125,26566.400390625,26207.650390625,26254.94921875,936000,0.0,0.0,26317.66005859375,25713.6690625,24147.214501953124,26380.176443743007,26173.779918163644,206.3965255793628,265.65762675572773,-59.261101176364946,52.25230130674654,26807.64184169229,26317.66005859375,25827.678275495207,3.7235968699925728,329.28819256729565,38.06999431003365,57.30508432392816,973590.0,0.9613903183064739,-0.007314286271300263,-0.007314286271300263,0.011838586460930237,FINNIFTY,2025-06-03 00:00:00+05:30
26254.05078125,26322.75,26191.150390625,26264.55078125,749300,0.0,0.0,26322.605078125,25756.1530859375,24163.620751953124,26362.387880282546,26180.503685799667,181.88419448287823,248.90294030115786,-67.01874581827963,52.45569557969343,26808.32831838901,26322.605078125,25836.881837860994,3.690540801887883,315.16757948213166,29.611705591702364,43.75092819136652,963255.0,0.7778833226923296,0.0003657048589202905,0.0003657048589202905,0.01172475252349324,FINNIFTY,2025-06-04 00:00:00+05:30
26329.349609375,26508.099609375,26229.80078125,26387.150390625,886900,0.0,0.0,26342.930078125,25797.71609375,24180.41375,26366.19749725831,26195.810849120062,170.38664813824653,233.1996818685756,-62.81303373032907,55.086537019401966,26803.061865165477,26342.930078125,25882.79829108452,3.493398689332351,312.53409724233654,48.363535337240776,38.681745079658945,947255.0,0.9362843162611968,0.004667873834816261,0.004667873834816261,0.011632292553924587,FINNIFTY,2025-06-05 00:00:00+05:30
26360.0,26922.19921875,26285.55078125,26848.900390625,1607200,0.0,0.0,26410.2701171875,25843.3351171875,24201.674248046875,26440.459480853184,26244.1878521945,196.27162865868377,225.81407122659726,-29.542442567913497,63.31915570583431,26731.804802706658,26410.2701171875,26088.735431668345,2.4349215974879814,335.6851215464554,91.38927129221733,56.4548374070535,971585.0,1.6542042127039838,0.017499047572944848,0.017499047572944848,0.011269381841746941,FINNIFTY,2025-06-06 00:00:00+05:30
27079.849609375,27086.69921875,26938.400390625,26992.849609375,1265700,0.0,0.0,26435.0326171875,25882.04109375,24223.68,26525.44257754885,26299.644278652315,225.7982988965341,225.81091676058463,-0.012617864050525895,65.4455902962913,26844.039112575094,26435.0326171875,26026.026121799903,3.0944277717415636,328.6932434449228,90.76056023873984,76.83778895606599,984450.0,1.2856925186652446,0.00536145676939026,0.00536145676939026,0.007393975993670225,FINNIFTY,2025-06-09 00:00:00+05:30
27082.80078125,27083.5,26811.5,26867.05078125,884200,0.0,0.0,26468.08515625,25917.662109375,24243.1342578125,26577.997685810566,26341.674389955846,236.32329585471962,227.91339257941164,8.409903275307983,62.05968920166121,26903.691839835275,26468.08515625,26032.478472664723,3.291561750793407,324.64372605599976,78.37573837066208,86.84185663387309,976855.0,0.9051496895649815,-0.004660450080131939,-0.004660450080131939,0.00697841371460898,FINNIFTY,2025-06-10 00:00:00+05:30
26872.19921875,26930.400390625,26761.94921875,26789.94921875,730700,0.0,0.0,26500.305078125,25956.8691015625,24262.4705078125,26610.605613955093,26374.879932829484,235.7256811256084,229.475850288651,6.249830836957386,60.01045285659294,26931.018787746725,26500.305078125,26069.591368503272,3.2506320840605305,313.48711504307124,66.95247417074496,78.6962575933823,955345.0,0.764854581329258,-0.002869744175784561,-0.002869744175784561,0.006994716684328644,FINNIFTY,2025-06-11 00:00:00+05:30
26796.30078125,26889.349609375,26524.44921875,26579.900390625,877100,0.0,0.0,26505.16005859375,25988.2441015625,24279.4792578125,26605.88173344277,26390.066633406932,215.81510003583753,226.74370023808834,-10.928600202250806,54.71024523748538,26937.162163897967,26505.16005859375,26073.15795328953,3.2597585100351094,317.1594918703518,43.409135023259566,62.91244918822222,933065.0,0.9400202558235493,-0.007840583287779812,-0.007840583287779812,0.006706902959667461,FINNIFTY,2025-06-12 00:00:00+05:30
26132.099609375,26406.150390625,26132.099609375,26335.599609375,885300,0.0,0.0,26498.21005859375,26013.4580859375,24295.43900390625,26564.299868201575,26386.032039034195,178.2678291673801,217.0485260239467,-38.78069685656658,49.26075003858335,26936.383505945185,26498.21005859375,26060.036611242318,3.307192798174135,326.49101254032666,21.317838180683573,43.89314912489605,928520.0,0.9534528066169818,-0.009191184980368416,-0.009191184980368416,0.007029021021051077,FINNIFTY,2025-06-13 00:00:00+05:30
26385.599609375,26576.900390625,26306.849609375,26554.75,822700,0.0,0.0,26500.55751953125,26053.965078125,24311.977001953124,26562.830657709026,26398.529665772403,164.30099193662318,206.499019206482,-42.19802726985881,53.7145824875169,26939.413856246418,26500.55751953125,26061.70118281608,3.312053615413385,322.4595674481605,44.275148080326545,36.33404042808991,933245.0,0.8815477179090164,0.008321450579275469,0.008321450579275469,0.007281197741777246,FINNIFTY,2025-06-16 00:00:00+05:30
26577.25,26610.349609375,26395.349609375,26451.650390625,670300,0.0,0.0,26513.44755859375,26087.9970703125,24328.074501953124,26545.72600123456,26402.464534280003,143.26146695455827,193.85150875609727,-50.590041801539,51.42748552720621,26930.09453730356,26513.44755859375,26096.80057988394,3.142910613861406,314.7838840590062,33.47484936215486,33.02261187438834,917340.0,0.7306996315433754,-0.0038825298440015032,-0.0038825298440015032,0.006794437172553622,FINNIFTY,2025-06-17 00:00:00+05:30
26349.80078125,26507.75,26319.849609375,26399.94921875,669700,0.0,0.0,26516.4625,26121.4970703125,24343.143251953126,26523.298803929243,26402.278214611113,121.02058931813008,179.28532486850384,-58.26473555037376,50.27152635724355,26928.88658864171,26516.4625,26104.03841135829,3.1107021808939264,305.7207773851486,28.05884338779143,35.269613610090964,908450.0,0.73718971875172,-0.0019545537277070313,-0.0019545537277070313,0.00670753232203253,FINNIFTY,2025-06-18 00:00:00+05:30
26379.099609375,26459.849609375,26244.849609375,26299.650390625,890300,0.0,0.0,26520.14755859375,26152.0040625,24356.7475,26488.891355728592,26394.676153575107,94.21520215348573,162.27130032550022,-68.05609817201449,48.01666744052406,26923.336366849126,26520.14755859375,26116.958750338377,3.0406226614280083,299.24072185763805,17.551943202627083,26.361878650857808,910625.0,0.9776801647220316,-0.0037992053429316552,-0.0037992053429316552,0.006690428473498862,FINNIFTY,2025-06-19 00:00:00+05:30
26294.099609375,26680.25,26292.94921875,26648.69921875,1716500,0.0,0.0,26528.3125,26206.8090625,24372.38349609375,26513.477180808808,26413.492676921396,99.98450388741185,149.81394103788256,-49.82943715047071,55.49760006608908,26934.955073716934,26528.3125,26121.669926283066,3.065725147175749,305.5307260999497,54.11688882978179,33.242558473400116,965335.0,1.7781391952016656,0.013271994986268965,0.013271994986268965,0.0069852794541275,FINNIFTY,2025-06-20 00:00:00+05:30
26448.75,26622.80078125,26389.55078125,26556.5,675200,0.0,0.0,26526.54248046875,26251.9090625,24387.2575,26520.096076068992,26424.085811964258,96.01026410473423,139.05320565125288,-43.04294154651865,53.31503565320731,26932.36987474739,26526.54248046875,26120.71508619011,3.059783570191607,302.2177054856676,44.458471013084264,38.7091010151644,971990.0,0.6946573524418975,-0.0034598018459801594,-0.0034598018459801594,0.006977541671310258,FINNIFTY,2025-06-23 00:00:00+05:30
26783.30078125,26975.25,26678.25,26750.400390625,1109100,0.0,0.0,26543.0224609375,26304.2640625,24402.82,26555.52750907761,26448.257262235424,107.27024684218486,132.69661388943928,-25.426367047254416,57.13316318711236,26957.022130404952,26543.0224609375,26129.022791470048,3.119461395752663,310.54144080811994,64.77069288293725,54.44868424193445,976890.0,1.1353376531646346,0.007301428675653865,0.007301428675653865,0.006991387362651765,FINNIFTY,2025-06-24 00:00:00+05:30
26809.0,26868.94921875,26741.80078125,26851.19921875,763500,0.0,0.0,26562.98994140625,26350.17703125,24418.4382421875,26601.015464411823,26478.104814569837,122.91064984198601,130.73942107994864,-7.828771237962627,59.00994333267001,26995.57867248097,26562.98994140625,26130.40121033153,3.257078604697307,297.4419405718257,75.32997104888952,61.51971164830369,969780.0,0.7872919631256574,0.0037681240898481683,0.0037681240898481683,0.007025728767413523,FINNIFTY,2025-06-25 00:00:00+05:30
26882.349609375,27278.900390625,26848.05078125,27248.400390625,1759900,0.0,0.0,26601.4875,26389.53203125,24435.069248046875,26700.613145367694,26535.16374612948,165.4493992382122,137.68141671160137,27.767982526610837,65.43239662404727,27124.682331974014,26601.4875,26078.292668025984,3.933575759430859,306.9710597720524,97.34042734373138,79.14703042518607,1007490.0,1.746816345571668,0.0147926790397368,0.0147926790397368,0.0076943372236857955,FINNIFTY,2025-06-26 00:00:00+05:30
27245.55078125,27369.80078125,27083.55078125,27344.05078125,2265000,0.0,0.0,26643.7275390625,26426.5710546875,24452.619248046874,26799.60355088805,26595.081304286556,204.52224660149295,151.0495826895797,53.47266391191326,66.78215132367094,27255.924805191004,26643.7275390625,26031.530272933996,4.595432566490241,305.49098407404864,97.9195301268891,90.19664283983668,1053085.0,2.1508235327632623,0.00351031213773223,0.00351031213773223,0.007705839849065121,FINNIFTY,2025-06-27 00:00:00+05:30
27364.349609375,27369.25,27117.25,27174.44921875,1193700,0.0,0.0,26680.02998046875,26448.628046875,24469.193994140624,26857.272115174503,26637.99744609866,219.27466907584312,164.69459996683239,54.580069109010736,62.148294832187666,27326.726651962977,26680.02998046875,26033.33330897452,4.847795688143123,301.6701994973309,84.21658095353817,93.15884614138623,1067915.0,1.1177855915498893,-0.0062025032010362136,-0.0062025032010362136,0.007866601354570193,FINNIFTY,2025-06-30 00:00:00+05:30
27190.900390625,27212.75,27069.05078125,27124.19921875,949400,0.0,0.0,26723.49248046875,26462.4100390625,24487.166240234375,26898.33782341689,26674.012392220982,224.32543119590628,176.62076621264717,47.70466498325911,60.8021493236008,27366.90460418659,26723.49248046875,26080.08035675091,4.815329614481248,290.3865580153787,80.15663489047708,87.43091532363479,1068585.0,0.8884646518526836,-0.0018491635136924645,-0.0018491635136924645,0.007640204758659691,FINNIFTY,2025-07-01 00:00:00+05:30
27157.19921875,27209.400390625,26779.19921875,26861.69921875,902500,0.0,0.0,26753.34990234375,26467.1480078125,24502.863984375,26892.701115006596,26687.915120112022,204.78599489457338,182.2538119490324,22.532182945540967,54.19790388911254,27363.356477904967,26753.34990234375,26143.343326782535,4.56022574958193,300.3733161482088,58.947961426725136,74.44039242358015,1076245.0,0.8385637099359347,-0.009677705058977137,-0.009677705058977137,0.00804872279933395,FINNIFTY,2025-07-02 00:00:00+05:30
26902.94921875,26954.099609375,26719.349609375,26734.900390625,896700,0.0,0.0,26770.73740234375,26472.92203125,24518.291484375,26868.424080486348,26691.395510520393,177.02856996595438,181.20876355241683,-4.180193586462451,51.29931606548687,27357.3773106545,26770.73740234375,26184.097494033,4.382695175661393,295.6859364233368,43.5619601545206,60.888852157240954,1076735.0,0.8327954417753672,-0.00472043213247253,-0.00472043213247253,0.008106646912055157,FINNIFTY,2025-07-03 00:00:00+05:30
26773.75,26892.55078125,26681.25,26866.30078125,637200,0.0,0.0,26771.607421875,26484.1350390625,24534.71048828125,26868.09741906537,26704.351456500364,163.74596256500445,177.71620335493435,-13.970240789929903,54.04233036594378,27358.759817439466,26771.607421875,26184.455026310534,4.3863813353598315,289.658425339527,55.24250184469812,52.5841411419813,1028235.0,0.6197026944229675,0.004914938477611708,0.004914938477611708,0.007166891733252676,FINNIFTY,2025-07-04 00:00:00+05:30
26837.849609375,26894.69921875,26772.05078125,26833.44921875,596400,0.0,0.0,26763.63740234375,26500.08203125,24549.149736328123,26862.76692670916,26713.91425370404,148.85267300511987,171.94349728497144,-23.090824279851574,53.23503105691062,27342.83435609434,26763.63740234375,26184.44044859316,4.328237937492522,277.7291404938465,52.32223620816876,50.37556606912918,994770.0,0.599535571036521,-0.0012227795247095052,-0.0012227795247095052,0.007060832542461979,FINNIFTY,2025-07-07 00:00:00+05:30
26802.599609375,27041.900390625,26795.5,27016.849609375,798100,0.0,0.0,26771.12734375,26514.586015625,24564.33623046875,26886.471954811597,26736.353909679667,150.11804513193056,167.57840685436327,-17.460361722432708,57.08891732603308,27359.28474897028,26771.12734375,26182.969938529717,4.393968155828095,275.49137264607174,68.62520074656018,58.72997959980904,990465.0,0.8057831422614631,0.006834767648761675,0.006834767648761675,0.007152119961142691,FINNIFTY,2025-07-08 00:00:00+05:30
26998.05078125,27087.44921875,26931.900390625,27058.44921875,865500,0.0,0.0,26784.55234375,26531.8780078125,24579.679228515626,26912.929995417508,26760.212821462654,152.71717395485393,164.60616027446142,-11.888986319607483,57.93568781798156,27385.924217211385,26784.55234375,26183.18047028862,4.490438113308317,266.92404803742374,71.08686346917011,64.01143347463302,997205.0,0.8679258527584599,0.0015397653677786671,0.0015397653677786671,0.007117070150082402,FINNIFTY,2025-07-09 00:00:00+05:30
27130.099609375,27147.55078125,26951.05078125,26984.349609375,1116500,0.0,0.0,26804.7748046875,26549.293984375,24594.64322265625,26923.917628334046,26776.8155464932,147.10208184084695,161.10534458773853,-14.00326274689158,55.82259950004342,27404.457757231296,26804.7748046875,26205.0918521437,4.4744487272389035,261.89375889189347,60.67827881917878,66.79678101163637,1009175.0,1.106349245670969,-0.002738501707025165,-0.002738501707025165,0.006889312511087637,FINNIFTY,2025-07-10 00:00:00+05:30
26917.5,27004.5,26808.44921875,26853.099609375,865700,0.0,0.0,26830.6498046875,26563.3209765625,24607.27421875,26913.02254849419,26782.466217817775,130.5563306764161,154.99554180547403,-24.439211129057924,52.19149071531444,27390.456526370934,26830.6498046875,26270.843083004063,4.172889779103547,257.19068906032965,25.283697758095766,52.3496133488149,1008195.0,0.8586632546283209,-0.004863930459691357,-0.004863930459691357,0.006622535843769612,FINNIFTY,2025-07-11 00:00:00+05:30
26886.900390625,26886.900390625,26703.099609375,26802.25,776500,0.0,0.0,26843.0248046875,26576.06796875,24619.267216796874,26895.980617956626,26783.931683164607,112.04893479201928,146.4062204027831,-34.357285610763824,50.8124647060743,27388.651208445503,26843.0248046875,26297.398400929495,4.065312368691947,251.94855278816323,17.573141051461118,34.51170587624524,1005885.0,0.7719570328616094,-0.001893621597308881,-0.001893621597308881,0.006418458287002622,FINNIFTY,2025-07-14 00:00:00+05:30
26782.650390625,26967.150390625,26780.69921875,26928.94921875,746500,0.0,0.0,26866.88974609375,26595.266953125,24629.965966796874,26901.052710386375,26794.6737228376,106.3789875487746,138.4007738319814,-32.02178628320681,54.06895705403915,27382.905099890944,26866.88974609375,26350.87439229656,3.8412734683754577,247.270168437223,35.97399429281383,26.276944367456917,1009695.0,0.7393321745675674,0.004727185917227095,0.004727185917227095,0.006398916190811415,FINNIFTY,2025-07-15 00:00:00+05:30
26993.5,27022.900390625,26866.349609375,26916.400390625,1000800,0.0,0.0,26892.7123046875,26610.281953125,24639.782470703125,26903.413891961547,26803.690513044072,99.7233789174752,130.66529484908017,-30.941915931604967,53.689815982130746,27362.2740118084,26892.7123046875,26423.150597566597,3.492111184627929,240.79021220956423,34.15149572528352,29.232877023186166,1026250.0,0.9752009744214373,-0.0004659976898119256,-0.0004659976898119256,0.006372397682373244,FINNIFTY,2025-07-16 00:00:00+05:30
26959.349609375,26968.5,26790.05078125,26809.44921875,974900,0.0,0.0,26918.20224609375,26626.8579296875,24649.41146484375,26888.95778839054,26804.117083837104,84.84070455343681,121.5003767899515,-36.659672236514695,50.44325893987362,27304.11844147351,26918.20224609375,26532.286050713992,2.867325179085923,236.33728410530964,18.633607376453487,29.586365798183625,1030480.0,0.94606397018865,-0.003973457458013252,-0.003973457458013252,0.006379403250350234,FINNIFTY,2025-07-17 00:00:00+05:30
26694.0,26785.349609375,26513.80078125,26556.150390625,1453800,0.0,0.0,26913.5748046875,26647.9389453125,24657.253466796876,26837.756650272764,26785.74918063621,52.00746963655547,107.6017953592723,-55.59432572271683,43.70302544157125,27314.24373268255,26913.5748046875,26512.905876692454,2.9774485991007325,240.57379506207323,6.059039518026502,19.61471420658785,1017345.0,1.4290137563953231,-0.009448117566990044,-0.009448117566990044,0.0060916942277411505,FINNIFTY,2025-07-18 00:00:00+05:30
26710.05078125,27002.75,26637.400390625,26986.94921875,982100,0.0,0.0,26935.097265625,26657.7259375,24666.410966796873,26860.709353115417,26800.652887163156,60.05646595226062,98.09272947786997,-38.03626352560934,54.77195526586502,27301.510969327188,26935.097265625,26568.683561922815,2.7207156528059726,255.2899246558537,68.02022760264722,30.904291499042415,1032690.0,0.9510114361521851,0.016222186641821512,0.016222186641821512,0.007045118856869165,FINNIFTY,2025-07-21 00:00:00+05:30
27109.900390625,27126.849609375,26963.25,26990.44921875,859400,0.0,0.0,26947.09970703125,26673.414921875,24676.823466796875,26880.669332443817,26814.71187468811,65.95745775570686,91.66567513343735,-25.70821737773049,54.849626488195966,27304.13324674133,26947.09970703125,26590.066167321173,2.649884726681134,248.74061642150699,75.21079881656804,49.76335531241394,1020205.0,0.8423797178018143,0.00012969231800274983,0.00012969231800274983,0.0068788290809454495,FINNIFTY,2025-07-22 00:00:00+05:30
27063.099609375,27227.849609375,26987.099609375,27215.849609375,966300,0.0,0.0,26965.3322265625,26694.8208984375,24690.5012109375,26932.235528894766,26844.425780961214,87.80974793355199,90.89448969346027,-3.084741759908283,59.65486355705012,27337.82272399232,26965.3322265625,26592.841729132677,2.762736199948588,248.16985810568505,98.31944265891305,80.51682302604279,1030345.0,0.9378412085272408,0.008351116678281034,0.008351116678281034,0.007068236123848792,FINNIFTY,2025-07-23 00:00:00+05:30
27271.849609375,27271.849609375,27003.599609375,27046.30078125,827600,0.0,0.0,26955.22724609375,26706.0908984375,24703.34546875,26949.78402925711,26859.37948468631,90.40454457079977,90.79650066892819,-0.3919560981284178,54.919986523815126,27306.832696027217,26955.22724609375,26603.62179616028,2.6088108753334374,249.60415395527897,70.24613458174126,81.25879201907412,983730.0,0.8412877517204924,-0.006229782665561068,-0.006229782665561068,0.006392799416804413,FINNIFTY,2025-07-24 00:00:00+05:30
26993.900390625,26993.900390625,26735.44921875,26808.0,1224700,0.0,0.0,26928.42470703125,26712.75890625,24717.97771484375,26927.97110167909,26855.57359693177,72.39750474732136,87.11670148460684,-14.719196737285472,49.02968764824168,27236.404109138464,26928.42470703125,26620.445304924033,2.2873926377639133,253.97896885133045,38.810061810620915,69.12521301709175,931715.0,1.3144577472725028,-0.008810845637537312,-0.008810845637537312,0.006591518169159918,FINNIFTY,2025-07-25 00:00:00+05:30
26684.349609375,26856.80078125,26562.099609375,26615.19921875,1086900,0.0,0.0,26900.46220703125,26714.906875,24732.94470703125,26879.85235045923,26837.768087436823,42.08426302240696,78.11021379216686,-36.0259507697599,44.83948054322196,27215.48623107678,26900.46220703125,26585.438182985723,2.342145808655932,256.8876976387354,13.37624091456015,40.810812435640784,926375.0,1.1732829577654837,-0.007191912162414216,-0.007191912162414216,0.0066364247498048555,FINNIFTY,2025-07-28 00:00:00+05:30
26515.150390625,26740.30078125,26495.30078125,26700.69921875,1118100,0.0,0.0,26879.28720703125,26725.0438671875,24750.342705078125,26852.290330196272,26827.614837904464,24.67549229180804,67.4232694920951,-42.74777720028706,47.00256378155512,27188.182032887373,26879.28720703125,26570.39238117513,2.2983855448020862,256.0385763788257,26.450163861033772,26.21215552873829,934810.0,1.196071929055102,0.003212450122851873,0.003212450122851873,0.006699288070003559,FINNIFTY,2025-07-29 00:00:00+05:30
26749.900390625,26757.94921875,26613.55078125,26703.5,778300,0.0,0.0,26871.37724609375,26732.320859375,24766.59595703125,26829.399510166077,26818.42114620784,10.978363958238333,56.13428838532375,-45.15592442708542,47.07577828542795,27189.628883131747,26871.37724609375,26553.125609055754,2.3687035772180973,248.0642807446239,26.81083419476701,22.212412990120317,928600.0,0.8381434417402541,0.00010489542715919065,0.00010489542715919065,0.006363006023462832,FINNIFTY,2025-07-30 00:00:00+05:30
26495.150390625,26844.650390625,26462.69921875,26649.94921875,1370200,0.0,0.0,26867.1296875,26740.800859375,24782.115703125,26801.791773025143,26805.941744173924,-4.149971148781333,44.07743647850273,-48.227407627284066,45.77372189401234,27194.685522899523,26867.1296875,26539.57385210048,2.4383388862854094,257.6276301110793,23.14155714061576,25.467518398805524,952275.0,1.4388700742957654,-0.0020053843597280796,-0.0020053843597280796,0.0062917612490374164,FINNIFTY,2025-07-31 00:00:00+05:30
26619.400390625,26732.349609375,26461.05078125,26492.5,871700,0.0,0.0,26848.4396484375,26740.9428515625,24795.754951171875,26754.208423328968,26782.72383719808,-28.51541386911049,29.558866408980094,-58.07428027809058,42.087786232961534,27214.451804243567,26848.4396484375,26482.427492631432,2.7265059765018274,258.6041442549308,3.8787943024939238,17.94372854595891,964000.0,0.904253112033195,-0.005908049484733113,-0.005908049484733113,0.006299507647612279,FINNIFTY,2025-08-01 00:00:00+05:30
26507.19921875,26590.099609375,26412.19921875,26476.599609375,776900,0.0,0.0,26830.59716796875,26738.6368359375,24810.0751953125,26711.499375028357,26760.047968470444,-48.54859344208671,13.937374438766735,-62.48596788085345,41.72239950531609,27230.971420505364,26830.59716796875,26430.222915432136,2.984460241642286,252.83959042422148,7.491462963005037,11.503938135371584,973025.0,0.798437861308805,-0.000600184604133247,-0.000600184604133247,0.006298230339702924,FINNIFTY,2025-08-04 00:00:00+05:30
26434.69921875,26474.69921875,26288.849609375,26373.5,849900,0.0,0.0,26798.4296875,26737.6908203125,24822.65494140625,26659.49947117784,26731.414785620782,-71.91531444294014,-3.2331633375746396,-68.6821511053655,39.33766947167598,27235.476738402394,26798.4296875,26361.382636597606,3.2617362733477844,248.19033396534854,8.611433430824007,6.660563565440999,975615.0,0.8711428176073553,-0.0038939898210529345,-0.0038939898210529345,0.0060802723533702405,FINNIFTY,2025-08-05 00:00:00+05:30
26338.099609375,26433.25,26288.25,26371.150390625,802400,0.0,0.0,26764.06474609375,26736.0768359375,24835.193447265625,26615.138074169714,26704.728534139613,-89.5904599698988,-20.504622664039474,-69.08583730585933,39.282564205697064,27221.53366972941,26764.06474609375,26306.59582245809,3.4185309890376714,240.81959582496648,8.428265915810668,8.177054103213246,972460.0,0.825123912551673,-8.908978235733223e-05,-8.908978235733223e-05,0.006052674910460557,FINNIFTY,2025-08-06 00:00:00+05:30
26265.5,26451.05078125,26180.30078125,26403.900390625,907300,0.0,0.0,26735.04228515625,26734.585859375,24847.801201171875,26582.63996900899,26682.444967953343,-99.80499894435343,-36.364697920102266,-63.44030102425116,40.53299839264528,27206.36721716046,26735.04228515625,26263.717353152042,3.5258962897986232,242.95748183746886,20.48461815117209,12.508105832602263,962000.0,0.9431392931392931,0.0012418874229940258,0.0012418874229940258,0.006067210003372371,FINNIFTY,2025-08-07 00:00:00+05:30
26379.849609375,26425.69921875,26129.80078125,26167.349609375,723500,0.0,0.0,26700.75478515625,26727.9478515625,24860.71919921875,26518.749144449914,26644.2897562068,-125.54061175688548,-54.199880687458915,-71.34073106942657,34.936408993938144,27229.065441276845,26700.75478515625,26172.44412903565,3.9572713233882104,246.7389786705068,3.287847874827484,10.733577313936756,954890.0,0.757678894951251,-0.008958933254194168,-0.008958933254194168,0.006267790586649709,FINNIFTY,2025-08-08 00:00:00+05:30
26165.55078125,26426.400390625,26138.0,26405.80078125,769000,0.0,0.0,26680.93232421875,26727.095859375,24873.057705078125,26501.37247318839,26626.62390621,-125.25143302161086,-68.41019115428931,-56.84124186732156,43.41758288459691,27222.115977609104,26680.93232421875,26139.748670828394,4.05670721558042,249.71479381011346,24.167092789993312,15.979852938664303,954515.0,0.8056447515230247,0.009112545803628969,0.009112545803628969,0.0066801289830327425,FINNIFTY,2025-08-11 00:00:00+05:30
26367.5,26415.05078125,26112.69921875,26135.30078125,651500,0.0,0.0,26641.24990234375,26724.702890625,24883.960712890625,26445.053751351712,26590.229600657407,-145.175849305695,-83.76332278457045,-61.41252652112456,37.45327292285573,27219.02256387714,26641.24990234375,26063.477240810356,4.337429089485497,253.47456300224823,1.949838664835674,9.8015931098855,949765.0,0.6859591583181103,-0.010243961250820055,-0.010243961250820055,0.0068731939987300116,FINNIFTY,2025-08-12 00:00:00+05:30
26282.30078125,26287.05078125,26142.69921875,26238.400390625,680100,0.0,0.0,26607.34990234375,26724.1798828125,24896.650966796875,26413.260926624527,26564.16817769204,-150.90725106751415,-97.19210844115919,-53.71514262635496,40.79177054607411,27196.026720295256,26607.34990234375,26018.673084392245,4.424918829662559,246.20852278780194,14.264753144566964,13.460561533131994,933730.0,0.7283690145973676,0.0039448411264877414,0.0039448411264877414,0.006977160659325088,FINNIFTY,2025-08-13 00:00:00+05:30
26204.650390625,26390.94921875,26189.25,26333.44921875,751400,0.0,0.0,26583.54990234375,26723.105859375,24909.558212890624,26400.982202336138,26547.077884437076,-146.09568210093857,-106.97282317311507,-39.1228589278235,43.77150375843816,27176.0953657048,26583.54990234375,25991.0044389827,4.45798597657424,243.0292867851018,29.666649167935326,15.293746992445998,922555.0,0.8144771856420484,0.0036225084879397684,0.0036225084879397684,0.007027763462878259,FINNIFTY,2025-08-14 00:00:00+05:30
26670.19921875,26840.30078125,26592.80078125,26609.099609375,956700,0.0,0.0,26586.19736328125,26718.30984375,24923.332958984374,26433.0002649575,26551.67208628433,-118.67182132682865,-109.31262280385779,-9.359198522970857,51.40894929708586,27178.70263820249,26586.19736328125,25993.692088360014,4.4572397234932035,261.87373505045167,67.81878487241134,37.25006239497122,897700.0,1.0657235156511085,0.010467690287557563,0.010467690287557563,0.007158369443035468,FINNIFTY,2025-08-18 00:00:00+05:30
26564.69921875,26663.5,26504.599609375,26592.30078125,659900,0.0,0.0,26566.46494140625,26710.2988671875,24937.630966796874,26457.50803669481,26554.681619244748,-97.17358254993815,-106.88481475307387,9.711232203135722,50.95471378776088,27129.840541984704,26566.46494140625,26003.0893408278,4.241253789851283,254.51849616291943,65.52370990423178,54.33638131485949,881590.0,0.748533898977983,-0.00063131892366175,-0.00063131892366175,0.0060733055326863085,FINNIFTY,2025-08-19 00:00:00+05:30
26535.0,26567.30078125,26419.0,26487.80078125,592600,0.0,0.0,26541.33251953125,26702.7138671875,24950.76072265625,26462.16845893407,26549.72748309699,-87.55902416292156,-103.01965663504342,15.460632472121858,48.107146852459536,27070.62505617011,26541.33251953125,26012.03998289239,3.9884398136330415,248.71723081199661,51.24680127762108,61.52976535142141,868250.0,0.6825223150014397,-0.0039297088604564046,-0.0039297088604564046,0.006111171361183341,FINNIFTY,2025-08-20 00:00:00+05:30
26624.05078125,26641.80078125,26530.69921875,26573.349609375,686000,0.0,0.0,26509.20751953125,26698.381875,24961.838466796875,26479.273251309598,26551.477270228694,-72.20401891909569,-96.85652909185387,24.652510172758184,50.54379499516198,26939.59442076287,26509.20751953125,26078.82061829963,3.2470748204337965,241.95171432542543,63.310802830360885,60.02710467073792,854235.0,0.8030577066029839,0.003229744471106022,0.003229744471106022,0.005801629555538328,FINNIFTY,2025-08-21 00:00:00+05:30
26537.75,26565.0,26297.150390625,26317.05078125,626700,0.0,0.0,26472.74501953125,26693.1248828125,24973.23671875,26454.315948223506,26534.11234511916,-79.79639689565374,-93.44450265261385,13.648105756960106,43.894007809467944,26832.75312663913,26472.74501953125,26112.736912423366,2.7198396452069686,244.39796464146644,28.085640965071455,47.547748357684476,844190.0,0.7423684241699143,-0.009644957519189812,-0.009644957519189812,0.006004849167751762,FINNIFTY,2025-08-22 00:00:00+05:30
26321.349609375,26378.94921875,26260.94921875,26306.900390625,639200,0.0,0.0,26447.6900390625,26692.5508984375,24985.338466796875,26431.63663166989,26517.281829971445,-85.64519830155405,-91.88464178240189,6.239443480847839,43.649081281769014,26779.528157427216,26447.6900390625,26115.851920697787,2.5093920707222344,235.3695385956474,26.690593022881256,39.36234560610455,814915.0,0.7843762846431837,-0.0003856963574441208,-0.0003856963574441208,0.005743640793858281,FINNIFTY,2025-08-25 00:00:00+05:30
26244.349609375,26297.849609375,25922.5,25952.599609375,1091100,0.0,0.0,26414.56005859375,26680.507890625,24995.363466796876,26357.93862823991,26475.453517334674,-117.51488909476393,-97.0106912448743,-20.504197849889636,36.08103738847604,26800.742911701072,26414.56005859375,26028.377205486428,2.9240150299734498,246.01459945488688,3.2795362555701684,19.351923414507635,815125.0,1.3385677043398252,-0.013467978970881034,-0.013467978970881034,0.006252798124970253,FINNIFTY,2025-08-26 00:00:00+05:30
25832.69921875,25910.400390625,25619.19921875,25640.30078125,1303700,0.0,0.0,26361.54013671875,26664.2808984375,25005.263720703126,26247.53280562608,26413.59035169877,-166.05754607269046,-110.82006221043753,-55.23748386225293,30.981871797527745,26852.878217358935,26361.54013671875,25870.202056078568,3.7276887320843852,252.25644168132354,1.728075956007959,10.566068411486471,824405.0,1.5813829367847114,-0.012033431441380027,-0.012033431441380027,0.006600915468511048,FINNIFTY,2025-08-28 00:00:00+05:30
25575.400390625,25750.5,25539.75,25567.69921875,976900,0.0,0.0,26304.75009765625,26647.6358984375,25012.45771484375,26142.94302302976,26350.93174925812,-207.9887262283628,-130.2537950140226,-77.73493121434021,29.923136223596217,26880.216904978384,26304.75009765625,25729.28329033412,4.375383192660757,249.29169584694327,2.14902940761276,2.385547206396972,834335.0,1.170872611121432,-0.0028315409838363115,-0.0028315409838363115,0.006584188486620789,FINNIFTY,2025-08-29 00:00:00+05:30
25561.650390625,25756.94921875,25561.599609375,25743.5,708700,0.0,0.0,26259.42763671875,26636.512890625,25020.26921875,26081.49025025595,26305.936804868634,-224.44655461268485,-149.09234693375504,-75.35420767892981,35.65691884166536,26861.186219749234,26259.42763671875,25657.669053688263,4.583181258597135,245.43868967037588,15.666439399172827,6.514514920931191,801260.0,0.8844819409430148,0.006875893671381972,0.006875893671381972,0.006887004001384523,FINNIFTY,2025-09-01 00:00:00+05:30
25774.94921875,25830.599609375,25529.69921875,25572.94921875,761200,0.0,0.0,26213.45009765625,26614.997890625,25028.300966796876,26003.2531684858,26251.641428119106,-248.388259633306,-168.95152947366523,-79.43673015964077,32.84887036094307,26874.542855308428,26213.45009765625,25552.35734000407,5.043920240863582,249.40023973856333,3.3000113259059236,7.038493377563846,795735.0,0.9565998730733222,-0.006625003641695937,-0.006625003641695937,0.006911847443475396,FINNIFTY,2025-09-02 00:00:00+05:30
25562.30078125,25763.099609375,25481.94921875,25732.55078125,815600,0.0,0.0,26176.24765625,26598.51890625,25037.790966796874,25961.606647372602,26213.190269091767,-251.5836217191645,-185.47794792276508,-66.10567379639943,37.78644755741864,26857.35766574499,26176.24765625,25495.137646755014,5.20403090954376,251.6681076590231,18.448947195877356,12.47179930698538,797670.0,1.022477967079118,0.006241030752252019,0.006241030752252019,0.007136947824732492,FINNIFTY,2025-09-03 00:00:00+05:30
25973.30078125,26024.849609375,25797.349609375,25853.400390625,1083000,0.0,0.0,26150.24267578125,26580.57890625,25047.25822265625,25944.959530949895,26186.539166983115,-241.5796360332206,-196.6982855448562,-44.881350488364404,41.30569142304095,26838.915444924096,26150.24267578125,25461.569906638404,5.267046869745896,254.57030197802143,27.34573155651669,16.364896692766663,809325.0,1.3381521638402372,0.004696371160493706,0.004696371160493706,0.007236748490140256,FINNIFTY,2025-09-04 00:00:00+05:30
25986.55078125,25986.55078125,25727.80078125,25889.30078125,621000,0.0,0.0,26126.1501953125,26561.3409375,25058.886474609375,25936.39664638068,26164.52150878066,-228.1248623999818,-202.9836009158813,-25.141261484100482,42.3489930045144,26815.93746923624,26126.1501953125,25436.36292138876,5.280435646025639,254.8688518367342,29.988669630583946,25.26111612765934,800255.0,0.7760026491555817,0.001388613879898637,0.001388613879898637,0.0072537441060385,FINNIFTY,2025-09-05 00:00:00+05:30
25950.80078125,26092.55078125,25858.94921875,25942.69921875,572300,0.0,0.0,26103.09013671875,26535.2269140625,25072.90796875,25937.36627289904,26148.090228037647,-210.7239551386083,-204.53167176042672,-6.192283378181571,43.94502679785816,26784.98546301075,26103.09013671875,25421.19481042675,5.224632966598774,253.34975974125317,38.99536163080168,32.109920939300785,783505.0,0.7304356704807244,0.0020625677746644033,0.0020625677746644033,0.007268783610354953,FINNIFTY,2025-09-08 00:00:00+05:30
26025.05078125,26033.349609375,25905.400390625,25961.94921875,656000,0.0,0.0,26092.8201171875,26507.5848828125,25086.7162109375,25941.14826456842,26134.30200512745,-193.15374055903158,-202.2560855201477,9.102344961116131,44.541091454342066,26776.71896832997,26092.8201171875,25408.921266045032,5.242046264611928,244.39257824187794,41.384606058156685,36.78954577318078,780130.0,0.8408854934434005,0.0007420199354617463,0.0007420199354617463,0.007018962306166171,FINNIFTY,2025-09-09 00:00:00+05:30
26124.650390625,26190.75,26056.80078125,26123.75,868200,0.0,0.0,26078.717578125,26486.5708984375,25101.04646484375,25969.2408392502,26133.52037511801,-164.2795358678086,-194.6607755896799,30.38123972187131,49.410479127300505,26747.6884776989,26078.717578125,25409.746678551102,5.130397210444394,243.2788784567438,55.33473437468426,45.23823402121422,785090.0,1.1058604745952694,0.006232227784081168,0.006232227784081168,0.006841452278148352,FINNIFTY,2025-09-10 00:00:00+05:30
26051.400390625,26223.05078125,26047.25,26178.69921875,736300,0.0,0.0,26080.8875,26467.6608984375,25114.92470703125,26001.46520532709,26136.866956127786,-135.40175080069457,-182.80897063188286,47.407219831188286,50.984470415615455,26750.85926369618,26080.8875,25410.91573630382,5.13764544014217,238.4590143705478,64.3321635570816,53.68383466330752,789330.0,0.9328164392586117,0.002103420020096669,0.002103420020096669,0.006463957657729441,FINNIFTY,2025-09-11 00:00:00+05:30
26228.69921875,26375.349609375,26140.150390625,26363.25,816500,0.0,0.0,26087.12998046875,26457.6919140625,25130.3737109375,26057.12440450754,26153.63607048869,-96.51166598115014,-165.54950970173633,69.03784372058618,55.9424132222906,26765.134363964316,26087.12998046875,25409.125596973186,5.19799904399742,238.22617182622295,98.24980838907469,72.63890210694684,796150.0,1.0255605099541543,0.007049654366242164,0.007049654366242164,0.006596998258292427,FINNIFTY,2025-09-12 00:00:00+05:30
26384.25,26468.44921875,26342.599609375,26393.05078125,776300,0.0,0.0,26090.11005859375,26450.854921875,25144.22021484375,26108.80538554484,26171.370493508046,-62.565107963204355,-144.95262935402994,82.38752139082558,56.70398731260387,26772.925769029087,26090.11005859375,25407.29434815841,5.234287696769811,230.19927450827845,92.35697541814496,84.97964912143375,797395.0,0.9735451062522338,0.001130391027282407,0.001130391027282407,0.006553498364508559,FINNIFTY,2025-09-15 00:00:00+05:30
26329.25,26515.19921875,26328.849609375,26495.30078125,879900,0.0,0.0,26084.4201171875,26443.434921875,25156.40322265625,26168.26621565333,26195.36532963708,-27.099113983749703,-121.3819262799739,94.2828122962242,59.30337017551468,26751.558533309522,26084.4201171875,25417.281701065476,5.11522520435433,227.06715557018714,98.07418945076216,96.22699108599393,793555.0,1.1088078331054558,0.0038741258389363153,0.0038741258389363153,0.0061603208477268405,FINNIFTY,2025-09-16 00:00:00+05:30
26500.849609375,26611.05078125,26495.55078125,26563.55078125,915400,0.0,0.0,26082.9826171875,26438.036953125,25168.98697265625,26229.079225745125,26222.638326052853,6.440899692272069,-95.81736108552471,102.25826077779678,60.987033852143895,26745.847675479217,26082.9826171875,25420.11755889578,5.082739715932028,219.11593017231664,95.7931153779623,95.40809341562313,806330.0,1.1352671982935028,0.0025759284849597996,0.0025759284849597996,0.006190070215026736,FINNIFTY,2025-09-17 00:00:00+05:30
26685.900390625,26723.94921875,26588.5,26698.650390625,947200,0.0,0.0,26093.52509765625,26431.67296875,25181.622470703125,26301.320943418952,26257.898478984123,43.422464434828726,-67.96939598145403,111.39186041628275,64.14884662563031,26787.77240387015,26093.52509765625,25399.27779144235,5.321222821490362,214.92182355286545,97.9630573168277,97.27678738185072,824060.0,1.1494308666844648,0.005085901748886679,0.005085901748886679,0.006219781487067589,FINNIFTY,2025-09-18 00:00:00+05:30
26646.150390625,26664.25,26463.75,26527.599609375,1284000,0.0,0.0,26091.23759765625,26421.0559765625,25194.662470703126,26336.13304587373,26277.87634049456,58.256705379168125,-42.7241757093296,100.98088108849772,57.765461089945816,26779.42086939119,26091.23759765625,25403.054325921312,5.27520604692786,216.3488640580179,84.1908527073269,92.64900846737231,853960.0,1.503583306009649,-0.006406720143054989,-0.006406720143054989,0.0063618818303903075,FINNIFTY,2025-09-19 00:00:00+05:30
26513.150390625,26658.94921875,26479.099609375,26528.400390625,676700,0.0,0.0,26101.805078125,26411.9369921875,25207.253720703124,26365.712637373923,26296.43367754126,69.27895983266353,-20.323548600930977,89.60250843359451,57.786639125368296,26809.741142792052,26101.805078125,25393.869013457945,5.424422276912566,213.74177443780235,84.25532784822866,88.80307929079443,856460.0,0.7901127898559186,3.0186721067471112e-05,3.0186721067471112e-05,0.005949729301256192,FINNIFTY,2025-09-22 00:00:00+05:30
26504.599609375,26641.44921875,26464.0,26559.5,1145300,0.0,0.0,26114.43505859375,26406.065,25219.68796875,26395.526077777933,26315.92007179746,79.60600598047313,-0.3376376846501561,79.94364366512329,58.65376002899748,26845.20144868695,26114.43505859375,25383.66866850055,5.596647129861747,211.14944903153076,83.49149458461105,83.9792250467222,881765.0,1.2988721484749337,0.0011723137813461904,0.0011723137813461904,0.0059488673033887525,FINNIFTY,2025-09-23 00:00:00+05:30
26471.19921875,26532.849609375,26308.349609375,26388.44921875,876400,0.0,0.0,26136.2275390625,26397.788984375,25230.1474609375,26394.437330235174,26321.29260120135,73.14472903382557,14.35883565904499,58.78589337478058,52.2914448627595,26872.36507888667,26136.2275390625,25400.08999923833,5.6330818112442405,214.00665914534997,66.3202804551907,78.02236762934348,871030.0,1.0061651148640116,-0.006440286197029299,-0.006440286197029299,0.0052468448774850894,FINNIFTY,2025-09-24 00:00:00+05:30
26352.30078125,26431.650390625,26222.80078125,26247.400390625,1261100,0.0,0.0,26166.58251953125,26384.1580078125,25238.57146484375,26371.81626260284,26315.81910412162,55.99715848121923,22.68650022347984,33.31065825773939,47.69693781490563,26867.65026871343,26166.58251953125,25465.51477034907,5.35849684351321,213.63829844746783,44.907649927745666,64.90647498918248,868900.0,1.451375302106111,-0.005345097279334632,-0.005345097279334632,0.004549546141669474,FINNIFTY,2025-09-25 00:00:00+05:30
26152.400390625,26197.150390625,25945.44921875,25985.25,919800,0.0,0.0,26187.46005859375,26365.535,25244.84146484375,26312.344529894708,26291.332503816313,21.012026078395138,22.3516053944629,-1.3395793160677627,40.563352885875446,26839.070799244273,26187.46005859375,25535.84931794323,4.976509666783718,219.94636083514868,9.755020914012746,40.32765043231638,866045.0,1.0620695229462673,-0.009987670653991088,-0.009987670653991088,0.005126512692872297,FINNIFTY,2025-09-26 00:00:00+05:30
26016.900390625,26111.80078125,25886.599609375,26007.0,1379100,0.0,0.0,26200.63505859375,26349.486015625,25251.35796875,26265.368448372443,26270.27083686696,-4.9023884945163445,16.900806616667055,-21.8031951111834,41.347143291851125,26825.931224146792,26200.63505859375,25575.33889304071,4.773137476665443,220.32170448085233,14.378748049439848,23.013806297066097,899565.0,1.5330743192543062,0.0008370133056252449,0.0008370133056252449,0.004925114433847301,FINNIFTY,2025-09-29 00:00:00+05:30
26100.900390625,26133.150390625,25970.94921875,26022.099609375,1229000,0.0,0.0,26223.092578125,26338.805,25257.85546875,26227.94247314207,26251.887782978665,-23.945309836595698,8.731583326014505,-32.6768931626102,41.91976151642161,26785.724795953687,26223.092578125,25660.460360296314,4.29112024947071,216.1702378661486,16.18201029569209,13.438593086381571,922955.0,1.3315925478490285,0.0005805978919137811,0.0005805978919137811,0.004629553863801868,FINNIFTY,2025-09-30 00:00:00+05:30
26016.19921875,26414.400390625,25989.400390625,26382.19921875,1377600,0.0,0.0,26255.575,26326.71,25265.75171875,26251.674280158673,26261.54048192469,-9.866201766017184,5.012026307608167,-14.878228073625351,53.56317105136046,26774.488591397727,26255.575,25736.661408602275,3.9527878661787157,231.08664944713797,59.18670097009024,29.91581977174074,951055.0,1.4484966694880947,0.01383822269457724,0.01383822269457724,0.0053483616122670455,FINNIFTY,2025-10-01 00:00:00+05:30
26265.69921875,26439.400390625,26259.150390625,26426.75,1095200,0.0,0.0,26284.24248046875,26315.436015625,25273.87021484375,26278.60900628811,26273.77822400434,4.830782283766894,4.975777502839913,-0.14499521907301904,54.771218594467804,26773.62506131056,26284.24248046875,25794.859899626943,3.723771618721425,227.45546020091385,64.50715263701737,46.62528796759991,951665.0,1.1508251327935777,0.0016886682145260679,0.0016886682145260679,0.005288633354914105,FINNIFTY,2025-10-03 00:00:00+05:30
26532.30078125,26724.5,26489.75,26712.05078125,1098800,0.0,0.0,26325.37998046875,26305.3600390625,25283.79572265625,26345.292356282243,26306.24285787439,39.04949840785412,11.790521683842755,27.25897672401136,61.651445880882406,26813.370076775525,26325.37998046875,25837.389884161978,3.707373619441179,232.47649875799144,98.51423643081083,74.06936334597282,975555.0,1.1263332154517172,0.010795908738304938,0.010795908738304938,0.005715750131736871,FINNIFTY,2025-10-06 00:00:00+05:30
26724.30078125,26919.80078125,26670.650390625,26777.30078125,1085300,0.0,0.0,26367.11005859375,26299.9800390625,25293.280224609374,26411.755190892665,26341.136037383694,70.61915350897107,23.55624804886842,47.06290546010265,63.036366227279686,26859.782673389862,26367.11005859375,25874.437443797637,3.737023994675802,233.66749103420634,86.20791343650933,83.07643416811251,1001205.0,1.0839937874860792,0.0024427177282022594,0.0024427177282022594,0.005718067578520452,FINNIFTY,2025-10-07 00:00:00+05:30
26688.349609375,26822.44921875,26593.150390625,26656.400390625,722800,0.0,0.0,26401.8326171875,26296.948046875,25302.2772265625,26449.39291392841,26364.488952438605,84.9039614898029,35.825790737055314,49.07817075274758,58.799167344641866,26872.800131015814,26401.8326171875,25930.86510335919,3.567688051485597,233.3554436835487,74.5063790290719,86.40950963213068,1004545.0,0.7195297373437726,-0.004515032773940275,-0.004515032773940275,0.005878171285009545,FINNIFTY,2025-10-08 00:00:00+05:30
26621.400390625,26751.349609375,26534.400390625,26724.30078125,805000,0.0,0.0,26431.86015625,26299.130078125,25313.404228515625,26491.686431977883,26391.14168049871,100.54475147917401,48.76958288547905,51.77516859369496,60.408760190735556,26904.65497606449,26431.86015625,25959.065336435513,3.577461571146305,232.1835704740095,81.07822510061456,80.59750585539861,1001385.0,0.803886617035406,0.0025472453005650486,0.0025472453005650486,0.0057734804333254945,FINNIFTY,2025-10-09 00:00:00+05:30
26717.55078125,26925.80078125,26709.849609375,26842.25,793900,0.0,0.0,26465.0376953125,26301.96109375,25326.62373046875,26545.61928859667,26424.557111572878,121.06217702379217,63.22810171314168,57.83407531065049,63.10515342082275,26954.93341683484,26465.0376953125,25975.141973790163,3.7022106460789863,231.02411343122313,91.96009555115765,82.51489989361471,1004265.0,0.7905283963893992,0.004413556774243155,0.004413556774243155,0.0058164473048697655,FINNIFTY,2025-10-10 00:00:00+05:30
26703.94921875,26918.69921875,26690.099609375,26885.25,841400,0.0,0.0,26491.1376953125,26305.59609375,25341.516982421876,26597.870167274104,26458.68251071563,139.18765655847528,78.42001268220841,60.767643876266874,64.06598644967954,27011.249709387004,26491.1376953125,25971.025681237996,3.926686879639269,230.85093457006434,96.09788919148008,89.71206994775078,1005510.0,0.8367892910065539,0.001601952146336405,0.001601952146336405,0.005656828215764981,FINNIFTY,2025-10-13 00:00:00+05:30
26886.599609375,26972.849609375,26704.94921875,26828.30078125,988500,0.0,0.0,26512.9001953125,26309.163125,25357.699990234374,26633.321030962703,26486.061641866323,147.2593890963799,92.1878879650427,55.071501131337186,61.77155672900246,27050.890587718677,26512.9001953125,25974.909802906324,4.058329254385331,233.49732428827403,86.6928581703107,91.58361430431614,1016120.0,0.9728181710821556,-0.0021182328135316286,-0.0021182328135316286,0.005699247808705435,FINNIFTY,2025-10-14 00:00:00+05:30
26853.900390625,27118.5,26840.849609375,27071.80078125,1183500,0.0,0.0,26541.7251953125,26320.749140625,25374.131240234376,26700.779454083822,26529.449726265113,171.32972781870922,108.016255935776,63.313471882933214,67.18330900070694,27132.082853803127,26541.7251953125,25951.367536821876,4.448525136526454,237.54745960696874,96.20917250246934,92.99997328808672,1031300.0,1.1475807233588675,0.009076236396238002,0.009076236396238002,0.005958146171374533,FINNIFTY,2025-10-15 00:00:00+05:30
27214.150390625,27429.75,27158.30078125,27381.19921875,1298300,0.0,0.0,26582.6076171875,26338.8411328125,25392.34923828125,26805.459417878617,26592.542281263995,212.917136614622,128.9964320715452,83.9207045430768,72.50868876324708,27277.36277638391,26582.6076171875,25887.852457991088,5.227140762121499,246.1475852600424,96.8537880983631,93.25193959038104,1050445.0,1.2359523820856875,0.011428808892324893,0.011428808892324893,0.006387446291506244,FINNIFTY,2025-10-16 00:00:00+05:30
27343.849609375,27597.69921875,27276.400390625,27538.599609375,1140500,0.0,0.0,26624.605078125,26362.143125,25411.323232421873,26918.25021657037,26662.620601864808,255.62961470556183,154.32306859834853,101.30654610721331,74.75326039430703,27434.370807889572,26624.605078125,25814.83934836043,6.082837491023529,251.51553117896793,96.54610350845753,96.53635470309666,1060110.0,1.075831753308619,0.005748484183162317,0.005748484183162317,0.006408509086024384,FINNIFTY,2025-10-17 00:00:00+05:30
27584.25,27723.94921875,27463.05078125,27505.5,1220100,0.0,0.0,26673.50009765625,26384.8301171875,25429.910732421875,27008.596337098003,26725.056112837785,283.54022426021766,180.16649973072236,103.37372452949529,73.39615655429886,27567.631411191822,26673.50009765625,25779.36878412068,6.704266858582507,252.18573877332736,87.53854998573874,93.6461471975198,1056915.0,1.154397468102922,-0.0012019350963559106,-0.0012019350963559106,0.006168756794433829,FINNIFTY,2025-10-20 00:00:00+05:30
27533.150390625,27571.25,27479.599609375,27536.849609375,195100,0.0,0.0,26723.92255859375,26407.4891015625,25449.7684765625,27089.866071294466,26785.188964433135,304.6771068613307,205.06862115684405,99.60848570448664,73.87983070323159,27690.444569961186,26723.92255859375,25757.400547226312,7.233384315107793,240.71892819130397,89.21335586861227,91.09933645426952,1032835.0,0.1888975489792658,0.001139757843885869,0.001139757843885869,0.006156698962041714,FINNIFTY,2025-10-21 00:00:00+05:30
27689.19921875,27774.69921875,27504.30078125,27556.650390625,1628400,0.0,0.0,26773.780078125,26435.2751171875,25469.987724609375,27161.679043499164,26842.33425526216,319.3447882370019,227.92385457287563,91.4209336641263,74.19889751446955,27802.12918340759,26773.780078125,25745.430972842412,7.681762547401973,242.83889314192513,85.6125501152764,87.45481865654249,1056990.0,1.5406011409757898,0.0007190648723758297,0.0007190648723758297,0.006160294156422307,FINNIFTY,2025-10-23 00:00:00+05:30
27603.25,27623.30078125,27295.099609375,27395.30078125,856900,0.0,0.0,26824.12265625,26455.0651171875,25486.930732421875,27197.620849306986,26883.29473866867,314.3261106383179,245.2043057859641,69.12180485235382,67.01518205397848,27870.509775958413,26824.12265625,25777.73553654159,7.801836676023433,248.9361987657162,70.47366293050248,81.76652297146371,1056015.0,0.811446807100278,-0.0058551967342842515,-0.0058551967342842515,0.0061200478442597515,FINNIFTY,2025-10-24 00:00:00+05:30
27447.400390625,27585.55078125,27388.94921875,27519.0,980400,0.0,0.0,26887.70263671875,26482.7391015625,25505.847236328125,27247.06379556745,26930.384017285804,316.6797782816466,259.4994002851006,57.180377996545985,69.45665538002146,27940.700993253038,26887.70263671875,25834.704280184462,7.832564728652408,245.1980104610222,79.38406350536114,78.49009218371334,1041980.0,0.9409009769861226,0.004515344428511092,0.004515344428511092,0.005899574167026416,FINNIFTY,2025-10-27 00:00:00+05:30
27441.650390625,27549.900390625,27299.400390625,27453.94921875,1623200,0.0,0.0,26961.13759765625,26507.050078125,25526.527734375,27278.89232221092,26969.16662480167,309.7256974092488,269.5446597099302,40.18103769931861,66.66225805909714,27955.359731256493,26961.13759765625,25966.915464056005,7.375223912559776,245.57672399952062,74.13929669796688,74.6656743779435,1077150.0,1.5069396091537854,-0.0023638497492641797,-0.0023638497492641797,0.005270875370907984,FINNIFTY,2025-10-28 00:00:00+05:30
27497.19921875,27627.849609375,27414.849609375,27587.650390625,1160300,0.0,0.0,27040.1701171875,26532.1341015625,25547.314482421876,27326.393563505393,27014.980237084877,311.41332642051566,277.91839305204735,33.49493336846831,69.38828031999466,27967.4893929848,27040.1701171875,26112.8508413902,6.8588272320659005,243.24981514241202,84.91905145086949,79.48080388473251,1066210.0,1.0882471558135827,0.0048700159969585766,0.0048700159969585766,0.005270340664893749,FINNIFTY,2025-10-29 00:00:00+05:30
27483.349609375,27555.349609375,27358.0,27376.0,974400,0.0,0.0,27107.86513671875,26547.472109375,25568.014228515625,27334.025322966103,27041.722441745256,292.30288122084676,280.79529068580723,11.507590535039526,60.89898201602009,27918.330069242253,27107.86513671875,26297.400204195244,5.979555589759041,242.2784276768826,63.2399629039374,74.09943701759127,1053480.0,0.9249345027907506,-0.007671925213932784,-0.007671925213932784,0.00576673815945956,FINNIFTY,2025-10-30 00:00:00+05:30
27329.400390625,27461.599609375,27120.94921875,27138.849609375,1179400,0.0,0.0,27145.69765625,26558.4030859375,25588.577724609375,27303.998290105934,27048.91704675487,255.0812433510655,275.6524812188589,-20.5712378677934,53.064988654269534,27884.61714531688,27145.69765625,26406.778167183118,5.4441001916688805,249.304996458891,41.37471525170399,63.17790986883696,1043570.0,1.1301589735235777,-0.008662711521953526,-0.008662711521953526,0.005643165512260404,FINNIFTY,2025-10-31 00:00:00+05:30
27093.44921875,27370.44921875,27086.69921875,27306.150390625,88300,0.0,0.0,27189.66767578125,26574.770078125,25611.45748046875,27304.329382493484,27067.971368523027,236.35801397045725,267.79358776917854,-31.435573798721293,57.2436098733576,27853.023108683363,27189.66767578125,26526.312242879136,4.879467015280857,251.7653538546845,56.20015628651554,53.60494481405232,993225.0,0.08890231317173852,0.006164623175191952,0.006164623175191952,0.005741857227860527,FINNIFTY,2025-11-03 00:00:00+05:30
27230.400390625,27320.19921875,27159.150390625,27195.80078125,1072600,0.0,0.0,27213.85517578125,26587.2191015625,25635.43423828125,27287.63267460987,27077.44021391021,210.19246069966175,256.2733623552752,-46.080901655613445,53.838828768592144,27840.021474095003,27213.85517578125,26587.688877467495,4.601819876450328,245.28560201684988,38.00945765909343,45.194776399104335,991915.0,1.0813426553686556,-0.004041199795518868,-0.004041199795518868,0.0054495567804288365,FINNIFTY,2025-11-04 00:00:00+05:30
27103.150390625,27197.5,27011.55078125,27033.099609375,1295500,0.0,0.0,27226.6451171875,26601.540078125,25656.988984375,27248.473741496815,27074.15572468538,174.31801681143406,239.882293246507,-65.56427643507294,49.19293298054897,27826.51882874661,27226.6451171875,26626.77140562839,4.406519488370052,241.0472889263606,2.823674539070258,32.344429494893085,1002425.0,1.2923660124198817,-0.005982584340269659,-0.005982584340269659,0.005647061211061059,FINNIFTY,2025-11-06 00:00:00+05:30
26956.900390625,27309.900390625,26874.400390625,27238.75,1194500,0.0,0.0,27255.76259765625,26620.1770703125,25679.782236328127,27246.977781266534,27086.347893227205,160.62988803932967,224.03181220507156,-63.40192416574189,54.533517119905135,27795.624297675262,27255.76259765625,26715.900897637235,3.96144997289811,254.93676828876343,40.46985267478463,27.100994957649448,1026010.0,1.1642186723326284,0.007607355190363707,0.007607355190363707,0.005731447989418608,FINNIFTY,2025-11-07 00:00:00+05:30
27247.400390625,27390.5,27222.099609375,27305.05078125,864200,0.0,0.0,27284.80009765625,26647.22609375,25701.588740234376,27255.9120889563,27102.54810715482,153.36398180147808,209.89824612435288,-56.534264322874805,56.13441045997336,27766.540154192182,27284.80009765625,26803.06004112032,3.5311972586327465,248.75559845563748,47.83416096651936,30.375896060124763,1028970.0,0.839868995208801,0.0024340610802624507,0.0024340610802624507,0.005729996080997151,FINNIFTY,2025-11-10 00:00:00+05:30
27246.650390625,27311.349609375,27003.150390625,27279.30078125,1076000,0.0,0.0,27306.65263671875,26680.00609375,25724.944248046875,27259.510349309174,27115.640897828536,143.8694514806375,196.69248719560983,-52.82303571497232,55.31971694751704,27743.68727942617,27306.65263671875,26869.617994011332,3.2009389691341794,253.00157133380623,44.97399951838908,44.426004386564365,1043075.0,1.0315653236823814,-0.0009430489694486344,-0.0009430489694486344,0.0056915839435603376,FINNIFTY,2025-11-11 00:00:00+05:30
27472.55078125,27476.69921875,27297.150390625,27337.349609375,1098200,0.0,0.0,27329.2576171875,26715.3991015625,25746.9975,27271.48562008853,27132.063765350496,139.4218547380333,185.23836070409453,-45.81650596606124,56.84041591020755,27721.21139346447,27329.2576171875,26937.303840910532,2.8683821695212615,249.0299189171058,51.42172846255475,48.076629649154405,1055915.0,1.0400458370228665,0.0021279441357564544,0.0021279441357564544,0.005696584587421629,FINNIFTY,2025-11-12 00:00:00+05:30
27284.94921875,27507.349609375,27264.349609375,27396.150390625,1034000,0.0,0.0,27357.65009765625,26748.452109375,25771.23375,27290.66481555568,27151.62573759305,139.03907796262865,175.99850415580138,-36.95942619317273,58.38548016381074,27675.62275258467,27357.65009765625,27039.67744272783,2.324561165110168,248.5992104230268,69.24819709357486,55.21464169150624,1058190.0,0.9771402111152061,0.002150932043164744,0.002150932043164744,0.005659389078664884,FINNIFTY,2025-11-13 00:00:00+05:30
27245.25,27523.349609375,27245.25,27491.849609375,1030200,0.0,0.0,27378.6525390625,26786.8301171875,25795.44099609375,27321.61632229711,27176.827505873196,144.7888164239157,169.75656660942425,-24.96775018550855,60.84242316919903,27672.934945185018,27378.6525390625,27084.37013293998,2.149721617619061,250.70638177673916,81.94967933928858,67.53986829847274,1050525.0,0.9806525308774184,0.003493162995000576,0.003493162995000576,0.005373817167570021,FINNIFTY,2025-11-14 00:00:00+05:30
27550.55078125,27665.75,27496.599609375,27646.19921875,874100,0.0,0.0,27391.9025390625,26825.1030859375,25820.542744140625,27371.55215252063,27211.595780901105,159.95637161952618,167.79652761144465,-7.840155991918465,64.48450646471761,27708.469803005144,27391.9025390625,27075.335275119854,2.311393036618766,245.22023955161492,97.52943818782687,82.90910487356344,1029315.0,0.8492055396064373,0.00561437704512846,0.00561437704512846,0.004904395606406079,FINNIFTY,2025-11-17 00:00:00+05:30
27643.25,27657.25,27499.30078125,27546.75,898100,0.0,0.0,27392.31005859375,26858.970078125,25845.708994140627,27398.505667517456,27236.422019352874,162.08364816458197,166.65395172207212,-4.570303557490149,60.5751177349955,27709.651687529447,27392.31005859375,27074.968429658053,2.3170125356852718,238.98659520864243,84.96239859219935,88.1471720397716,1017195.0,0.8829182211866948,-0.0035972112464035533,-0.0035972112464035533,0.004821846876309659,FINNIFTY,2025-11-18 00:00:00+05:30
27534.05078125,27664.650390625,27437.400390625,27643.69921875,834600,0.0,0.0,27399.22001953125,26894.058046875,25872.0119921875,27436.227752322462,27266.590700789697,169.63705153276533,167.25057168421077,2.3864798485545577,62.934258168912045,27731.77321620305,27399.22001953125,27066.66682285945,2.4274646974238223,238.14826697945367,97.21352219186467,93.23511965729698,997920.0,0.8363395863395864,0.0035194430831222423,0.0035194430831222423,0.004873867564721769,FINNIFTY,2025-11-19 00:00:00+05:30
27698.69921875,27903.849609375,27624.44921875,27861.349609375,885900,0.0,0.0,27415.44501953125,26932.4310546875,25897.28923828125,27501.63111494593,27310.64691624046,190.98419870546786,171.9972970884622,18.986901617005657,67.61888506780801,27800.753982414735,27415.44501953125,27030.136056647763,2.810889720075563,241.09484723984983,95.87157877961137,92.68249985455846,1032460.0,0.8580477694051101,0.007873417696477203,0.007873417696477203,0.005161774152584811,FINNIFTY,2025-11-20 00:00:00+05:30
27742.30078125,27772.0,27551.19921875,27566.150390625,870800,0.0,0.0,27415.92001953125,26964.515078125,25919.895244140625,27511.557157358093,27329.573099528207,181.9840578298863,173.99464923674702,7.989408593139274,57.08139198038766,27801.94686417875,27415.92001953125,27029.893174883753,2.816077989522079,246.02738605307485,67.19612656950204,86.76040918032602,994580.0,0.8755454563735446,-0.01059529501940093,-0.01059529501940093,0.005735954876727698,FINNIFTY,2025-11-21 00:00:00+05:30
27629.80078125,27740.19921875,27419.599609375,27498.650390625,1608100,0.0,0.0,27421.0875,26992.0130859375,25941.72,27509.571500937614,27342.097343313155,167.47415762445962,172.69055091428956,-5.216393289829938,54.971874652647536,27808.635878442907,27421.0875,27033.539121557096,2.826644847276062,251.35397343321236,60.63922227829657,74.56897587580333,1032140.0,1.5580250741178523,-0.0024486552907639902,-0.0024486552907639902,0.005600896139100901,FINNIFTY,2025-11-24 00:00:00+05:30
27538.94921875,27589.349609375,27381.650390625,27409.400390625,989000,0.0,0.0,27415.60751953125,27016.627109375,25962.664248046876,27494.16056088952,27347.082754225143,147.0778066643761,167.56800206430688,-20.49019539993077,52.22369407596488,27800.55371195798,27415.60751953125,27030.661327104524,2.8082266070703423,248.23577667012574,51.96953771548044,59.93496218775969,1032570.0,0.9578043135090115,-0.0032456138294855164,-0.0032456138294855164,0.005555078137508599,FINNIFTY,2025-11-25 00:00:00+05:30
27370.55078125,27814.599609375,27370.55078125,27799.5,1004700,0.0,0.0,27432.88505859375,27045.352109375,25985.999501953123,27541.135859214206,27380.59514280106,160.54071641314658,166.16254493407484,-5.621828520928261,61.324716733263045,27852.611383443527,27432.88505859375,27013.158733743974,3.060023209030223,262.22242320261677,89.86354960745848,67.4907698670785,1001645.0,1.0030499827783297,0.0142323291941997,0.0142323291941997,0.0063893576536372025,FINNIFTY,2025-11-26 00:00:00+05:30
27835.05078125,28055.349609375,27802.25,27946.19921875,1093000,0.0,0.0,27450.8125,27076.415078125,26007.627001953126,27603.45329914279,27422.491741019498,180.9615581232938,169.12234757191865,11.839210551375146,64.09467638449162,27922.821439485295,27450.8125,26978.803560514705,3.4389433062157617,261.76722221492986,89.62645203684248,77.15317978659381,998280.0,1.0948831991024561,0.005277045225633659,0.005277045225633659,0.006404154721362101,FINNIFTY,2025-11-27 00:00:00+05:30
27954.900390625,27990.349609375,27868.19921875,27890.25,744900,0.0,0.0,27476.525,27104.3140625,26028.75625,27647.57586850544,27457.14050094398,190.4353675614584,173.3849515698266,17.05041599163181,62.263114120904085,27984.116951846197,27476.525,26968.933048153805,3.694731789017687,251.7945913870777,84.3090921915779,87.9330312786263,986805.0,0.7548603827503915,-0.0020020332035871613,-0.0020020332035871613,0.006135524092558633,FINNIFTY,2025-11-28 00:00:00+05:30
28065.5,28065.5,27751.44921875,27814.5,758900,0.0,0.0,27510.30751953125,27129.333046875,26049.526748046876,27673.25650411999,27483.61157494813,189.64492917185999,176.63694709023326,13.007982081626722,59.77267618794201,28013.422855526645,27510.30751953125,27007.19218353585,3.6576496692245595,256.24146209157215,69.39957330082292,81.11170584308111,965780.0,0.7857897243678684,-0.0027160029042406775,-0.0027160029042406775,0.0057789532859787,FINNIFTY,2025-12-01 00:00:00+05:30
27617.599609375,27717.80078125,27544.75,27565.25,1113200,0.0,0.0,27523.2625,27146.6650390625,26069.654248046874,27656.640118870757,27489.65886569271,166.98125317804806,174.70580830779625,-7.7245551297481825,52.35242060540467,28017.95576234884,27523.2625,27028.56923765116,3.594728367313571,257.20635765645983,39.01249619018592,64.24038722752893,1017025.0,1.0945650303581524,-0.008961153355264373,-0.008961153355264373,0.006083143223858259,FINNIFTY,2025-12-02 00:00:00+05:30
27492.150390625,27654.0,27434.80078125,27629.599609375,941200,0.0,0.0,27544.95244140625,27168.7050390625,26090.800498046876,27652.480040486793,27500.024846706212,152.45519378058088,170.25568540235318,-17.800491621772295,53.942121874947176,28017.874094851315,27544.95244140625,27072.030787961186,3.433817171774505,254.49156202028414,46.8576177232551,51.75656240475465,1010455.0,0.9314615692930412,0.002334446789889366,0.002334446789889366,0.005999682043254456,FINNIFTY,2025-12-03 00:00:00+05:30
27605.19921875,27697.05078125,27507.849609375,27611.44921875,868300,0.0,0.0,27573.869921875,27190.366015625,26113.40974609375,27646.16760637344,27508.278503894642,137.88910247879903,163.78236881764235,-25.89326633884332,53.400933730491616,27984.717469681127,27573.869921875,27163.022374068874,2.9799774131826986,249.82796272419242,34.66417847527079,40.17809746290394,989095.0,0.8778732073258888,-0.0006569183369143916,-0.0006569183369143916,0.005797170104159689,FINNIFTY,2025-12-04 00:00:00+05:30
27533.44921875,27901.44921875,27519.400390625,27881.900390625,960800,0.0,0.0,27606.02744140625,27216.8140234375,26136.855244140625,27682.43418856599,27535.954199208,146.4799893579875,160.32189292571138,-13.841903567723875,59.86276065107396,28007.493211823683,27606.02744140625,27204.56167098882,2.908537066910782,259.2723102528215,73.58085966263272,51.70088528705288,977410.0,0.9830061079792513,0.00979489231921038,0.00979489231921038,0.005945641238613566,FINNIFTY,2025-12-05 00:00:00+05:30
27835.349609375,27863.69921875,27603.349609375,27687.150390625,1000700,0.0,0.0,27625.132421875,27242.788046875,26158.928994140624,27683.15975811353,27547.15391709074,136.00584102278663,155.45868254512644,-19.45284152233981,54.05042722349226,28003.171520763255,27625.132421875,27247.093322986748,2.736921533008854,260.6493438954771,45.557229338924266,51.26742249227593,984235.0,1.0167287284032778,-0.0069848180099475465,-0.0069848180099475465,0.006208649652640237,FINNIFTY,2025-12-08 00:00:00+05:30
27537.400390625,27638.05078125,27460.400390625,27549.75,988000,0.0,0.0,27638.6548828125,27268.8350390625,26180.7432421875,27662.635179942215,27547.346219528466,115.28896041374901,147.42473811885097,-32.13577770510196,50.336989050008505,27984.19609549644,27638.6548828125,27293.11367012856,2.5004198948829446,258.2279621886573,25.78594434170662,48.30801111442121,979835.0,1.008333035664168,-0.004962604987746366,-0.004962604987746366,0.006328982383647921,FINNIFTY,2025-12-09 00:00:00+05:30
27558.05078125,27633.099609375,27373.099609375,27404.30078125,795100,0.0,0.0,27642.00244140625,27297.2160546875,26201.40974609375,27622.891426297258,27536.75026113747,86.14116515978822,135.16802352703843,-49.02685836725021,46.680840425874976,27976.937211910175,27642.00244140625,27307.067670902325,2.4233755945423905,258.35453631803887,4.8564699534026206,25.39988121134451,964680.0,0.8242111373719783,-0.005279511383950886,-0.005279511383950886,0.006445140328300501,FINNIFTY,2025-12-10 00:00:00+05:30
27426.19921875,27641.650390625,27347.400390625,27561.900390625,716200,0.0,0.0,27650.28994140625,27328.3140625,26222.817744140626,27613.508190039985,27538.613233692104,74.89495634788182,123.11341009120711,-48.2184537433253,50.84681574140695,27968.254076806326,27650.28994140625,27332.32580600617,2.2998972963674222,260.9184980096075,29.870507823655643,20.170974039588305,948790.0,0.7548561852464718,0.0057509078824162785,0.0057509078824162785,0.006553555921785039,FINNIFTY,2025-12-11 00:00:00+05:30
27648.099609375,27716.0,27582.94921875,27672.599609375,640600,0.0,0.0,27659.32744140625,27361.3240625,26243.89974609375,27622.599177629985,27548.538150409357,74.0610272206286,113.30293351709142,-39.241906296462815,53.58978583182025,27968.92938305045,27659.32744140625,27349.72549976205,2.2386801870006625,253.28857739284985,45.2860876826041,26.67102181988746,929310.0,0.6893286416803865,0.004016385560541957,0.004016385560541957,0.006567909706360909,FINNIFTY,2025-12-12 00:00:00+05:30
27511.849609375,27648.05078125,27499.150390625,27603.150390625,638800,0.0,0.0,27657.175,27385.7430859375,26265.50849609375,27619.607056552297,27552.583501536443,67.02355501585407,104.04705781684396,-37.02350280098989,51.64269675982401,27967.70926930808,27657.175,27346.640730691917,2.245596445103898,247.58576606121773,35.61483625128173,36.92381058584717,917545.0,0.6962056356908926,-0.0025096745419780353,-0.0025096745419780353,0.0064756453468387465,FINNIFTY,2025-12-15 00:00:00+05:30
27516.25,27538.0,27352.75,27385.55078125,950400,0.0,0.0,27649.1150390625,27404.9191015625,26286.564501953126,27583.598398813483,27540.210707441154,43.387691372328845,91.91518452794095,-48.527493155612106,46.002888610081115,27978.49155257061,27649.1150390625,27319.738525554392,2.3825465158126566,247.78681067291646,5.312687839811568,28.737870591232475,920160.0,1.0328638497652582,-0.007883143999711906,-0.007883143999711906,0.0066670193936002415,FINNIFTY,2025-12-16 00:00:00+05:30
27424.0,27446.69921875,27190.69921875,27251.94921875,860500,0.0,0.0,27629.5275390625,27415.7170703125,26307.848251953124,27532.575448034484,27518.85800457514,13.717443459343485,76.27563631422146,-62.55819285487797,42.904762914970775,28001.67868922696,27629.5275390625,27257.37638889804,2.693865464317581,248.37346705342244,7.001594112945358,15.976372734679563,921455.0,0.9338491841706866,-0.004878542102993655,-0.004878542102993655,0.006680085011200534,FINNIFTY,2025-12-17 00:00:00+05:30
27153.25,27400.44921875,27153.25,27267.099609375,778800,0.0,0.0,27599.8150390625,27425.513046875,26329.00349609375,27491.73301131764,27500.209234560316,-8.476223242676497,59.32526440284187,-67.80148764551836,43.370513629731064,27987.742421868166,27599.8150390625,27211.887656256837,2.8110868297966807,248.28959217460655,12.480088722937792,8.264790225231582,916100.0,0.8501255321471455,0.0005559378708432927,0.0005559378708432927,0.006379892544169201,FINNIFTY,2025-12-18 00:00:00+05:30
27351.900390625,27410.650390625,27291.44921875,27378.599609375,1289500,0.0,0.0,27590.4375,27439.95703125,26350.0282421875,27474.32787255723,27491.20111417622,-16.873241618988686,44.08556319847576,-60.95880481746445,46.809447846294745,27990.05793607711,27590.4375,27190.81706392289,2.896803909521998,240.80824853713466,30.11893139256235,16.533538076148506,937035.0,1.3761492366880639,0.004089177125449206,0.004089177125449206,0.006061579905107414,FINNIFTY,2025-12-19 00:00:00+05:30
27455.80078125,27519.650390625,27420.19921875,27479.849609375,982600,0.0,0.0,27589.4974609375,27455.0680078125,26372.282744140626,27475.177370529196,27490.360261968723,-15.18289143952643,32.23187227087532,-47.41476371040175,49.79116366668985,27990.064458901383,27589.4974609375,27188.930462973614,2.903764365632435,233.68271515948217,43.65142346989386,28.75014786179801,905760.0,1.084834834834835,0.0036981438585095283,0.0036981438585095283,0.006103860237241885,FINNIFTY,2025-12-22 00:00:00+05:30
27513.44921875,27620.25,27483.599609375,27584.55078125,955000,0.0,0.0,27598.25498046875,27469.9140234375,26395.440498046875,27492.004049101626,27497.33733747104,-5.333288369412912,24.718840142817676,-30.05212851223059,52.74138075209958,27990.256314963153,27598.25498046875,27206.25364597435,2.8407689889945624,227.01969197844772,57.64517931074089,43.80517805773238,904060.0,1.0563458177554588,0.003810107164461396,0.003810107164461396,0.00611130187790175,FINNIFTY,2025-12-23 00:00:00+05:30
27575.05078125,27722.69921875,27529.69921875,27565.5,740400,0.0,0.0,27586.55498046875,27483.5190234375,26418.125751953125,27503.311118470607,27502.386423584292,0.9246948863146827,19.96001109151708,-19.0353162052024,52.141037795459205,27967.64834490491,27586.55498046875,27205.461616032593,2.7628920298744895,224.58971397998718,55.09896156918435,52.13185478327304,890845.0,0.8311210143178668,-0.0006906322818549526,-0.0006906322818549526,0.005162776124791709,FINNIFTY,2025-12-24 00:00:00+05:30
27539.55078125,27571.55078125,27391.849609375,27430.75,522900,0.0,0.0,27560.78251953125,27495.5680078125,26440.02650390625,27492.147869475128,27497.080021837308,-4.932152362180204,14.981578400777625,-19.91373076295783,47.980818326091374,27909.439250727093,27560.78251953125,27212.12578833541,2.5300931201700316,221.38338954391665,39.05979381443299,50.60131156478608,862340.0,0.6063733562168054,-0.0048883568228401675,-0.0048883568228401675,0.005073042051069536,FINNIFTY,2025-12-26 00:00:00+05:30
27464.05078125,27505.44921875,27311.099609375,27363.5,651900,0.0,0.0,27534.44501953125,27501.4019921875,26461.02900390625,27472.355889555878,27487.185205404916,-14.829315849037812,9.019399550814539,-23.848715399852352,46.00786483323186,27858.26777189496,27534.44501953125,27210.62226716754,2.352128413222134,219.45240524613686,36.92164166306532,43.69346568222756,857690.0,0.7600648252865254,-0.002451628190989985,-0.002451628190989985,0.005079090187289605,FINNIFTY,2025-12-29 00:00:00+05:30
27338.30078125,27463.05078125,27248.5,27382.80078125,1605200,0.0,0.0,27512.86005859375,27501.4340234375,26482.26201171875,27458.578180585744,27479.453025837887,-20.874845252143132,3.0405505902230052,-23.915395842366138,46.68544744005378,27816.02761849657,27512.86005859375,27209.69249869093,2.2038243879928783,219.1022892464128,40.31101873383683,38.76415140377839,900005.0,1.783545646968628,0.0007053476803040581,0.0007053476803040581,0.005073761865731124,FINNIFTY,2025-12-30 00:00:00+05:30
27420.94921875,27679.94921875,27417.69921875,27613.30078125,786100,0.0,0.0,27515.26259765625,27502.928046875,26505.044267578123,27482.381657611015,27489.367674386933,-6.98601677591796,1.0352371169948125,-8.021253892912773,54.09471325833596,27820.805077784746,27515.26259765625,27209.72011752775,2.2208945238598106,224.67701412166903,80.78872814328538,52.67379618006252,883650.0,0.8896056130821026,0.008417692618128081,0.008417692618128081,0.005085174971458272,FINNIFTY,2025-12-31 00:00:00+05:30
27676.599609375,27927.599609375,27650.25,27899.150390625,1113900,0.0,0.0,27528.74013671875,27510.8010546875,26528.523271484373,27546.499924228552,27519.721949663828,26.77797456472399,6.183784606540649,20.594189958183343,61.28100494176548,27874.411957951947,27528.74013671875,27183.06831548555,2.5113522777755417,231.0785722647641,96.32604983516913,72.4752655707638,892285.0,1.2483679541850419,0.01035188120534647,0.01035188120534647,0.005564103437075463,FINNIFTY,2026-01-02 00:00:00+05:30
27925.19921875,27977.80078125,27768.099609375,27851.44921875,1049200,0.0,0.0,27540.74013671875,27517.093046875,26551.141015625,27593.415200308773,27544.29433996651,49.12086034226377,14.771199753685273,34.349660588578494,59.60415274550062,27912.72545883465,27540.74013671875,27168.754814602846,2.701345862669483,229.55161509406665,84.67631522846247,87.26369773563901,901330.0,1.164057559384465,-0.0017097714879170667,-0.0017097714879170667,0.005580583764568945,FINNIFTY,2026-01-05 00:00:00+05:30
27836.75,28041.19921875,27801.599609375,27945.099609375,1257800,0.0,0.0,27543.90009765625,27524.86203125,26574.416513671877,27647.52049401127,27573.983619181952,73.53687482931855,26.52433476881193,47.01254006050662,61.81340385455481,27928.291033180827,27543.90009765625,27159.50916213167,2.7911147961017053,230.26932897127617,89.17735301233971,90.05990602532377,916180.0,1.3728743260058067,0.003362496144794891,0.003362496144794891,0.005184852493984347,FINNIFTY,2026-01-06 00:00:00+05:30
27891.849609375,27895.94921875,27766.69921875,27853.349609375,1424400,0.0,0.0,27552.21005859375,27534.0230078125,26596.03701171875,27679.186511759537,27594.67739623329,84.5091155262453,38.121290920298605,46.38782460594669,58.441237969406686,27955.357476151887,27552.21005859375,27149.062641035616,2.926425260992015,226.564404803685,78.84455491278622,84.23274105119614,937365.0,1.5195788193499864,-0.003283223222765641,-0.003283223222765641,0.004979671395268226,FINNIFTY,2026-01-07 00:00:00+05:30
27823.650390625,27896.94921875,27592.69921875,27672.599609375,1030600,0.0,0.0,27558.3525390625,27537.095,26614.551513671875,27678.173142161915,27600.449412021568,77.72373014034747,46.04177876430838,31.681951376039088,52.37890729420271,27964.8921292974,27558.3525390625,27151.8129488276,2.95039109945816,232.11337588913605,58.48866110903372,75.50352301138656,939495.0,1.096972309591855,-0.006489345178763095,-0.006489345178763095,0.005075549262216654,FINNIFTY,2026-01-08 00:00:00+05:30
27614.80078125,27689.05078125,27302.5,27382.099609375,1197400,0.0,0.0,27557.24248046875,27535.6580078125,26630.760263671877,27632.623367887005,27584.275352566267,48.34801532073834,46.50302607559438,1.8449892451439638,44.40603627968166,27965.575848852597,27557.24248046875,27148.909112084904,2.9635285074205338,243.14461912919776,16.853758173960607,51.39565806526019,959610.0,1.2477985848417585,-0.01049774882377097,-0.01049774882377097,0.0054910470949402395,FINNIFTY,2026-01-09 00:00:00+05:30
27407.150390625,27545.80078125,27258.5,27518.5,1082600,0.0,0.0,27555.0724609375,27534.275,26646.807763671874,27615.06592667362,27579.403104228026,35.66282244559261,44.33498534959403,-8.672162904001418,48.379206237636446,27963.744897651555,27555.0724609375,27146.400024223443,2.966222914444492,246.29863070925506,34.06083841305666,36.46775256535034,977930.0,1.1070322006687596,0.004981370770351656,0.004981370770351656,0.00545098516807821,FINNIFTY,2026-01-12 00:00:00+05:30
27618.849609375,27670.05078125,27465.30078125,27586.0,1199000,0.0,0.0,27550.74248046875,27538.475,26661.898017578125,27610.59424564691,27579.8917631741,30.702482472810516,41.608484774237326,-10.90600230142681,50.273176112984146,27956.164411322137,27550.74248046875,27145.320549615364,2.9430925946246127,243.3308713728797,42.57604801632082,31.163548201112704,1005850.0,1.1920266441318288,0.002452895324963178,0.002452895324963178,0.005400352924814949,FINNIFTY,2026-01-13 00:00:00+05:30
27471.44921875,27644.349609375,27455.0,27501.400390625,1227800,0.0,0.0,27545.65498046875,27545.726015625,26674.117265625,27593.795191028155,27574.07758742972,19.717603598433925,37.23030853907665,-17.512704940642728,47.90102441567948,27950.87223324623,27545.65498046875,27140.437727691267,2.942150063701889,239.4750669444597,31.903701258063087,36.18019589581353,1035300.0,1.1859364435429345,-0.0030667588405350887,-0.0030667588405350887,0.005414620990512707,FINNIFTY,2026-01-14 00:00:00+05:30
27501.25,27723.400390625,27478.80078125,27523.150390625,1691100,0.0,0.0,27552.5349609375,27550.066015625,26686.303017578124,27582.9267601969,27570.305202481224,12.621557715676317,32.30855837439659,-19.687000658720272,48.57287693715627,27951.265829838867,27552.5349609375,27153.804092036135,2.894331642926252,239.8411056894983,34.647491019114874,36.3757467644996,1072335.0,1.5770258361426233,0.0007908688172626466,0.0007908688172626466,0.005102761243951848,FINNIFTY,2026-01-16 00:00:00+05:30
27519.05078125,27578.30078125,27369.94921875,27518.94921875,1492300,0.0,0.0,27565.8849609375,27556.528984375,26699.749765625,27573.084061512764,27566.50105553817,6.583005974593107,27.163447894435894,-20.580441919842787,48.442928509629695,27940.623080894904,27565.8849609375,27191.146840980095,2.7188542685165444,237.59185260453413,34.117507921411715,33.5562333995299,1103925.0,1.3518128496048192,-0.00015264138789983228,-0.00015264138789983228,0.004959551716767477,FINNIFTY,2026-01-19 00:00:00+05:30
27525.55078125,27526.349609375,27136.5,27200.599609375,1517000,0.0,0.0,27562.5599609375,27559.878984375,26710.69701171875,27515.778761183876,27539.39724471127,-23.618483527392527,17.00706161007021,-40.62554513746274,39.76203612806856,27948.845575995547,27562.5599609375,27176.27434587945,2.802973421957206,248.4674066595674,7.085184561512588,25.283394500679737,1140835.0,1.329727787103306,-0.011568378096286192,-0.011568378096286192,0.0056457780162981015,FINNIFTY,2026-01-20 00:00:00+05:30
27067.150390625,27206.099609375,26773.5,26963.5,1527000,0.0,0.0,27541.80498046875,27554.373984375,26720.140009765626,27430.812797924817,27496.738189547472,-65.9253916226553,0.42057096352510825,-66.3459625861804,34.76525222550107,28002.781969822918,27541.80498046875,27080.827991114584,3.3474711601586637,261.61970685352685,14.987782369018676,18.730158283981,1152710.0,1.3247043922582435,-0.008716705248412282,-0.008716705248412282,0.005866689579608076,FINNIFTY,2026-01-21 00:00:00+05:30
27150.650390625,27275.30078125,26956.05078125,27149.94921875,1439300,0.0,0.0,27525.3099609375,27551.271953125,26733.24275390625,27387.60301651331,27471.050117636547,-83.4471011232381,-16.352963453827535,-67.09413766941057,41.0399682249291,28016.587821250432,27525.3099609375,27034.032100624565,3.569644527237876,265.7361563639892,29.695468229537394,17.25614505335623,1175545.0,1.2243682717377897,0.006914874506277036,0.006914874506277036,0.006036607386026775,FINNIFTY,2026-01-22 00:00:00+05:30
27193.44921875,27226.25,26779.05078125,26821.349609375,0,0.0,0.0,27487.14990234375,27542.1129296875,26743.599248046874,27300.4871077228,27422.924154061617,-122.43704633881498,-37.56978003082503,-84.86726630798995,34.70433569163393,28065.024729708886,27487.14990234375,26909.275074978614,4.2046907694556035,278.69780367727566,3.7745238513423987,16.1525914832995,1127795.0,0.0,-0.012103139005065433,-0.012103139005065433,0.006460474669942733,FINNIFTY,2026-01-23 00:00:00+05:30
