Open,High,Low,Close,Volume,Dividends,Stock Splits,sma_20,sma_50,sma_200,ema_12,ema_26,macd,macd_signal,macd_diff,rsi,bb_high,bb_mid,bb_low,bb_width,atr,stoch_k,stoch_d,volume_sma,volume_ratio,returns,log_returns,volatility_20,symbol,timestamp
65788.7890625,66037.6875,65639.7421875,65794.7265625,10900,0.0,0.0,64680.1458984375,65659.119453125,63118.50681640625,65163.148918831626,65136.5068353746,26.642083457023546,-197.36376380162596,224.0058472586495,57.97522900918329,66222.51044270354,64680.1458984375,63137.78135417146,4.769205519999612,543.7831008498376,80.74286225244931,88.45454791832901,9825.0,1.10941475826972,-0.0028454524561859484,-0.0028454524561859484,0.007040995657816418,SENSEX,2023-11-17 00:00:00+05:30
65787.5078125,65844.0078125,65547.796875,65655.1484375,7200,0.0,0.0,64681.4412109375,65656.617265625,63145.757265625,65238.841152472916,65174.92473182833,63.91642064458574,-145.1077269123836,209.02414755696935,56.05591765081942,66227.03200837527,64681.4412109375,63135.85041349972,4.779085835138814,526.0993748962778,74.95576107642482,81.00700462599211,9635.0,0.7472755578619616,-0.0021214181180221336,-0.0021214181180221336,0.007004822593572556,SENSEX,2023-11-20 00:00:00+05:30
65860.4609375,66082.359375,65849.171875,65930.7734375,5400,0.0,0.0,64708.098828125,65657.622265625,63178.756640625,65345.29227324631,65230.913524841046,114.37874840526638,-93.21043184885362,207.58918025411998,58.94621232513605,66319.18289683908,64708.098828125,63097.01475941093,4.979543821843287,519.0359150822579,84.7717939300858,80.15680575298664,9190.0,0.5875952121871599,0.004198071386014357,0.004198071386014357,0.007010519922229162,SENSEX,2023-11-21 00:00:00+05:30
65839.6171875,66063.4296875,65664.8515625,66023.2421875,4300,0.0,0.0,64780.6669921875,65652.775859375,63211.37080078125,65449.592260054575,65289.604536889856,159.98772316471877,-42.570800846139136,202.55852401085792,59.89913256905963,66488.51258252672,64780.6669921875,63072.82140184828,5.272701469854214,510.43178721923954,86.82174829342624,82.18310109997896,9065.0,0.4743519029233315,0.0014025127444872165,0.0014025127444872165,0.006301418513255068,SENSEX,2023-11-22 00:00:00+05:30
66084.3671875,66235.2421875,65980.5,66017.8125,7500,0.0,0.0,64879.1046875,65641.153984375,63243.71037109375,65537.01075850772,65343.54586749061,193.46489101710904,4.636337526510502,188.82855349059855,59.81134128634257,66633.25185144451,64879.1046875,63124.9575235555,5.407433325085539,492.168244382151,83.65057516099633,85.0813724615028,9085.0,0.825536598789213,-8.223903159099155e-05,-8.223903159099155e-05,0.005927461022502528,SENSEX,2023-11-23 00:00:00+05:30
66000.2890625,66101.640625,65894.046875,65970.0390625,10800,0.0,0.0,65020.19921875,65618.013203125,63275.02017578125,65603.63049758345,65389.95277082464,213.67772675881133,46.444615372970674,167.23311138584066,58.992082832391084,66643.83318612327,65020.19921875,63396.56525137673,4.994244825091408,471.8414947834259,78.15212112021696,82.87481485821318,8980.0,1.2026726057906458,-0.0007236446602952862,-0.0007236446602952862,0.00470421416718545,SENSEX,2023-11-24 00:00:00+05:30
66063.71875,66256.203125,65906.6484375,66174.203125,5100,0.0,0.0,65139.7693359375,65597.074609375,63306.23,65691.41090180138,65448.04538965244,243.3655121489428,85.82879472816511,157.53671742077768,61.42391200502874,66733.2288530931,65139.7693359375,63546.30981878189,4.892432175919586,463.10672283460974,89.63867442897988,83.81379023673105,8605.0,0.5926786751888437,0.003094799781861113,0.003094799781861113,0.004335903519279134,SENSEX,2023-11-28 00:00:00+05:30
66381.2578125,66946.28125,66374.5234375,66901.90625,8300,0.0,0.0,65279.2322265625,65585.772890625,63336.53013671875,65877.6409553704,65555.73878671523,321.9021686551714,133.04346951356638,188.85869914160503,68.5767189920158,66973.73612863726,65279.2322265625,63584.728324487725,5.1915558571329665,485.1761087035662,98.12394203377235,88.63824586098974,8740.0,0.9496567505720824,0.010996779570211057,0.010996779570211057,0.004746882973547984,SENSEX,2023-11-29 00:00:00+05:30
66963.203125,67069.890625,66610.3515625,66988.4375,11100,0.0,0.0,65434.9076171875,65575.161640625,63368.93783203125,66048.53273146726,65661.86461732892,386.6681141383451,183.76839843852213,202.899715699823,69.30554140664889,67156.61246246943,65434.9076171875,63713.20277190556,5.26234362659879,483.3448911175971,96.72739885336543,94.83000510537255,8545.0,1.2990052662375657,0.0012934048497310613,0.0012934048497310613,0.004550140969702311,SENSEX,2023-11-30 00:00:00+05:30
67181.1484375,67564.328125,67149.0703125,67481.1875,21700,0.0,0.0,65629.4005859375,65568.012734375,63404.91357421875,66268.94115739537,65796.62927530454,472.31188209082757,241.47709516898323,230.83478692184434,73.12773595434803,67352.95874209357,65629.4005859375,63905.842429781434,5.252396458807144,489.9553006806259,97.21320597843521,97.354848955191,9325.0,2.3270777479892764,0.007355747027238735,0.007355747027238735,0.004379206704652653,SENSEX,2023-12-01 00:00:00+05:30
68435.34375,68918.21875,68274.46875,68865.1171875,30900,0.0,0.0,65868.6115234375,65593.378203125,63445.92021484375,66668.35285433455,66023.92467620791,644.4281781266327,322.0673117605131,322.3608663661196,80.47979838611252,67955.75450645415,65868.6115234375,63781.46854042085,6.337291571036069,557.6035827748668,98.69364330715622,97.54474937965229,10550.0,2.928909952606635,0.02050837779788628,0.02050837779788628,0.0058087602415432356,SENSEX,2023-12-04 00:00:00+05:30
69168.53125,69381.3125,68954.8828125,69296.140625,9600,0.0,0.0,66115.2294921875,65643.284140625,63488.36982421875,67072.62789597538,66266.3110427851,806.3168531902775,418.917220046466,387.39963314381146,82.12050773797783,68566.67242637028,66115.2294921875,63663.78655800472,7.415667927077081,554.6458491838049,97.87485380116959,97.92723436225367,10225.0,0.9388753056234719,0.006258951630423448,0.006258951630423448,0.005836570724973345,SENSEX,2023-12-05 00:00:00+05:30
69534.9296875,69744.6171875,69395.0078125,69653.7265625,10400,0.0,0.0,66349.98125,65711.753828125,63533.2249609375,67469.71999851763,66517.23071091213,952.4892876054946,525.6316335582717,426.8576540472229,83.36938535899105,69182.9682148213,66349.98125,63516.9942851787,8.539526044918972,547.0623287063903,97.85513792547185,98.14121167793256,10340.0,1.0058027079303675,0.005160257617160768,0.005160257617160768,0.005702912712671664,SENSEX,2023-12-06 00:00:00+05:30
69694.1484375,69695.328125,69320.53125,69521.6875,26000,0.0,0.0,66578.945703125,65782.004609375,63578.67419921875,67785.40730643799,66739.78306565939,1045.6242407786049,629.6301550023384,415.9940857762665,81.11629054427186,69650.06968175508,66578.945703125,63507.821724494934,9.225510996597002,534.7576534416481,94.68812884754641,96.80604019139595,11255.0,2.3100844069302533,-0.0018956496517313903,-0.0018956496517313903,0.005771459556382769,SENSEX,2023-12-07 00:00:00+05:30
69666.3828125,69893.796875,69506.1171875,69825.6015625,18200,0.0,0.0,66821.4453125,65858.042890625,63622.6408984375,68099.28334583214,66968.3622135735,1130.9211322586343,729.8883504535976,401.03278180503673,82.30187673247806,70106.34951621036,66821.4453125,63536.54110878964,9.831886120834527,524.2520844458161,98.43084876898297,96.99137184733375,11845.0,1.5365132967496835,0.0043715000804605,0.0043715000804605,0.005733193518620569,SENSEX,2023-12-08 00:00:00+05:30
69925.6328125,70057.828125,69782.4765625,69928.53125,12400,0.0,0.0,67076.2619140625,65937.704140625,63665.90810546875,68380.70610031951,67187.63399404954,1193.072106269974,822.5251016168729,370.5470046531011,82.69807697648159,70492.43612304665,67076.2619140625,63660.08770507836,10.185940932012324,506.47347573540065,97.05673651656319,96.72523804436419,11885.0,1.0433319310054692,0.0014740966808266531,0.0014740966808266531,0.0055936152667374365,SENSEX,2023-12-11 00:00:00+05:30
70020.6796875,70033.640625,69443.8515625,69551.03125,7000,0.0,0.0,67308.5794921875,66006.351015625,63707.065703125,68560.75612334728,67362.70045745328,1198.055665894004,897.6312144722992,300.4244514217048,75.97995989822111,70734.37913279401,67308.5794921875,63882.779851581,10.179384757344756,512.4245890757292,88.4634741890909,94.65035315821235,11680.0,0.5993150684931506,-0.005398368780983098,-0.005398368780983098,0.005937600527358332,SENSEX,2023-12-12 00:00:00+05:30
69648.5625,69657.9296875,69100.5625,69584.6015625,7100,0.0,0.0,67541.116015625,66087.876640625,63749.975859375,68718.27080629385,67527.28572449378,1190.9850818000705,956.3019879378536,234.68309386221688,76.16539130583251,70921.65111173595,67541.116015625,64160.58091951405,10.010302747526103,515.6347746774628,88.63469202422678,91.38496757662695,11650.0,0.6094420600858369,0.0004826716713852708,0.0004826716713852708,0.005936721054194899,SENSEX,2023-12-13 00:00:00+05:30
70146.09375,70602.890625,70110.75,70514.203125,12200,0.0,0.0,67783.0296875,66181.592578125,63799.0891796875,68994.56808609479,67748.53886527201,1246.0292208227766,1014.2474345148382,231.78178630793832,80.62567340766523,71285.31380243685,67783.0296875,64280.745572563166,10.333808125967275,551.5386523790727,98.1165758579269,91.73824735708153,11885.0,1.0265039966344132,0.013359299925933321,0.013359299925933321,0.0060866040325094775,SENSEX,2023-12-14 00:00:00+05:30
70804.1328125,71605.7578125,70655.96875,71483.75,25100,0.0,0.0,68058.093359375,66301.025546875,63853.1443359375,69377.51914977252,68025.22117154817,1352.2979782243492,1081.8575432567404,270.4404349676088,83.99066666221786,71806.96275993803,68058.093359375,64309.223958811956,11.01667477155862,590.1112263162819,97.85917755789693,94.87014848001688,12560.0,1.9984076433121019,0.013749667897136941,0.013749667897136941,0.006497133576578789,SENSEX,2023-12-15 00:00:00+05:30
71437.3515625,71552.2421875,71142.2890625,71315.09375,12500,0.0,0.0,68334.11171875,66422.806640625,63910.99490234375,69675.60754980752,68268.91543661867,1406.692113188852,1146.824457243163,259.8676559456892,81.34398718403719,72187.20420415656,68334.11171875,64481.01923334345,11.277215400897099,577.242790507976,94.44368113405356,96.80647818329247,12640.0,0.9889240506329114,-0.00235936489062194,-0.00235936489062194,0.006470908824024605,SENSEX,2023-12-18 00:00:00+05:30
71479.28125,71623.7109375,71071.9765625,71437.1875,8600,0.0,0.0,68623.213671875,66538.918984375,63970.1518359375,69946.61984983714,68503.60225612839,1443.0175937087479,1206.06308453628,236.95450917246785,81.79131366943835,72496.51316355806,68623.213671875,64749.914180191925,11.288598374898108,575.4207608288349,96.27947203565473,96.19411024253507,12710.0,0.6766325727773407,0.001712032384448836,0.001712032384448836,0.006333608728651306,SENSEX,2023-12-19 00:00:00+05:30
71647.65625,71913.0703125,70302.6015625,70506.3125,13200,0.0,0.0,68851.990625,66629.132578125,64025.36375,70032.72641140065,68651.95116308185,1380.7752483188087,1241.0055172927857,139.769731026023,68.33744624202903,72600.65155009158,68851.990625,65103.329699908434,10.889041525345368,649.3527600553467,70.47107866288833,87.06474394419888,13100.0,1.0076335877862594,-0.013030678174445254,-0.013030678174445254,0.007419335474657528,SENSEX,2023-12-20 00:00:00+05:30
69920.890625,70958.7109375,69920.390625,70865.1015625,8800,0.0,0.0,69094.08359375,66736.186796875,64083.2475,70160.7841269544,68815.88822970541,1344.8958972489927,1261.7835932840271,83.11230396496558,70.36109278474737,72703.54093440941,69094.08359375,65484.62625309058,10.447949094691843,677.1361566585363,71.19858462106622,79.31637843986975,13325.0,0.6604127579737336,0.005088750918579077,0.005088750918579077,0.007413239284335672,SENSEX,2023-12-21 00:00:00+05:30
71045.6484375,71259.546875,70713.5625,71106.9609375,15300,0.0,0.0,69348.541015625,66836.738828125,64143.97169921875,70306.34979011526,68985.59731917168,1320.752470943582,1273.5773688159381,47.17510212764387,71.67529596592175,72767.14222775825,69348.541015625,65929.93980349175,9.859187120787436,667.768172254355,72.74988907903911,71.47318412099789,13715.0,1.115566897557419,0.003412954609070651,0.003412954609070651,0.007363621398415367,SENSEX,2023-12-22 00:00:00+05:30
71097.78125,71471.2890625,71012.078125,71336.796875,7700,0.0,0.0,69616.87890625,66934.013828125,64203.60029296875,70464.88011086677,69159.76024923303,1305.1198616337351,1279.8858673794975,25.233994254237587,72.90480656370376,72764.35258150643,69616.87890625,66469.40523099357,9.042271715441307,652.8712269147583,79.51033469351474,74.48626946454003,13560.0,0.5678466076696165,0.0032322565114548674,0.0032322565114548674,0.007290016827452551,SENSEX,2023-12-26 00:00:00+05:30
71492.0234375,72119.8515625,71473.6484375,72038.4296875,9800,0.0,0.0,69910.090234375,67046.614609375,64269.24568359375,70706.96466111804,69372.99502243799,1333.9696386800497,1290.702621639608,43.267017040441715,76.28857877379949,72802.33457656708,69910.090234375,67017.84589218293,8.274182832537528,662.1700455279898,97.3032765888079,83.18783345378725,13795.0,0.7104023196810438,0.009835496451143344,0.009835496451143344,0.007403653919079834,SENSEX,2023-12-27 00:00:00+05:30
72262.671875,72484.34375,72137.453125,72410.3828125,7800,0.0,0.0,70185.5140625,67169.167421875,64332.25275390625,70969.02899209988,69597.98671059073,1371.0422815091442,1306.7705536135152,64.27172789562906,77.86662428415617,72924.51070598482,70185.5140625,67446.51741901519,7.805019825161495,646.7231895974192,97.81425180779638,91.54262103003968,13770.0,0.5664488017429193,0.005163259757514416,0.005163259757514416,0.007238188317515413,SENSEX,2023-12-28 00:00:00+05:30
72351.59375,72417.0078125,72082.640625,72240.2578125,19800,0.0,0.0,70448.105078125,67290.633984375,64392.33173828125,71164.60265677681,69793.71049591734,1370.8921608594683,1319.594875062706,51.29728579676225,75.39507361899476,72902.98208388484,70448.105078125,67993.22807236515,6.969320191188831,624.4120465904606,92.78659229227658,95.96804022962696,14205.0,1.3938753959873285,-0.002349455884531393,-0.002349455884531393,0.007354484334241408,SENSEX,2023-12-29 00:00:00+05:30
72332.8515625,72332.8515625,71613.7421875,71892.4765625,300,0.0,0.0,70668.66953125,67399.921640625,64450.053671875,71276.5832576573,69949.17464899755,1327.4086086597526,1321.1576217821155,6.25098687763716,70.47071622601133,72787.28894383372,70668.66953125,68550.05011866627,5.995922738143126,631.1761414768563,82.50870420480047,91.03651610162449,13135.0,0.022839741149600305,-0.004814230465548297,-0.004814230465548297,0.007546337463930009,SENSEX,2024-01-02 00:00:00+05:30
71832.6171875,71862.0,71303.96875,71356.6015625,13600,0.0,0.0,70793.24375,67509.513203125,64507.8052734375,71288.89376609464,70053.42849444217,1235.4652716524724,1304.019151756187,-68.55388010371462,63.57993172222974,72760.61843624116,70793.24375,68825.86906375883,5.558086003768303,628.1284036927951,66.67213084474653,80.65580911394119,12270.0,1.1083944580277099,-0.007453839756572211,-0.007453839756572211,0.006714949188885363,SENSEX,2024-01-03 00:00:00+05:30
71678.9296875,71954.7890625,71546.6015625,71847.5703125,8900,0.0,0.0,70920.815234375,67633.879765625,64571.36748046875,71374.84400400316,70186.32788837237,1188.5161156307877,1280.9185445311073,-92.40242890031959,66.78454229662111,72812.77785775356,70920.815234375,69028.85261099643,5.335422660120641,625.9897677147383,75.16438848701651,74.78174117885452,12235.0,0.7274213322435635,0.006880495136388554,0.006880495136388554,0.006738070156640386,SENSEX,2024-01-04 00:00:00+05:30
72016.7109375,72156.4765625,71779.828125,72026.1484375,14900,0.0,0.0,71039.436328125,67766.4503125,64640.30896484375,71475.0446860796,70322.61089201145,1152.4337940681435,1255.2215944385146,-102.78780037037109,67.89121074268672,72895.90832366895,71039.436328125,69182.96433258105,5.226595512298457,608.1796726993998,82.12934128817196,74.65528687331165,12460.0,1.1958266452648476,0.002485513765090097,0.002485513765090097,0.006694920410180255,SENSEX,2024-01-05 00:00:00+05:30
72113.25,72181.7734375,71301.0390625,71355.21875,10900,0.0,0.0,71131.112890625,67902.117109375,64707.5841015625,71456.60992668274,70399.10036297356,1057.5095637091727,1215.6791882926464,-158.1696245834737,59.826246016764216,72855.09122817153,71131.112890625,69407.13455307846,4.847325642711131,627.6478657208712,55.9615583845746,71.08509605325436,11705.0,0.9312259718069201,-0.009315084897010606,-0.009315084897010606,0.007097918384534031,SENSEX,2024-01-08 00:00:00+05:30
71770.90625,72035.46875,71307.2734375,71386.2109375,9500,0.0,0.0,71209.143359375,68048.86015625,64776.7356640625,71445.77931296232,70472.21966479033,973.559648171984,1167.255280268514,-193.69563209653006,60.062257068799,72827.75057832825,71209.143359375,69590.53614042174,4.546065694919388,634.8298262050947,57.1703241454541,65.08707460606688,11270.0,0.8429458740017747,0.00043433666160552775,0.00043433666160552775,0.007063531760933275,SENSEX,2024-01-09 00:00:00+05:30
71383.203125,71733.84375,71110.9765625,71657.7109375,9400,0.0,0.0,71295.60234375,68219.05140625,64846.85001953125,71478.38417827581,70560.0338331392,918.3503451366123,1117.4742932421336,-199.12394810552132,62.15950154899288,72812.91503559182,71295.60234375,69778.28965190817,4.256399110077341,633.9753520118737,67.75944129243783,60.29710794082217,11120.0,0.8453237410071942,0.0038032555087943454,0.0038032555087943454,0.007088668328611896,SENSEX,2024-01-10 00:00:00+05:30
71907.75,71999.46875,71543.1875,71721.1796875,7800,0.0,0.0,71404.109765625,68377.818984375,64915.50642578125,71515.73733354107,70646.04463716592,869.6926963751466,1067.9179738687362,-198.2252774935896,62.653235868576395,72701.28358485256,71404.109765625,70106.93594639745,3.63333097628515,621.2829161538828,70.23486681333146,65.05487741707447,11160.0,0.6989247311827957,0.0008857211480750582,0.0008857211480750582,0.006915822735729889,SENSEX,2024-01-11 00:00:00+05:30
72148.0703125,72720.9609375,71982.2890625,72568.453125,20400,0.0,0.0,71553.30234375,68546.935078125,64990.2039453125,71677.69360915013,70788.44526589438,889.2483432557492,1032.1840477461387,-142.93570449038953,68.55219211493862,72649.95328515078,71553.30234375,70456.6514023492,3.0652699609372496,648.3185114286053,92.4027134000397,76.799007168603,11825.0,1.7251585623678647,0.011813434207185392,0.011813434207185392,0.00727755374095757,SENSEX,2024-01-12 00:00:00+05:30
73049.8671875,73402.15625,72909.0,73327.9375,16000,0.0,0.0,71693.9890625,68735.995234375,65066.470234375,71931.57728466549,70976.55580175405,955.0214829114411,1016.7515347791992,-61.73005186775811,72.71283589395424,72933.90552187251,71693.9890625,70454.07260312748,3.458913294088307,661.5602695408478,96.89471447716798,86.51076489684637,12015.0,1.3316687473990845,0.010465764974923353,0.010465764974923353,0.0070682500070611545,SENSEX,2024-01-15 00:00:00+05:30
73331.953125,73427.59375,72960.2890625,73128.7734375,11200,0.0,0.0,71776.240234375,68926.744140625,65141.04115234375,72115.76130817848,71135.97933032783,979.7819778506528,1009.35762339349,-29.575645542837265,70.09388645711688,73159.42964764862,71776.240234375,70393.05082110138,3.854170708181463,647.6848708236445,87.10100597921944,92.13281128547571,11320.0,0.9893992932862191,-0.002716073426993648,-0.002716073426993648,0.006566587394163823,SENSEX,2024-01-16 00:00:00+05:30
71998.9296875,72484.796875,71429.296875,71500.7578125,14100,0.0,0.0,71785.5234375,69075.141328125,65208.91853515625,72021.1453857664,71162.99995863688,858.1454271295224,979.1151841406966,-120.96975701117412,53.219762395999055,73158.66404883348,71785.5234375,70412.38282616652,3.8256755556822126,722.812848800527,16.825449284550817,66.94038991364607,11400.0,1.236842105263158,-0.022262312746040958,-0.022262312746040958,0.008384330951871442,SENSEX,2024-01-17 00:00:00+05:30
71018.859375,71451.2890625,70665.5,71186.859375,13000,0.0,0.0,71773.00703125,69211.602890625,65277.21732421875,71892.79369180233,71164.76732281192,728.0263689904095,928.8974211106392,-200.8710521202297,50.686119469655104,73163.07920335713,71773.00703125,70382.93485914287,3.873523569945713,730.844631921918,18.8755133673504,40.933989543706886,11620.0,1.1187607573149743,-0.00439014140693661,-0.00439014140693661,0.008435888092553844,SENSEX,2024-01-18 00:00:00+05:30
71786.7421875,71895.640625,71542.7421875,71683.2265625,25500,0.0,0.0,71831.852734375,69346.09359375,65347.36416015625,71860.5525949866,71203.17171093696,657.3808840496349,874.5941136984384,-217.21322964880346,54.38427878927215,73096.43111311455,71831.852734375,70567.27435563545,3.520940448009318,729.2686760703525,36.84619910167785,24.18238725119302,12235.0,2.0841847159787497,0.006972736146220848,0.006972736146220848,0.008001959356809802,SENSEX,2024-01-19 00:00:00+05:30
71868.203125,72039.203125,70234.546875,70370.546875,11400,0.0,0.0,71807.125,69454.6565625,65411.14830078125,71631.32094575789,71141.49579716387,489.82514859402727,797.6403206775562,-307.815172083529,44.81316572190769,73162.4382589371,71807.125,70451.8117410629,3.7748712511107896,806.0820742081844,4.259254728291453,19.9936557324399,12365.0,0.9219571370804691,-0.018312229379846445,-0.018312229379846445,0.008999543570129899,SENSEX,2024-01-23 00:00:00+05:30
70165.4921875,71149.609375,70001.6015625,71060.3125,15600,0.0,0.0,71804.792578125,69576.350625,65476.6494140625,71543.47349256437,71135.48221959618,407.9912729681964,719.7105111356843,-311.7192381674879,49.81145245266354,73165.06906040036,71804.792578125,70444.51609584963,3.7888180814542705,830.5053412290283,30.902316162972863,24.002589997647387,12380.0,1.260096930533118,0.009801907980411695,0.009801907980411695,0.009248644968042738,SENSEX,2024-01-24 00:00:00+05:30
71022.1015625,71049.4609375,70319.0390625,70700.671875,36700,0.0,0.0,71772.986328125,69693.720078125,65535.19517578125,71413.81170524677,71103.27404592239,310.53765932438546,637.8759407734245,-327.3382814490391,47.40086003818936,73203.4820701181,71772.986328125,70342.4905861319,3.9861675406769206,824.131633819812,20.404900952506914,18.522157281257076,13830.0,2.653651482284888,-0.005061061686155721,-0.005061061686155721,0.009282333285215579,SENSEX,2024-01-25 00:00:00+05:30
70968.1015625,72010.21875,70880.5390625,71941.5703125,13900,0.0,0.0,71768.143359375,69834.457890625,65599.3708203125,71495.00533713188,71165.37006566887,329.63527146300476,576.2278069113406,-246.59253544833587,55.41779408671154,73195.66440196086,71768.143359375,70340.62231678913,3.9781467814699765,858.8041510469683,56.62501966811622,35.977412261198666,14035.0,0.9903811898824367,0.017551437696291305,0.017551437696291305,0.009872041051060636,SENSEX,2024-01-29 00:00:00+05:30
72000.203125,72142.2265625,71075.71875,71139.8984375,12900,0.0,0.0,71704.619140625,69958.5784375,65656.62376953124,71440.37350641929,71163.48327839709,276.8902280221955,516.3602911335116,-239.4700631113161,50.104636726387604,73125.22431268956,71704.619140625,70284.01396856044,3.9623811940999607,873.6401268650419,33.225320219735615,36.75174694678625,14290.0,0.9027291812456263,-0.0111433747069698,-0.0111433747069698,0.010092278569814612,SENSEX,2024-01-30 00:00:00+05:30
71073.0390625,71851.390625,70846.0390625,71752.109375,11000,0.0,0.0,71680.21171875,70080.10203125,65716.21947265624,71488.33287081632,71207.0852114788,281.2476593375177,469.33776477431286,-188.09010543679517,53.7512722193054,73079.78503695696,71680.21171875,70280.63840054303,3.905047947398484,883.0480865532533,51.094915478408396,46.98175178875341,13850.0,0.7942238267148014,0.008605732520659437,0.008605732520659437,0.01030096089389018,SENSEX,2024-01-31 00:00:00+05:30
71998.78125,72151.0234375,71574.890625,71645.296875,11500,0.0,0.0,71667.852734375,70193.3584375,65775.2133984375,71512.48117915227,71239.54533470259,272.93584444967564,430.0573807093854,-157.12153625970979,53.02315151243937,73064.07156806195,71667.852734375,70271.63390068806,3.896360168238324,861.125566978021,47.977205508440754,44.09914706886159,14410.0,0.7980569049271339,-0.001488632193957673,-0.001488632193957673,0.010250778022763023,SENSEX,2024-02-01 00:00:00+05:30
71977.5625,73089.3984375,71948.7734375,72085.6328125,19400,0.0,0.0,71704.304296875,70319.1765625,65834.85296875,71600.65835351346,71302.2184812061,298.43987230735365,403.7338790289791,-105.29400672162546,55.688059032637135,73104.17741478399,71704.304296875,70304.431178966,3.9045720661709415,902.7667095153053,60.83000590613577,53.300708964328315,14700.0,1.3197278911564625,0.006146055033706688,0.006146055033706688,0.01018972293868121,SENSEX,2024-02-02 00:00:00+05:30
72269.1171875,72385.9296875,71602.140625,71731.421875,19900,0.0,0.0,71698.496875,70440.70203125,65891.54623046875,71620.77581835754,71334.01132519083,286.76449316670187,380.3400018565237,-93.57550868982185,53.07957478257946,73096.90735980443,71698.496875,70300.08639019556,3.9008083732702024,894.2683061570691,50.49107580605071,53.09942907354241,15250.0,1.3049180327868852,-0.004913752209421918,-0.004913752209421918,0.010145744661495123,SENSEX,2024-02-05 00:00:00+05:30
71970.8203125,72261.3984375,71625.1796875,72186.09375,10500,0.0,0.0,71706.494140625,70565.8084375,65950.32169921875,71707.74780784099,71397.12854184337,310.6192659976223,366.3958546847434,-55.77658868712115,55.9329625729862,73114.1074015036,71706.494140625,70298.8808797464,3.9260412261073636,875.8361950029928,63.76232250237727,58.36113473818792,15030.0,0.6986027944111777,0.006338531470801101,0.006338531470801101,0.010232273047628512,SENSEX,2024-02-06 00:00:00+05:30
72548.5,72559.2109375,71938.21875,72152.0,12800,0.0,0.0,71746.333203125,70688.38359375,66011.52794921875,71776.09429894238,71453.04494615128,323.04935279110214,357.7265543060152,-34.677201514913065,55.65962426941729,73157.02193659297,71746.333203125,70335.64446965704,3.9324343711729055,857.6330516099218,69.64183605827375,61.29841145556725,15125.0,0.8462809917355372,-0.0004723035730133107,-0.0004723035730133107,0.009989434648916327,SENSEX,2024-02-07 00:00:00+05:30
72473.421875,72473.421875,71230.6171875,71428.4296875,14500,0.0,0.0,71748.444140625,70796.5959375,66070.0350390625,71722.60743564356,71451.2215936586,271.38584198495664,340.4584118418035,-69.07256985684688,50.067472024533686,73157.09590678812,71748.444140625,70339.79237446187,3.926640592797255,885.145311316356,46.20861354424423,59.87092403496509,15375.0,0.943089430894309,-0.010028416571959187,-0.010028416571959187,0.010268786084829158,SENSEX,2024-02-08 00:00:00+05:30
71410.2890625,71676.4921875,71200.3125,71595.4921875,19000,0.0,0.0,71745.333203125,70909.105,66130.17349609375,71703.05124362146,71461.90830431352,241.1429393079452,320.5953173350319,-79.4523780270867,51.28446784530086,73155.04716125589,71745.333203125,70335.61924499412,3.929771861647678,855.9334810437592,51.619024486511925,55.82315802967664,15855.0,1.1983601387574898,0.0023388796412142643,0.0023388796412142643,0.010246035244383054,SENSEX,2024-02-09 00:00:00+05:30
71722.3125,71756.578125,70922.5703125,71072.4921875,10700,0.0,0.0,71712.898828125,71007.07078125,66187.37419921876,71606.04215806432,71433.06266603104,172.9794920332788,291.0721522746813,-118.09266024140248,47.39040174392077,73152.86820870939,71712.898828125,70272.92944754062,4.015928526430298,854.3673618620621,34.68138185093539,44.169673293897176,16000.0,0.66875,-0.007304929179484221,-0.007304929179484221,0.010371963002926336,SENSEX,2024-02-12 00:00:00+05:30
71292.078125,71662.7421875,70924.296875,71555.1875,8100,0.0,0.0,71662.235546875,71100.13640625,66246.87484375,71598.21836451597,71442.10895002873,156.10941448723315,264.07960471719167,-107.97019022995852,51.08221974933086,73048.53446355068,71662.235546875,70275.93663019933,3.868980380241925,846.0872154790577,50.313735015357835,45.538047117601714,15385.0,0.5264868378290543,0.006791591199962088,0.006791591199962088,0.010118339981427565,SENSEX,2024-02-13 00:00:00+05:30
71035.25,71938.59375,70809.84375,71822.828125,10700,0.0,0.0,71586.980078125,71196.82421875,66305.7084765625,71632.77371228274,71470.31037039698,162.46334188575565,243.7563521509045,-81.29301026514884,53.04955619463741,72748.62397363255,71586.980078125,70425.33618261744,3.2454055031789886,866.2774143734107,54.28137143759553,46.425496101296254,15120.0,0.7076719576719577,0.003740338532409071,0.003740338532409071,0.009837186023968925,SENSEX,2024-02-14 00:00:00+05:30
72061.46875,72164.96875,71644.4375,72050.3828125,8200,0.0,0.0,71533.060546875,71288.208125,66365.3068359375,71697.02126616231,71513.27869944164,183.74256672066986,231.7535950648576,-48.011028344187736,54.71705300776086,72484.53852497635,71533.060546875,70581.58256877365,2.6602468028831345,841.58125977531,54.42023695691661,53.00511446995666,14970.0,0.5477621910487642,0.0031682780174566716,0.0031682780174566716,0.009870793057414054,SENSEX,2024-02-15 00:00:00+05:30
72406.0234375,72545.328125,72218.1015625,72426.640625,15200,0.0,0.0,71579.3546875,71359.43859375,66425.9371484375,71809.27039829119,71580.93513837189,228.3352599193022,231.06992803574653,-2.7346681164443396,57.410522414857724,72607.08331455177,71579.3546875,70551.62606044824,2.8715783525532084,816.8215492556449,70.92599637401767,59.8758682561766,15025.0,1.0116472545757071,0.0052221486939099115,0.0052221486939099115,0.00853282205072374,SENSEX,2024-02-16 00:00:00+05:30
72627.6015625,72881.9296875,72308.6796875,72708.15625,0,0.0,0.0,71655.41953125,71427.67890625,66486.23103515625,71947.56052932331,71664.4329984925,283.12753083081043,241.48144859475934,41.646082236051086,59.35834933853032,72776.62904266005,71655.41953125,70534.21001983994,3.129447901483784,799.4235814516703,83.27558493812182,69.54060608968537,14375.0,0.0,0.0038869071183018633,0.0038869071183018633,0.008474591210485882,SENSEX,2024-02-19 00:00:00+05:30
72727.8671875,73130.6875,72510.2421875,73057.3984375,7700,0.0,0.0,71724.128125,71495.75234375,66545.9558203125,72118.30482288895,71767.61562360416,350.6891992847959,263.3229987327667,87.36620055202923,61.69864673236705,73001.30532866927,71724.128125,70446.95092133073,3.5613599971363077,786.6394193836938,96.84213715378297,83.68123948864083,13485.0,0.5710048201705599,0.004803342644244202,0.004803342644244202,0.00840898919697542,SENSEX,2024-02-20 00:00:00+05:30
73267.4765625,73267.796875,72450.5625,72623.09375,13900,0.0,0.0,71836.75546875,71557.78046875,66602.297734375,72195.96465782911,71830.98437370756,364.9802841215569,283.6544558105247,81.32582831103218,57.28126612992645,73009.62943224634,71836.75546875,70663.88150525365,3.2653867949438755,788.8247733562872,73.77073149025168,84.6294845273855,13610.0,1.0213078618662748,-0.00594470507831657,-0.00594470507831657,0.007296493027786598,SENSEX,2024-02-21 00:00:00+05:30
72677.5078125,73256.390625,72081.359375,73158.2421875,9100,0.0,0.0,71941.651953125,71624.43328125,66662.12244140625,72344.00735470156,71929.29976732182,414.7075873797439,309.86508212436854,104.84250525537539,60.98769149622014,73190.77682171612,71941.651953125,70692.52708453387,3.472605464786988,816.4109502594096,95.54284878805409,88.71857247736291,13285.0,0.6849830636055702,0.0073688466005346065,0.0073688466005346065,0.007171797640096737,SENSEX,2024-02-22 00:00:00+05:30
73394.4375,73413.9296875,73022.0,73142.796875,11900,0.0,0.0,72063.758203125,71688.71859375,66719.09017578125,72466.89805013209,72019.18844196465,447.709608167439,337.43398733298267,110.27562083445633,60.823664025928,73280.81066953103,72063.758203125,70846.70573671898,3.3777102298093706,786.0908600623088,89.58817723349424,86.30058583726668,12045.0,0.9879618098796181,-0.00021112197393169385,-0.00021112197393169385,0.007019352470366357,SENSEX,2024-02-23 00:00:00+05:30
73044.8125,73092.2578125,72666.8203125,72790.1328125,7900,0.0,0.0,72106.186328125,71753.500625,66777.76939453125,72516.62647511177,72076.29543237468,440.33104273708886,358.01339841380394,82.31764432328492,57.05068455687107,73361.79540794512,72106.186328125,70850.57724830488,3.4826667273910963,763.9398388078581,76.04545740917969,87.05882781024268,11745.0,0.6726266496381439,-0.004821582952354131,-0.004821582952354131,0.006084526892312689,SENSEX,2024-02-26 00:00:00+05:30
72723.53125,73161.296875,72660.1328125,73095.21875,8300,0.0,0.0,72203.95234375,71823.71296875,66834.42423828125,72605.64067124842,72151.77123368027,453.8694375681516,377.1846062446735,76.68483132347814,59.397149421282506,73447.823701597,72203.95234375,70960.08098590301,3.4454384212242104,745.1701405001539,87.76112059473844,84.4649184124708,11515.0,0.7207989578810248,0.004191308982576913,0.004191308982576913,0.0054604579463848535,SENSEX,2024-02-27 00:00:00+05:30
73162.8203125,73223.109375,72222.2890625,72304.8828125,6200,0.0,0.0,72231.591015625,71859.5265625,66887.14201171875,72559.37023144096,72163.11283211135,396.25739932961005,380.9991648616608,15.25823446794925,51.54139023708,73458.5243261039,72231.591015625,71004.6577051461,3.3972207817310536,763.4308670715716,57.41127974967224,73.73928591786347,11275.0,0.549889135254989,-0.010812416338790931,-0.010812416338790931,0.00582078719854644,SENSEX,2024-02-28 00:00:00+05:30
72220.5703125,72730.0,72099.3203125,72500.296875,18600,0.0,0.0,72274.341015625,71879.8575,66939.9425,72550.28202275775,72188.08942788088,362.19259487686213,377.23785086470104,-15.045255987838914,53.18989769331729,73475.9014603255,72274.341015625,71072.7805709245,3.3249986864376586,753.9486399593164,64.91541237778371,70.02927090739813,11630.0,1.5993121238177128,0.002702639917234073,0.002702639917234073,0.005824662961137167,SENSEX,2024-02-29 00:00:00+05:30
72606.3125,73819.2109375,72591.140625,73745.3515625,20700,0.0,0.0,72357.326953125,71928.46265625,66999.14666015626,72734.13887502579,72303.44217859341,430.6966964323801,387.92961997823693,42.767076454143194,62.04851659593413,73714.47583500786,72357.326953125,71000.17807124213,3.751241067161209,794.3033129979367,97.54568417882705,73.29079210209433,11695.0,1.7699871740059854,0.0171730977825737,0.0171730977825737,0.006814177236813315,SENSEX,2024-03-01 00:00:00+05:30
73903.09375,73990.1328125,73747.0078125,73872.2890625,14200,0.0,0.0,72464.3703125,71977.1646875,67058.36861328124,72909.23890386798,72419.65305888279,489.58584498519485,408.26086497962854,81.32498000556632,62.82103689213314,73939.73147833518,72464.3703125,70989.00914666483,4.071962978420237,755.0517370695127,96.29455852332606,86.2518850266456,11410.0,1.2445223488168273,0.001721294933314077,0.001721294933314077,0.0066626987632434674,SENSEX,2024-03-04 00:00:00+05:30
73767.421875,73915.5390625,73412.25,73677.1328125,21200,0.0,0.0,72538.922265625,72040.58109375,67115.02572265625,73027.37642827291,72512.79970729887,514.5767209740443,429.5240361785117,85.05268479553257,60.772857433825365,74098.77148975832,72538.922265625,70979.07304149169,4.300723461044587,737.0686888859761,86.65640851426649,93.49888373880653,11945.0,1.7748011720385097,-0.002641805912293904,-0.002641805912293904,0.006621405623741363,SENSEX,2024-03-05 00:00:00+05:30
73587.703125,74151.2734375,73321.4765625,74085.9921875,13300,0.0,0.0,72635.621875,72104.99890625,67175.79333984375,73190.24039123092,72629.33248361007,560.9079076208582,455.80081046698103,105.10709715387713,63.46067394815919,74322.17743142939,72635.621875,70949.0663185706,4.6438799941213835,743.6921307512636,96.8461854923023,93.26571750996494,11970.0,1.1111111111111112,0.005549338843579887,0.005549338843579887,0.006685444960537014,SENSEX,2024-03-06 00:00:00+05:30
74242.7421875,74245.171875,73921.4765625,74119.390625,16000,0.0,0.0,72770.169921875,72165.2475,67238.58708984376,73333.18658104155,72739.70716075005,593.4794202914927,483.33653243188337,110.14288785960935,63.67960150038961,74479.23641631994,72770.169921875,71061.10342743006,4.697162302299876,713.6923580190305,94.18705410011265,92.5632160355605,12045.0,1.32835201328352,0.0004508063739698809,0.0004508063739698809,0.006135187051643396,SENSEX,2024-03-07 00:00:00+05:30
74175.9296875,74187.3515625,73433.90625,73502.640625,9800,0.0,0.0,72865.52734375,72208.564375,67298.9416015625,73359.25643395823,72796.2207506945,563.0356832637335,499.2763625982534,63.75932066548012,56.8997812825589,74513.51558432322,72865.52734375,71217.53910317678,4.523368733197197,716.5318547676712,65.68412235348488,85.5724539819666,11585.0,0.8459214501510574,-0.008321034412174133,-0.008321034412174133,0.00654175236465003,SENSEX,2024-03-11 00:00:00+05:30
73516.421875,74004.15625,73342.1171875,73667.9609375,9600,0.0,0.0,72995.30078125,72241.155,67358.6330078125,73406.74943450312,72860.79409786528,545.9553366378386,508.61215740617047,37.34317923166816,58.184927199438754,74456.2202112362,72995.30078125,71534.3813512638,4.002776656443231,712.6395124628376,73.32435516016291,77.73184387125347,11530.0,0.8326105810928014,0.0022491751465560927,0.0022491751465560927,0.006218425325797064,SENSEX,2024-03-12 00:00:00+05:30
73993.3984375,74052.75,72515.7109375,72761.890625,452000,0.0,0.0,73055.6359375,72248.18515625,67412.6240625,73307.54038688725,72853.46791469007,454.0724721971783,497.7042203643721,-43.63174816719379,49.47730855676715,74365.53481307549,73055.6359375,71745.73706192452,3.5860309988845165,771.5251946083492,31.45056468617313,56.819680733273636,33725.0,13.40252038547072,-0.012299380910905211,-0.012299380910905211,0.006847471415879936,SENSEX,2024-03-13 00:00:00+05:30
72570.1015625,73364.296875,72497.1875,73097.28125,10000,0.0,0.0,73119.35859375,72265.325625,67468.2015234375,73275.19282736615,72871.52816175007,403.66466561607376,478.89630941471245,-75.23164379863869,52.321662946692406,74300.87313130511,73119.35859375,71937.8440561949,3.2317420729018798,778.3526360648957,46.50652239604761,50.42714741412789,33690.0,0.2968239833778569,0.004609427024491852,0.004609427024491852,0.006869442824248828,SENSEX,2024-03-14 00:00:00+05:30
72886.7734375,72998.0703125,72484.8203125,72643.4296875,22300,0.0,0.0,73149.0109375,72280.3446875,67522.549765625,73177.99849815597,72854.6319784723,323.3665196836664,447.7903514685033,-124.42383178483686,48.35448577352473,74248.65605165075,73149.0109375,72049.36582334926,3.006589152901333,766.503229024546,25.356337992274337,34.43780835816503,34395.0,0.6483500508794883,-0.006208870627455787,-0.006208870627455787,0.007024887521065804,SENSEX,2024-03-15 00:00:00+05:30
72587.296875,72985.890625,72314.15625,72748.421875,11000,0.0,0.0,73165.1,72308.18109375,67576.92876953125,73111.9097869012,72846.76456340028,265.1452235009201,411.2613258749867,-146.1161023740666,49.31197362390443,74230.89289314093,73165.1,72099.30710685908,2.913391475282412,759.7340251656499,30.249136233065983,34.03733220712932,34185.0,0.32177855784700893,0.001445308790508193,0.001445308790508193,0.006939627806380854,SENSEX,2024-03-18 00:00:00+05:30
72462.9375,72490.09375,71933.3515625,72012.046875,38400,0.0,0.0,73130.29453125,72311.470625,67624.480546875,72942.70010814717,72784.93362351878,157.76648462838784,360.56235762566695,-202.7958729972791,43.25490170675273,74294.431804999,73130.29453125,71966.15725750099,3.183734678523805,763.6866171181035,3.4040410526066784,19.669838425982338,36105.0,1.0635646032405484,-0.010122212702638134,-0.010122212702638134,0.007252585329689386,SENSEX,2024-03-19 00:00:00+05:30
72036.859375,72402.671875,71674.421875,72101.6875,8300,0.0,0.0,73082.508984375,72312.98140625,67670.75708984376,72813.3135530476,72734.32279955443,78.9907534931699,304.24803679916755,-225.25728330599765,44.154174763971575,74330.15696157924,73082.508984375,71834.86100717077,3.4143545276229723,761.1554301810962,16.620271321598754,16.757816202423808,36135.0,0.229694202296942,0.001244800403404689,0.001244800403404689,0.007159826811022959,SENSEX,2024-03-20 00:00:00+05:30
72507.359375,72882.4609375,72416.03125,72641.1875,12900,0.0,0.0,73083.413671875,72338.70078125,67719.1173828125,72786.8326218095,72727.42388847633,59.40873333316995,255.28017610596805,-195.8714427727981,49.356073086270726,74329.7533768443,73083.413671875,71837.0739669057,3.410732045344881,762.5567164181608,37.60636487406399,19.210225749423145,36085.0,0.3574892614659831,0.007482487840523744,0.007482487840523744,0.007264385646967151,SENSEX,2024-03-21 00:00:00+05:30
72231.65625,73115.6171875,72172.09375,72831.9375,26100,0.0,0.0,73067.0984375,72367.6153125,67770.16587890625,72793.77183383881,72735.16563747809,58.60619636072079,215.9453801569186,-157.3391837961978,51.09075513699997,74317.62876673884,73067.0984375,71816.56810826116,3.4229642506155296,775.4829107811494,45.02637848876787,33.084338228143544,36935.0,0.706646811966969,0.002625920728512421,0.002625920728512421,0.007087725639171523,SENSEX,2024-03-22 00:00:00+05:30
72396.96875,72705.2890625,72363.03125,72470.296875,30600,0.0,0.0,73033.4734375,72383.86703125,67820.37466796875,72744.00645555591,72715.54572914638,28.460726409524796,178.44844940743985,-149.98772299791506,47.75130398649709,74309.94980318748,73033.4734375,71756.99707181251,3.495592652538588,753.5845778682102,30.95886414470485,37.86386916917891,37870.0,0.8080274623712701,-0.004965412666661506,-0.004965412666661506,0.007167409883041856,SENSEX,2024-03-26 00:00:00+05:30
72692.15625,73138.7265625,72600.7265625,72996.3125,9400,0.0,0.0,73043.782421875,72409.3696875,67872.62068359375,72782.82277008577,72736.34326772812,46.47950235764438,152.05465999748077,-105.57515763983639,52.60397460309011,74315.55286760152,73043.782421875,71772.01197614848,3.4822141010749563,747.5020856990524,51.42042691821453,42.46855651722909,37945.0,0.24772697325075768,0.007258361669296054,0.007258361669296054,0.007286504768900536,SENSEX,2024-03-27 00:00:00+05:30
73149.34375,74190.3125,73120.328125,73651.3515625,14900,0.0,0.0,73071.5890625,72431.02765625,67926.94009765625,72916.44258430334,72804.12165993344,112.32092436989478,144.10791287196358,-31.786988502068795,57.853500748003796,74370.66802181302,73071.5890625,71772.51010318699,3.5556335259162957,779.3947938634058,76.90089224934357,53.09339443742099,38275.0,0.3892880470280862,0.008973591131743897,0.008973591131743897,0.007500844805799744,SENSEX,2024-03-28 00:00:00+05:30
73968.6171875,74254.6171875,73909.390625,74014.546875,0,0.0,0.0,73157.072265625,72444.75984375,67983.0484375,73085.38170594898,72893.78278697541,191.5989189735701,153.60611409228488,37.992804881285224,60.467978333924975,74468.04244947236,73157.072265625,71846.10208177764,3.5839875578600857,766.814138944591,90.69565349037894,73.00565755264569,37965.0,0.0,0.004931278310511322,0.004931278310511322,0.007075645975392191,SENSEX,2024-04-01 00:00:00+05:30
74022.296875,74099.78125,73743.7734375,73903.90625,6300,0.0,0.0,73227.252734375,72460.2625,68036.8531640625,73211.3085588799,72968.60674719946,242.70181168043928,171.42525360991579,71.27655807052349,59.26194751981824,74540.34947394075,73227.252734375,71914.15599480925,3.5863607892785088,737.4708299128345,86.40758179038045,84.66804251003431,37350.0,0.1686746987951807,-0.0014948497244312575,-0.0014948497244312575,0.007090745013587664,SENSEX,2024-04-02 00:00:00+05:30
73757.2265625,74151.2109375,73540.2734375,73876.8203125,7900,0.0,0.0,73233.826171875,72507.78375,68091.9940625,73313.69498251376,73035.8818261106,277.81315640315006,192.70283416856267,85.11032223458739,58.951959339786036,74558.49689915225,73233.826171875,71909.15544459775,3.6176471898882676,728.4327349190606,85.35781872132983,87.48701800069642,36710.0,0.21520021792427133,-0.00036650210894639823,-0.00036650210894639823,0.005980745255427754,SENSEX,2024-04-03 00:00:00+05:30
74413.8203125,74501.7265625,73485.1171875,74227.6328125,10700,0.0,0.0,73251.593359375,72568.59921875,68150.00408203126,73454.30080251164,73124.15967695427,330.14112555737665,220.1904924463255,109.95063311105116,61.743178695646336,74618.88747519194,73251.593359375,71884.29924355805,3.7331450501259313,749.0167806391277,90.30547534505865,87.35695861892299,36535.0,0.2928698508279732,0.0047486139565300345,0.0047486139565300345,0.006061539211578221,SENSEX,2024-04-04 00:00:00+05:30
74287.0234375,74361.109375,73946.921875,74248.21875,11300,0.0,0.0,73280.14765625,72619.8990625,68207.62162109376,73576.44202520217,73207.4233119947,369.0187132074643,249.95613659855326,119.06257660891106,61.90687107315454,74704.46064021174,73280.14765625,71855.83467228827,3.887309263193751,725.1004034506185,91.03358709017809,88.89896038552219,36040.0,0.3135405105438402,0.00027733522840467373,0.00027733522840467373,0.006023076342702416,SENSEX,2024-04-05 00:00:00+05:30
74555.4375,74869.296875,74410.0703125,74742.5,8300,0.0,0.0,73312.973046875,72707.338125,68265.6183203125,73755.83555978644,73321.13269629139,434.70286349505477,286.9054819778536,147.7973815172012,65.70160666341616,74836.84155988666,73312.973046875,71789.10453386336,4.157159230296979,717.6702407041457,96.03124144137095,92.45676795886924,35790.0,0.23190835428890752,0.006657146236252354,0.006657146236252354,0.006077736755527318,SENSEX,2024-04-08 00:00:00+05:30
75124.28125,75124.28125,74603.3671875,74683.703125,41000,0.0,0.0,73341.188671875,72779.8059375,68322.89427734374,73898.58441597315,73422.06383915868,476.52057681446604,324.8285009451761,151.69207586928997,64.87372455349146,74942.65958523098,73341.188671875,71739.71775851902,4.367180140809786,703.6162279752781,87.229099012188,91.43130918124568,37040.0,1.1069114470842332,-0.0007866591965749459,-0.0007866591965749459,0.006084117955812198,SENSEX,2024-04-09 00:00:00+05:30
74953.9609375,75105.140625,74807.546875,75038.1484375,7100,0.0,0.0,73417.9640625,72866.55546875,68383.496875,74073.90195774651,73541.7738094062,532.1281483403145,366.2884304242038,165.83971791611071,67.52989464350067,75182.00838918205,73417.9640625,71653.91973581795,4.805484186895559,683.4606045484725,97.50329497126242,93.58787847494045,36905.0,0.19238585557512533,0.004745952566207912,0.004745952566207912,0.005793313842223943,SENSEX,2024-04-10 00:00:00+05:30
74889.640625,74951.8828125,74189.3125,74244.8984375,15600,0.0,0.0,73446.8109375,72912.62203125,68437.7984765625,74100.20910847781,73593.85711519091,506.35199328689487,394.301142996742,112.05085029015288,57.11977351003926,75244.80654993054,73446.8109375,71648.81532506947,4.896048145536358,695.2731283307245,70.21250132317138,84.98163176887394,37205.0,0.41929848138691034,-0.01057128962424636,-0.01057128962424636,0.006337409487975887,SENSEX,2024-04-12 00:00:00+05:30
73315.15625,73905.796875,73315.15625,73399.78125,12800,0.0,0.0,73478.70546875,72957.8196875,68488.95587890624,73992.4509764043,73579.48112517677,412.9698512275354,398.0348846429007,14.934966584634708,48.53537891878016,75249.39413964363,73478.70546875,71708.01679785638,4.819596805898231,712.020918271387,41.58568857838467,69.76716162427282,15245.0,0.8396195473925877,-0.011382831753907308,-0.011382831753907308,0.006243288212763228,SENSEX,2024-04-15 00:00:00+05:30
72892.140625,73135.4296875,72685.03125,72943.6796875,9200,0.0,0.0,73471.025390625,72981.65109375,68537.03578125,73831.1015473421,73532.38472238589,298.71682495620917,378.1712727055624,-79.45444774935322,44.636476137223156,75249.57987818551,73471.025390625,71692.47090306449,4.841512631964594,712.2158526805737,21.02846310547759,44.27555100234455,15205.0,0.6050641236435383,-0.006213936264285569,-0.006213936264285569,0.006332681400330669,SENSEX,2024-04-16 00:00:00+05:30
73183.1015625,73473.046875,72365.671875,72488.9921875,12400,0.0,0.0,73463.303515625,72998.525,68581.865,73624.62318428946,73455.09638646842,169.52679782104678,336.44237772865927,-166.91557990761248,41.092560888205,75257.43630576327,73463.303515625,71669.17072548672,4.8844326467204935,740.4415060605327,4.47037966366659,22.36151044917629,14710.0,0.8429639700883752,-0.0062334050317716105,-0.0062334050317716105,0.006333932137446677,SENSEX,2024-04-18 00:00:00+05:30
71999.6484375,73210.171875,71816.4609375,73088.328125,16200,0.0,0.0,73480.298828125,73018.57890625,68631.1121875,73542.11625209109,73427.92836710038,114.18788499070797,291.991479181069,-177.80359419036103,47.05915237799176,75253.33781888515,73480.298828125,71707.25983736485,4.825889439854887,787.1036083062089,38.45031069836869,21.31638448917096,14970.0,1.0821643286573146,0.008267957925939484,0.008267957925939484,0.006599000939317443,SENSEX,2024-04-19 00:00:00+05:30
73666.5078125,73767.796875,73227.3203125,73648.6171875,11100,0.0,0.0,73562.12734375,73056.9228125,68684.45841796875,73558.50101138477,73444.27568712998,114.22532425478857,256.43824819581295,-142.21292394102437,51.958100494733664,75202.67514656698,73562.12734375,71921.57954093303,4.46030549157673,779.4154041414797,55.38862685728187,32.76977240643905,13605.0,0.8158765159867696,0.007665917074225037,0.007665917074225037,0.006319750991518785,SENSEX,2024-04-22 00:00:00+05:30
74048.9375,74059.890625,73688.3125,73738.453125,6400,0.0,0.0,73643.965625,73087.97,68738.30068359376,73586.18595194095,73466.0666084537,120.11934348725481,229.17446725410133,-109.05512376684652,52.713662773563065,75142.04717318084,73643.965625,72145.88407681916,4.068443450775506,753.119549381374,58.10449195915928,50.64780983826995,13510.0,0.47372316802368614,0.00121979123207816,0.00121979123207816,0.0063197323094347935,SENSEX,2024-04-23 00:00:00+05:30
73957.5703125,74121.609375,73788.609375,73852.9375,6600,0.0,0.0,73704.553125,73121.98875,68790.48521484375,73627.22465164235,73494.7237115312,132.5009401111456,209.8397618255102,-77.3388217143646,53.7127249300055,75131.85337361181,73704.553125,72277.2528763882,3.8730314155522008,726.6935994255616,61.5655135438981,58.35287745344642,13195.0,0.5001894657067071,0.0015525735915009609,0.0015525735915009609,0.00614324441759974,SENSEX,2024-04-24 00:00:00+05:30
73572.34375,74571.25,73556.1484375,74339.4375,11800,0.0,0.0,73779.928125,73180.20890625,68842.60529296874,73736.79585908199,73557.29510326963,179.5007558123616,203.7719606228805,-24.271204810518896,57.79362703049713,75173.76615910305,73779.928125,72386.09009089696,3.77836647317293,747.2941682165929,76.27308390863507,65.31436313723083,12480.0,0.9455128205128205,0.006587415700289423,0.006587415700289423,0.006266304166769292,SENSEX,2024-04-25 00:00:00+05:30
74509.3125,74515.90625,73616.6484375,73730.15625,13700,0.0,0.0,73842.92109375,73222.9021875,68887.66328125,73735.7743807617,73570.09963265707,165.67474810461863,196.15251811922812,-30.47777001460949,51.65177354480926,75101.64292742785,73842.92109375,72584.19926007216,3.4091875430545047,758.1487142368362,57.85366591009468,65.23075445420929,11635.0,1.177481736140954,-0.008195935703710466,-0.008195935703710466,0.0064677477397345915,SENSEX,2024-04-26 00:00:00+05:30
73982.75,74721.1484375,73922.34375,74671.28125,9900,0.0,0.0,73926.66953125,73294.87796875,68934.99443359375,73879.69851449066,73651.66864134916,228.0298731415096,202.52798912368445,25.501884017825148,58.91482075900209,75171.74476549597,73926.66953125,72681.59429700402,3.3684061304010493,774.7803908984907,86.30518114033741,73.47731031968907,11660.0,0.8490566037735849,0.012764451451979575,0.012764451451979575,0.00685880908651548,SENSEX,2024-04-29 00:00:00+05:30
74800.890625,75111.390625,74346.3984375,74482.78125,8400,0.0,0.0,73968.241015625,73353.42984375,68980.0130859375,73972.48047379979,73713.23253828626,259.2479355135292,213.87197840165342,45.375957111875806,57.065712692995,75229.18972102224,73968.241015625,72707.29231022776,3.4094327189175115,774.0812335128842,80.6065644625308,74.92180383765431,11335.0,0.741067490074989,-0.0025243975574612554,-0.0025243975574612554,0.006647805294339132,SENSEX,2024-04-30 00:00:00+05:30
74391.7265625,74812.4296875,74360.6875,74611.109375,18400,0.0,0.0,73998.069140625,73409.19546875,69025.8384375,74070.73107398444,73779.7419335984,290.98914038603834,229.2954107985304,61.69372958750793,58.03144536124622,75289.83532242938,73998.069140625,72706.30295882061,3.4913510495781424,751.0570159405353,84.81663351124242,83.90945970470354,12255.0,1.5014279885760915,0.0017229233770053032,0.0017229233770053032,0.0065756591195917785,SENSEX,2024-05-02 00:00:00+05:30
75017.8203125,75095.1796875,73467.7265625,73878.1484375,15600,0.0,0.0,73996.78125,73445.75078125,69066.3009765625,74041.10297606376,73787.03130425778,254.0716718059848,234.2506630000213,19.821008805963515,50.97831650312812,75288.97167668559,73996.78125,72704.59082331441,3.4925584731040864,813.6567380162113,62.57151731708994,75.99823843028773,12720.0,1.2264150943396226,-0.009823750693962907,-0.009823750693962907,0.0069561761847740326,SENSEX,2024-05-03 00:00:00+05:30
74196.6796875,74359.6875,73786.2890625,73895.5390625,11200,0.0,0.0,73997.7171875,73475.12875,69109.37642578124,74018.70852782318,73795.06891597941,223.63961184376967,232.12845276877096,-8.488840925001284,51.130084103087924,75289.58578209569,73997.7171875,72705.84859290432,3.491644455253303,796.495430836482,63.09931689551418,70.16248924128219,12885.0,0.8692277842452464,0.00023539605915701145,0.00023539605915701145,0.006955783754821704,SENSEX,2024-05-06 00:00:00+05:30
73973.296875,74026.796875,73259.2578125,73511.8515625,7900,0.0,0.0,73961.928125,73491.20265625,69150.21482421875,73940.73053315809,73774.08985275871,166.6406803993741,219.03089829489159,-52.39021789551748,47.626694558574414,75265.93804824125,73961.928125,72657.91820175876,3.5261653023360706,794.4271188124476,51.454531228141725,59.04178848024862,12745.0,0.6198509219301687,-0.0051922958390693275,-0.0051922958390693275,0.006956459309168068,SENSEX,2024-05-07 00:00:00+05:30
73225.0,73684.9296875,73073.921875,73466.390625,6500,0.0,0.0,73922.83671875,73499.3825,69189.45755859376,73867.75516267223,73751.29731736917,116.45784530305536,198.51628769652436,-82.058442393469,47.213906355789,75237.00883309802,73922.83671875,72608.66460440197,3.5555240374445596,781.3257397901299,50.07480717295276,54.8762184322029,12505.0,0.5197920831667333,-0.0006184164394410496,-0.0006184164394410496,0.006954336149375704,SENSEX,2024-05-08 00:00:00+05:30
73499.4921875,73499.4921875,72334.1796875,72404.171875,9200,0.0,0.0,73805.9203125,73495.0040625,69224.50892578125,73642.58850303035,73651.51024756405,-8.921744533698075,157.02868125047988,-165.95042578417795,38.760584380698674,75219.87560335292,73805.9203125,72391.96502164709,3.831549785887415,808.7533655194063,17.83682789133873,39.788722097477745,12550.0,0.7330677290836654,-0.014458567257264132,-0.014458567257264132,0.007398277435402057,SENSEX,2024-05-09 00:00:00+05:30
72475.453125,72946.5390625,72366.2890625,72664.46875,11000,0.0,0.0,73704.95859375,73485.12859375,69260.03681640625,73492.10854102568,73578.3960625593,-86.28752153362439,108.36544069365902,-194.6529622272834,41.52356621819289,75141.96182639837,73704.95859375,72267.95536110162,3.899339366212553,792.4316965537345,11.892833131260847,26.601489398517458,11050.0,0.995475113122172,0.003595053548148819,0.003595053548148819,0.0074867931342408305,SENSEX,2024-05-10 00:00:00+05:30
72476.6484375,72863.5625,71866.0078125,72776.1328125,13900,0.0,0.0,73591.8578125,73477.7953125,69293.61298828125,73381.95842894481,73518.96915514751,-137.01072620270133,59.29020731438696,-196.3009335170883,42.71754812166912,74944.95632268021,73591.8578125,72238.7593023198,3.6773049367164514,807.083338764182,28.04368706503711,19.257782695878905,11390.0,1.2203687445127305,0.0015367078906773912,0.0015367078906773912,0.007383098070740516,SENSEX,2024-05-13 00:00:00+05:30
72696.71875,73286.2578125,72683.9921875,73104.609375,7100,0.0,0.0,73534.843359375,73484.08484375,69326.18638671875,73339.28934372253,73488.27583809955,-148.9864943770226,17.63486697610505,-166.62136135312767,46.19766354273469,74869.03329457183,73534.843359375,72200.65342417816,3.6287285706898422,792.4535020667405,38.165037348733414,26.033852515010466,10965.0,0.647514819881441,0.00451352043322073,0.00451352043322073,0.007175578780186849,SENSEX,2024-05-14 00:00:00+05:30
73200.2265625,73301.46875,72822.65625,72987.03125,7700,0.0,0.0,73514.205859375,73481.92109375,69357.14583984375,73285.09579084214,73451.14660935143,-166.05081850929128,-19.102270120974215,-146.94854838831705,45.14049271446393,74868.72807193313,73514.205859375,72159.68364681686,3.6850624902326894,770.0505733476876,34.54210188031554,33.58360876469536,10710.0,0.7189542483660131,-0.0016083544663629823,-0.0016083544663629823,0.006732382720553792,SENSEX,2024-05-15 00:00:00+05:30
73338.2421875,73749.46875,72529.96875,73663.71875,9700,0.0,0.0,73550.2078125,73509.0978125,69389.97724609375,73343.34547686642,73466.89269384391,-123.54721697748755,-39.99125949227688,-83.55595748521067,51.954796675087,74880.2140756927,73550.2078125,72220.2015493073,3.6165941681178015,802.1541038228528,55.39287786254029,42.700005697196424,10735.0,0.9035863996273871,0.009271338872274049,0.009271338872274049,0.0069000126787005156,SENSEX,2024-05-16 00:00:00+05:30
73711.3125,74070.84375,73459.796875,73917.03125,11900,0.0,0.0,73621.609765625,73537.4325,69421.70291015625,73431.60482657928,73500.2362905962,-68.63146401692939,-45.719300397207384,-22.912163619722,54.245940648593155,74866.6799928823,73621.609765625,72376.53953836771,3.3823499138934543,788.5035874783633,63.198197439150334,51.04439239400207,10710.0,1.1111111111111112,0.003438768830822836,0.003438768830822836,0.00673929788170698,SENSEX,2024-05-17 00:00:00+05:30
73842.9609375,74189.1875,73762.3671875,73953.3125,11000,0.0,0.0,73664.858984375,73541.59171875,69458.04818359375,73511.86754556707,73533.79749129279,-21.929945725714788,-40.96142946290887,19.03148373719408,54.58002760096321,74892.80253774599,73664.858984375,72436.915431004,3.333865211447563,762.6690678370517,64.31613181226213,60.96906903798426,10450.0,1.0526315789473684,0.0004908374888230593,0.0004908374888230593,0.006518466187851397,SENSEX,2024-05-21 00:00:00+05:30
74165.5234375,74307.7890625,73860.328125,74221.0625,6200,0.0,0.0,73693.48125,73548.5671875,69497.22958984374,73620.97446163368,73584.70601045628,36.268451177398674,-25.51545333484736,61.78390451224604,57.071236705307506,74945.03554162018,73693.48125,72441.92695837982,3.396648578384757,740.1542013844052,72.93060817643843,66.81497914261696,10205.0,0.6075453209211171,0.0036205274780625185,0.0036205274780625185,0.006348500638871256,SENSEX,2024-05-22 00:00:00+05:30
74253.53125,75499.90625,74158.3515625,75418.0390625,11900,0.0,0.0,73777.460546875,73583.3853125,69542.54123046875,73897.44593869004,73720.50845875582,176.93747993421857,14.975133318965828,161.96234661525276,66.0390081736312,75237.80074404861,73777.460546875,72317.12034970138,3.9587705685418104,783.1113789640905,97.74712505294116,78.33128834721391,10480.0,1.1354961832061068,0.016127181721495853,0.016127181721495853,0.0072588828310409135,SENSEX,2024-05-23 00:00:00+05:30
75335.453125,75636.5,75244.21875,75410.390625,10300,0.0,0.0,73855.333203125,73609.87328125,69586.05716796876,74130.2066596608,73845.68491551465,284.5217441461573,68.88445548440413,215.63728866175316,65.94421335376012,75480.29156044796,73855.333203125,72230.37484580204,4.4003819002585045,755.1949411809411,94.00318675239265,88.22697332725743,10665.0,0.9657759024847632,-0.00010141390037554654,-0.00010141390037554654,0.007263496302024721,SENSEX,2024-05-24 00:00:00+05:30
75655.4609375,76009.6796875,75175.2734375,75390.5,10200,0.0,0.0,73907.886328125,73635.29546875,69631.67556640625,74324.09794278991,73960.11566251356,363.98228027635196,127.9040204427937,236.07825983355826,65.68016789125718,75655.43271207008,73907.886328125,72160.33994417991,4.728984877707344,760.8528918108739,85.05722204415619,92.26917794983001,10585.0,0.9636277751535192,-0.00026376504398328837,-0.00026376504398328837,0.007150216367542755,SENSEX,2024-05-27 00:00:00+05:30
75585.3984375,75585.3984375,75083.21875,75170.453125,6900,0.0,0.0,73979.901171875,73668.65171875,69676.72681640626,74454.3064323607,74049.77028936442,404.5361429962795,183.23044495349086,221.30569804278866,62.689630835059226,75809.01877343547,73979.901171875,72150.78357031452,4.944904149874289,742.3762343600972,79.74679009785253,86.2690662981338,10245.0,0.6734992679355783,-0.002918761316080931,-0.002918761316080931,0.006896498084592647,SENSEX,2024-05-28 00:00:00+05:30
74826.9375,74986.21875,74454.546875,74502.8984375,8200,0.0,0.0,73971.48203125,73685.35046875,69716.60294921875,74461.78212545905,74083.33533737446,378.4467880845914,222.273713579711,156.1730745048804,54.571807424720866,75789.30810051721,73971.48203125,72153.65596198277,4.914937539035004,740.4855211915188,63.63656931691774,76.14686048630882,10160.0,0.8070866141732284,-0.008880546275142565,-0.008880546275142565,0.006645345935615397,SENSEX,2024-05-29 00:00:00+05:30
74365.8828125,74493.546875,73668.7265625,73885.6015625,11800,0.0,0.0,73941.623046875,73707.8246875,69753.73439453125,74373.13896192689,74068.68839108746,304.4505708394281,238.70908503165444,65.74148580777367,48.33836749755385,75744.43060595599,73941.623046875,72138.81548779401,4.876299666665707,747.1774036064104,48.739229623484604,64.04086301275163,10330.0,1.1423039690222652,-0.008285541743289992,-0.008285541743289992,0.006877159004417644,SENSEX,2024-05-30 00:00:00+05:30
74208.53125,74478.890625,73765.1484375,73961.3125,19200,0.0,0.0,73909.133203125,73725.1053125,69794.62705078124,74309.78104470737,74060.73462137728,249.04642333008815,240.77655269134118,8.269870638746966,49.10621229027369,75685.73892232541,73909.133203125,72132.5274839246,4.807540400501653,744.789173884524,50.5663756858161,54.31405820873949,10370.0,1.8514946962391514,0.0010247048937668257,0.0010247048937668257,0.006867687866362641,SENSEX,2024-05-31 00:00:00+05:30
76583.2890625,76738.890625,75678.4296875,76468.78125,19300,0.0,0.0,74038.66484375,73801.61234375,69850.76755859375,74641.9349224447,74239.10844571971,402.826476724993,273.1865374980716,129.6399392269214,66.73850194748054,76136.1351561591,74038.66484375,71941.1945313409,5.6658782727526775,889.9883846784866,93.5824569088729,64.29602073939121,10555.0,1.8285172903837044,0.03390243716943231,0.03390243716943231,0.00997282900833921,SENSEX,2024-06-03 00:00:00+05:30
76285.78125,76300.4609375,70234.4296875,72079.046875,39100,0.0,0.0,73947.840234375,73788.22484375,69882.55654296876,74247.64445360706,74079.10388492566,168.5405686814047,252.2573437347382,-83.71677505333352,40.36983011241081,76212.85873134209,73947.840234375,71682.82173740792,6.125989588845831,1271.7286116657376,28.359263053841655,57.50269854951022,11950.0,3.271966527196653,-0.057405575232703177,-0.057405575232703177,0.016580147834756854,SENSEX,2024-06-04 00:00:00+05:30
73027.8828125,74534.8203125,71879.4375,74382.2421875,17200,0.0,0.0,73991.359765625,73835.62875,69924.70037109376,74268.3517972829,74101.55857400525,166.79322327765112,235.16451964332083,-68.3712963656697,51.252620932405485,76254.64427716508,73991.359765625,71728.07525408494,6.117699468449423,1370.5610545824707,63.76873563936289,61.903485200692494,12415.0,1.3854208618606525,0.03195374262501294,0.03195374262501294,0.01810891672944411,SENSEX,2024-06-05 00:00:00+05:30
75078.703125,75297.7265625,74474.9375,75074.5078125,13300,0.0,0.0,74071.765625,73895.08515625,69970.84041015625,74392.37579962399,74173.62888796783,218.74691165615513,231.8809980458877,-13.134086389732573,53.971723739879224,76368.74620607984,74071.765625,71774.78504392016,6.202040849704242,1338.055577469437,74.41167179736023,55.51322349685493,12755.0,1.0427283418267346,0.009306866862859087,0.009306866862859087,0.018205279610713554,SENSEX,2024-06-06 00:00:00+05:30
75031.7890625,76795.3125,74941.8828125,76693.359375,29000,0.0,0.0,74286.225,73976.12859375,70024.32814453125,74746.37327275876,74360.27559071095,386.09768204780994,262.7243348462722,123.37334720153774,59.64106958703826,76717.38222871974,74286.225,71855.06777128027,6.545378308615719,1374.8680139001915,98.44604563267377,78.87548435646563,13745.0,2.109858130229174,0.021563265743188342,0.021563265743188342,0.01835140936481775,SENSEX,2024-06-07 00:00:00+05:30
76935.40625,77079.0390625,76379.7265625,76490.078125,17300,0.0,0.0,74477.50546875,74049.29140625,70078.33763671874,75014.63555771895,74518.03874139902,496.5968163199286,309.4988311410035,187.09798517892511,58.66393495139006,76969.40186553032,74477.50546875,71985.60907196967,6.6916752409918,1326.6140486216063,91.39525858625059,88.08432533876153,14060.0,1.2304409672830725,-0.002650571726895312,-0.002650571726895312,0.018394628799870062,SENSEX,2024-06-10 00:00:00+05:30
76680.8984375,76860.53125,76296.4375,76456.59375,6700,0.0,0.0,74661.528515625,74129.01734375,70134.00736328126,75236.47527960835,74661.6354087028,574.8398709055473,362.5670390939123,212.272831811635,58.493934772421746,77167.22483143648,74661.528515625,72155.83219981352,6.712148453502649,1272.1483130057773,90.90605061008321,93.5824516096692,13700.0,0.48905109489051096,-0.0004377610249695074,-0.0004377610249695074,0.018406674742217705,SENSEX,2024-06-11 00:00:00+05:30
76679.109375,77050.53125,76533.78125,76606.5703125,9700,0.0,0.0,74836.6265625,74201.2225,70190.03060546875,75447.25913082245,74805.70466083592,641.5544699865277,418.36452527243534,223.18994471409235,59.066107449250275,77371.92039147181,74836.6265625,72301.33273352818,6.775542793486176,1223.7046835053645,93.0972138201824,91.79950767217208,13830.0,0.7013738250180767,0.0019615909517287644,0.0019615909517287644,0.01840179749813457,SENSEX,2024-06-12 00:00:00+05:30
77102.046875,77145.4609375,76719.703125,76810.8984375,7500,0.0,0.0,75027.819921875,74264.4134375,70246.38798828125,75657.04979338823,74954.23753318141,702.8122602068179,475.2540722593119,227.55818794750598,59.87761346959482,77553.06139940242,75027.819921875,72502.57844434757,6.731480349973936,1174.7893936121243,95.1590075648985,93.05409066505472,13820.0,0.5426917510853835,0.002667240214076827,0.002667240214076827,0.01837630860000274,SENSEX,2024-06-13 00:00:00+05:30
76912.3828125,77081.296875,76549.046875,76992.7734375,12400,0.0,0.0,75194.27265625,74323.97796875,70305.5967578125,75862.5457386362,75105.24019276057,757.305545875628,531.6643669825751,225.64117889305294,60.62586779491486,77776.1464972795,75194.27265625,72612.39881522051,6.867208764243268,1128.8937226398298,97.79066980778013,95.34896373095368,13955.0,0.8885704048728055,0.002367828051744292,0.002367828051744292,0.018311480500084992,SENSEX,2024-06-14 00:00:00+05:30
77235.3125,77366.7734375,77071.4375,77301.140625,7400,0.0,0.0,75363.478125,74391.92265625,70367.35916015625,76083.86802884602,75267.89948403757,815.9685448084492,588.5252025477499,227.4433422606993,61.9224824970704,78030.51017841698,75363.478125,72696.446071583,7.077783880922728,1074.9727424512705,99.07978618529148,97.34315451932338,13730.0,0.538965768390386,0.0040051445574995626,0.0040051445574995626,0.018313651573319392,SENSEX,2024-06-18 00:00:00+05:30
77543.21875,77851.6328125,76954.8671875,77337.59375,11100,0.0,0.0,75532.6921875,74461.138125,70427.9666796875,76276.74890902355,75421.21017040516,855.5387386183866,641.9279097618773,213.61082885650922,62.08144803320339,78249.35180187019,75532.6921875,72816.0325731298,7.193334530236097,1062.2436626333226,93.25160358645418,96.70735319317528,13735.0,0.8081543502002184,0.0004715729251245637,0.0004715729251245637,0.01831375791057741,SENSEX,2024-06-19 00:00:00+05:30
77554.828125,77643.09375,77100.359375,77478.9296875,8700,0.0,0.0,75695.585546875,74526.1640625,70489.261171875,76461.69979801992,75573.63383833811,888.065959681815,691.1555197458649,196.91043993595008,62.73110395831637,78468.23699775932,75695.585546875,72922.93409599067,7.3257943137710235,1025.1358563737997,95.10708695982161,95.81282557718909,13860.0,0.6277056277056277,0.0018275192005181573,0.0018275192005181573,0.01831186443222329,SENSEX,2024-06-20 00:00:00+05:30
77729.4765625,77808.453125,76802.0,77209.8984375,23200,0.0,0.0,75785.178515625,74585.39765625,70548.14416015625,76576.80728101687,75694.83862346121,881.9686575556552,729.318147307823,152.65051024783224,60.60267924350369,78631.00190505695,75785.178515625,72939.35512619304,7.510237345011253,1023.8013755613855,91.57519676882714,93.31129577170098,14425.0,1.608318890814558,-0.0034723150033835193,-0.0034723150033835193,0.01805626550006643,SENSEX,2024-06-21 00:00:00+05:30
76885.6484375,77423.0234375,76745.9375,77341.078125,13900,0.0,0.0,75881.712890625,74637.36921875,70608.5878515625,76694.38741086042,75816.78229024187,877.6051206185512,758.9755419699687,118.62957864858242,61.29231708422157,78800.18967619486,75881.712890625,72963.23610505514,7.6921742390726395,999.0359871284294,93.29734708236496,93.32654360367125,14605.0,0.9517288599794591,0.0016990009073278856,0.0016990009073278856,0.018053231920867534,SENSEX,2024-06-24 00:00:00+05:30
77529.1875,78164.7109375,77459.6015625,78053.5234375,8800,0.0,0.0,76014.8640625,74704.765625,70674.42291015625,76903.48526111266,75982.4668196684,921.0184414442483,791.3841218648247,129.63431957942362,64.88723553570637,79071.28091874582,76014.8640625,72958.44720625418,8.041629473237794,986.5071889406844,98.23098388470072,94.36784257863094,14535.0,0.6054351565187478,0.00921173236489592,0.00921173236489592,0.01813083599612293,SENSEX,2024-06-25 00:00:00+05:30
78094.0234375,78759.3984375,77945.9375,78674.25,8600,0.0,0.0,76190.05390625,74777.48765625,70742.81115234375,77175.91060555686,76181.85816635963,994.0524391972285,831.9177853313055,162.13465386592304,67.70175510044658,79429.00108401803,76190.05390625,72951.10672848197,8.502283465381124,974.1467424092069,98.012621920421,96.51365096249556,14620.0,0.5882352941176471,0.00795257581161013,0.00795257581161013,0.0181418636394897,SENSEX,2024-06-26 00:00:00+05:30
78758.671875,79396.03125,78467.34375,79243.1796875,9600,0.0,0.0,76427.06796875,74877.45328125,70813.64794921875,77493.95200277888,76408.62272348114,1085.3292792977445,882.6000841245934,202.72919517315108,70.06980952151342,79827.22867806365,76427.06796875,73026.90725943634,8.897791841769818,970.8996536656922,96.56833254111774,97.60397944874649,14690.0,0.6535057862491491,0.007231459944009533,0.007231459944009533,0.017969664681489965,SENSEX,2024-06-27 00:00:00+05:30
79457.578125,79671.578125,78905.890625,79032.7265625,17200,0.0,0.0,76684.42421875,74990.1121875,70883.37533203125,77730.68655042829,76603.00078563069,1127.6857647975994,931.6172202591946,196.0685445384048,68.08132497266666,80055.21714239883,76684.42421875,73313.63129510118,8.791336592769614,956.2416426895713,81.07185348758617,91.88426931637498,14960.0,1.1497326203208555,-0.0026557884959933498,-0.0026557884959933498,0.017823036828136123,SENSEX,2024-06-28 00:00:00+05:30
79043.3515625,79561.0,78971.7890625,79476.1875,0,0.0,0.0,76960.16796875,75120.76234375,70956.59921875,77999.2251580547,76815.82943113953,1183.3957269151724,981.9729215903901,201.4228053247823,70.01247737076721,80296.90700988178,76960.16796875,73623.42892761822,8.671340328900198,930.0251637474591,94.21088936109143,90.61702512993179,14000.0,0.0,0.0056111051305980375,0.0056111051305980375,0.017818661838257956,SENSEX,2024-07-01 00:00:00+05:30
79840.3671875,79855.8671875,79231.109375,79441.453125,0,0.0,0.0,77108.8015625,75259.8115625,71026.87068359375,78221.10638373859,77010.32007512919,1210.7863086094003,1027.7355989941923,183.050709615208,69.6569891681102,80605.73202673592,77108.8015625,73611.87109826408,9.070120124747389,908.2203529440692,87.5254863872708,87.60274307864948,13035.0,0.0,-0.0004370412835920101,-0.0004370412835920101,0.016355222495691494,SENSEX,2024-07-02 00:00:00+05:30
80013.7734375,80074.296875,79754.953125,79986.796875,0,0.0,0.0,77504.1890625,75397.7809375,71098.66396484376,78492.75107470188,77230.79983808259,1261.951236619294,1074.5787265192128,187.37251010008117,72.05600837339477,80367.76768575178,77504.1890625,74640.61043924821,7.389480898748771,888.5505955909214,97.51790653145167,93.08476075993798,11080.0,0.0,0.006864725260524951,0.006864725260524951,0.008477596833377272,SENSEX,2024-07-03 00:00:00+05:30
80321.7890625,80392.640625,79986.40625,80049.671875,8800,0.0,0.0,77787.560546875,75525.80203125,71170.01103515625,78732.27735167083,77439.60517415055,1292.672177520275,1118.1974167194253,174.4747608008497,72.32766060023255,80475.58417597481,77787.560546875,75099.53691777519,6.9111914815223034,854.0994369772842,91.07687304361966,92.04008865411406,10660.0,0.8255159474671669,0.0007860672317989703,0.0007860672317989703,0.005730433575098754,SENSEX,2024-07-04 00:00:00+05:30
79778.9765625,80149.8671875,79478.9609375,79996.6015625,16200,0.0,0.0,78033.665234375,75650.965,71240.59142578125,78926.78876872147,77629.0123140283,1297.7764546931721,1154.1132243141747,143.66323037899747,71.694131215217,80580.63252423241,78033.665234375,75486.6979445176,6.52786789447237,841.0142093360497,89.13980521789802,92.5781949309898,10805.0,1.4993058769088385,-0.0006629672709074219,-0.0006629672709074219,0.005649512112266688,SENSEX,2024-07-05 00:00:00+05:30
79915.0,80067.4609375,79731.828125,79960.3828125,14100,0.0,0.0,78197.01640625,75773.11390625,71309.06552734374,79085.8032369951,77801.70642502619,1284.096811968906,1180.109941845121,103.98687012378491,71.23554017726178,80797.68403592278,78197.01640625,75596.34877657722,6.6515776411769085,804.9155381334748,88.14661359361409,89.45443061837727,10060.0,1.4015904572564613,-0.0004527536081855299,-0.0004527536081855299,0.0036857483014672704,SENSEX,2024-07-08 00:00:00+05:30
80107.2109375,80397.171875,79998.5625,80351.640625,6200,0.0,0.0,78390.09453125,75893.35796875,71377.82919921874,79280.5474505343,77990.59043983907,1289.9570106952306,1202.079355615143,87.8776550800876,73.22777561648869,81028.29636511697,78390.09453125,75751.89269738302,6.730957143610182,778.6207898739409,98.75299021307006,92.0131363415274,9505.0,0.6522882693319305,0.004893145814690136,0.004893145814690136,0.0035584046789729046,SENSEX,2024-07-09 00:00:00+05:30
80481.359375,80481.359375,79435.7578125,79924.7734375,9300,0.0,0.0,78563.503515625,76017.2503125,71441.81767578125,79379.65914083671,78133.86325448062,1245.7958863560925,1210.822661763333,34.97322459275961,67.71718945775905,81125.375688004,78563.503515625,76001.63134324599,6.521786981838185,797.6908450615166,85.09978374263282,90.66646251643901,9635.0,0.9652309289050337,-0.005312488757910794,-0.005312488757910794,0.0039170489753978435,SENSEX,2024-07-10 00:00:00+05:30
80170.09375,80170.09375,79464.3828125,79897.34375,8200,0.0,0.0,78728.0421875,76121.7715625,71505.19873046875,79459.30292686183,78264.4914393339,1194.811487527928,1207.620426916252,-12.808939388324006,67.36637466189339,81186.66081821707,78728.0421875,76269.42355678293,6.245852335211348,791.1208516642654,84.36547076760908,89.40608157443734,9560.0,0.8577405857740585,-0.00034319380988234727,-0.00034319380988234727,0.003958974037526017,SENSEX,2024-07-11 00:00:00+05:30
80093.6171875,80893.5078125,79843.390625,80519.34375,18400,0.0,0.0,78913.464453125,76242.5028125,71570.46048828126,79622.38613042154,78431.51753642027,1190.8685940012656,1204.2700603332546,-13.401466331989013,71.03127797494214,81324.67662356564,78913.464453125,76502.25228268435,6.111028547917619,809.6205899382464,89.10383582836602,86.18969677953599,10105.0,1.8208807521029193,0.007784989723140789,0.007784989723140789,0.0041571406751968075,SENSEX,2024-07-12 00:00:00+05:30
80686.5390625,80862.5390625,80556.96875,80664.859375,16200,0.0,0.0,79097.06875,76363.5778125,71636.18978515625,79782.76662958745,78596.95026520395,1185.8163643834996,1200.5793211433038,-14.762956759804183,71.82837827817184,81453.92428620295,79097.06875,76740.21321379706,5.959400451746687,776.3044986926574,92.24281651466117,88.57070770354544,10295.0,1.573579407479359,0.0018072132511637307,0.0018072132511637307,0.0041590351807255874,SENSEX,2024-07-15 00:00:00+05:30
80731.4921875,80898.296875,80598.0625,80716.546875,8700,0.0,0.0,79267.8390625,76500.34578125,71700.57935546876,79926.4251288817,78753.95742148513,1172.4677073965722,1194.9569983939575,-22.489290997385297,72.12181115725265,81573.82872714345,79267.8390625,76961.84939785655,5.818222603054072,742.2994898574676,92.52350865465577,91.29005366589433,10360.0,0.8397683397683398,0.0006407684882918652,0.0006407684882918652,0.004156199515413612,SENSEX,2024-07-16 00:00:00+05:30
80514.25,81522.546875,80390.3671875,81343.4609375,9300,0.0,0.0,79468.132421875,76649.30421875,71769.31244140625,80144.4306378999,78945.7724967455,1198.658141154403,1195.6972269460466,2.960914208356371,75.46045844177655,81764.56235864933,79468.132421875,77171.70248510066,5.779498943257422,770.1480754033628,93.15592418759628,92.64074978563775,10270.0,0.9055501460564752,0.007766859296779005,0.007766859296779005,0.004316138290904695,SENSEX,2024-07-18 00:00:00+05:30
81585.0625,81587.7578125,80499.1015625,80604.6484375,16100,0.0,0.0,79624.418359375,76791.16015625,71838.33146484375,80215.23337629992,79068.65219606065,1146.581180239271,1185.8740176046915,-39.29283736542061,65.50440146552701,81779.14282077085,79624.418359375,77469.69389797916,5.412220285668557,792.8986593031225,62.41891746604389,82.69945010276533,10640.0,1.513157894736842,-0.009082629279416388,-0.009082629279416388,0.005039389425567924,SENSEX,2024-07-19 00:00:00+05:30
80408.8984375,80800.921875,80100.6484375,80502.078125,11400,0.0,0.0,79789.02734375,76931.87390625,71909.69064453125,80259.3633376384,79174.8318945006,1084.531443137792,1165.6055027113116,-81.07405957351966,64.23725437301316,81665.86752762362,79789.02734375,77912.18715987638,4.704506988881431,786.282572031471,53.93119863683528,69.83534676349183,10050.0,1.1343283582089552,-0.0012725111328973915,-0.0012725111328973915,0.004936821398274454,SENSEX,2024-07-22 00:00:00+05:30
80724.296875,80766.40625,79224.3203125,80429.0390625,13100,0.0,0.0,79943.425390625,77092.37125,71981.79009765625,80285.46729530941,79267.73612916723,1017.7311661421845,1136.030635397486,-118.29946925530157,63.29825248841644,81463.49314332519,79943.425390625,78423.3576379248,3.8028586973168563,840.2685267077944,50.97315879941822,55.77442496743247,10010.0,1.3086913086913088,-0.0009072941245887867,-0.0009072941245887867,0.004982195526322844,SENSEX,2024-07-23 00:00:00+05:30
80343.3828125,80519.578125,79750.5078125,80148.8828125,9900,0.0,0.0,80048.193359375,77242.05953125,72052.41607421875,80264.45429795411,79333.00625385853,931.4480440955813,1095.1141171371053,-163.666073041524,59.69380607738846,81297.51210799381,80048.193359375,78798.87461075619,3.1214164772214548,835.1829399786662,39.11939706465688,48.007918166970136,10065.0,0.9836065573770492,-0.003483272376066715,-0.003483272376066715,0.004817134676775609,SENSEX,2024-07-24 00:00:00+05:30
79542.109375,80143.1015625,79477.828125,80039.796875,9700,0.0,0.0,80116.470703125,77387.3328125,72122.88771484375,80229.89161749964,79385.36111468384,844.5305028158036,1044.997394272845,-200.46689145704136,58.301672206057596,81195.64639883355,80116.470703125,79037.29500741645,2.694017063501154,823.4594933730472,34.50383445722597,41.532130107100365,10120.0,0.958498023715415,-0.0013610412730916677,-0.0013610412730916677,0.004588642045014118,SENSEX,2024-07-25 00:00:00+05:30
80158.5,81427.1796875,80013.6015625,81332.71875,18400,0.0,0.0,80220.94765625,77551.895,72198.95787109375,80399.55733019201,79529.60982841096,869.9475017810473,1009.9874157744855,-140.03991399343818,67.86685309897838,81345.3509957959,80220.94765625,79096.54431670411,2.8032661602652986,865.6108242035438,89.20897791881528,54.27740314689938,10560.0,1.7424242424242424,0.01615348770836067,0.01615348770836067,0.005568615427092385,SENSEX,2024-07-26 00:00:00+05:30
81679.6484375,81908.4296875,81135.90625,81355.84375,19400,0.0,0.0,80337.103515625,77719.27125,72278.19548828126,80546.67831785478,79664.88641519533,881.7919026594464,984.3483131514777,-102.55641049203132,68.0082068291108,81425.92769358422,80337.103515625,79248.27933766578,2.710638373332572,858.9617251532907,79.41268926494473,67.70850054699532,10670.0,1.8181818181818181,0.0002843259189586611,0.0002843259189586611,0.005496563527247898,SENSEX,2024-07-29 00:00:00+05:30
81349.28125,81815.2734375,81230.4375,81455.3984375,10800,0.0,0.0,80436.0640625,77875.10484375,72356.33044921875,80686.48141318481,79797.51693536606,888.9644778187503,965.2715460849323,-76.307068266182,68.64763097438549,81553.31370354877,80436.0640625,79318.81442145121,2.7779818768373867,839.3813117494841,83.12172915829855,83.91446544735287,11210.0,0.9634255129348795,0.0012236943643031406,0.0012236943643031406,0.005409191493521915,SENSEX,2024-07-30 00:00:00+05:30
81655.8984375,81828.0390625,81434.3203125,81741.34375,6900,0.0,0.0,80551.05859375,78031.59109375,72437.47666015624,80848.767926541,79941.50410682043,907.263819720567,953.6700008120592,-46.40618109149227,70.47309914744639,81707.8872849031,80551.05859375,79394.2299025969,2.872286749172188,807.5482716245209,93.77499519742932,85.43647120689089,11555.0,0.597144093466032,0.003510452566497513,0.003510452566497513,0.005416619119377832,SENSEX,2024-07-31 00:00:00+05:30
81949.6796875,82129.4921875,81700.2109375,81867.546875,14500,0.0,0.0,80645.09609375,78189.87578125,72520.68419921875,81005.50314938085,80084.1739415004,921.3292078804516,947.2018422257378,-25.8726343452862,71.26822909123639,81904.3936902435,80645.09609375,79385.79849725652,3.123060564103126,780.5291986513408,90.98348312008218,89.2934024919367,12280.0,1.1807817589576548,0.001543932595309272,0.001543932595309272,0.005264794200890365,SENSEX,2024-08-01 00:00:00+05:30
81158.9921875,81345.6015625,80868.90625,80981.953125,19500,0.0,0.0,80691.71015625,78325.09359375,72597.43611328125,81001.88006870687,80150.6761032411,851.203965465771,928.0022668737445,-76.79830140797344,59.21735922270435,81928.20822947491,80691.71015625,79455.2120830251,3.064746231875806,796.1085862476737,60.50013176931227,81.75287002894127,12815.0,1.521654311353882,-0.010817396927162992,-0.010817396927162992,0.00590983513309157,SENSEX,2024-08-02 00:00:00+05:30
78588.1875,79780.609375,78295.859375,78759.3984375,25100,0.0,0.0,80629.85,78391.92078125,72661.25494140625,80656.88289467504,80047.61849837139,609.2643963036535,864.2546927597263,-254.99029645607277,40.64308974761771,82100.81950805467,80629.85,79158.88049194534,3.648697121611081,931.1075265156969,12.091378730601889,54.524997873332126,13260.0,1.8929110105580693,-0.02744506154438342,-0.02744506154438342,0.008621976488072688,SENSEX,2024-08-05 00:00:00+05:30
78981.96875,79852.078125,78496.5703125,78593.0703125,8900,0.0,0.0,80561.484375,78455.574375,72726.65833984375,80339.37326664812,79939.87418830684,399.4990783412795,771.3035698760369,-371.8044915347574,39.64100313327912,82260.04638298051,80561.484375,78862.92236701949,4.216809114573886,961.4218326574329,7.752723122853853,26.781411207589347,13000.0,0.6846153846153846,-0.0021118511352266056,-0.0021118511352266056,0.008627012403964723,SENSEX,2024-08-06 00:00:00+05:30
79565.3984375,79639.203125,79106.203125,79468.0078125,8600,0.0,0.0,80517.302734375,78537.12453125,72793.60158203125,80205.31704293303,79904.92112343226,300.3959195007774,677.1220398009851,-376.72612030020775,47.038351353343515,82280.15160598769,80517.302734375,78754.45386276231,4.378807564948598,967.4726169319019,30.575396623225767,16.80649949222718,13120.0,0.6554878048780488,0.011132501841715658,0.011132501841715658,0.008951439423738449,SENSEX,2024-08-07 00:00:00+05:30
79420.4921875,79626.921875,78798.9375,78886.21875,8900,0.0,0.0,80465.375,78611.43984375,72855.66744140624,80002.37884402026,79829.4616883632,172.91715565706545,576.2810629722013,-403.36390731513586,43.243232309743185,82351.83172758289,80465.375,78578.91827241711,4.688865807393276,957.5091710796232,15.399476263742981,17.909198669940878,13100.0,0.6793893129770993,-0.007321047532394376,-0.007321047532394376,0.0090191143908298,SENSEX,2024-08-08 00:00:00+05:30
79984.2421875,79984.2421875,79549.09375,79705.90625,8800,0.0,0.0,80455.803125,78715.5,72922.15501953124,79956.76767570945,79820.30943366964,136.45824203980737,488.31649878572256,-351.8582567459152,49.433426592891585,82355.5871017007,80455.803125,78556.01914829931,4.722553011494024,967.5459043953643,36.780958009394645,27.585276965454472,13130.0,0.6702208682406702,0.010390756623760655,0.010390756623760655,0.009349452102564179,SENSEX,2024-08-09 00:00:00+05:30
79330.1171875,80106.1796875,79226.1328125,79648.921875,10500,0.0,0.0,80412.28203125,78830.76640625,72988.98591796875,79909.4067832926,79807.61405895338,101.7927243392187,411.0117438964218,-309.2190195572031,49.0330509007947,82343.86345688009,80412.28203125,78480.7006056199,4.804195023042473,961.2959737242669,35.29452522391254,29.158319832350063,12735.0,0.8244994110718492,-0.0007149329037332564,-0.0007149329037332564,0.009164567997882558,SENSEX,2024-08-12 00:00:00+05:30
79552.5078125,79692.546875,78889.3828125,78956.03125,7400,0.0,0.0,80326.840625,78930.66078125,73052.93142578125,79762.73362432451,79744.53385088276,18.199773441752768,332.449349805488,-314.24957636373523,44.33138401378944,82354.9382737572,80326.840625,78298.7429762428,5.049613884916078,950.0008372082478,17.220529646121395,29.7653376264762,12295.0,0.601870679137861,-0.00869930952847564,-0.00869930952847564,0.009324886563171044,SENSEX,2024-08-13 00:00:00+05:30
79065.21875,79228.9375,78895.71875,79105.8828125,10700,0.0,0.0,80246.307421875,78983.4028125,73116.32037109375,79661.67965327458,79697.22636655811,-35.54671328353288,258.8501371876838,-294.3968504712167,45.54746450181153,82333.17375429675,80246.307421875,78159.44108945325,5.2011523008792615,905.9449738362301,21.129395461631734,24.54815011055523,12395.0,0.8632513110125051,0.0018979115354154086,0.0018979115354154086,0.009340954057540509,SENSEX,2024-08-14 00:00:00+05:30
79754.8515625,80518.2109375,79306.6875,80436.84375,13100,0.0,0.0,80200.9765625,79150.55875,73189.11947265625,79780.9356681554,79752.01283940565,28.922828749753535,212.86467550009775,-183.9418467503442,54.958787638110586,82229.10456468482,80200.9765625,78172.84856031518,5.057614231428509,942.1151989193565,55.847403225970794,31.399109444574652,12585.0,1.040921732220898,0.016825056369760727,0.016825056369760727,0.009984104415556038,SENSEX,2024-08-16 00:00:00+05:30
80680.25,80724.3984375,80332.6484375,80424.6796875,10300,0.0,0.0,80191.978125,79271.4075,73263.09666015625,79879.97320959304,79801.84001333857,78.13319625446456,185.9183796509711,-107.78518339650654,54.865455849879936,82214.45129585547,80191.978125,78169.50495414452,5.044078517935863,902.8033989965453,55.53010464535719,44.16896777765325,12295.0,0.837738918259455,-0.00015122500999420474,-0.00015122500999420474,0.009778233506597116,SENSEX,2024-08-19 00:00:00+05:30
80722.5390625,80942.9609375,80517.953125,80802.859375,6600,0.0,0.0,80207.0171875,79385.97453125,73340.1228515625,80021.95569657873,79875.98959568387,145.96610089486057,177.927923899749,-31.96182300488843,57.29368030690101,82242.9189070206,80207.0171875,78171.11546797938,5.0766174604430985,875.3375312110777,65.39489102413874,58.92413296515559,12055.0,0.5474906677727084,0.004702284037306326,0.004702284037306326,0.00983056672784639,SENSEX,2024-08-20 00:00:00+05:30
80667.25,80952.828125,80626.3828125,80905.296875,5800,0.0,0.0,80230.830078125,79470.21328125,73421.78994140626,80157.85433941278,79952.23457933693,205.619760075846,183.46629113496843,22.15346894087756,57.9535445785512,82287.59641349384,80230.830078125,78174.06374275616,5.127122163303205,836.1309441602864,68.06696487706463,62.997320182186876,11690.0,0.49615055603079555,0.0012677459782035605,0.0012677459782035605,0.009829323573914198,SENSEX,2024-08-21 00:00:00+05:30
81207.2421875,81236.453125,80954.0234375,81053.1875,5800,0.0,0.0,80276.0453125,79561.47546875,73506.8105859375,80295.59790258005,80033.7866475342,261.81125504584634,199.13528391714402,62.675971128702315,58.93993413575119,82363.15368621281,80276.0453125,78188.9369387872,5.1998285804640085,800.0613231488375,90.41184321420612,74.62456637180317,11485.0,0.5050065302568568,0.0018279473744282626,0.0018279473744282626,0.009792231650271918,SENSEX,2024-08-22 00:00:00+05:30
81165.6484375,81231.4921875,80883.2578125,81086.2109375,10400,0.0,0.0,80328.366015625,79654.0678125,73596.5008984375,80417.23067718312,80111.74400234647,305.4866748366476,220.40556210104475,85.08111273560283,59.17027017738805,82441.46387016514,80328.366015625,78215.26816108485,5.261149851172418,767.7879697096348,94.89075335550856,84.45652048225978,11520.0,0.9027777777777778,0.00040742922664205317,0.00040742922664205317,0.009781504549098393,SENSEX,2024-08-23 00:00:00+05:30
81388.2578125,81824.2734375,81278.4375,81698.109375,16200,0.0,0.0,80346.635546875,79755.89859375,73686.07744140625,80614.28893838573,80229.25254846897,385.0363899167569,253.3317276641872,131.70466225256968,63.28062477671181,82500.0843925351,80346.635546875,78193.1867012149,5.3603958174546165,765.6647218732323,96.20867433900072,93.83709030290514,11410.0,1.4198071866783524,0.007546269956696383,0.007546269956696383,0.009239945915008586,SENSEX,2024-08-26 00:00:00+05:30
81815.2265625,81919.109375,81600.5078125,81711.7578125,5700,0.0,0.0,80364.43125,79853.91578125,73774.07298828124,80783.13030363407,80339.067753212,444.0625504220661,291.477892215763,152.58465820630312,63.36920512857819,82556.48204850947,80364.43125,78172.38045149052,5.45527608274954,733.7316390608586,93.354482675734,94.81797012341444,10725.0,0.5314685314685315,0.00016705940448824563,0.00016705940448824563,0.009239970195262707,SENSEX,2024-08-27 00:00:00+05:30
81779.84375,82039.2578125,81578.3203125,81785.5625,5100,0.0,0.0,80380.939453125,79949.7715625,73863.62615234376,80937.35064153653,80446.21551223334,491.1351293031912,331.4093396332487,159.72578966994251,63.8766810691985,82610.26166968979,80380.939453125,78151.61723656021,5.546892663191234,714.2463434136544,92.17067178447347,93.91127626640275,10440.0,0.4885057471264368,0.0009032321599218296,0.0009032321599218296,0.009238487205539781,SENSEX,2024-08-28 00:00:00+05:30
81822.5625,82285.828125,81682.78125,82134.609375,8400,0.0,0.0,80400.602734375,80046.4409375,73956.34255859375,81121.5442928386,80571.28172429012,550.2625685484818,375.1799854162953,175.08258313218647,66.25752302137138,82683.8597579135,80400.602734375,78117.34571083651,5.679701260653095,706.3035242412506,95.54773487906704,93.69096311309151,10515.0,0.7988587731811697,0.004267829973046977,0.004267829973046977,0.009254124165035234,SENSEX,2024-08-29 00:00:00+05:30
82637.03125,82637.03125,82256.0234375,82365.7734375,10300,0.0,0.0,80425.5140625,80147.00453125,74047.76693359375,81312.96416124805,80704.20703637974,608.7571248683089,421.89541330669806,186.86171156161083,67.77244919878817,82781.94664048805,80425.5140625,78069.08148451196,5.859913002624571,691.740549295447,92.7619194536574,93.49344203906598,10305.0,0.9995147986414362,0.002814453788226867,0.002814453788226867,0.009267601334887899,SENSEX,2024-08-30 00:00:00+05:30
82725.28125,82725.28125,82440.9296875,82559.84375,9500,0.0,0.0,80504.40859375,80248.6228125,74138.74724609376,81504.7917902868,80841.66160775902,663.1301825277915,470.1423671509168,192.98781537687466,69.02959281822332,83029.68577918773,80504.40859375,77979.13140831229,6.273637008330923,668.0096395243436,95.68712512347376,94.66559315206608,9805.0,0.9688934217236104,0.0023562009363908842,0.0023562009363908842,0.00889311538975492,SENSEX,2024-09-02 00:00:00+05:30
82652.6875,82675.0625,82400.7578125,82555.4375,4300,0.0,0.0,80694.210546875,80355.53359375,74226.7309765625,81666.42959178114,80968.60797014725,697.8216216338915,515.6782180475118,182.1434035863797,68.96381588969797,83236.89762227835,80694.210546875,78151.52347147164,6.302030983812204,639.8878572368905,95.56493071989294,94.67132509900803,8765.0,0.4905875641756988,-5.337037716957038e-05,-5.337037716957038e-05,0.005880217031059545,SENSEX,2024-09-03 00:00:00+05:30
81845.5,82408.5390625,81833.6875,82352.640625,9100,0.0,0.0,80882.1890625,80455.76484375,74313.7821875,81772.00051996866,81071.12890754375,700.871612424904,552.7168969229903,148.15471550191376,65.85357215637453,83329.84791985346,80882.1890625,78434.53020514653,6.052405073908402,645.7351531485411,89.09959321724028,93.450549686869,8775.0,1.037037037037037,-0.0024564932503688963,-0.0024564932503688963,0.0058945384911999995,SENSEX,2024-09-04 00:00:00+05:30
82469.7890625,82617.4921875,82130.4375,82201.15625,7000,0.0,0.0,81018.846484375,80538.7175,74399.909921875,81838.02447843502,81154.83463661459,683.1898418204364,578.8114859024795,104.37835591795692,63.54806366410866,83440.4752843641,81018.846484375,78597.21768438589,5.977939467346361,634.4008341736453,78.09421498937166,87.58624630883497,8695.0,0.8050603795284647,-0.0018394598382072136,-0.0018394598382072136,0.005583409746863973,SENSEX,2024-09-05 00:00:00+05:30
82171.078125,82254.7890625,80981.9296875,81183.9296875,14500,0.0,0.0,81133.73203125,80588.91109375,74481.66857421875,81737.39451059887,81156.98982556905,580.4046850298182,579.1301257279473,1.2745593018709087,50.70962233397179,83348.97955049455,81133.73203125,78918.48451200544,5.460731224323114,680.005015661242,30.171162817037,65.78832367454966,8975.0,1.615598885793872,-0.012374844940213348,-0.012374844940213348,0.00610362125218786,SENSEX,2024-09-06 00:00:00+05:30
80973.75,81653.359375,80895.046875,81559.5390625,7800,0.0,0.0,81226.413671875,80635.23828125,74564.94287109375,81710.03213396827,81186.80828756394,523.223846404333,567.9488698632244,-44.72502345889143,54.37498079459252,83348.08448958807,81226.413671875,79104.74285416192,5.224090838932894,685.5984073997248,44.45933320677885,50.90823700439585,8925.0,0.8739495798319328,0.004626646880063978,0.004626646880063978,0.005787332329771468,SENSEX,2024-09-09 00:00:00+05:30
81768.71875,82196.546875,81445.296875,81921.2890625,5600,0.0,0.0,81340.03203125,80693.00953125,74649.8799609375,81742.53319989622,81241.21427089254,501.31892900368257,554.622881691316,-53.303952687633455,57.64196414559866,83352.17636509998,81340.03203125,79327.88769740002,4.947488422618118,690.2878068711731,56.352771027105895,43.661089016973925,8680.0,0.6451612903225806,0.004435410059426381,0.004435410059426381,0.005813757295587574,SENSEX,2024-09-10 00:00:00+05:30
81928.1171875,82134.953125,81423.140625,81523.15625,7800,0.0,0.0,81468.38828125,80733.94890625,74729.11609375,81708.78289991218,81262.09886193754,446.6840379746427,533.0351129479814,-86.35107497333865,53.1326599394019,83157.42305397868,81468.38828125,79779.35350852131,4.146478918664011,691.8252849518036,34.73888683894664,45.1836636909438,8700.0,0.896551724137931,-0.004859943209588047,-0.004859943209588047,0.005517764400601573,SENSEX,2024-09-11 00:00:00+05:30
81930.1796875,83116.1875,81534.2890625,82962.7109375,8300,0.0,0.0,81661.2296875,80804.3740625,74814.017265625,81901.69490569492,81388.07012679402,513.6247789009067,529.1530461385664,-15.528267237659747,64.07581527752104,83087.55393319248,81661.2296875,80234.90544180752,3.493271534486352,756.1971395981034,93.0901915541705,61.39394980674101,8580.0,0.9673659673659674,0.01765823054109239,0.01765823054109239,0.006582826930353457,SENSEX,2024-09-12 00:00:00+05:30
83091.546875,83092.9296875,82653.21875,82890.9375,12700,0.0,0.0,81783.934375,80862.456875,74899.4983203125,82053.88607404954,81499.39363592038,554.4924381291639,534.220924536686,20.27151359247796,63.2824452809215,83189.91700951131,81783.934375,80377.95174048869,3.43828563704095,733.5909823053817,89.85881409467264,72.56263082926327,8560.0,1.483644859813084,-0.0008651288836748483,-0.0008651288836748483,0.005667984535959507,SENSEX,2024-09-13 00:00:00+05:30
82985.328125,83184.34375,82832.8203125,82988.78125,6900,0.0,0.0,81912.139453125,80921.2390625,74986.166484375,82197.71610111884,81609.71864437073,587.9974567481113,544.976230978971,43.0212257691403,63.937965189374204,83265.60077051105,81912.139453125,80558.67813573894,3.3046660151285323,706.3004433907115,91.45752994573934,91.46884519819416,8390.0,0.8224076281287247,0.0011803914028598594,0.0011803914028598594,0.005655138477472596,SENSEX,2024-09-16 00:00:00+05:30
83084.6328125,83152.40625,82866.6796875,83079.65625,9800,0.0,0.0,82025.979296875,80982.90015625,75071.9108984375,82333.39920094672,81718.60291145438,614.7962894923403,558.9402426816449,55.856046810695375,64.57062699975133,83370.05449321345,82025.979296875,80681.90410053654,3.277193903345839,676.2594518985178,95.42708937651435,92.24781113897545,8550.0,1.1461988304093567,0.0010950275281937927,0.0010950275281937927,0.005607830617862598,SENSEX,2024-09-17 00:00:00+05:30
83037.1328125,83326.3828125,82700.6328125,82948.2265625,5100,0.0,0.0,82128.12578125,81042.65703125,75156.5358203125,82427.98802580107,81809.68614486518,618.301880935891,570.8125703324941,47.4893106033968,62.85318370336136,83425.70996040067,82128.12578125,80830.54160209933,3.1599020842307084,672.6516339057665,84.44656519210439,90.44372817145269,8515.0,0.5989430416911333,-0.0015819719704244228,-0.0015819719704244228,0.005647570318576833,SENSEX,2024-09-18 00:00:00+05:30
83359.171875,83773.609375,83071.65625,83184.796875,6600,0.0,0.0,82234.70625,81099.32015625,75242.3707421875,82544.42015644706,81911.54619894925,632.8739574978099,583.2248477655573,49.649109732252555,64.67450717591737,83511.61635454149,82234.70625,80957.79614545852,3.105526030966971,683.5610038053546,79.54491173980068,86.47285543613981,8555.0,0.7714786674459381,0.0028520237538984805,0.0028520237538984805,0.005657597939508917,SENSEX,2024-09-19 00:00:00+05:30
83603.0390625,84694.4609375,83187.640625,84544.3125,28700,0.0,0.0,82407.611328125,81191.7109375,75335.242109375,82852.09590160905,82106.56592495301,745.5299766560347,615.6858735436529,129.84410311238184,72.89827824310342,83928.7828044403,82407.611328125,80886.4398518097,3.691822761998046,742.5683651406864,96.04811597182953,86.67986430124488,9470.0,3.030623020063358,0.016343318443668542,0.016343318443668542,0.006571559107779138,SENSEX,2024-09-20 00:00:00+05:30
84651.1484375,84980.53125,84607.3828125,84928.609375,11100,0.0,0.0,82569.136328125,81292.33625,75429.014140625,83171.55951289997,82315.60618051206,855.953332387915,663.7393653125054,192.21396707540964,74.69181821785273,84407.61640254162,82569.136328125,80730.65625370837,4.453189547994335,720.6862497734945,98.72911336247614,91.44071369136879,9215.0,1.2045577862181227,0.0045455083096217486,0.0045455083096217486,0.006474465229026954,SENSEX,2024-09-23 00:00:00+05:30
84860.7265625,85163.2265625,84716.0703125,84914.0390625,8700,0.0,0.0,82729.250390625,81380.23015625,75519.0748046875,83439.6332897615,82508.08269028894,931.5505994725681,717.3016121445179,214.24898732805025,74.49053758742824,84785.98496633249,82729.250390625,80672.51581491753,4.9722064831873585,701.1483926468163,94.1617382995898,96.31298921129849,9365.0,0.9289909236518954,-0.00017155953226155596,-0.00017155953226155596,0.006479843058167097,SENSEX,2024-09-24 00:00:00+05:30
84836.453125,85247.421875,84743.0390625,85169.8671875,13500,0.0,0.0,82898.465625,81470.3303125,75609.981953125,83705.8231201828,82705.25191230458,1000.5712078782235,773.9555312912591,226.61567658696436,75.72736738509786,85163.1586804906,82898.465625,80633.7725695094,5.4637755678981526,687.0937083506152,98.21810649358109,97.03631938521568,9785.0,1.3796627491057742,0.003012789496583679,0.003012789496583679,0.006479183288854038,SENSEX,2024-09-25 00:00:00+05:30
85167.5625,85930.4296875,85106.7421875,85836.1171875,9100,0.0,0.0,83083.541015625,81572.72171875,75701.7566015625,84033.56066900083,82937.16785861536,1096.3928103854705,838.4429871101014,257.9498232753691,78.63291224207151,85652.79909941614,83083.541015625,80514.28293183386,6.1847582623084225,696.8504077541427,98.12700437063344,96.83561638793479,9820.0,0.9266802443991853,0.007822602312309135,0.007822602312309135,0.006591039228872191,SENSEX,2024-09-26 00:00:00+05:30
85893.84375,85978.25,85474.578125,85571.8515625,9400,0.0,0.0,83243.844921875,81657.28953125,75785.2902734375,84270.22080646224,83132.32961445866,1137.8911920035753,898.3326280887961,239.55856391477914,74.80778711433058,86006.74150842802,83243.844921875,80480.94833532198,6.638080182735479,683.0519411288468,91.07818486795391,95.80776524405616,9775.0,0.9616368286445013,-0.0030787229625349744,-0.0030787229625349744,0.00669431487975137,SENSEX,2024-09-27 00:00:00+05:30
85208.7578125,85359.6484375,84257.140625,84299.78125,11000,0.0,0.0,83330.841796875,81731.1921875,75860.3084765625,84274.7685670065,83218.80751338766,1055.961053618841,929.8583131948052,126.10274042403591,59.74243376187556,86111.62451189118,83330.841796875,80550.05908185882,6.674078060544584,728.1704408696435,63.1519550504756,84.11904809635432,9850.0,1.116751269035533,-0.014865522824066835,-0.014865522824066835,0.007672994615918675,SENSEX,2024-09-30 00:00:00+05:30
84257.171875,84648.3984375,84098.9375,84266.2890625,6000,0.0,0.0,83416.384375,81806.47640625,75933.3712890625,84273.46402785165,83296.39873924783,977.0652886038151,939.2997082766072,37.765580327207886,59.403230781083124,86201.74688822412,83416.384375,80631.02186177587,6.678214439749574,715.4054763432404,61.47668799125217,71.90227596989389,9935.0,0.6039255158530448,-0.0003972986288146574,-0.0003972986288146574,0.007676032515898743,SENSEX,2024-10-01 00:00:00+05:30
83002.09375,83752.8125,82434.0234375,82497.1015625,19700,0.0,0.0,83423.607421875,81847.83765625,75998.248359375,84000.17749472063,83237.19154097022,762.985953750409,904.0369573713676,-141.05100362095868,44.90067231535438,86198.62844255005,83423.607421875,80648.58640119995,6.652843497025265,795.1812012472947,1.7797430239760526,42.13612868856794,10465.0,1.8824653607262303,-0.02099519890673951,-0.02099519890673951,0.009108033806446057,SENSEX,2024-10-03 00:00:00+05:30
82244.25,83368.3203125,81532.6796875,81688.453125,19200,0.0,0.0,83397.972265625,81878.6290625,76057.5626171875,83644.52759168668,83122.47017682428,522.0574148624,827.6410488695742,-305.58363400717417,40.083712031874256,86226.64469867792,83397.972265625,80569.29983257207,6.7835520605789315,869.499731515345,3.50401470564976,22.253481906959333,11075.0,1.7336343115124153,-0.009802143616977399,-0.009802143616977399,0.009368822477390997,SENSEX,2024-10-04 00:00:00+05:30
81926.9921875,82137.7734375,80726.0625,81050.0,17700,0.0,0.0,83391.27578125,81898.833125,76113.1699609375,83245.36950065795,82968.9538674299,276.4156332280545,717.3959657412703,-440.9803325132158,36.73304621201013,86241.43476039142,83391.27578125,80541.11680210859,6.835628673238875,908.2291033713918,6.1676682334741475,3.817141987699992,11235.0,1.57543391188251,-0.007815708347702954,-0.007815708347702954,0.009110729098329138,SENSEX,2024-10-07 00:00:00+05:30
80826.5625,81763.28125,80813.0703125,81634.8125,7200,0.0,0.0,83395.039453125,81904.875,76173.5888671875,82997.59150055672,82870.1285809536,127.46291960311646,599.4093565136395,-471.94643691052306,41.552537055287544,86235.69612294433,83395.039453125,80554.38278330569,6.8125315089418645,911.2278058091496,17.302314511810554,8.991332483644825,11205.0,0.642570281124498,0.007215453423812468,0.007215453423812468,0.00919853272382916,SENSEX,2024-10-08 00:00:00+05:30
81954.578125,82319.2109375,81342.890625,81467.1015625,7500,0.0,0.0,83372.330078125,81907.10015625,76233.0013671875,82762.13151008644,82766.20065366075,-4.0691435743065085,478.71365649605036,-482.78280007035687,40.597429684492326,86266.50842649704,83372.330078125,80478.15172975296,6.942779086682625,915.8772705727818,14.109150949009342,12.52637789809802,11300.0,0.6637168141592921,-0.002054404638952234,-0.002054404638952234,0.009151387770871981,SENSEX,2024-10-09 00:00:00+05:30
81832.65625,82002.84375,81538.9375,81611.40625,7600,0.0,0.0,83376.742578125,81910.2203125,76288.4873828125,82585.09685468854,82680.66032746366,-95.56347277511668,363.858230641817,-459.42170341693367,41.83625689001779,86259.87840703208,83376.742578125,80493.60674921793,6.9159234092302055,888.7247646390116,16.85666686499673,16.08937744193888,11290.0,0.6731620903454384,0.0017713246787023351,0.0017713246787023351,0.009095076467406819,SENSEX,2024-10-10 00:00:00+05:30
81478.4921875,81671.3828125,81304.1484375,81381.359375,8700,0.0,0.0,83297.675,81903.020625,76337.9754296875,82399.906473198,82584.41581246635,-184.5093392683484,254.18471665978393,-438.69405592813234,40.390146300957355,86305.9123353611,83297.675,80289.4376646389,7.222860266774801,851.475451093368,12.476646635330518,14.480821483112202,11310.0,0.7692307692307693,-0.002818807879566454,-0.002818807879566454,0.008113284097220444,SENSEX,2024-10-11 00:00:00+05:30
81576.9296875,82072.171875,81541.203125,81973.046875,7700,0.0,0.0,83251.78046875,81905.130625,76391.2651953125,82334.23576578293,82539.12922450587,-204.89345872294507,162.36908158323814,-367.2625403061832,45.5987170398137,86311.01362249831,83251.78046875,80192.54731500169,7.349351897396711,839.9995260152702,23.74219075385256,17.691834751393277,11060.0,0.6962025316455697,0.007270553165296123,0.007270553165296123,0.008318097352816224,SENSEX,2024-10-14 00:00:00+05:30
82101.859375,82300.4375,81635.5703125,81820.1171875,5500,0.0,0.0,83193.347265625,81921.89390625,76443.17984375,82255.14059989325,82485.86907361654,-230.72847372329852,83.7495705219308,-314.47804424522934,44.516034650635206,86314.46052285332,83193.347265625,80072.23400839667,7.503276066686043,827.4900732641796,20.830457547450468,19.016431645544518,10990.0,0.5004549590536852,-0.001865609408580382,-0.001865609408580382,0.008313139627053845,SENSEX,2024-10-15 00:00:00+05:30
81646.6015625,81932.1484375,81358.2578125,81501.359375,5600,0.0,0.0,83114.432421875,81976.733125,76498.155078125,82139.17425760198,82412.94242927457,-273.76817167259287,12.246022083026062,-286.0141937556189,42.26351896563964,86321.67691352007,83114.432421875,79907.18793022992,7.717659612630544,809.3758269595954,14.761408936752543,19.77801907935186,10780.0,0.5194805194805194,-0.0038958366653218945,-0.0038958366653218945,0.008332067781462829,SENSEX,2024-10-16 00:00:00+05:30
81758.0703125,81781.3984375,80905.640625,81006.609375,6800,0.0,0.0,83017.3515625,82025.00390625,76548.8626171875,81964.93350643243,82308.76961043941,-343.8361040069867,-58.97040313497649,-284.8657008720102,38.96768303190664,86353.78336579064,83017.3515625,79680.91975920936,8.037914340784038,814.1173973553387,5.34152436484798,13.644463616350336,10865.0,0.6258628624022089,-0.006070450895470092,-0.006070450895470092,0.00841075850100249,SENSEX,2024-10-17 00:00:00+05:30
80749.2578125,81391.1484375,80409.25,81224.75,9300,0.0,0.0,82919.34921875,82060.13875,76599.4515625,81851.05912082744,82228.47186151797,-377.4127406905318,-122.65887064608756,-254.75387004444423,41.14692049272384,86344.32160204409,82919.34921875,79494.3768354559,8.260972657319478,826.1017573656716,16.473421489116248,12.192118263572262,11000.0,0.8454545454545455,0.0026928744047312048,0.0026928744047312048,0.008406847373832965,SENSEX,2024-10-18 00:00:00+05:30
81770.0234375,81770.0234375,80811.2265625,81151.2734375,7600,0.0,0.0,82749.697265625,82105.43984375,76648.5239453125,81743.39978493091,82148.6793856648,-405.27960073389113,-179.1830166636483,-226.09658407024284,40.62079412426065,86172.03943818714,82749.697265625,79327.35509306286,8.271552128043416,835.5799800538379,17.50406829201767,13.106338048660637,9945.0,0.7642031171442936,-0.0009046080474239826,-0.0009046080474239826,0.007333145855398748,SENSEX,2024-10-21 00:00:00+05:30
81155.078125,81504.2421875,80149.53125,80220.71875,5600,0.0,0.0,82514.302734375,82115.73609375,76689.435390625,81509.1411641723,82005.86748672667,-496.726322554372,-242.69167784179305,-254.03464471257897,34.58874003153883,85952.38337263094,82514.302734375,79076.22209611906,8.33329622701557,872.6607627285638,1.975629851264039,11.984373210799324,9670.0,0.5791106514994829,-0.011466914172538312,-0.011466914172538312,0.00745172642131407,SENSEX,2024-10-22 00:00:00+05:30
79921.1328125,80646.3125,79891.6796875,80081.9765625,6200,0.0,0.0,82272.699609375,82124.3971875,76727.793359375,81289.57737929963,81863.35704789507,-573.7796685954381,-308.9092759925221,-264.870392602916,33.783232981171665,85681.277821399,82272.699609375,78864.12139735102,8.28604926836649,864.230194855095,5.473584863261499,8.317761002181074,9545.0,0.6495547407019382,-0.0017295056646448037,-0.0017295056646448037,0.007430687471631312,SENSEX,2024-10-23 00:00:00+05:30
80098.296875,80259.8203125,79813.0234375,80065.15625,4800,0.0,0.0,82017.4640625,82146.5796875,76766.9178515625,81101.20489786891,81730.15698879174,-628.9520909228304,-372.91783897858375,-256.03425194424665,33.680826474955225,85281.47359549574,82017.4640625,78753.45452950426,7.959303717336244,834.4135291511595,10.060412977879748,5.836542564135101,9110.0,0.5268935236004391,-0.00021003867813962351,-0.00021003867813962351,0.0073300057601580005,SENSEX,2024-10-24 00:00:00+05:30
80187.34375,80253.1875,79137.9765625,79402.2890625,13900,0.0,0.0,81695.77265625,82152.5078125,76804.4669140625,80839.83323088908,81557.72232758495,-717.8890966958716,-441.9120905220413,-275.97700617383026,29.841742085436422,84643.86059699695,81695.77265625,78747.68471550306,7.21723498020288,854.4704868903625,8.308488745033129,7.947495528724797,9350.0,1.4866310160427807,-0.008279096907401584,-0.008279096907401584,0.0069460275937752594,SENSEX,2024-10-25 00:00:00+05:30
79653.671875,80539.8125,79418.8203125,80005.0390625,10800,0.0,0.0,81417.43203125,82143.87171875,76847.7091015625,80711.40335882922,81442.70875239348,-731.3053935642529,-499.7907511304836,-231.51464243376927,36.886448795321655,83856.33485255881,81417.43203125,78978.5292099412,5.9911072124522216,874.6885547910508,27.255536618549208,15.208146113820698,9420.0,1.1464968152866242,0.0075910909763010626,0.0075910909763010626,0.0074042301910191505,SENSEX,2024-10-28 00:00:00+05:30
80037.203125,80450.4765625,79421.3515625,80369.03125,9600,0.0,0.0,81220.89453125,82142.75875,76890.31640625,80658.73072670164,81363.17708554951,-704.4463588478684,-540.7218726739607,-163.72448617390774,40.755225781370996,83307.03461571764,81220.89453125,79134.75444678236,5.13695421974204,885.7197294488329,38.92711125384454,24.83037887247563,9350.0,1.0267379679144386,0.004549615771272331,0.004549615771272331,0.007077988484659656,SENSEX,2024-10-29 00:00:00+05:30
80237.8515625,80435.609375,79821.9921875,79942.1796875,5900,0.0,0.0,81004.6890625,82125.54515625,76929.8965625,80548.492105286,81257.91801902733,-709.4259137413319,-574.4626808874349,-134.963232853897,37.82688788871773,82628.61578291724,81004.6890625,79380.76234208274,4.009463499487771,866.2838335953448,25.429661927642385,30.537436600012047,9345.0,0.6313536650615302,-0.00531114480118855,-0.00531114480118855,0.007091518415309831,SENSEX,2024-10-30 00:00:00+05:30
80044.953125,80044.953125,79287.9296875,79389.0625,9300,0.0,0.0,80849.287109375,82095.22046875,76970.06578125,80370.11831985739,81119.48427687716,-749.3659570197779,-609.4433361139036,-139.92262090587428,34.379700194427485,82467.04164854492,80849.287109375,79231.53257020508,4.001901802749068,858.4795195885345,7.9395743524500055,24.09878251131232,8825.0,1.0538243626062322,-0.0069189655531307626,-0.0069189655531307626,0.005740195748267323,SENSEX,2024-10-31 00:00:00+05:30
80023.75,80023.75,79655.546875,79724.1171875,2300,0.0,0.0,80751.0703125,82068.6390625,77011.7553125,80270.73353026394,81016.12375173811,-745.3902214741684,-636.6327131859566,-108.75750828821174,38.06188458905125,82391.46817354285,80751.0703125,79110.67245145715,4.0628510673471965,842.4943753322106,18.534319840907127,17.30118537366651,7980.0,0.2882205513784461,0.0042204137062331615,0.0042204137062331615,0.005578645618805438,SENSEX,2024-11-01 00:00:00+05:30
79713.140625,79713.140625,78232.6015625,78782.2421875,9500,0.0,0.0,80637.682421875,82022.5596875,77047.37796875,80041.7348621464,80850.65104327604,-808.9161811296362,-671.0894067746925,-137.82677435494372,32.53500007740243,82480.74046032548,80637.682421875,78794.62438342451,4.571207859888867,888.8530360227669,14.856971504111568,13.776955232489572,7570.0,1.2549537648612945,-0.011814179112009993,-0.011814179112009993,0.005891056392889154,SENSEX,2024-11-04 00:00:00+05:30
78542.15625,79523.1328125,78296.703125,79476.6328125,8600,0.0,0.0,80529.7734375,81978.13015625,77086.155234375,79954.79608527773,80748.87191507041,-794.0758297926805,-695.6866913782901,-98.38913841439035,39.508916347139824,82379.3785569802,80529.7734375,78680.1683180198,4.593593252601651,912.9656539854265,35.05501424338354,22.815435196134086,7640.0,1.12565445026178,0.008814050041218158,0.008814050041218158,0.006023479855812589,SENSEX,2024-11-05 00:00:00+05:30
79771.8203125,80569.7265625,79459.1171875,80378.1328125,20200,0.0,0.0,80475.325,81951.45765625,77125.2036328125,80019.9248125427,80721.40975932445,-701.4849467817548,-696.8463424589831,-4.638604322771698,47.14746106014658,82274.78679222275,80475.325,78675.86320777725,4.472083318017662,927.0830626293246,60.65239956712825,36.854795104874455,8275.0,2.4410876132930515,0.011342956641442026,0.011342956641442026,0.006650050445042619,SENSEX,2024-11-06 00:00:00+05:30
80563.421875,80563.421875,79419.34375,79541.7890625,8200,0.0,0.0,80371.844140625,81906.5821875,77156.272890625,79946.36546638228,80634.03044844857,-687.664982066286,-695.0100703804438,7.345088314157806,41.8656715410924,82135.7577826841,80371.844140625,78607.93049856591,4.389382030286155,942.5827099415156,37.009651273217166,44.23902169457633,8305.0,0.9873570138470801,-0.010405115430473622,-0.010405115430473622,0.006966412363263059,SENSEX,2024-11-07 00:00:00+05:30
79611.8984375,79807.2578125,79117.3671875,79486.3203125,10300,0.0,0.0,80277.0921875,81853.61640625,77188.060625,79875.58928886193,80549.01488282275,-673.4255939608265,-690.6931750965205,17.267581135693945,41.53334279178136,82017.3467362677,80277.0921875,78536.83763873231,4.335619293990009,924.5332753028359,38.32079661866896,45.32761581967146,8385.0,1.2283840190816935,-0.0006973535628727046,-0.0006973535628727046,0.006957580618759904,SENSEX,2024-11-08 00:00:00+05:30
79298.4609375,80102.140625,79001.34375,79496.1484375,16900,0.0,0.0,80153.247265625,81796.22390625,77228.037578125,79817.2137732678,80471.0247757618,-653.8110024940106,-683.3167405760186,29.50573808200795,41.62176630735928,81738.76226193758,80153.247265625,78567.73226931243,3.956209013112676,937.1235324240619,52.34872392419608,42.55972393869408,8845.0,1.9106840022611644,0.00012364548970644762,0.00012364548970644762,0.006680099310281184,SENSEX,2024-11-11 00:00:00+05:30
79644.953125,79820.9765625,78547.84375,78675.1796875,6400,0.0,0.0,79996.000390625,81718.530625,77265.4791796875,79641.51622161121,80337.99921366834,-696.4829920571356,-685.949990872242,-10.533001184893578,36.63725001476523,81511.32120502496,79996.000390625,78480.67957622505,3.7884914420734876,961.1241952866288,18.936861528587475,36.53546069048418,8890.0,0.7199100112485939,-0.01032715126627104,-0.01032715126627104,0.006965545689546869,SENSEX,2024-11-12 00:00:00+05:30
78495.53125,78690.0234375,77533.296875,77690.953125,7400,0.0,0.0,79805.480078125,81621.2409375,77295.5178125,79341.42959136333,80141.92172561884,-800.4921342555172,-708.858419548897,-91.63371470662014,31.73110042395551,81466.93506025328,79805.480078125,78144.02509599671,4.163761637676551,975.0957929447268,5.192158759645245,25.49258140414294,8980.0,0.8240534521158129,-0.012510000821216782,-0.012510000821216782,0.0073489597234193795,SENSEX,2024-11-13 00:00:00+05:30
77636.9375,78055.5234375,77424.8125,77580.3125,10100,0.0,0.0,79634.165234375,81525.794375,77331.566640625,79070.48850038435,79952.17289409152,-881.684393707168,-743.4236143805513,-138.26077932661678,31.224899206880607,81463.0363034961,79634.165234375,77805.2941652539,4.593181993528699,950.4968746986749,4.944491229639125,9.691170505957286,9145.0,1.104428649535265,-0.0014241120819046271,-0.0014241120819046271,0.007298943836459875,SENSEX,2024-11-14 00:00:00+05:30
77863.5390625,77886.96875,76965.0625,77339.0078125,8200,0.0,0.0,79439.878125,81428.55140625,77362.9601171875,78804.10685609444,79758.60511026991,-954.4982541754725,-785.6385423395357,-168.85971183593688,30.09718325056393,81374.13172856421,79439.878125,77505.62452143579,4.869729534379775,948.4546872201981,10.37392960942529,6.8368598662365585,9090.0,0.9020902090209021,-0.0031103856084622183,-0.0031103856084622183,0.007211822585657917,SENSEX,2024-11-18 00:00:00+05:30
77548.0,78451.6484375,77411.3125,77578.3828125,7200,0.0,0.0,79261.23359375,81356.44046875,77397.348671875,78615.53392631067,79597.10716228696,-981.5732359762915,-824.8254810668869,-156.74775490940453,32.69405109034439,81190.2073378123,79261.23359375,77332.2598496877,4.8673825944954885,960.1822542044696,17.01463165126778,10.77768416344407,9070.0,0.7938257993384785,0.0030951392676299427,0.0030951392676299427,0.007310930830360525,SENSEX,2024-11-19 00:00:00+05:30
77711.109375,77711.109375,76802.7265625,77155.7890625,8800,0.0,0.0,79107.987109375,81268.36546875,77423.419765625,78390.95779341672,79416.26878452496,-1025.310991108243,-864.9225830751582,-160.38840803308472,30.5372316133068,81188.72225523331,79107.987109375,77027.25196351668,5.260493211593116,956.4822940827218,9.372511282187418,12.253690847626833,9230.0,0.9534127843986999,-0.005447313216381033,-0.005447313216381033,0.0070288248404114595,SENSEX,2024-11-21 00:00:00+05:30
77349.7421875,79218.1875,77226.6875,79117.109375,17100,0.0,0.0,79059.74375,81212.281875,77463.3058203125,78502.6734213526,79394.10882826385,-891.4354069112451,-870.2251478423757,-21.21025906886939,47.761652516212415,81092.09081989263,79059.74375,77027.39668010735,5.1412943515710285,1035.476304326813,61.43835445978232,29.275165797745842,9775.0,1.7493606138107416,0.025420261218652485,0.025420261218652485,0.0093172452594547,SENSEX,2024-11-22 00:00:00+05:30
80193.46875,80473.078125,79765.9921875,80109.8515625,14000,0.0,0.0,79061.978515625,81184.01578125,77505.09453125,78749.93159691374,79447.12680857764,-697.1952116639004,-835.6191606066807,138.42394894278027,53.98172583777195,81098.83615923564,79061.978515625,77025.12087201436,5.152559249976508,1058.3686218748978,87.7920095566764,52.86762509954872,10235.0,1.3678553981436248,0.012547756045972136,0.012547756045972136,0.00976860566935417,SENSEX,2024-11-25 00:00:00+05:30
80415.46875,80482.359375,79798.671875,80004.0625,10400,0.0,0.0,79092.0671875,81124.8428125,77546.888359375,78942.87481277317,79488.38130423856,-545.5064914653922,-777.596626778423,232.09013531303083,53.25403390814693,81165.59315567462,79092.0671875,77018.54121932537,5.243322224108797,1031.6056845981195,84.98369889832759,78.07135430492878,10060.0,1.0337972166998013,-0.0013205499752731997,-0.0013205499752731997,0.009577525201322441,SENSEX,2024-11-26 00:00:00+05:30
80121.03125,80511.1484375,79844.4921875,80234.078125,5700,0.0,0.0,79103.519140625,81071.705625,77587.6305859375,79141.52147619268,79543.61810577643,-402.096629583757,-702.4966273394898,300.3999977557328,54.684408222471596,81199.49614888123,79103.519140625,77007.54213236876,5.299326834069525,1005.5378678411109,91.08976805149987,87.95515883550131,9805.0,0.5813360530341662,0.002875049313902034,0.002875049313902034,0.009448893721420895,SENSEX,2024-11-27 00:00:00+05:30
80281.640625,80447.3984375,78918.921875,79043.7421875,7900,0.0,0.0,79037.2546875,80992.80484375,77624.1921875,79126.47850870149,79506.59025997818,-380.1117512766941,-638.0196521269306,257.9079008502365,46.71762171677041,81051.19763236637,79037.2546875,77023.31174263362,5.096186482764777,1042.8906317453173,59.59045970970295,78.55464221984347,9720.0,0.8127572016460906,-0.01483579004479274,-0.01483579004479274,0.009958175416192117,SENSEX,2024-11-28 00:00:00+05:30
79032.9921875,79923.8984375,79026.1796875,79802.7890625,8900,0.0,0.0,79030.28515625,80927.2675,77662.2756640625,79230.52628620894,79528.53091201684,-298.0046258078946,-570.0166468631235,272.01202105522884,51.56353701236447,81032.58448763129,79030.28515625,77027.98582486871,5.06716969936921,1032.5212116206517,80.89863022933442,77.19295266351243,9870.0,0.9017223910840932,0.009602871195033558,0.009602871195033558,0.010157741965521898,SENSEX,2024-11-29 00:00:00+05:30
79743.8671875,80337.8203125,79308.953125,80248.078125,7300,0.0,0.0,79073.2359375,80873.26453125,77702.7560546875,79387.07272294603,79581.83070557115,-194.7579826251167,-494.96491401552214,300.20693139040543,54.195377936469136,81140.28292305203,79073.2359375,77006.18895194796,5.228183622549209,1032.260209897748,92.90613847703075,77.79840947202273,9770.0,0.7471852610030706,0.005579868419777423,0.005579868419777423,0.01009644908188027,SENSEX,2024-12-02 00:00:00+05:30
80529.203125,80949.1015625,80244.78125,80845.75,9400,0.0,0.0,79129.317578125,80826.48359375,77749.84265625,79611.48461172356,79675.45435701033,-63.96974528676947,-408.7658802697716,344.79613498300216,57.53091373500416,81321.05993954676,79129.317578125,76937.57521670325,5.539646817395664,1008.8359315121945,97.50742365319104,90.4373974531854,10125.0,0.928395061728395,0.007447802975032225,0.007447802975032225,0.010183006291128083,SENSEX,2024-12-03 00:00:00+05:30
81036.21875,81245.390625,80630.53125,80956.328125,7200,0.0,0.0,79238.021875,80754.72390625,77796.6468359375,79818.3836137661,79770.33389537992,48.04971838617348,-317.40276053858264,365.4524789247561,58.138299009714856,81561.80528240636,79238.021875,76914.23846759365,5.865324127026253,980.6947489041806,93.49348733252324,94.63568315424835,10010.0,0.7192807192807192,0.0013677667038773933,0.0013677667038773933,0.009744282181438396,SENSEX,2024-12-04 00:00:00+05:30
81182.7421875,82317.7421875,80467.3671875,81765.859375,7500,0.0,0.0,79352.483203125,80691.46890625,77850.113671875,80117.99526934055,79918.150597574,199.84467176655016,-213.9532740775561,413.79794584410627,62.38016819536756,81924.28591549909,79352.483203125,76780.6804907509,6.4819715995297535,1042.8147668395964,89.99308705494374,93.66466601355268,9955.0,0.7533902561526871,0.00999960433914504,0.00999960433914504,0.00979518658148158,SENSEX,2024-12-05 00:00:00+05:30
81887.5390625,81925.90625,81506.1875,81709.1171875,8800,0.0,0.0,79419.032421875,80627.37046875,77900.8833203125,80362.78325674971,80050.81478942037,311.9684673293377,-108.76892579617734,420.73739312551504,61.90665197897609,82157.06224646233,79419.032421875,76681.00259728768,6.895147777784234,998.3079084939109,88.96421984298549,90.81693141015084,9385.0,0.9376664890783165,-0.0006939594096329049,-0.0006939594096329049,0.009522385442245275,SENSEX,2024-12-06 00:00:00+05:30
81602.578125,81783.28125,81411.546875,81508.4609375,6400,0.0,0.0,79517.366015625,80554.14234375,77949.311484375,80539.04136148051,80158.788578167,380.25278331351,-10.964583974239872,391.2173672877499,60.167328558199955,82403.23812012102,79517.366015625,76631.49391112897,7.258470065341344,953.5526561014887,85.32585753100201,88.0943881429771,9295.0,0.6885422270037654,-0.0024557388074522013,-0.0024557388074522013,0.009187240446058113,SENSEX,2024-12-09 00:00:00+05:30
81575.9609375,81726.34375,81182.6875,81510.046875,5600,0.0,0.0,79618.55234375,80467.6209375,77996.6098046875,80688.4268250989,80258.88178533982,429.54503975907573,77.13734077242326,352.40769898665246,60.17685206014719,82632.06619734979,79618.55234375,76605.0384901502,7.569878539336081,924.2743413799537,85.35461424916633,86.54823054105128,9060.0,0.6181015452538632,1.9457335861394753e-05,1.9457335861394753e-05,0.009180590778766243,SENSEX,2024-12-10 00:00:00+05:30
81568.390625,81742.3671875,81383.421875,81526.140625,6300,0.0,0.0,79720.051953125,80386.70671875,78042.1073046875,80817.30587123752,80352.75281049983,464.5530607376859,154.6204847654758,309.9325759722101,60.28063248182863,82844.9262113831,79720.051953125,76595.1776948669,7.83961922176246,883.893696459957,84.45112828106897,85.04386668707912,8530.0,0.738569753810082,0.00019744498521356846,0.00019744498521356846,0.009180108866029237,SENSEX,2024-12-11 00:00:00+05:30
81476.7578125,81680.96875,81211.640625,81289.9609375,7800,0.0,0.0,79850.791015625,80326.5103125,78085.016328125,80890.02203527791,80422.17563472207,467.84640055584896,217.26566792355044,250.58073263229852,57.89612168861652,83008.486307071,79850.791015625,76693.095724179,7.908989382029061,854.2818699271029,69.76064765118412,79.85546339380649,8600.0,0.9069767441860465,-0.002896981087162853,-0.002896981087162853,0.008828352619540932,SENSEX,2024-12-12 00:00:00+05:30
81212.453125,82213.921875,80082.8203125,82133.1171875,11300,0.0,0.0,80072.89921875,80283.846875,78130.394921875,81081.26744331208,80548.91204603894,532.3553972731461,280.28361379346956,252.07178347967653,63.45402789975502,83216.54899985594,80072.89921875,76929.24943764406,7.851969422308155,945.4832765394527,94.56796820588026,82.9265813793778,8795.0,1.2848209209778283,0.010372206361967118,0.010372206361967118,0.0083640818486494,SENSEX,2024-12-13 00:00:00+05:30
82000.3125,82116.4375,81551.28125,81748.5703125,5200,0.0,0.0,80281.312109375,80268.87625,78176.0223046875,81183.92942318715,80637.77562133236,546.1538018547872,333.4576514057331,212.69615044905407,59.59043320669727,83285.93641652566,80281.312109375,77276.68780222433,7.4852396608993415,919.5084666080633,83.25384037200408,82.5274854096895,8550.0,0.6081871345029239,-0.004681995377359471,-0.004681995377359471,0.00848192126227288,SENSEX,2024-12-16 00:00:00+05:30
81511.8125,81613.640625,80612.203125,80684.453125,4900,0.0,0.0,80448.584375,80248.79625,78213.653359375,81107.08691577375,80641.23321419662,465.85370157712896,359.9368614400123,105.91684013711665,50.438383326493955,83135.01710342352,80448.584375,77762.15164657649,6.67863269265518,934.9983752432016,51.94541304542707,76.58907387443715,8385.0,0.5843768634466309,-0.013016951653493147,-0.013016951653493147,0.009102812898311613,SENSEX,2024-12-17 00:00:00+05:30
80666.2578125,80868.0234375,80050.0703125,80182.203125,4700,0.0,0.0,80578.775390625,80231.4403125,78248.850390625,80964.79710180855,80607.23098536725,357.56611644130317,359.4627124402705,-1.8965959989673138,46.78602674440787,82927.32864621488,80578.775390625,78230.22213503512,5.82921059349613,926.6380002258301,35.12081078515143,56.77335473419421,8260.0,0.5690072639225182,-0.006224867128018952,-0.006224867128018952,0.009289011108170542,SENSEX,2024-12-18 00:00:00+05:30
79029.03125,79516.171875,79020.078125,79218.046875,6500,0.0,0.0,80681.88828125,80183.105,78280.9899609375,80696.06629768416,80504.32845867338,191.73783901077695,325.9177377543718,-134.17989874359483,40.69408843430426,82552.7497565149,80681.88828125,78811.0268059851,4.637624416382626,943.4585002096993,6.003302527120287,31.023175452566267,8145.0,0.7980356046654389,-0.012024566704620598,-0.012024566704620598,0.009663960998310777,SENSEX,2024-12-19 00:00:00+05:30
79335.4765625,79587.1484375,77874.59375,78041.59375,9000,0.0,0.0,80628.1125,80114.59484375,78305.7218359375,80287.68590573274,80321.90366543831,-34.21775970557064,253.89063826238333,-288.108397967954,34.748588363081126,82724.0799993413,80628.1125,78532.14500065871,5.199098513787711,998.3939421590065,3.7585960124700426,14.96090310824726,7740.0,1.1627906976744187,-0.014850822147336573,-0.014850822147336573,0.008514922400722798,SENSEX,2024-12-20 00:00:00+05:30
78488.640625,78918.1171875,78189.1875,78540.171875,10300,0.0,0.0,80549.628515625,80053.17015625,78336.89828125,80018.83759331232,80189.92353281325,-171.085939500932,168.8953227097203,-339.9812622106523,38.8276080583508,82827.04396870312,80549.628515625,78272.21306254687,5.654688904335173,989.6889061119347,14.979875967738248,8.247258169109536,7555.0,1.3633355393778954,0.006388620491236452,0.006388620491236452,0.008114455965744942,SENSEX,2024-12-23 00:00:00+05:30
78707.3671875,78877.359375,78397.7890625,78472.8671875,6200,0.0,0.0,80473.06875,79995.0003125,78366.7611328125,79780.99599241812,80062.73417390116,-281.7381814830442,78.7686218711674,-360.50680335421157,38.477925224903125,82915.65643980503,80473.06875,78030.48106019499,6.070571752130476,953.2518637110823,13.465078781761948,10.734516920656757,7345.0,0.8441116405718175,-0.0008569460174739918,-0.0008569460174739918,0.008114026669614081,SENSEX,2024-12-24 00:00:00+05:30
78557.28125,78898.3671875,78173.3828125,78472.4765625,5600,0.0,0.0,80384.988671875,79924.98890625,78390.3967578125,79579.68531089225,79944.93731379737,-365.25200290512294,-10.03550308409067,-355.21649982103224,38.47575941526566,82978.10508617398,80384.988671875,77791.87225757603,6.451742936442682,936.9470430888621,13.778234677747491,14.07439647574924,7340.0,0.7629427792915532,-4.977835193265001e-06,-4.977835193265001e-06,0.008068288679220834,SENSEX,2024-12-26 00:00:00+05:30
78607.6171875,79043.1484375,78598.546875,78699.0703125,7700,0.0,0.0,80367.755078125,79862.56796875,78414.5306640625,79444.20608037036,79852.65086925683,-408.444788886467,-89.71736024456595,-318.72742864190104,40.56562758922265,83000.57494807783,80367.755078125,77734.93520817217,6.551930851853411,910.7845310825148,19.000097221272014,15.41447022692716,7330.0,1.0504774897680764,0.002887557012674735,0.002887557012674735,0.0074254380061070015,SENSEX,2024-12-27 00:00:00+05:30
78637.578125,79092.703125,78077.1328125,78248.1328125,8900,0.0,0.0,80290.022265625,79797.5034375,78437.3856640625,79260.19480839031,79733.79767986744,-473.6028714771237,-166.4944624910775,-307.1084089860462,37.812885285952895,83072.51993805643,80290.022265625,77507.52459319356,6.931116953053129,918.2692297551923,8.608223479297271,13.795518459438936,7330.0,1.21418826739427,-0.005729896150099445,-0.005729896150099445,0.007147220672847199,SENSEX,2024-12-30 00:00:00+05:30
77982.5703125,78305.34375,77560.7890625,78139.0078125,6100,0.0,0.0,80184.56875,79740.15140625,78457.6507421875,79087.70450133026,79615.66509709948,-527.9605957692256,-238.78768914670712,-289.1729066225185,37.155792835033544,83121.03470324718,80184.56875,77248.10279675284,7.324266998061694,905.8610481655357,12.426439848153377,13.344920182907565,7270.0,0.8390646492434664,-0.0013946019678384713,-0.0013946019678384713,0.006979575927002066,SENSEX,2024-12-31 00:00:00+05:30
78265.0703125,78756.4921875,77898.296875,78507.40625,5000,0.0,0.0,80067.6515625,79685.80453125,78479.5908203125,78998.42784727944,79533.57184916618,-535.1440018867434,-298.0589516947144,-237.08505019202897,40.890221748975804,83074.85898149511,80067.6515625,77060.4441435049,7.511666347920079,902.4563527608545,20.34365288171108,13.792772069720586,7050.0,0.7092198581560284,0.004714654662419049,0.004714654662419049,0.006824152655666259,SENSEX,2025-01-01 00:00:00+05:30
78657.5234375,80032.8671875,78542.3671875,79943.7109375,8600,0.0,0.0,80017.020703125,79661.65328125,78511.796171875,79143.85601500567,79563.9525223761,-420.0965073704283,-322.46646282985716,-97.63004454057113,52.693295527713175,82996.64577590393,80017.020703125,77037.39563034607,7.447478165511262,946.9566802422221,51.21112959850638,27.993740776123627,7120.0,1.2078651685393258,0.018295148905139058,0.018295148905139058,0.008118276115935045,SENSEX,2025-01-02 00:00:00+05:30
80072.9921875,80072.9921875,79109.7265625,79223.109375,10900,0.0,0.0,79889.883203125,79641.70109375,78539.5719140625,79156.04883962018,79538.70488182972,-382.65604220953537,-334.5043787057928,-48.151663503742554,47.56197677732139,82775.69010900834,79889.883203125,77004.07629724167,7.2244614466289585,948.1216048677777,36.48921411091656,36.01466553037802,7290.0,1.49519890260631,-0.009013861804130774,-0.009013861804130774,0.007922878916178383,SENSEX,2025-01-03 00:00:00+05:30
79281.6484375,79532.671875,77781.6171875,77964.9921875,11800,0.0,0.0,79702.676953125,79599.36140625,78565.587421875,78972.80935467863,79422.13357113862,-449.3242164599942,-357.46834625663314,-91.85587020336106,40.20120600236894,82577.88397250877,79702.676953125,76827.46993374123,7.214831745424933,1005.4739679129364,9.973301976810308,32.55788189541109,7440.0,1.586021505376344,-0.015880684277926327,-0.015880684277926327,0.008540356203072556,SENSEX,2025-01-06 00:00:00+05:30
78019.796875,78452.7421875,77925.09375,78199.109375,9400,0.0,0.0,79537.209375,79562.04046875,78591.0965625,78853.77858857423,79331.53918623946,-477.76059766522667,-381.5267965383519,-96.23380112687477,42.000027506036666,82358.07258675354,79537.209375,76716.34616324648,7.093191309878115,971.343572883441,19.30072804410785,21.921081377278252,7590.0,1.238471673254282,0.003002850137366231,0.003002850137366231,0.00862221210461425,SENSEX,2025-01-07 00:00:00+05:30
78319.453125,78319.453125,77486.7890625,78148.4921875,10100,0.0,0.0,79369.131640625,79536.96453125,78618.621875,78745.27298840896,79243.90607522172,-498.6330868127552,-404.9480545932326,-93.68503221952261,41.707906069600774,82098.88589427943,79369.131640625,76639.37738697056,6.878629505522305,961.437893570338,25.585891479425076,18.286640500114423,7815.0,1.292386436340371,-0.0006472859845151335,-0.0006472859845151335,0.008615136833062547,SENSEX,2025-01-08 00:00:00+05:30
78206.2109375,78206.2109375,77542.921875,77620.2109375,6800,0.0,0.0,79173.83515625,79489.26796875,78642.9808203125,78572.18651903834,79123.63236131641,-551.4458422780735,-434.24761213020076,-117.19823014787278,38.68381400191267,81815.84245971015,79173.83515625,76531.82785278985,6.6739404457195635,940.1415484938854,5.158986690188923,16.681868737907294,7840.0,0.8673469387755102,-0.0067599672778395625,-0.0067599672778395625,0.008659187282694755,SENSEX,2025-01-09 00:00:00+05:30
77682.59375,77919.703125,77099.546875,77378.90625,8500,0.0,0.0,78978.282421875,79429.46546875,78669.8151171875,78388.60493918628,78994.39339010778,-605.7884509215073,-468.5557798884621,-137.23267103304522,37.35160863856063,81542.65279199221,78978.282421875,76413.9120517578,6.493862088363013,931.5711700300363,9.395140843035094,13.380006337549709,7875.0,1.0793650793650793,-0.00310878680417781,-0.00310878680417781,0.008659935759676623,SENSEX,2025-01-10 00:00:00+05:30
76629.8984375,77128.3515625,76249.71875,76330.0078125,13600,0.0,0.0,78688.126953125,79357.22203125,78690.95671875,78071.89768892685,78797.03149547018,-725.1338065433229,-519.8713852194343,-205.2624213238886,32.16608662903866,81065.37532311206,78688.126953125,76310.87858313794,6.0422034734749905,945.686622170748,2.100008377964727,5.5513786370629274,7990.0,1.702127659574468,-0.013555353627139222,-0.013555353627139222,0.00844892074381708,SENSEX,2025-01-13 00:00:00+05:30
76335.75,76835.609375,76335.75,76499.6328125,16800,0.0,0.0,78425.680078125,79299.4334375,78710.2489453125,77830.01078486118,78626.85381525017,-796.8430303889909,-575.2657142533455,-221.57731613564533,33.76747110694387,80537.65426673125,78425.680078125,76313.70588951877,5.385925086023769,914.251975051409,6.5366515522733915,6.010600257757749,8570.0,1.9603267211201867,0.0022222583864615064,0.0022222583864615064,0.008543895939500808,SENSEX,2025-01-14 00:00:00+05:30
76900.140625,76991.046875,76479.703125,76724.078125,12800,0.0,0.0,78227.661328125,79239.43265625,78729.7096484375,77659.86729872868,78485.90746782423,-826.0401690955478,-625.420605221786,-200.61956387376176,35.9230116511046,80192.92669897215,78227.661328125,76262.39595727785,5.024476860183421,885.4728161191655,12.407152738470593,7.014604222902915,8965.0,1.4277746793084216,0.002933939736026181,0.002933939736026181,0.008328713943072448,SENSEX,2025-01-15 00:00:00+05:30
77319.5,77319.5,76895.5078125,77042.8203125,8600,0.0,0.0,78070.6921875,79204.64421875,78752.572265625,77564.93699315505,78379.01212298541,-814.0751298303658,-663.151510143502,-150.92361968686373,38.96113232116873,79881.88893350308,78070.6921875,76259.49544149691,4.639889042236722,864.7548917535107,20.744045003974424,13.229283098239483,9160.0,0.9388646288209607,0.004154395794508048,0.004154395794508048,0.00840612133466989,SENSEX,2025-01-16 00:00:00+05:30
77069.1875,77069.1875,76263.2890625,76619.328125,9700,0.0,0.0,77940.75625,79147.498125,78770.68734375,77419.45870574657,78248.66516017167,-829.2064544251043,-696.3624989998225,-132.84395542528182,36.485886327742534,79776.75930934223,77940.75625,76104.75319065778,4.711278534309133,860.5508593068314,9.667353932228396,14.272850558224484,9320.0,1.0407725321888412,-0.0054968417015659465,-0.0054968417015659465,0.00811657277506155,SENSEX,2025-01-17 00:00:00+05:30
76978.53125,77318.9375,76584.84375,77073.4375,11300,0.0,0.0,77892.3484375,79081.40421875,78787.7977734375,77366.22467409325,78161.61125941822,-795.3865853249736,-716.1673162648527,-79.21926906012084,40.82708357515914,79765.83414366617,77892.3484375,76018.86273133382,4.810448635194098,851.5182086420576,21.54485582748749,17.31875158789678,9435.0,1.197668256491786,0.00592682533393063,0.00592682533393063,0.007652434362884148,SENSEX,2025-01-20 00:00:00+05:30
77261.71875,77337.359375,75641.8671875,75838.359375,32900,0.0,0.0,77757.2578125,79007.335625,78796.9168359375,77131.16847423275,77989.5185272391,-858.3500530063466,-744.6038636131516,-113.74618939319498,34.016980525601895,79805.86464542248,77757.2578125,75708.65097957752,5.269236314537709,911.8020642747678,4.4343634517193715,11.882191070478433,10565.0,3.1140558447704687,-0.01602469235915427,-0.01602469235915427,0.008197465776954307,SENSEX,2025-01-21 00:00:00+05:30
76114.421875,76463.1328125,75816.5,76404.9921875,16000,0.0,0.0,77653.8640625,78945.7090625,78809.422265625,77019.44904550463,77872.14620577694,-852.6971602723061,-766.2225229449825,-86.47463732732353,39.040827072043285,79755.60952623586,77653.8640625,75552.11859876414,5.413112377883122,892.861403433713,17.22192445485063,14.40038124468584,11055.0,1.4473089099954772,0.00747158584613028,0.00747158584613028,0.008451065155422774,SENSEX,2025-01-22 00:00:00+05:30
76414.5234375,76743.5390625,76202.1171875,76520.3828125,11200,0.0,0.0,77556.259375,78886.19375,78822.640078125,76942.66962504238,77772.01558405273,-829.3459590103448,-778.847210158055,-50.49874885228985,40.0419902705939,79678.0882931825,77556.259375,75434.43045681748,5.47171546250843,867.7585799741621,22.57927846705875,14.745188791209594,11335.0,0.9880899867666519,0.0015102498108607865,0.0015102498108607865,0.00847005977946721,SENSEX,2025-01-23 00:00:00+05:30
76455.3515625,76985.953125,76091.75,76190.4609375,7800,0.0,0.0,77430.82890625,78836.499375,78832.45421875,76826.94521157432,77654.86338801178,-827.9181764374662,-788.6614034139373,-39.25677302352892,38.1145459925022,79564.1606794803,77430.82890625,75297.4971330197,5.510290418854344,869.6474760474363,19.516831947347356,19.77267828975226,11340.0,0.6878306878306878,-0.004311555468931916,-0.004311555468931916,0.008439019879232368,SENSEX,2025-01-24 00:00:00+05:30
75700.4296875,75925.71875,75267.59375,75366.171875,9500,0.0,0.0,77286.730859375,78790.00375,78838.043984375,76602.21085210134,77485.33068334425,-883.1198312429042,-807.5530889797307,-75.56674226317352,33.74417683237746,79564.2321354504,77286.730859375,75009.22958329962,5.893641122482862,873.4488840083337,3.230100502255285,15.108736972220477,11370.0,0.8355321020228672,-0.010818796111184747,-0.010818796111184747,0.008644792531710792,SENSEX,2025-01-27 00:00:00+05:30
75659.0,76512.9609375,75622.8828125,75901.40625,13000,0.0,0.0,77174.85078125,78756.425625,78843.838515625,76494.39475947036,77368.00294754097,-873.6081880706042,-820.7641087979054,-52.84407927269888,38.662348248257615,79493.36174924273,77174.85078125,74856.33981325728,6.008462457710433,892.9731824720242,21.568392871859903,14.771775107154193,11715.0,1.1096884336320956,0.0071017853459205416,0.0071017853459205416,0.008873519103430904,SENSEX,2025-01-28 00:00:00+05:30
76138.2421875,76599.7265625,75975.796875,76532.9609375,10200,0.0,0.0,77076.128515625,78740.3046875,78853.0848046875,76500.32801762877,77306.14798383423,-805.8199662054685,-817.7752802794181,11.95531407394958,43.949377307703955,79326.41126777524,77076.128515625,74825.84576347475,5.839117235095862,879.0694060454509,47.71172710401508,24.170073492710102,11975.0,0.8517745302713987,0.008320724459568218,0.008320724459568218,0.009039688046247885,SENSEX,2025-01-29 00:00:00+05:30
76598.84375,76962.8828125,76401.1328125,76759.8125,18500,0.0,0.0,76916.93359375,78723.93328125,78861.693125,76540.24870722434,77265.6786887354,-725.4299815110571,-799.306220525746,73.87623901468885,45.75795069714744,78743.89986249193,76916.93359375,75089.96732500807,4.750491688582827,856.4037341850616,72.09602536519081,47.125381780355276,12470.0,1.483560545308741,0.0029641027829205857,0.0029641027829205857,0.007870967881464415,SENSEX,2025-01-30 00:00:00+05:30
76888.890625,77605.9609375,76833.8671875,77500.5703125,12600,0.0,0.0,76830.806640625,78730.82890625,78877.971484375,76687.99049265136,77283.07806827352,-595.0875756221649,-758.4624915450298,163.37491592286494,51.28550535149811,78351.52073472434,76830.806640625,75310.09254652566,3.9586050455319564,855.6712129932714,95.49298221582234,71.76691156167608,12555.0,1.003584229390681,0.009650333792829313,0.009650333792829313,0.008098817267733928,SENSEX,2025-01-31 00:00:00+05:30
77063.9375,77260.3671875,76756.09375,77186.7421875,11400,0.0,0.0,76791.894140625,78692.2215625,78896.9062890625,76764.72152262807,77275.94207710511,-511.2205544770404,-709.014104131432,197.79354965439154,49.00697329893248,78232.23343298817,76791.894140625,75351.55484826182,3.7512795028224155,847.7287379580378,82.07215905863801,83.22038887988373,12535.0,0.9094535301156761,-0.004049365362533086,-0.004049365362533086,0.007358067714228406,SENSEX,2025-02-03 00:00:00+05:30
77687.6015625,78658.59375,77402.3671875,78583.8125,11800,0.0,0.0,76811.129296875,78661.70078125,78925.106953125,77044.58167299298,77372.82136768992,-328.2396946969384,-632.8592222445333,304.6195275475949,57.961094843578046,78334.03462891078,76811.129296875,75288.22396483923,3.9653246761930787,892.3089397110351,97.7947139486877,91.78661840771603,12655.0,0.9324377716317661,0.018099874057468046,0.018099874057468046,0.008430012390450629,SENSEX,2025-02-04 00:00:00+05:30
78704.6015625,78735.40625,78216.25,78271.28125,8000,0.0,0.0,76817.26875,78627.04515625,78954.0183984375,77233.30468484022,77439.37395156473,-206.06926672451664,-547.50123114053,341.43196441601333,55.60867616333373,78362.51653718595,76817.26875,75272.02096281406,4.023178153378291,865.6551761602469,86.61620257727314,88.82769186153295,12550.0,0.6374501992031872,-0.003977043618238807,-0.003977043618238807,0.008481992531373715,SENSEX,2025-02-05 00:00:00+05:30
78513.359375,78551.65625,77843.9921875,78058.15625,8000,0.0,0.0,76839.166015625,78583.52671875,78978.8675390625,77360.20492563403,77485.20967737475,-125.00475174072199,-463.00193526056836,337.9971835198464,53.99917680091121,78440.69337695025,76839.166015625,75237.63865429975,4.168518333474845,854.3700966130864,80.47039740470397,88.2937713102216,12610.0,0.63441712926249,-0.0027229016389711536,-0.0027229016389711536,0.00835694500634802,SENSEX,2025-02-06 00:00:00+05:30
78119.6015625,78356.9765625,77475.7421875,77860.1875,10900,0.0,0.0,76863.230078125,78559.855625,78999.925390625,77437.12532169033,77512.98581238402,-75.86049069369619,-385.5736463471939,309.7131556534977,52.47972566963951,78510.29007789666,76863.230078125,75216.17007835333,4.285690304967839,856.288973640723,74.76164729206091,80.61608242467936,12730.0,0.8562450903377847,-0.0025361699470066723,-0.0025361699470066723,0.008345572594737427,SENSEX,2025-02-07 00:00:00+05:30
77789.296875,77849.578125,77106.890625,77311.796875,7000,0.0,0.0,76912.31953125,78510.03578125,79017.792109375,77417.84402219951,77498.08292813334,-80.23890593383112,-324.50669826452133,244.2677923306902,48.41563581507342,78551.38779784399,76912.31953125,75273.25126465602,4.262173541465012,848.9323951663856,58.94791385059025,71.39331951578505,12400.0,0.5645161290322581,-0.00704327388114756,-0.00704327388114756,0.007889344315300457,SENSEX,2025-02-10 00:00:00+05:30
77384.9765625,77387.28125,76030.59375,76293.6015625,9800,0.0,0.0,76902.01796875,78430.94625,79029.9954296875,77244.88364378421,77408.86208623459,-163.97844245037413,-292.4010471016919,128.42260465131778,41.923921499765484,78553.8716587601,76902.01796875,75250.16427873992,4.295995693328456,885.2006169402151,29.586599981977113,54.43205370820943,12050.0,0.8132780082987552,-0.013169986388316013,-0.013169986388316013,0.008459952616825344,SENSEX,2025-02-11 00:00:00+05:30
76188.2421875,76459.71875,75388.390625,76171.078125,10400,0.0,0.0,76874.36796875,78337.4528125,79039.1536328125,77079.68279474048,77317.1743854024,-237.4915906619135,-281.4191558137362,43.927565151822705,41.20789847242578,78555.46422317372,76874.36796875,75193.27171432627,4.373619709256288,898.4954389444855,26.053437866089933,38.19598389955244,11930.0,0.8717518860016764,-0.0016059464357522923,-0.0016059464357522923,0.008435108622497255,SENSEX,2025-02-12 00:00:00+05:30
76201.1015625,76764.53125,76013.4296875,76138.96875,6900,0.0,0.0,76829.175390625,78241.105625,79051.1976953125,76934.9575570881,77229.89989389111,-294.94233680301113,-284.1237920115912,-10.818544791419924,41.010222185272454,78538.09385091848,76829.175390625,75120.25693033151,4.44861851400793,887.9673049127366,25.12751194016401,26.922516596077028,11845.0,0.5825242718446602,-0.00042154287152540437,-0.00042154287152540437,0.008368932276430891,SENSEX,2025-02-13 00:00:00+05:30
76388.9921875,76483.0625,75439.640625,75939.2109375,9300,0.0,0.0,76795.16953125,78124.57265625,79057.53734375,76781.76576945916,77134.29330452881,-352.52753506964655,-297.8045406232023,-54.72299444644426,39.73324041291076,78545.99130419883,76795.16953125,75044.34775830116,4.559718491763685,899.0712027761126,16.457058293535752,22.546002699929904,11825.0,0.7864693446088795,-0.0026235949314719065,-0.0026235949314719065,0.008304074479925197,SENSEX,2025-02-14 00:00:00+05:30
75641.40625,76041.9609375,75294.7578125,75996.859375,8100,0.0,0.0,76741.340625,78010.3275,79065.107734375,76661.01093954236,77050.03893937853,-389.0279998361657,-316.049232465795,-72.97876737037069,40.310879016975754,78520.59886501673,76741.340625,74962.08238498327,4.637026732986476,888.2234829349617,20.406082610699745,20.663550948133178,11665.0,0.6943849121303043,0.0007591392745369685,0.0007591392745369685,0.008175834092731503,SENSEX,2025-02-17 00:00:00+05:30
76073.7109375,76091.6875,75531.0078125,75967.390625,8600,0.0,0.0,76747.7921875,77899.50609375,79071.889140625,76554.30012192046,76969.84276794308,-415.5426460226154,-335.9479151771591,-79.5947308454563,40.099299310769005,78514.80041808703,76747.7921875,74980.78395691297,4.6047141688978135,864.8274975467501,19.549594348812338,18.804245084349287,10450.0,0.8229665071770335,-0.00038776273443863474,-0.00038776273443863474,0.007334743335004695,SENSEX,2025-02-18 00:00:00+05:30
75787.2734375,76338.578125,75581.3828125,75939.1796875,5100,0.0,0.0,76724.5015625,77788.08875,79082.194296875,76459.6662089327,76893.49735457692,-433.83114564421703,-355.5245612705707,-78.30658437364633,39.883482484640936,78521.00281246951,76724.5015625,74928.00031253048,4.682992299418406,857.1394843291251,18.729663512737197,19.561780157416436,9905.0,0.5148914689550732,-0.00037135588399050956,-0.00037135588399050956,0.007127196380115021,SENSEX,2025-02-19 00:00:00+05:30
75672.84375,75794.1484375,75463.0078125,75735.9609375,6900,0.0,0.0,76685.28046875,77672.28515625,79091.39640625,76348.3269364046,76807.75391627493,-459.4269798703317,-376.3050449905229,-83.1219348798088,38.284999196777896,78531.4584626057,76685.28046875,74839.1024748943,4.814947490758768,829.9275122341877,12.823255064111734,17.034170975220434,9690.0,0.7120743034055728,-0.0026760724942812564,-0.0026760724942812564,0.007133271524133025,SENSEX,2025-02-20 00:00:00+05:30
75612.609375,75748.71875,75112.40625,75311.0625,12700,0.0,0.0,76641.310546875,77552.7071875,79100.3924609375,76188.74779234236,76696.88788543975,-508.1400930973905,-402.67205461189644,-105.46803848549405,35.11597335751867,78572.46706572689,76641.310546875,74710.15402802311,5.039466327159847,816.0978685031743,5.483197626276566,12.345372067708508,9935.0,1.2783090085556115,-0.005610260069858208,-0.005610260069858208,0.007175666537420974,SENSEX,2025-02-21 00:00:00+05:30
74893.453125,74907.0390625,74387.4375,74454.40625,6400,0.0,0.0,76595.722265625,77399.13296875,79105.3325390625,75921.92601659738,76530.77813466644,-608.8521180690586,-443.9080673033289,-164.94405076572974,29.76629097790078,78681.95492019417,76595.722265625,74509.48961105582,5.447386858849285,823.7783778958046,1.5402307111797895,6.61556113385604,9780.0,0.65439672801636,-0.011374905911067157,-0.011374905911067157,0.007218477744515976,SENSEX,2025-02-24 00:00:00+05:30
74440.296875,74785.078125,74400.3671875,74602.1171875,10700,0.0,0.0,76530.7578125,77256.20390625,79116.322265625,75718.87850442856,76387.91436080227,-669.03585637371,-488.9336251174051,-180.1022312563049,31.698457482757405,78774.40717545892,76530.7578125,74287.10844954108,5.863392515871473,792.4164178675328,5.155341262992008,4.059589866816131,9665.0,1.107087428867046,0.0019839112947059867,0.0019839112947059867,0.007019664841233201,SENSEX,2025-02-25 00:00:00+05:30
74706.6015625,74834.09375,74520.78125,74612.4296875,6700,0.0,0.0,76434.73125,77134.7634375,79126.0620703125,75548.65560951647,76256.3969775947,-707.7413680782338,-532.6951737095709,-175.0461943686629,31.839440915095736,78829.11502236503,76434.73125,74040.34747763496,6.265172214797408,758.1947094484233,5.66796758912106,4.121179854430962,9490.0,0.7060063224446786,0.00013823334228013628,0.00013823334228013628,0.006688305079967792,SENSEX,2025-02-27 00:00:00+05:30
74201.7734375,74282.4296875,73141.2734375,73198.1015625,9100,0.0,0.0,76256.645703125,76995.08140625,79128.1719140625,75187.03190997547,76029.85657647658,-842.8246665011102,-594.7210722678788,-248.10359423323143,24.400551408598147,79027.96931907517,76256.645703125,73485.32208717483,7.268412058771159,809.1205337735358,1.2069763698783567,4.010095073997151,9020.0,1.0088691796008868,-0.01895566370005164,-0.01895566370005164,0.007683539590057793,SENSEX,2025-02-28 00:00:00+05:30
73427.6484375,73649.71875,72784.5390625,73085.9375,10100,0.0,0.0,76035.9140625,76872.43921875,79128.0785546875,74863.78661613309,75811.78849673757,-948.0018806044827,-665.3772339351996,-282.62464666928315,23.92318709641181,79066.84678539942,76035.9140625,73004.98133960058,7.972371372843775,813.1247590397118,6.548236360457675,4.47439343981904,8895.0,1.135469364811692,-0.0015323356768239815,-0.0015323356768239815,0.007153302260240359,SENSEX,2025-03-03 00:00:00+05:30
72817.34375,73033.1796875,72633.5390625,72989.9296875,6200,0.0,0.0,75826.0734375,76771.4059375,79128.093046875,74575.50093480492,75602.76191827553,-1027.260983470609,-737.7539838422815,-289.50699962832755,23.499402991367305,79082.01322610663,75826.0734375,72570.13364889337,8.587916111178703,787.3585932154466,8.627240353501637,5.460817694612565,8635.0,0.7180081065431384,-0.0013136290753608115,-0.0013136290753608115,0.007156400603076111,SENSEX,2025-03-04 00:00:00+05:30
73005.3671875,73933.796875,72894.046875,73730.2265625,9300,0.0,0.0,75583.394140625,76675.20703125,79128.4255859375,74445.45872368109,75464.0555956255,-1018.5968719444063,-793.9225614627065,-224.67431048169976,33.309506362868234,78701.5764348193,75583.394140625,72465.21184643068,8.25097186927818,805.3865508429146,26.547798936015297,13.907758549991547,8510.0,1.0928319623971798,0.010142452228266485,0.010142452228266485,0.006074657424550644,SENSEX,2025-03-05 00:00:00+05:30
74308.296875,74390.796875,73415.6796875,74340.09375,10100,0.0,0.0,75386.834765625,76592.5515625,79130.5408984375,74429.24872773016,75380.7991626162,-951.5504348860413,-825.4481361473735,-126.10229873866786,40.12177424569444,78290.75112425904,75386.834765625,72482.91840699095,7.704041077363752,817.5101677469921,44.33158325198533,26.502207513834094,8615.0,1.1723737666860128,0.00827160332924004,0.00827160332924004,0.006584516230491127,SENSEX,2025-03-06 00:00:00+05:30
74347.140625,74586.4296875,74038.03125,74332.578125,6900,0.0,0.0,75200.555859375,76509.75359375,79132.4372265625,74414.37632731014,75303.15315982982,-888.7768325196812,-838.113875421835,-50.662957097846174,40.06745745671252,77863.0792137461,75200.555859375,72538.03250500391,7.081126792067893,798.2879013007785,45.85752090164367,38.91230102988144,8560.0,0.8060747663551402,-0.00010109786820111655,-0.00010109786820111655,0.006607005393181457,SENSEX,2025-03-07 00:00:00+05:30
74474.9765625,74741.25,74022.2421875,74115.171875,6600,0.0,0.0,75013.305078125,76418.075625,79131.9077734375,74368.34487310858,75215.15454613871,-846.8096730301331,-839.8530349434948,-6.95663808663835,38.446031641801184,77415.31731335647,75013.305078125,72611.29284289354,6.404229843571916,792.6250378150086,39.98966778774684,43.39292398045862,8345.0,0.7908927501497903,-0.0029247774728653475,-0.0029247774728653475,0.006607931999747347,SENSEX,2025-03-10 00:00:00+05:30
73743.8828125,74195.171875,73663.6015625,74102.3203125,11700,0.0,0.0,74852.83125,76335.159375,79125.3291796875,74327.41801763033,75132.72238068399,-805.3043630536558,-832.943300565527,27.638937511871177,38.347242768429055,77038.24222295894,74852.83125,72667.42027704106,5.839220605189706,773.9782717210794,39.64280066210503,41.82999645049852,8580.0,1.3636363636363635,-0.00017339988796993833,-0.00017339988796993833,0.006534240643032229,SENSEX,2025-03-11 00:00:00+05:30
74270.8125,74392.1484375,73598.15625,74029.7578125,13800,0.0,0.0,74739.6390625,76252.974375,79118.426015625,74281.62413991797,75051.02130155925,-769.3971616412746,-820.2340727806766,50.83691113940199,37.75731531398129,76847.97902406045,74739.6390625,72631.29910093956,5.64182537675188,775.4078371338594,44.17561882350615,41.26936242445269,8780.0,1.571753986332574,-0.000979220349565213,-0.000979220349565213,0.0059931799111569775,SENSEX,2025-03-12 00:00:00+05:30
74392.5390625,74401.109375,73770.59375,73828.90625,9900,0.0,0.0,74622.53046875,76159.404375,79110.618046875,74211.97523377674,74960.494260703,-748.519026926253,-805.8910636097919,57.37203668353891,36.10177164438477,76658.78266231912,74622.53046875,72586.27827518088,5.45747291274677,765.0583934100123,38.37233506293527,40.73025151618216,8755.0,1.1307824100513992,-0.002713119270344122,-0.002713119270344122,0.005999438726562313,SENSEX,2025-03-13 00:00:00+05:30
73830.03125,74376.3515625,73796.0625,74169.953125,7400,0.0,0.0,74524.0796875,76043.92921875,79105.615546875,74205.51029396494,74901.93565805833,-696.4253640933894,-783.9979237065115,87.57255961312217,40.84480286534887,76444.65278133092,74524.0796875,72603.50659366907,5.154234985213961,751.8605840592971,67.57924180778535,50.042398564742264,8780.0,0.8428246013667426,0.0046194220166981825,0.0046194220166981825,0.006152966599854813,SENSEX,2025-03-17 00:00:00+05:30
74608.65625,75385.7578125,74480.1484375,75301.2578125,14500,0.0,0.0,74492.18203125,75965.4921875,79109.60734375,74374.08683527802,74931.51507690585,-557.4282416278293,-738.6839872907751,181.25574566294586,53.243123265909965,76337.39558081569,74492.18203125,72646.96848168432,4.954113302229766,784.9994485907758,96.92974986090768,67.62710891054279,9040.0,1.6039823008849559,0.015252870466203383,0.015252870466203383,0.007164498559019752,SENSEX,2025-03-18 00:00:00+05:30
75473.171875,75568.3828125,75201.4765625,75449.046875,12200,0.0,0.0,74464.79140625,75915.17328125,79117.4245703125,74539.46530292757,74969.85076565357,-430.3854627260007,-677.0242823778202,246.63881965181952,54.58231372434158,76234.57086771725,74464.79140625,72695.01194478276,4.753332220625019,755.1356486914347,95.93382313794389,86.81427160221233,9245.0,1.3196322336398052,0.0019626373687939846,0.0019626373687939846,0.007179760591411139,SENSEX,2025-03-19 00:00:00+05:30
75917.109375,76456.25,75684.578125,76348.0625,9100,0.0,0.0,74483.825,75878.15234375,79129.3583203125,74817.71102555409,75071.9405237533,-254.22949819921632,-592.4653255420995,338.2358273428832,61.757772347552304,76324.5996607177,74483.825,72643.0503392823,4.9427500822297885,773.1404684277607,97.16987494558632,96.6778159814793,9270.0,0.9816612729234089,0.011915533227204955,0.011915533227204955,0.0076845256650698406,SENSEX,2025-03-20 00:00:00+05:30
76155.0,77041.9375,76095.2578125,76905.5078125,8500,0.0,0.0,74532.14140625,75853.29265625,79131.541953125,75138.91053123809,75207.76032291973,-68.84979168164136,-487.7422187700079,418.89242708836656,65.40724049368656,76563.9906936418,74532.14140625,72500.2921188582,5.4522766931299165,785.5361269329206,96.90523237782996,96.66964348712007,9440.0,0.9004237288135594,0.00730136815849125,0.00730136815849125,0.007840343132559463,SENSEX,2025-03-21 00:00:00+05:30
77456.2734375,78107.2265625,77179.3515625,77984.3828125,10100,0.0,0.0,74644.5625,75860.57609375,79161.0686328125,75576.67549758607,75413.43606288864,163.23943469743244,-357.5458880765199,520.7853227739523,71.14630798172857,77128.83611013964,74644.5625,72160.28888986036,6.656274822803454,815.2634571519977,97.75574053140593,97.27694928494076,9600.0,1.0520833333333333,0.014028579105548111,0.014028579105548111,0.008339916202782202,SENSEX,2025-03-24 00:00:00+05:30
78296.28125,78741.6875,77745.6328125,78017.1875,12700,0.0,0.0,74779.86875,75873.34171875,79179.243359375,75952.13888257282,75606.3065397117,345.8323428611184,-216.87024188899227,562.7025847501106,71.30221082073652,77658.14248142389,74779.86875,71901.5950185761,7.697990861809025,828.1771164625694,87.61038773650698,94.09045354858097,9600.0,1.3229166666666667,0.00042065714078765026,0.00042065714078765026,0.008176853397040195,SENSEX,2025-03-25 00:00:00+05:30
78021.453125,78167.8671875,77194.21875,77288.5,10500,0.0,0.0,74921.5734375,75892.5115625,79190.3133203125,76157.73290063854,75730.91346269601,426.81943794252584,-88.13230592268866,514.9517438652144,63.14100683874317,77994.29206781434,74921.5734375,71848.85480718566,8.202493592523435,838.5679251081002,72.71525782238983,86.02712869676759,9805.0,1.0708822029576746,-0.009340089323266132,-0.009340089323266132,0.008015381273790555,SENSEX,2025-03-26 00:00:00+05:30
77087.390625,77747.4609375,77082.5078125,77606.4296875,12700,0.0,0.0,75071.7890625,75914.6475,79194.878671875,76380.60932938645,75869.84059045927,510.7687389271887,31.647903047286817,479.12083587990185,65.02213744950679,78353.9561823469,75071.7890625,71789.6219426531,8.744075932743188,826.1668679575216,77.92843559568146,79.4180270515261,9905.0,1.2821807168096921,0.004113544544143144,0.004113544544143144,0.008030683053314135,SENSEX,2025-03-27 00:00:00+05:30
77690.6875,77766.703125,77185.6171875,77414.921875,16700,0.0,0.0,75211.913671875,75928.464375,79199.502890625,76539.73433640393,75984.2910559808,555.4432804231328,136.40697852245603,419.0363019006768,62.93845443139946,78639.73126420932,75211.913671875,71784.09607954067,9.115092077802382,808.6610872105558,74.20516060828832,74.94961800878654,10405.0,1.604997597308986,-0.0024676797176619303,-0.0024676797176619303,0.008083559632526197,SENSEX,2025-03-28 00:00:00+05:30
76882.578125,77487.046875,75912.1796875,76024.5078125,10600,0.0,0.0,75353.233984375,75908.098125,79197.3424609375,76460.46871734178,75987.27007498221,473.1986423595663,203.76531128987807,269.4333310696882,50.328193066791165,78668.50497307541,75353.233984375,72037.96299567458,8.799279907184502,863.3900943740875,47.17287490962556,66.43549037119847,10480.0,1.0114503816793894,-0.017960543378769622,-0.017960543378769622,0.007950553625257435,SENSEX,2025-04-01 00:00:00+05:30
76146.28125,76680.3515625,76064.9375,76617.4375,10800,0.0,0.0,75529.808984375,75908.0603125,79197.396796875,76484.61776082765,76033.94914350205,450.6686173256021,253.14597249702288,197.52264482857922,54.51356133201405,78716.94284447412,75529.808984375,72342.67512427589,8.439406647403128,848.5653554902241,58.700552271360266,60.02619592975807,10515.0,1.0271041369472182,0.007799191399730621,0.007799191399730621,0.00801049504900805,SENSEX,2025-04-02 00:00:00+05:30
75811.859375,76493.7421875,75807.546875,76295.359375,6900,0.0,0.0,75695.08046875,75892.49875,79194.8191015625,76455.50108608493,76053.31286435375,402.1882217311795,282.9544223438542,119.23379938732529,51.95276464920422,78674.27158373044,75695.08046875,72715.88935376957,7.871558089459637,845.8028747409223,50.78893603646079,52.22078773914888,10550.0,0.6540284360189573,-0.004203718311513671,-0.004203718311513671,0.008106368203862964,SENSEX,2025-04-03 00:00:00+05:30
76160.09375,76258.1171875,75240.546875,75364.6875,11700,0.0,0.0,75776.803515625,75883.0253125,79186.678671875,76287.68361130264,76002.30357810532,285.38003319731797,283.439544514547,1.9404886827709902,45.32684615747012,78622.60161144889,75776.803515625,72931.0054198011,7.511000632897097,860.7321336879993,31.717427018829774,47.06897177555029,10670.0,1.0965323336457358,-0.012198276312267553,-0.012198276312267553,0.008491411860936292,SENSEX,2025-04-04 00:00:00+05:30
71449.9375,73403.9921875,71425.0078125,73137.8984375,29400,0.0,0.0,75716.69375,75817.6834375,79165.8624609375,75803.10127687146,75790.12541954196,12.975857329496648,229.34680707753694,-216.3709497480403,34.115527633444614,78727.35000381632,75716.69375,72706.0374961837,7.952423976030549,1080.656958960285,23.410764146561526,35.305709067284035,11635.0,2.526858616244091,-0.029546849278715537,-0.029546849278715537,0.01073268756317512,SENSEX,2025-04-07 00:00:00+05:30
74013.7265625,74859.390625,73424.921875,74227.078125,17100,0.0,0.0,75711.41875,75771.81734375,79150.3098828125,75560.63617658355,75674.34413846477,-113.70796188122767,160.73585328578403,-274.44381516701173,41.71004294807066,78732.10997975493,75711.41875,72690.72752024507,7.979486528258799,1126.4309038559788,38.297020399664724,31.14173718835202,12145.0,1.407986825854261,0.014892138149563472,0.014892138149563472,0.011290258818497554,SENSEX,2025-04-08 00:00:00+05:30
74103.828125,74103.828125,73673.0625,73847.1484375,9100,0.0,0.0,75698.017578125,75724.95109375,79132.1509765625,75297.022678263,75538.99630876369,-241.97363050068088,80.19395652849104,-322.16758702917195,39.97888746854832,78749.14148290372,75698.017578125,72646.89367334628,8.061304648116515,1085.544098223409,33.104368763580645,31.604051103268972,12270.0,0.7416462917685411,-0.005118478284436678,-0.005118478284436678,0.011330649087644522,SENSEX,2025-04-09 00:00:00+05:30
74835.4921875,75467.328125,74762.84375,75157.2578125,14200,0.0,0.0,75750.764453125,75720.7728125,79121.8877734375,75275.52039122254,75510.71938311451,-235.19899189197167,17.115366844398494,-252.31435873637017,47.99445211585086,78725.23288011194,75750.764453125,72776.29602613805,7.853302731558741,1123.7323546003083,51.01015979114502,40.80384965146347,12395.0,1.145623235175474,0.0177408255121565,0.0177408255121565,0.012013677833788676,SENSEX,2025-04-11 00:00:00+05:30
76852.0625,76907.6328125,76435.0703125,76734.890625,12900,0.0,0.0,75886.02109375,75737.4425,79118.8568359375,75500.03888872676,75601.39873436528,-101.35984563852253,-6.579675652185713,-94.78016998633682,55.671529015961106,78780.08624174306,75886.02109375,72991.95594575693,7.627399898639366,1168.4925435574291,72.57230108858718,52.22894321443763,12350.0,1.0445344129554657,0.020991090660010814,0.020991090660010814,0.012822015734725278,SENSEX,2025-04-15 00:00:00+05:30
76996.78125,77110.2265625,76543.7734375,77044.2890625,9500,0.0,0.0,76046.790234375,75747.6690625,79113.8106640625,75737.61583853803,75708.2794994123,29.336339125729864,0.603527303397402,28.73281182233246,57.011799189402915,78820.63212891945,76046.790234375,73272.94833983056,7.29509262914452,1125.4897279461843,76.80097380236724,66.79447822736648,12330.0,0.7704785077047851,0.004032043767574045,0.004032043767574045,0.01278364940543599,SENSEX,2025-04-16 00:00:00+05:30
76968.0234375,78616.7734375,76665.7734375,78553.203125,11100,0.0,0.0,76265.952734375,75783.536875,79113.2054296875,76170.78311337833,75919.01458278917,251.76853058916458,50.83652796055084,200.93200262861376,62.90271482473477,79103.90757174246,76265.952734375,73427.99789700753,7.442258925819003,1184.4547473785994,99.11606807264384,82.8297809878661,12515.0,0.8869356771873752,0.019585021561766114,0.019585021561766114,0.013357135820356204,SENSEX,2025-04-17 00:00:00+05:30
78903.09375,79635.046875,78776.0625,79408.5,12600,0.0,0.0,76471.31484375,75821.69546875,79114.03203125,76668.89340362782,76177.49498406405,491.39841956377495,138.94890628119566,352.4495132825793,65.76638720646962,79581.666380144,76471.31484375,73360.96330735601,8.134688262518358,1177.1253904229852,97.24061148460584,91.0525511198723,12420.0,1.0144927536231885,0.010888122202209694,0.010888122202209694,0.013180201094305777,SENSEX,2025-04-21 00:00:00+05:30
79728.390625,79824.296875,79253.4375,79595.59375,14800,0.0,0.0,76678.6421875,75869.8725,79116.8463671875,77119.1549953774,76430.68748524449,688.4675101329049,248.85262705153752,439.61488308136734,66.3777998419931,80032.08303935706,76678.6421875,73325.20133564292,8.746740307834356,1133.8206750356292,97.27711329734939,97.87793095153302,12550.0,1.1792828685258965,0.002356092231939888,0.002356092231939888,0.013179270579759242,SENSEX,2025-04-22 00:00:00+05:30
80142.09375,80254.546875,79506.8984375,80116.4921875,12000,0.0,0.0,76867.063671875,75900.52609375,79120.047890625,77580.28379416549,76703.71005578194,876.5737383835512,374.3968493179403,502.17688906561096,68.08675661666868,80533.86893836378,76867.063671875,73200.25840538622,9.540640922987235,1106.2369437830841,98.43644513577914,97.65138997257812,12695.0,0.9452540370224498,0.006544312479608738,0.006544312479608738,0.013036871529277528,SENSEX,2025-04-23 00:00:00+05:30
80058.4296875,80173.921875,79724.546875,79801.4296875,8200,0.0,0.0,77011.859765625,75931.1290625,79121.8477734375,77921.99854698619,76933.17076924254,988.8277777436451,497.28303500308124,491.5447427405639,65.90477944183448,80895.59539252213,77011.859765625,73128.12413872789,10.086071518638127,1059.3182335128638,94.86816713429089,96.86057518913981,12680.0,0.6466876971608833,-0.003932554851036718,-0.003932554851036718,0.013060778350376681,SENSEX,2025-04-24 00:00:00+05:30
79830.1484375,80130.65625,78605.8125,79212.53125,13200,0.0,0.0,77073.2671875,75954.2165625,79117.9764453125,78120.54203975754,77102.01228633568,1018.5297534218553,601.5323786868361,416.9973747350192,61.91100285923557,81054.19041143589,77073.2671875,73092.3439635641,10.330230880835261,1092.5700561190877,88.19852749249898,93.83437992085635,12835.0,1.02843786521231,-0.007379547456807578,-0.007379547456807578,0.012893330614382914,SENSEX,2025-04-25 00:00:00+05:30
79343.6328125,80321.8828125,79341.3515625,80218.3671875,8500,0.0,0.0,77183.326171875,76001.38015625,79118.819921875,78443.28437017946,77332.85339012563,1110.4309800538322,703.3120989602353,407.1188810935969,65.73081544579335,81378.49380683733,77183.326171875,72988.15853691267,10.87065780404529,1093.7687351462957,98.83649455567264,93.96772972748751,12625.0,0.6732673267326733,0.012697939601570285,0.012697939601570285,0.013160766921612655,SENSEX,2025-04-28 00:00:00+05:30
80396.921875,80661.3125,80122.0234375,80288.3828125,16200,0.0,0.0,77333.3203125,76060.911875,79120.278828125,78727.145668998,77551.7814954867,1175.3641735112906,797.7225138704464,377.6416596408442,65.98652445715933,81741.89168631502,77333.3203125,72924.74893868498,11.401479610600477,1054.163044242989,95.9623496612806,94.33245723648407,12910.0,1.254841208365608,0.0008728128912964817,0.0008728128912964817,0.012914901245957264,SENSEX,2025-04-29 00:00:00+05:30
80370.796875,80525.609375,79879.1484375,80242.2421875,12200,0.0,0.0,77465.1109375,76139.8846875,79121.688125,78960.23744107524,77751.07488008028,1209.1625609949551,880.0105232953482,329.1520376996069,65.63892673608356,82052.42758577027,77465.1109375,72877.79428922971,11.843568266419693,1025.0414651899184,94.20884893841672,96.33589771845668,12885.0,0.946837407838572,-0.0005746861922446556,-0.0005746861922446556,0.012916785689544519,SENSEX,2025-04-30 00:00:00+05:30
80300.1875,81177.9296875,80168.59375,80501.9921875,12700,0.0,0.0,77619.464453125,76226.50296875,79122.4398828125,79197.43047898675,77954.84653248174,1242.5839465050085,952.5252079372804,290.05873856772814,66.70231644790621,82393.58214724144,77619.464453125,72845.34675900855,12.301341494051591,1023.9196417834956,90.99334494385414,93.72151451451715,12685.0,1.0011824990145841,0.0032370730542778947,0.0032370730542778947,0.012881666302387988,SENSEX,2025-05-02 00:00:00+05:30
80661.6171875,81049.03125,80657.7109375,80796.84375,8800,0.0,0.0,77858.08125,76319.66046875,79126.800234375,79443.49405914263,78165.3648448905,1278.129214252127,1017.6460092002498,260.48320505187723,67.91611131157148,82764.69091008294,77858.08125,72951.47158991707,12.603982993950119,989.856743263246,94.05953495849018,93.08724294692036,12595.0,0.6986899563318777,0.003662661686846924,0.003662661686846924,0.011991687897540435,SENSEX,2025-05-05 00:00:00+05:30
80907.2421875,80981.578125,80481.03125,80641.0703125,12500,0.0,0.0,78059.262890625,76413.69765625,79130.5188671875,79627.73655965916,78348.7504350838,1278.9861245753564,1069.914032275271,209.0720923000854,66.5361603221169,83074.64805906788,78059.262890625,73043.87772218212,12.850198638104828,954.9060383872999,88.68068115555292,91.24452035263242,12680.0,0.9858044164037855,-0.001927964389079273,-0.001927964389079273,0.011989060666513137,SENSEX,2025-05-06 00:00:00+05:30
79948.796875,80844.6328125,79937.4765625,80746.78125,8800,0.0,0.0,78281.833984375,76508.69609375,79131.6560546875,79799.89728125006,78526.38234729982,1273.5149339502386,1110.6342126102645,162.88072133997412,67.02579968783581,83359.05927823907,78281.833984375,73204.60869051093,12.971656476207455,951.4953392167785,90.69629045201054,91.14550218868455,12775.0,0.6888454011741683,0.0013108821235923163,0.0013108821235923163,0.011886577578557158,SENSEX,2025-05-07 00:00:00+05:30
80912.34375,80927.9921875,79987.609375,80334.8125,10600,0.0,0.0,78530.340234375,76596.04453125,79130.0058203125,79882.1919302885,78660.34013638872,1221.851793899783,1132.8777288681683,88.9740650316146,63.14796788606741,83497.45113452208,78530.340234375,73563.22933422793,12.650170329894554,950.7015873084372,81.31453919619916,86.89717026792088,12720.0,0.8333333333333334,-0.0051019835542980285,-0.0051019835542980285,0.011511974520664941,SENSEX,2025-05-08 00:00:00+05:30
78968.34375,80032.9296875,78968.34375,79454.46875,8800,0.0,0.0,78846.16875,76666.3503125,79123.6954296875,79816.38836409028,78719.16447813771,1097.2238859525678,1125.7469602850483,-28.52307433248052,55.72813433938678,83162.22216549121,78846.16875,74530.11533450878,10.948035862531917,980.3992417864059,32.99446285434847,68.33509750085274,11690.0,0.7527801539777588,-0.010958434115969307,-0.010958434115969307,0.0092523960569595,SENSEX,2025-05-09 00:00:00+05:30
80803.796875,82495.96875,80651.0703125,82429.8984375,10700,0.0,0.0,79256.309765625,76800.2290625,79129.1276171875,80218.46683692255,78994.03366031269,1224.4331766098621,1145.484203550011,78.94897305985114,68.99029977286764,83288.29172600163,79256.309765625,75224.32780524838,10.174538714456705,1127.6207245159483,98.30160260272322,70.87020155109029,11370.0,0.9410729991204925,0.03744823588037649,0.03744823588037649,0.011681353259317058,SENSEX,2025-05-12 00:00:00+05:30
82249.6015625,82572.8125,81043.6875,81148.21875,16200,0.0,0.0,79621.36328125,76916.9721875,79131.84546875,80361.50559278062,79153.60292621546,1207.9026665651618,1157.9678961530412,49.93477041212054,60.57287408785426,82875.26569497057,79621.36328125,76367.46086752943,8.173440593391172,1156.2996013362376,64.08888958911015,65.12831834872729,11725.0,1.3816631130063965,-0.015548723361242467,-0.015548723361242467,0.012383564816599135,SENSEX,2025-05-13 00:00:00+05:30
81278.4921875,81691.8671875,80910.03125,81330.5625,15200,0.0,0.0,79930.028515625,77054.4953125,79135.987890625,80510.59127081437,79314.85919094025,1195.7320798741275,1165.5207328972585,30.21134697686898,61.29637480845228,82538.74637637951,79930.028515625,77321.3106548705,6.527503891092808,1129.5521967765064,68.68540458784976,77.02529892656105,11775.0,1.2908704883227176,0.0022470456260015315,0.0022470456260015315,0.012010220757023569,SENSEX,2025-05-14 00:00:00+05:30
81354.4296875,82718.140625,80762.15625,82530.7421875,12600,0.0,0.0,80219.82109375,77213.0678125,79146.49640625,80821.38371953524,79553.07274624097,1268.3109732942685,1186.0787809766605,82.232192317608,65.75118742194852,82624.07794697261,80219.82109375,77815.56424052738,5.994171566183989,1188.583066649613,95.44300863637918,76.07243427111304,11760.0,1.0714285714285714,0.014756810362648087,0.014756810362648087,0.01162124039541898,SENSEX,2025-05-15 00:00:00+05:30
82392.6328125,82514.8125,82146.953125,82330.59375,15300,0.0,0.0,80484.136328125,77367.43109375,79157.4049609375,81053.56987806827,79758.81504281571,1294.7548352525628,1207.8139918318411,86.94084342072165,64.41954968160623,82575.85149725112,80484.136328125,78392.42115899887,5.19783218048941,1131.0977806389265,89.66485684641252,84.59775669021383,12050.0,1.2697095435684647,-0.0024251379812540996,-0.0024251379812540996,0.011701265278153055,SENSEX,2025-05-16 00:00:00+05:30
82354.921875,82424.1015625,81964.5703125,82059.421875,8100,0.0,0.0,80659.447265625,77544.6575,79167.5030859375,81208.31633913469,79929.23036371825,1279.0859754164412,1222.0683885487613,57.01758686767994,62.57057996282436,82660.18236887484,80659.447265625,78658.71216237516,4.960944244165439,1083.128742736146,82.43321513248634,89.1803602050927,11900.0,0.680672268907563,-0.0032936951216874233,-0.0032936951216874233,0.011139303826219287,SENSEX,2025-05-19 00:00:00+05:30
82116.171875,82250.421875,81153.703125,81186.4375,10500,0.0,0.0,80748.344140625,77706.6675,79166.7716796875,81204.9503638832,80022.35681825764,1182.5935456255538,1214.1734199641198,-31.579874338566015,56.907791297547455,82675.49236143922,80748.344140625,78821.1959198108,4.773220407982709,1084.0994575407071,59.15237075341581,77.08348091077157,11795.0,0.8902077151335311,-0.010638441693262335,-0.010638441693262335,0.011298958783045302,SENSEX,2025-05-20 00:00:00+05:30
81327.609375,82021.640625,81237.0625,81596.6328125,5800,0.0,0.0,80848.39609375,77878.8015625,79167.975625,81265.20920213194,80138.96985486819,1126.2393472637486,1196.5866054240457,-70.34725816029709,58.794829926707486,82733.0739795543,80848.39609375,78963.71820794568,4.662251762221431,1066.3211480735138,70.09150495651848,70.55903028080688,11345.0,0.511238431026884,0.005052510309988767,0.005052510309988767,0.011329930586601285,SENSEX,2025-05-21 00:00:00+05:30
81323.046875,81323.2421875,80489.921875,80951.9921875,10700,0.0,0.0,80890.17109375,78023.236875,79165.45859375,81217.02196911164,80199.19373135944,1017.8282377521973,1160.834931889676,-143.0066941374787,54.738036340212076,82744.90554786223,80890.17109375,79035.43663963777,4.585809200385127,1069.2061330325485,52.90015709184247,60.71467760059227,11280.0,0.9485815602836879,-0.007900333663048431,-0.007900333663048431,0.011438073761684727,SENSEX,2025-05-22 00:00:00+05:30
80897.0,81905.171875,80897.0,81721.078125,12000,0.0,0.0,80986.153515625,78170.8565625,79165.357265625,81294.56907001755,80311.92590866615,982.6431613513996,1125.1965777820208,-142.55341643062116,58.423823110264614,82803.89913121989,80986.153515625,79168.40790003011,4.489028152804378,1064.8465431730806,73.41022638726264,65.46729614520787,11470.0,1.046207497820401,0.009500518970782634,0.009500518970782634,0.011552956392049344,SENSEX,2025-05-23 00:00:00+05:30
81928.953125,82492.2421875,81867.2265625,82176.453125,10200,0.0,0.0,81134.349609375,78327.7340625,79166.901796875,81430.24354001485,80450.039035802,980.2045042128593,1096.1981630681885,-115.99365885532916,60.476098425452825,82828.62415560259,81134.349609375,79440.07506314741,4.176466698469277,1043.8692231250034,85.55421752011567,70.62153366640693,11320.0,0.901060070671378,0.005572307787024888,0.005572307787024888,0.011405728775249707,SENSEX,2025-05-26 00:00:00+05:30
82038.203125,82410.5234375,81121.703125,81551.6328125,20700,0.0,0.0,81201.012890625,78476.46328125,79169.7501953125,81448.91881270487,80531.63857481666,917.2802378882043,1060.4145780321917,-143.1343401439874,56.364882255059705,82850.19770762151,81201.012890625,79551.8280736285,4.06198089971588,1061.3657295089317,68.89143995299746,75.95196128679193,11930.0,1.73512154233026,-0.007603398403549733,-0.007603398403549733,0.011296978336815129,SENSEX,2025-05-27 00:00:00+05:30
81457.609375,81613.359375,81244.0234375,81312.3203125,24100,0.0,0.0,81252.209765625,78620.66328125,79182.5148046875,81427.90365882718,80589.4668516821,838.4368071450881,1016.019023854771,-177.58221670968294,54.82750669883294,82847.58596486639,81252.209765625,79656.8335663836,3.9269730727159655,1011.9350300797223,62.50942759399467,72.31836168903594,12325.0,1.9553752535496958,-0.0029344906011902205,-0.0029344906011902205,0.011329216323066816,SENSEX,2025-05-28 00:00:00+05:30
81591.03125,81816.890625,81106.9765625,81633.0234375,6800,0.0,0.0,81321.748828125,78772.72859375,79197.7145703125,81459.46054785377,80666.76733952046,792.6932083333086,971.3538607504786,-178.66065241717,56.53831147510619,82855.00660195723,81321.748828125,79788.49105429277,3.770843091613284,990.3621038240279,51.30113739954841,60.90066831551352,12055.0,0.5640812940688511,0.003944090191590588,0.003944090191590588,0.011347626508272618,SENSEX,2025-05-29 00:00:00+05:30
81465.6875,81698.2109375,81286.453125,81451.0078125,12600,0.0,0.0,81369.199609375,78925.170625,79207.6295703125,81458.16012703012,80724.85922640783,733.3009006222856,923.74326872484,-190.4423681025545,55.25916328855006,82856.08039864176,81369.199609375,79882.31882010825,3.6546526115649334,949.0332258723117,43.13247689438032,52.31434729597447,12050.0,1.045643153526971,-0.0022296812899421647,-0.0022296812899421647,0.011354713974362409,SENSEX,2025-05-30 00:00:00+05:30
81214.421875,81474.2578125,80654.2578125,81373.75,9900,0.0,0.0,81398.044921875,79069.2465625,79220.0672265625,81445.17395364087,80772.92520963687,672.2487440039986,873.4443637806718,-201.1956197766732,54.693533302065596,82861.59272380578,81398.044921875,79934.49711994422,3.5960269152299067,939.8165668814323,39.665231476936455,44.69961525695507,12105.0,0.8178438661710037,-0.0009485188038169667,-0.0009485188038169667,0.01133705161030085,SENSEX,2025-06-02 00:00:00+05:30
81492.5,81774.2265625,80575.09375,80737.5078125,32000,0.0,0.0,81402.866796875,79177.9715625,79225.225234375,81336.3022396192,80770.30169873784,566.0005408813595,811.9555992008094,-245.9550583194499,50.14164653182049,82857.01221922688,81402.866796875,79948.72137452311,3.572713049481213,958.3391558541872,11.111383812742801,31.303030728019866,13080.0,2.4464831804281344,-0.007818764497150466,-0.007818764497150466,0.011476816649135359,SENSEX,2025-06-03 00:00:00+05:30
80777.6484375,81087.2890625,80705.1796875,80998.25,7500,0.0,0.0,81415.440234375,79288.955625,79231.971875,81284.29420275471,80787.18675809058,497.1074446641287,748.9859682934732,-251.8785236293445,51.90809501310119,82850.90526199625,81415.440234375,79979.97520675375,3.5262722242584412,917.1798857931738,25.1039793816024,25.293531557093896,13015.0,0.5762581636573185,0.003229505028883528,0.003229505028883528,0.011495284946796025,SENSEX,2025-06-04 00:00:00+05:30
81196.078125,81911.1328125,80983.7265625,81442.0390625,9800,0.0,0.0,81470.8015625,79390.83515625,79244.4019140625,81308.56264271552,80835.69433619498,472.8683065205405,693.7624359388867,-220.8941294183462,54.84074216271011,82817.98031024954,81470.8015625,80123.62281475046,3.307144944967935,917.9103403793757,47.55069314116045,27.922018778501894,12975.0,0.7552986512524085,0.005478995688178445,0.005478995688178445,0.011481057929023222,SENSEX,2025-06-05 00:00:00+05:30
81434.2421875,82299.890625,81140.109375,82188.9921875,12400,0.0,0.0,81607.527734375,79496.50484375,79259.8174609375,81444.01334191315,80935.93862147683,508.07472043631424,656.6248928383723,-148.55017240205802,59.33548516323726,82622.49292919709,81607.527734375,80592.56253955292,2.4874303216872433,935.1868339237061,84.85507048463306,52.50324766913198,13155.0,0.9426073736221969,0.009171591644786536,0.009171591644786536,0.011281550182996175,SENSEX,2025-06-06 00:00:00+05:30
82574.546875,82669.0,82369.2421875,82445.2109375,11500,0.0,0.0,81608.293359375,79585.72140625,79269.859296875,81598.0437412342,81047.73657081187,550.3071704223257,635.361348355163,-85.05417793283732,60.777582804640616,82625.75879714749,81608.293359375,80590.82792160253,2.4935344090383325,902.6740466791556,89.73010375660579,74.04528912746645,13195.0,0.8715422508525957,0.003117433894498589,0.003117433894498589,0.007563684690648419,SENSEX,2025-06-09 00:00:00+05:30
82643.7265625,82680.7890625,82240.3984375,82391.71875,15100,0.0,0.0,81670.468359375,79673.21203125,79279.6944921875,81720.14758873664,81147.2908063073,572.8567824293423,622.8604351699989,-50.00365274065666,60.29681258322997,82719.36794172708,81670.468359375,80621.56877702291,2.568614098639923,869.6538022735016,86.80566699116717,87.13028041080202,13140.0,1.1491628614916287,-0.0006488210399576699,-0.0006488210399576699,0.006623116928984765,SENSEX,2025-06-10 00:00:00+05:30
82473.0234375,82783.5078125,82308.90625,82515.140625,11300,0.0,0.0,81729.697265625,79777.74484375,79288.2558984375,81842.45420970023,81248.61301509936,593.841194600871,617.0565870561734,-23.215392455302435,61.06214934808631,82827.76153019776,81729.697265625,80631.63300105224,2.687063090430907,841.4357851468229,87.84796782193104,88.127912856568,12945.0,0.872923908845114,0.0014979888376220885,0.0014979888376220885,0.006616507751706313,SENSEX,2025-06-11 00:00:00+05:30
82571.671875,82661.0390625,81523.15625,81691.9765625,6000,0.0,0.0,81687.758984375,79859.45578125,79292.189296875,81819.30380243865,81281.45475935125,537.8490430873935,601.2150782624174,-63.36603517502385,53.63601726088345,82722.48591855206,81687.758984375,80653.03205019794,2.5333708429312605,862.610572814907,50.57397665887214,75.07587049065678,12615.0,0.4756242568370987,-0.009975915404919045,-0.009975915404919045,0.006154839042210704,SENSEX,2025-06-12 00:00:00+05:30
80427.8125,81238.6796875,80354.59375,81118.6015625,6600,0.0,0.0,81627.159375,79933.529375,79292.5163671875,81711.5034578327,81269.3915595845,442.1118982482003,569.394442259574,-127.28254401137372,49.15198547130584,82646.03684785028,81627.159375,80608.28190214973,2.4964178115509137,896.5228756495565,31.454707447065143,56.62555064262278,12180.0,0.541871921182266,-0.007018743138884953,-0.007018743138884953,0.006314392466564671,SENSEX,2025-06-13 00:00:00+05:30
81034.453125,81865.8203125,81012.3125,81796.1484375,11400,0.0,0.0,81613.995703125,80048.9621875,79296.0660546875,81724.52576239691,81308.41058757824,416.1151748186676,538.7385887713928,-122.62341395272517,54.04147499320451,82616.87129985698,81613.995703125,80611.120106393,2.457606904531421,893.450371138874,59.34976085634977,47.126148320762354,12345.0,0.9234507897934386,0.008352546295783636,0.008352546295783636,0.006595526179672959,SENSEX,2025-06-16 00:00:00+05:30
81869.46875,81890.1484375,81427.0078125,81583.296875,21500,0.0,0.0,81633.838671875,80148.279375,79295.4919921875,81702.79824125892,81328.77253479467,374.0257064642501,505.7960123099642,-131.77030584571412,52.338785939587055,82617.61291888649,81633.838671875,80650.0644248635,2.4102118999101436,862.7139607003829,50.5865211112219,47.13032980487895,12895.0,1.667312911981388,-0.002602219866900457,-0.002602219866900457,0.006152167980325512,SENSEX,2025-06-17 00:00:00+05:30
81314.6171875,81858.96875,81237.0078125,81444.65625,11300,0.0,0.0,81626.23984375,80251.2653125,79294.156484375,81663.08408875755,81337.35651369877,325.72757505877235,469.78232485972586,-144.05474980095352,51.2070725689753,82613.38823324494,81626.23984375,80639.09145425505,2.41870357224481,845.5173161860699,44.878594793841124,51.60495892047094,13170.0,0.8580106302201974,-0.001699375121018032,-0.001699375121018032,0.00606000936886954,SENSEX,2025-06-18 00:00:00+05:30
81403.9375,81583.9375,81191.0390625,81361.8671875,12500,0.0,0.0,81646.73359375,80371.20890625,79292.0380078125,81616.74302702562,81339.17211916554,277.57090786007757,431.3400414597962,-153.76913359971866,50.50478900562677,82593.22108315966,81646.73359375,80700.24610434035,2.3184944400080942,813.187396279922,41.47011428075175,45.64507672860494,13260.0,0.942684766214178,-0.0010165069915191172,-0.0010165069915191172,0.0057812870236664034,SENSEX,2025-06-19 00:00:00+05:30
81354.8515625,82494.4921875,81323.203125,82408.171875,6700,0.0,0.0,81681.08828125,80556.614375,79293.4058203125,81738.50131132937,81418.35728626439,320.1440250649757,409.10083818083217,-88.95681311585645,58.29033609014308,82684.06874903655,81681.08828125,80678.10781346346,2.45584501600423,838.7660867242133,84.54717096439059,56.965293346327826,12995.0,0.5155829165063486,0.012859890310638722,0.012859890310638722,0.006103456611833275,SENSEX,2025-06-20 00:00:00+05:30
81704.0703125,82169.671875,81476.7578125,81896.7890625,8000,0.0,0.0,81667.105078125,80710.00859375,79291.0608984375,81762.85327304793,81453.79667709666,309.0565959512751,389.0919897349208,-80.0353937836457,53.83326732341347,82649.6608264693,81667.105078125,80684.54932978068,2.406246058077783,845.3837992796267,63.493202016075855,63.170162420406065,12885.0,0.6208769887466046,-0.006205486675225469,-0.006205486675225469,0.006149850903848074,SENSEX,2025-06-23 00:00:00+05:30
82534.609375,83018.15625,81900.1171875,82055.109375,119300,0.0,0.0,81692.27890625,80874.1678125,79288.5372265625,81807.81575027133,81498.33835842283,309.4773918485007,373.1690701576368,-63.69167830913608,54.98095636417209,82687.4289502974,81692.27890625,80697.12886220259,2.43633806614561,865.0968984382249,63.843653940915594,70.62800897379402,17815.0,6.696603985405557,0.0019331687397314834,0.0019331687397314834,0.005906639277722663,SENSEX,2025-06-24 00:00:00+05:30
82448.796875,82815.90625,82339.5703125,82755.5078125,7500,0.0,0.0,81764.43828125,81026.1328125,79289.537578125,81953.61452907574,81591.46202168781,362.1525073879311,370.9657576036957,-8.813250215764583,59.74826150781399,82844.58324531277,81764.43828125,80684.29331718723,2.642089854142531,857.646896764066,90.13920501208437,72.49202032302527,16985.0,0.44156608772446276,0.008535707804606218,0.008535707804606218,0.006126335750073367,SENSEX,2025-06-25 00:00:00+05:30
82882.921875,83812.09375,82816.2578125,83755.8671875,10500,0.0,0.0,81870.58046875,81166.55234375,79296.5537109375,82230.88416883332,81751.78833026648,479.0958385668346,392.5917737963235,86.50406477051109,65.38621332823132,83253.09713520252,81870.58046875,80488.06380229749,3.377322253089981,871.8568282452042,98.37377982646422,84.11887959315474,17170.0,0.6115317414094351,0.012088130463370872,0.012088130463370872,0.006592397638423184,SENSEX,2025-06-26 00:00:00+05:30
83774.453125,84089.3515625,83645.40625,84058.8984375,8600,0.0,0.0,82000.975,81306.84453125,79305.842421875,82512.11713324358,81922.68537524674,589.4317579968338,431.95977063642556,157.4719873604082,66.89872086846856,83664.06858173122,82000.975,80337.8814182688,4.056277578970769,841.2917199776896,99.18460241523358,95.89919575126073,16970.0,0.506776664702416,0.0036180301174797425,0.0036180301174797425,0.006556957873246911,SENSEX,2025-06-27 00:00:00+05:30
84027.328125,84099.53125,83482.1328125,83606.4609375,6200,0.0,0.0,82112.610546875,81407.9096875,79317.955078125,82680.4777185138,82047.4094909692,633.068227544587,472.18146201805786,160.88676552652913,62.50701679815309,83888.24143736665,82112.610546875,80336.97965638335,4.324867711952747,825.2993426578547,86.83368380647207,94.79735534938997,16785.0,0.3693774203157581,-0.005382386736086042,-0.005382386736086042,0.0067204843110527275,SENSEX,2025-06-30 00:00:00+05:30
83685.65625,83874.2890625,83572.5078125,83697.2890625,19100,0.0,0.0,82260.599609375,81493.68546875,79328.643828125,82836.91023297321,82169.62279256409,667.2874404091272,511.20265769627173,156.08478271285543,63.03169286719545,84046.46682234161,82260.599609375,80474.73239640839,4.341974703435247,787.9051931822936,89.25904137251956,91.75910919807507,16140.0,1.1833952912019827,0.0010863768658728734,0.0010863768658728734,0.0063648419435383685,SENSEX,2025-07-01 00:00:00+05:30
83790.71875,83935.0078125,83150.7734375,83409.6875,10600,0.0,0.0,82381.171484375,81569.96734375,79336.0858203125,82925.02981251579,82261.47943755933,663.5503749564523,541.6722011483079,121.87817380814442,60.16084132091382,84135.18023093339,82381.171484375,80627.1627378166,4.258275804905423,787.6429918835584,81.57929871993858,85.89067463297674,16295.0,0.6505062902730899,-0.003436211204943973,-0.003436211204943973,0.006460999521160264,SENSEX,2025-07-02 00:00:00+05:30
83540.7421875,83850.09375,83186.7421875,83239.46875,9600,0.0,0.0,82471.04296875,81632.426875,79344.6673828125,82973.4050336672,82333.92309033271,639.4819433344819,561.2341495855427,78.24779374893922,58.463620655958245,84207.47034882114,82471.04296875,80734.61558867886,4.210998958092737,778.7650326418756,72.14118695022826,80.99317568089548,16285.0,0.5894995394534848,-0.002040755158086438,-0.002040755158086438,0.006435257119041641,SENSEX,2025-07-03 00:00:00+05:30
83306.8125,83477.859375,83015.828125,83432.890625,8800,0.0,0.0,82533.237890625,81705.05609375,79347.01828125,83044.09512464148,82415.32809290066,628.7670317408192,574.740726016598,54.026305724221174,59.84972464508349,84313.35779309181,82533.237890625,80753.11798815818,4.313704267427079,756.1411910245987,77.0795112372981,76.93333230248832,16105.0,0.5464141570940702,0.002323679834874026,0.002323679834874026,0.006160146958092259,SENSEX,2025-07-04 00:00:00+05:30
83398.078125,83516.8203125,83262.2265625,83442.5,6200,0.0,0.0,82583.10234375,81789.65546875,79349.77609375,83105.38818238894,82491.41490083394,613.9732815549942,582.5872371242773,31.38604443071688,59.92128215708088,84405.9250943844,82583.10234375,80760.2795931156,4.414517495472489,720.3163738085559,77.4099015007239,75.54353322941675,15840.0,0.39141414141414144,0.00011517490198431624,0.00011517490198431624,0.0061364503237159905,SENSEX,2025-07-07 00:00:00+05:30
83387.03125,83812.3125,83320.953125,83712.5078125,15300,0.0,0.0,82649.141796875,81859.53828125,79353.3947265625,83198.79120240602,82581.86622762404,616.9249747819849,589.4547846558188,27.47019012616613,61.97213509114512,84534.08841397885,82649.141796875,80764.19517977115,4.561321693421678,703.9623024650876,86.69333068304829,80.39424780702343,15850.0,0.9652996845425867,0.0032358547802378013,0.0032358547802378013,0.0061556512012419795,SENSEX,2025-07-08 00:00:00+05:30
83625.890625,83781.359375,83382.28125,83536.078125,7800,0.0,0.0,82700.188671875,81924.4921875,79355.6768359375,83250.6814981897,82652.54859039263,598.1329077970731,591.1904092840697,6.942498513003443,59.818193080246346,84622.77561731047,82700.188671875,80777.60172643953,4.649534605207762,682.1848612175814,79.70509609702563,81.26944276026595,15675.0,0.49760765550239233,-0.0021075666242751367,-0.0021075666242751367,0.006187264156876737,SENSEX,2025-07-09 00:00:00+05:30
83658.203125,83742.28125,83134.96875,83190.28125,7500,0.0,0.0,82775.10390625,81983.45296875,79356.887109375,83241.38915231437,82692.38063925244,549.0085130619264,582.7540300396411,-33.745516977714715,55.7297432493799,84650.90539066182,82775.10390625,80899.30242183819,4.532284215641271,676.8368354163257,65.3324992925547,77.24364202420954,15750.0,0.47619047619047616,-0.004139491376199955,-0.004139491376199955,0.0057851212623251805,SENSEX,2025-07-10 00:00:00+05:30
82820.7578125,83040.7421875,82442.25,82500.46875,10700,0.0,0.0,82844.197265625,82023.4225,79353.46546875,83127.40139811217,82678.16494375226,449.23645435991057,556.050514903695,-106.81406054378442,48.594522973810875,84566.35304560614,82844.197265625,81122.04148564386,4.15757732423759,681.9221507437311,27.295977266672587,57.444524218750985,15955.0,0.6706361642118458,-0.008291984227424387,-0.008291984227424387,0.005883310897216154,SENSEX,2025-07-11 00:00:00+05:30
82537.8671875,82537.8671875,82010.3828125,82253.4609375,18100,0.0,0.0,82867.062890625,82052.55484375,79342.0112109375,82992.94901955646,82646.70538773357,346.2436318228865,514.0891382875334,-167.84550646464686,46.30817503737311,84544.51387230595,82867.062890625,81189.61190894406,4.048534901966989,670.8908810477503,11.635273044115612,34.75458320111431,16290.0,1.1111111111111112,-0.0029940170794484633,-0.0029940170794484633,0.00566597286932763,SENSEX,2025-07-14 00:00:00+05:30
82233.15625,82743.6171875,82221.7421875,82570.90625,9900,0.0,0.0,82916.443359375,82091.1515625,79330.2226953125,82928.01936270161,82641.09063679035,286.9287259112607,468.6570558122789,-181.72832990101818,49.590703834508616,84495.05629095416,82916.443359375,81337.83042779584,3.8077198384816526,660.2468895443396,26.830235106259654,21.920495139015955,15710.0,0.6301718650541057,0.003859355082228122,0.003859355082228122,0.005676348827063027,SENSEX,2025-07-15 00:00:00+05:30
82534.65625,82784.75,82342.9375,82634.4765625,7600,0.0,0.0,82975.934375,82128.90546875,79318.8248828125,82882.85893190136,82640.60070536144,242.25822653991054,423.37728995780526,-181.11906341789472,50.246686703533925,84411.3895849707,82975.934375,81540.47916502929,3.4599314145311957,644.6444331483153,29.873116663114082,22.779541604496455,15525.0,0.4895330112721417,0.0007698875474071443,0.0007698875474071443,0.005650106240601429,SENSEX,2025-07-16 00:00:00+05:30
82753.53125,82757.09375,82219.2734375,82259.2421875,8800,0.0,0.0,83020.803125,82167.3940625,79304.2717578125,82786.91789430115,82612.3519262606,174.56596804055152,373.61502557435455,-199.04905753380302,46.40779588501059,84299.1480714435,83020.803125,81742.45817855651,3.079577403072722,637.0141388162928,11.912000628246407,22.871784132540053,15340.0,0.5736636245110821,-0.004540893711793448,-0.004540893711793448,0.005761649940314142,SENSEX,2025-07-17 00:00:00+05:30
82193.6171875,82334.75,81608.1328125,81757.7265625,8300,0.0,0.0,82988.280859375,82213.45921875,79283.8798046875,82628.58076633174,82549.04634375981,79.53442257193092,314.79890497386987,-235.26448240193895,41.81004438837032,84357.20163206573,82988.280859375,81619.36008668426,3.2990700819803513,643.4143565794147,6.428955143701316,16.071357478353942,15420.0,0.5382619974059663,-0.006096769331485619,-0.006096769331485619,0.005160360176673918,SENSEX,2025-07-18 00:00:00+05:30
81918.53125,82274.03125,81518.65625,82200.34375,15300,0.0,0.0,83003.45859375,82208.868125,79267.022265625,82562.69814843455,82523.21652199983,39.48162643471733,259.7354492660394,-220.25382283132205,46.81786548751632,84329.7016848001,83003.45859375,81677.2155026999,3.1956333230431495,651.4115453951708,28.211437051598324,15.517464274515353,15785.0,0.9692746278112132,0.005413765843423235,0.005413765843423235,0.005124346759845802,SENSEX,2025-07-21 00:00:00+05:30
82527.4296875,82538.171875,82110.6328125,82186.8125,23900,0.0,0.0,83010.04375,82229.64,79256.457421875,82504.86958713693,82498.2977055554,6.571881581534399,209.1027357291384,-202.530854147604,46.68559042893374,84318.57582823631,83010.04375,81701.51167176368,3.1527078390108967,635.4206537598014,28.65855293139962,21.099648375566428,11015.0,2.1697684975034046,-0.00016461305856763087,-0.00016461305856763087,0.005108393568370595,SENSEX,2025-07-22 00:00:00+05:30
82451.8671875,82786.4296875,82279.7265625,82726.640625,10100,0.0,0.0,83008.600390625,82257.5615625,79248.7591796875,82538.98820834664,82515.21199588463,23.776212462005788,172.03743107571188,-148.2612186137061,52.45668375252668,84318.31548337778,83008.600390625,81698.88529787221,3.155613000555309,632.8632633126728,52.66632151177841,36.51210383159212,11145.0,0.9062359802602064,0.0065683058945740225,0.0065683058945740225,0.0049538556667239955,SENSEX,2025-07-23 00:00:00+05:30
82779.953125,82784.2421875,82047.21875,82184.171875,14000,0.0,0.0,82930.015625,82250.63015625,79247.19453125,82484.40108013946,82490.69050544873,-6.289425309267244,136.37205979871607,-142.6614851079833,46.95609284438163,84239.55993695126,82930.015625,81620.47131304874,3.15819140291224,640.3032757546247,29.015491096366336,36.780121846514795,11320.0,1.2367491166077738,-0.0065573646639298655,-0.0065573646639298655,0.004264602883382176,SENSEX,2025-07-24 00:00:00+05:30
82065.7578125,82069.5078125,81397.6875,81463.09375,10000,0.0,0.0,82800.225390625,82233.28015625,79246.067734375,82327.27687550262,82414.57222726734,-87.29535176472564,91.63857748602773,-178.93392925075335,40.82758819336297,84150.41832565564,82800.225390625,81450.03245559435,3.26132671417467,650.74478284358,2.7087539473003055,28.13018885181502,11390.0,0.8779631255487269,-0.008773929438587569,-0.008773929438587569,0.004463384682210922,SENSEX,2025-07-25 00:00:00+05:30
81299.96875,81557.40625,80776.4375,80891.0234375,5100,0.0,0.0,82664.453515625,82209.9121875,79245.2728515625,82106.3148081176,82301.71676135865,-195.4019532410457,34.230471340613036,-229.63242458165874,36.73163826090398,84196.86737023381,82664.453515625,81132.0396610162,3.7075521325962786,660.0464947833243,3.8132750955463695,11.84584004640434,11335.0,0.44993383325981473,-0.007022447665142817,-0.007022447665142817,0.004551547282350185,SENSEX,2025-07-28 00:00:00+05:30
80620.25,81429.8828125,80575.453125,81337.953125,12300,0.0,0.0,82546.48671875,82212.9425,79243.7885546875,81988.10531840721,82230.32686236913,-242.22154396191763,-21.0599317198931,-221.16161224202455,41.656226303194686,84105.7167739456,82546.48671875,80987.2566635544,3.777822938747625,673.9310085488012,24.077719721527355,10.199916254791349,10995.0,1.1186903137789905,0.005525083853653134,0.005525083853653134,0.004793265224059035,SENSEX,2025-07-29 00:00:00+05:30
81594.5234375,81618.9609375,81187.0625,81481.859375,7200,0.0,0.0,82450.0953125,82210.64703125,79243.86234375,81910.22132711379,82174.8848262677,-264.66349915391766,-69.78064520669801,-194.88285394721964,43.18955974540441,84022.25825274883,82450.0953125,80877.93237225116,3.813610971073024,656.642967759601,36.7667331100245,21.552575975699412,10825.0,0.6651270207852193,0.0017692386453203035,0.0017692386453203035,0.004819151928118359,SENSEX,2025-07-30 00:00:00+05:30
80695.5,81803.2734375,80695.1484375,81185.578125,9700,0.0,0.0,82347.40078125,82215.31875,79241.733203125,81798.73775755781,82101.60284839603,-302.8650908382115,-116.3975343330007,-186.46755650521078,40.81144265375885,83967.4903782871,82347.40078125,80727.31118421291,3.9347680234394855,688.8916843482009,27.595272168336248,29.479908333296038,10830.0,0.8956602031394275,-0.0036361621135378996,-0.0036361621135378996,0.004847662067333807,SENSEX,2025-07-31 00:00:00+05:30
81074.40625,81317.5078125,80495.5703125,80599.90625,14700,0.0,0.0,82205.7515625,82192.8953125,79237.8259375,81614.30214101046,81990.36606332965,-376.06392231919745,-168.3308119302401,-207.73311038895736,36.52956863788628,83914.41246651542,82205.7515625,80497.09065848457,4.157034931348704,698.394956894758,4.554445315963578,22.97215019810811,11125.0,1.3213483146067415,-0.007213989091735651,-0.007213989091735651,0.004947033440985946,SENSEX,2025-08-01 00:00:00+05:30
80765.828125,81093.1875,80500.5078125,81018.71875,9900,0.0,0.0,82084.5625,82169.740625,79233.054296875,81522.67392700884,81918.39218826819,-395.71826125934604,-213.8083017960613,-181.90995946328474,41.274486619446236,83768.80564440969,82084.5625,80400.31935559031,4.103678190182685,690.8438662237039,22.83634007434437,18.328685852881403,11310.0,0.8753315649867374,0.005196190907480025,0.005196190907480025,0.0051713022919682074,SENSEX,2025-08-04 00:00:00+05:30
80946.4296875,81010.4921875,80554.3984375,80710.25,10900,0.0,0.0,81934.449609375,82152.91296875,79227.5049609375,81397.68563054595,81828.90017432239,-431.21454377644113,-257.2895501921373,-173.92499358430382,38.96403235081191,83545.11569245897,81934.449609375,80323.78352629104,3.9315967600023387,674.6636123862964,9.37114210687856,12.25397583239551,11090.0,0.9828674481514879,-0.0038073763046271303,-0.0038073763046271303,0.005073577892187881,SENSEX,2025-08-05 00:00:00+05:30
80694.9765625,80834.4296875,80448.8203125,80543.9921875,5300,0.0,0.0,81784.8453125,82137.54640625,79222.718125,81266.34817776966,81733.72180492815,-467.37362715849304,-299.30636558540846,-168.06726157308458,37.73786815249375,83327.03564985143,81784.8453125,80242.65497514856,3.7713352185450124,654.0168811444181,4.071333560595427,12.092938580606125,10965.0,0.4833561331509348,-0.0020599343020248906,-0.0020599343020248906,0.005073443142244817,SENSEX,2025-08-06 00:00:00+05:30
80262.9765625,80737.546875,79811.2890625,80623.2578125,37500,0.0,0.0,81656.494140625,82117.35109375,79220.8013671875,81167.4111984974,81651.46521289644,-484.05401439903653,-336.2558953481341,-147.79811905090241,38.72786824721283,83135.433629746,81656.494140625,80177.554651504,3.6223438311569813,673.4626619555311,27.29177717439827,13.578084280624092,12465.0,3.0084235860409145,0.0009841283359219855,0.0009841283359219855,0.005078972477770411,SENSEX,2025-08-07 00:00:00+05:30
80478.0078125,80550.3984375,79775.84375,79857.7890625,23200,0.0,0.0,81524.36015625,82085.48671875,79213.9665625,80965.93086988242,81518.60031286707,-552.6694429846539,-379.53860487543807,-173.1308381092158,33.23244871416739,83143.62968802502,81524.36015625,79905.09062447498,3.9724801977507544,685.8877619944217,2.721905775194301,11.361672170062674,13090.0,1.7723453017570665,-0.009494391206321562,-0.009494391206321562,0.005169246802894439,SENSEX,2025-08-08 00:00:00+05:30
79885.359375,80636.046875,79772.4609375,80604.078125,8600,0.0,0.0,81441.891015625,82070.09328125,79211.2305859375,80910.26121682358,81450.85792858062,-540.5967117570399,-411.7502262517584,-128.84648550528146,41.88995416258268,83072.1963224549,81441.891015625,79811.58570879512,4.003603763368188,698.5804888162487,27.592097214013915,19.20192672120217,12615.0,0.6817281014665081,0.009345225697594994,0.009345225697594994,0.005704492472608974,SENSEX,2025-08-11 00:00:00+05:30
80508.5078125,80997.671875,80164.359375,80235.59375,10300,0.0,0.0,81325.125390625,82060.055,79211.3049609375,80806.46622192764,81360.83835979688,-554.3721378692426,-440.27460857525523,-114.09752929398735,39.188005059142306,82949.76506989913,81325.125390625,79700.48571135088,3.995418811764695,708.2042039008023,15.377372194610748,15.230458394606329,12635.0,0.815195884447962,-0.00457153513285713,-0.00457153513285713,0.005637867111032506,SENSEX,2025-08-12 00:00:00+05:30
80492.171875,80683.7421875,80319.0,80539.90625,12300,0.0,0.0,81220.396875,82050.888125,79213.594609375,80765.45699547723,81300.028573886,-534.5715784087661,-459.13400254195744,-75.43757586680863,42.48726617811929,82761.82983203532,81220.396875,79678.96391796469,3.795679450834534,689.6287920150307,33.41008495962887,25.459851456084518,12870.0,0.9557109557109557,0.0037927369360308827,0.0037927369360308827,0.0057392265357912465,SENSEX,2025-08-13 00:00:00+05:30
80625.28125,80751.1796875,80489.859375,80597.65625,7200,0.0,0.0,81137.317578125,82034.00046875,79216.257109375,80739.64149617303,81248.00099433889,-508.35949816585344,-468.9791016667367,-39.38039649911673,43.11796129982588,82623.96755148866,81137.317578125,79650.66760476134,3.6645282780816677,659.0353291925286,40.63375188502139,29.80706967975367,12790.0,0.5629397967161845,0.0007170358483004069,0.0007170358483004069,0.005701679887972684,SENSEX,2025-08-14 00:00:00+05:30
81315.7890625,81765.7734375,81202.421875,81273.75,19300,0.0,0.0,81113.11875,82015.695625,79225.6144140625,80821.81203522334,81249.90832809157,-428.09629286822747,-460.8025399070349,32.70624703880742,50.027179913273606,82574.12084094333,81113.11875,79652.11665905666,3.602381744058724,695.3983190716336,73.92553780814329,49.32312488426453,13340.0,1.446776611694153,0.0083885038530509,0.0083885038530509,0.005935953965124029,SENSEX,2025-08-18 00:00:00+05:30
81319.109375,81755.8828125,81315.4375,81644.390625,10900,0.0,0.0,81085.32109375,81999.67921875,79233.811171875,80948.36258749667,81279.12923897368,-330.7666514770099,-434.7953622210299,104.02871074402003,53.37098392149542,82482.27298693638,81085.32109375,79688.36920056361,3.4456344856086707,680.1650686022313,92.17639183824208,68.91189384380226,13120.0,0.8307926829268293,0.00456039772989425,0.00456039772989425,0.005895803050382986,SENSEX,2025-08-19 00:00:00+05:30
81671.46875,81985.6171875,81494.5,81857.84375,9400,0.0,0.0,81068.87265625,81989.00171875,79241.255234375,81088.28276634333,81321.99698053117,-233.71421418784303,-394.57913261439256,160.86491842654954,55.22895261242761,82420.57305751045,81068.87265625,79717.17225498953,3.3346964302611406,666.6616485235005,94.22664181528077,86.77619048722205,12395.0,0.7583703106091165,0.0026144248657622438,0.0026144248657622438,0.005932360787624919,SENSEX,2025-08-20 00:00:00+05:30
82220.4609375,82231.171875,81921.21875,82000.7109375,10100,0.0,0.0,81032.576171875,81978.713125,79251.547890625,81228.65633113665,81372.27208845479,-143.61575731814082,-344.3864575551422,200.7707002370014,56.47891379742223,82235.0111283253,81032.576171875,79830.1412154247,2.967781633647853,645.7092539861077,90.62675754253848,92.34326373202045,12395.0,0.8148446954417103,0.0017453084634910798,0.0017453084634910798,0.005738295707086106,SENSEX,2025-08-21 00:00:00+05:30
81951.4765625,81993.609375,81291.7734375,81306.8515625,6700,0.0,0.0,80988.71015625,81971.010625,79261.1368359375,81240.68636673101,81367.42612356924,-126.73975683822937,-300.85711741175965,174.11736057353028,49.282506877905476,82078.64766843854,80988.71015625,79898.77264406146,2.691578888182668,650.2255572728143,62.406304116422795,82.41990115808069,12030.0,0.5569409808811305,-0.008461626333079675,-0.008461626333079675,0.0058599132772351615,SENSEX,2025-08-22 00:00:00+05:30
81501.0625,81799.0625,81364.859375,81635.90625,9700,0.0,0.0,80997.35078125,81981.35671875,79270.69578125,81301.48942569546,81387.3135403419,-85.82411464644247,-257.8505168586962,172.02640221225374,52.38127074362702,82104.79366321882,80997.35078125,79889.90789928118,2.7345163052547123,638.9387987176133,75.78952385491635,76.27419517129256,12015.0,0.807324178110695,0.0040470720631342605,0.0040470720631342605,0.005605208932665218,SENSEX,2025-08-25 00:00:00+05:30
81377.390625,81450.28125,80685.9765625,80786.5390625,20500,0.0,0.0,80992.1265625,81961.16453125,79280.717265625,81222.26629289615,81342.81172716843,-120.54543427228054,-230.38950034141308,109.84406606913254,44.776398178548,82102.50838076067,80992.1265625,79881.74474423932,2.7419500274605535,661.1524336306409,41.2443003987735,59.813376123370894,12785.0,1.6034415330465388,-0.010404333417931566,-0.010404333417931566,0.005876492879071096,SENSEX,2025-08-26 00:00:00+05:30
80754.65625,80775.7109375,80013.0234375,80080.5703125,7800,0.0,0.0,80929.257421875,81931.11,79283.736953125,81046.62075745058,81249.31236311891,-202.6916056683258,-224.84992140679563,22.158315738469838,39.62673438626607,82095.19285064837,80929.257421875,79763.32199310162,2.8813693982028887,669.1783758713093,12.531337877126925,43.18838737693894,12560.0,0.6210191082802548,-0.008738692834134532,-0.008738692834134532,0.006028094785482604,SENSEX,2025-08-28 00:00:00+05:30
80010.828125,80310.7421875,79741.7578125,79809.6484375,12500,0.0,0.0,80845.646875,81898.40984375,79280.89453125,80856.31732361203,81142.67059085084,-286.3532672388101,-237.15059057319854,-49.202676665611534,37.82871413878717,82078.96500173504,80845.646875,79612.32874826498,3.0510439940988596,662.0216615233586,2.7271728726325533,18.834270382844334,12825.0,0.9746588693957114,-0.003383116203378389,-0.003383116203378389,0.006024348179121667,SENSEX,2025-08-29 00:00:00+05:30
79828.9921875,80406.84375,79818.3828125,80364.4921875,6000,0.0,0.0,80804.592578125,81878.46234375,79285.008046875,80780.65191805633,81085.02774615819,-304.3758281018527,-250.59563807892937,-53.78019002292331,43.484407893753655,82044.56156817313,80804.592578125,79564.62358807687,3.069055731824356,657.3912080216902,25.015299157369487,13.424603302376331,12640.0,0.47468354430379744,0.0069520886366829515,0.0069520886366829515,0.006243505899936177,SENSEX,2025-09-01 00:00:00+05:30
80520.09375,80761.140625,80008.5,80157.8828125,8200,0.0,0.0,80782.49140625,81833.4565625,79288.365859375,80684.84128643227,81016.35034366499,-331.50905723271717,-266.77832190968695,-64.73073532303022,41.953910848715665,82051.6788056102,80782.49140625,79513.30400688981,3.1422338609923,664.1947378058552,16.715780884683582,14.81941763822855,12315.0,0.6658546488022736,-0.0025709037583160343,-0.0025709037583160343,0.006064054584660459,SENSEX,2025-09-02 00:00:00+05:30
80295.9921875,80671.28125,80004.6015625,80567.7109375,17100,0.0,0.0,80759.941015625,81806.875,79293.723671875,80666.82123275039,80983.11779506019,-316.2965623097989,-276.6819699897094,-39.614592320089514,46.01296486353003,82027.56400081799,80759.941015625,79492.318030432,3.1392370258114575,664.3722342125799,33.17861570085832,24.969898580970476,12675.0,1.349112426035503,0.005112761348233796,0.005112761348233796,0.0060601329955970095,SENSEX,2025-09-03 00:00:00+05:30
81456.671875,81456.671875,80608.9375,80718.0078125,17000,0.0,0.0,80760.32890625,81780.13296875,79303.9378125,80674.6960911734,80963.48001857425,-288.7839274008438,-279.1023614719363,-9.681565928907503,47.46388235677836,82027.89557907284,80760.32890625,79492.76223342716,3.1390824925794543,680.4142844473956,39.21605548494406,29.70348402349533,12980.0,1.3097072419106317,0.0018654728209492877,0.0018654728209492877,0.006018051804580634,SENSEX,2025-09-04 00:00:00+05:30
81012.421875,81036.5625,80321.1875,80710.7578125,8200,0.0,0.0,80768.6671875,81739.23796875,79319.0368359375,80680.24404830058,80944.75985516135,-264.5158068607707,-276.1850505497032,11.66924368893251,47.397708975174616,82032.62063039477,80768.6671875,79504.71374460524,3.1298113164615384,682.9114784154389,38.924822294402865,37.10649782673509,13125.0,0.6247619047619047,-8.981886689818364e-05,-8.981886689818364e-05,0.00599827109033667,SENSEX,2025-09-05 00:00:00+05:30
80904.3984375,81171.3828125,80733.0703125,80787.296875,8700,0.0,0.0,80776.869140625,81679.8665625,79335.0717578125,80696.71371394665,80933.09593070495,-236.38221675829845,-268.22448379142224,31.84226703312379,48.218484954486335,82039.06954208626,80776.869140625,79514.66873916374,3.1251530664400673,667.0338728143361,41.999403725148674,40.04676050149854,11685.0,0.7445442875481386,0.0009483130201528578,0.0009483130201528578,0.005998005038490058,SENSEX,2025-09-08 00:00:00+05:30
81129.6875,81181.3671875,80927.96875,81101.3203125,6300,0.0,0.0,80839.045703125,81620.715,79353.8833203125,80758.96088295485,80945.5569960231,-186.5961130682408,-251.898809646786,65.30269657854518,51.55816004315457,82034.78740948829,80839.045703125,79643.30399676171,2.9583271201754564,647.5364756490263,54.613755119333426,45.17932704629499,10840.0,0.5811808118081181,0.003887039790251734,0.003887039790251734,0.005602535685484628,SENSEX,2025-09-09 00:00:00+05:30
81504.359375,81643.8828125,81235.421875,81425.1484375,11800,0.0,0.0,80880.09921875,81577.08875,79373.1171484375,80861.4512759618,80981.08228798435,-119.63101202255348,-225.4452501219395,105.81423809938602,54.79591747140864,82096.94678284759,80880.09921875,79663.2516546524,3.009016002333243,640.0383345312387,67.62196174426086,54.74504019624766,11000.0,1.0727272727272728,0.00399288351598015,0.00399288351598015,0.0052914556410534235,SENSEX,2025-09-10 00:00:00+05:30
81217.296875,81642.21875,81216.90625,81548.7265625,13500,0.0,0.0,80945.755859375,81534.1175,79395.0818359375,80967.18593542921,81023.13001202255,-55.94407659333956,-191.5450154162195,135.60093882287995,56.00441155457122,82158.11301035398,80945.755859375,79733.39870839602,2.9954804624597577,624.7007749218645,80.24368835368118,67.49313507242516,11160.0,1.2096774193548387,0.0015176898952153905,0.0015176898952153905,0.005156527963158641,SENSEX,2025-09-11 00:00:00+05:30
81758.953125,81992.8515625,81641.3828125,81904.703125,11100,0.0,0.0,81013.995703125,81504.0178125,79409.0198046875,81111.41934920933,81088.43172409495,22.9876251143869,-148.6384873100982,171.62611242448511,59.37370311376645,82279.75885118771,81013.995703125,79748.23255506228,3.1248011829982905,611.8025052845885,96.0841951828972,81.3166150936131,11100.0,1.0,0.004365200751812681,0.004365200751812681,0.005175424682795252,SENSEX,2025-09-12 00:00:00+05:30
81925.5078125,81998.5078125,81744.703125,81785.7421875,10500,0.0,0.0,81073.4,81474.94328125,79417.3992578125,81215.16132433097,81140.08435101384,75.0769733171328,-103.89539518465202,178.9723685017848,57.781187915098556,82366.64850057058,81073.4,79780.15149942941,3.190315197267124,586.2312325856893,90.57203389830508,88.96663914496116,11265.0,0.9320905459387483,-0.0014524310932235718,-0.0014524310932235718,0.0052011022419196,SENSEX,2025-09-15 00:00:00+05:30
81852.109375,82443.4765625,81779.9375,82380.6875,8200,0.0,0.0,81128.746875,81453.89921875,79429.2823828125,81394.47304366466,81231.98088056837,162.49216309629264,-50.61788352846309,213.11004662475574,63.110268589969685,82540.84130348919,81128.746875,79716.65244651081,3.4811197827692033,591.7532204367116,97.6759585911746,94.7773958907923,10710.0,0.765639589169001,0.007274438020456353,0.007274438020456353,0.005120268080640675,SENSEX,2025-09-16 00:00:00+05:30
82506.3984375,82741.953125,82490.46875,82693.7109375,14600,0.0,0.0,81181.212890625,81438.9234375,79441.580546875,81594.3557965624,81340.25718108182,254.0986154805869,10.325416273346903,243.77319920724,65.5725391434892,82736.733623945,81181.212890625,79625.692157305,3.8322185095109105,575.2898207626607,98.39203176876505,95.54667475274825,10895.0,1.3400642496558055,0.0037997186840665886,0.0037997186840665886,0.005092749452844697,SENSEX,2025-09-17 00:00:00+05:30
83108.921875,83141.2109375,82704.921875,83013.9609375,14600,0.0,0.0,81239.01875,81424.9525,79461.431640625,81812.75658747589,81464.2352371128,348.5213503630803,77.96460309129358,270.55674727178666,67.93091900694617,82967.16975583517,81239.01875,79510.86774416483,4.254485178244895,566.1619764224707,96.17043087354992,97.41280707782987,11155.0,1.3088301210219633,0.00387272497955804,0.00387272497955804,0.005125945171246076,SENSEX,2025-09-18 00:00:00+05:30
82946.0390625,82978.6328125,82485.921875,82626.2265625,9700,0.0,0.0,81270.29453125,81406.75546875,79475.548828125,81937.90581440268,81550.30866862297,387.5971457797132,139.8911116289775,247.70603415073566,62.360966962124515,83073.46598907378,81270.29453125,79467.1230734262,4.4374675106669725,563.4389111422943,83.58149474701484,92.71465246310994,11135.0,0.8711270767849124,-0.0046707128610803395,-0.0046707128610803395,0.005257095946248596,SENSEX,2025-09-19 00:00:00+05:30
82151.0703125,82583.15625,81997.2890625,82159.96875,10300,0.0,0.0,81312.950390625,81386.14921875,79485.10828125,81972.0693429561,81595.4686746509,376.600668305211,187.23302296422423,189.36764534098677,56.3748416911928,83157.45194300958,81312.950390625,79468.44883824042,4.536796521399479,568.1173817749875,68.71646832019049,82.82279798025176,11315.0,0.9102960671674768,-0.005642975988348176,-0.005642975988348176,0.0050405429689053816,SENSEX,2025-09-22 00:00:00+05:30
82147.3671875,82370.3828125,81776.53125,82102.1015625,9300,0.0,0.0,81336.26015625,81378.181875,79491.3900390625,81992.07429980901,81632.9970367138,359.0772630952124,221.6018709904219,137.4753921047905,55.66071920132731,83208.07863384033,81336.26015625,79464.44167865968,4.602666692553819,569.9555375410598,63.15245606890457,71.8168063787033,11295.0,0.8233731739707836,-0.0007043233874161059,-0.0007043233874161059,0.004977837861262881,SENSEX,2025-09-23 00:00:00+05:30
81917.6484375,82045.46875,81607.84375,81715.6328125,15100,0.0,0.0,81382.71484375,81367.4253125,79495.1865625,81949.54484022301,81639.11820529056,310.4266349324462,239.36682377882676,71.05981115361942,51.01304856095113,83243.7409927777,81382.71484375,79521.6886947223,4.573516999526901,564.5485571809842,49.448004366098466,60.438976251731184,11025.0,1.3696145124716552,-0.004707172443153662,-0.004707172443153662,0.0044703936171879245,SENSEX,2025-09-24 00:00:00+05:30
81574.3125,81840.7265625,81092.890625,81159.6796875,14800,0.0,0.0,81436.6703125,81339.20078125,79492.1556640625,81828.02712441946,81603.60424100979,224.42288340967207,236.37803570499582,-11.955152295323757,45.16993326453048,83203.76012828882,81436.6703125,79669.58049671119,4.339788964867779,577.6405129180567,17.715301613667183,43.43858734955674,11375.0,1.3010989010989011,-0.006803510000046864,-0.006803510000046864,0.004274708028124115,SENSEX,2025-09-25 00:00:00+05:30
80956.0078125,81033.09375,80332.40625,80426.4609375,10700,0.0,0.0,81467.5109375,81295.04046875,79485.7423828125,81612.40155720108,81516.4084407498,95.99311645128182,208.30105185425305,-112.30793540297122,38.84972741058566,83138.87756406188,81467.5109375,79796.14431093812,4.1031488683731,595.4714361024813,3.3485663107360506,23.503957430167237,11285.0,0.9481612760301285,-0.009034273580467711,-0.009034273580467711,0.004720783625596848,SENSEX,2025-09-26 00:00:00+05:30
80588.7734375,80851.3828125,80248.84375,80364.9375,8600,0.0,0.0,81467.533203125,81257.154375,79480.024765625,81420.48400993939,81431.11429699055,-10.630287051157211,164.514784073171,-175.1450711243282,38.36465697224488,83138.84106310998,81467.533203125,79796.22534314002,4.103003477024081,595.976266559447,4.013797089862056,8.359221671421768,11415.0,0.7533946561541831,-0.0007649651219616693,-0.0007649651219616693,0.004465140102937058,SENSEX,2025-09-29 00:00:00+05:30
80541.7734375,80677.8203125,80201.1484375,80267.6171875,7100,0.0,0.0,81473.019921875,81227.3521875,79473.8126171875,81243.11988341025,81344.92932591717,-101.80944250691391,111.24993875715403,-213.05938126406795,37.56564143134575,83127.73210418795,81473.019921875,79818.30773956206,4.061988088571298,587.4545243052008,2.2607937756425245,3.2077190587468816,11360.0,0.625,-0.0012109797571857595,-0.0012109797571857595,0.0044340189867129245,SENSEX,2025-09-30 00:00:00+05:30
80173.2421875,81068.4296875,80159.8984375,80983.3125,22300,0.0,0.0,81493.8,81203.0115625,79471.0984765625,81203.14951673175,81318.14289436775,-114.9933776359976,66.00127547852371,-180.99465311452133,46.405642844964,83112.56216909007,81493.8,79875.03783090993,3.9727247203838094,610.3885761405436,27.61917989140689,11.297923585637163,11620.0,1.919104991394148,0.008916364252201214,0.008916364252201214,0.0047328433962824665,SENSEX,2025-10-01 00:00:00+05:30
80684.140625,81251.9921875,80649.5703125,81207.171875,13600,0.0,0.0,81518.258203125,81183.41875,79470.68453125,81203.76834108071,81309.92281885902,-106.15447777831287,31.570124827156395,-137.72460260546927,48.8453923347216,83103.83651341048,81518.258203125,79932.67989283953,3.8901182268506647,609.8195260590762,35.12793232846271,21.669301998504043,11450.0,1.1877729257641922,0.0027642654775328346,0.0027642654775328346,0.004753034900675796,SENSEX,2025-10-03 00:00:00+05:30
81274.7890625,81846.421875,81155.8828125,81790.1171875,8800,0.0,0.0,81572.226171875,81164.68828125,79468.96953125,81293.97585591444,81345.49277209169,-51.516916177250096,14.952716626275098,-66.4696328035252,54.63659810604382,83117.14639530041,81572.226171875,80027.30594844958,3.78785843154563,615.5852072334279,54.681243579799165,39.14278526655625,11480.0,0.7665505226480837,0.0071784954338431906,0.0071784954338431906,0.004992460918794468,SENSEX,2025-10-06 00:00:00+05:30
81883.953125,82309.5625,81787.4765625,81926.75,13900,0.0,0.0,81629.198828125,81159.53984375,79469.8604296875,81391.3257242353,81388.54886304786,2.776861187434406,12.517545538506962,-9.740684351072556,55.89687360224055,83137.74434988799,81629.198828125,80120.653306362,3.6960929261092548,608.9066879667545,59.264218779480515,49.6911315625808,11740.0,1.1839863713798977,0.0016705296091796829,0.0016705296091796829,0.004997141768719637,SENSEX,2025-10-07 00:00:00+05:30
81899.5078125,82257.7421875,81646.078125,81773.65625,15200,0.0,0.0,81662.815625,81165.75109375,79475.3064453125,81450.14580512217,81417.07533615542,33.070468966747285,16.62813022415503,16.442338742592256,54.08380494300566,83152.65846201265,81662.815625,80172.97278798735,3.648766762718756,609.1036432905577,54.12910630804386,56.02485622244118,12185.0,1.2474353713582274,-0.001868666217078041,-0.001868666217078041,0.004970355553676745,SENSEX,2025-10-08 00:00:00+05:30
81900.0,82247.7265625,81667.6796875,82172.1015625,23200,0.0,0.0,81700.16328125,81191.37265625,79485.2559375,81561.21592164184,81473.00320477354,88.21271686829277,30.94504755298258,57.267669315310194,57.910278602990296,83201.7056829532,81700.16328125,80198.62087954681,3.6757390472628138,607.0281598412322,71.38675935010727,61.59336147921055,12755.0,1.8188945511564092,0.004872538795157588,0.004872538795157588,0.005007347488122254,SENSEX,2025-10-09 00:00:00+05:30
82075.453125,82654.109375,82072.9296875,82500.8203125,13700,0.0,0.0,81747.76796875,81214.63,79501.6698046875,81705.77044331231,81549.13780534588,156.63263796643878,56.082565635673824,100.55007233076495,60.81181749492735,83286.9848083816,81747.76796875,80208.55112911841,3.765770926540769,605.181840388287,93.85420614610707,73.12335726808607,12765.0,1.073247160203682,0.004000369270706461,0.004000369270706461,0.005065163161808207,SENSEX,2025-10-10 00:00:00+05:30
82049.15625,82438.5,82043.140625,82327.046875,9000,0.0,0.0,81768.88515625,81231.53375,79523.0970703125,81801.35143280272,81606.76069939433,194.5907334083895,83.78419919021697,110.80653421817253,58.51532227809676,83327.59995330738,81768.88515625,80210.17035919263,3.8124888069070884,594.645972324838,86.8871355231959,84.0427003398034,12660.0,0.7109004739336493,-0.002106323753409689,-0.002106323753409689,0.005017973096334825,SENSEX,2025-10-13 00:00:00+05:30
82404.5390625,82573.3671875,81781.6171875,82029.9765625,12600,0.0,0.0,81781.096875,81248.42171875,79540.54609375,81836.52452967923,81638.11002258734,198.4145070918894,106.71026077055146,91.70424632133793,54.71152857941459,83343.96994305425,81781.096875,80218.22380694575,3.8220887901346097,608.7248314444925,74.97674302055698,85.23936156328665,12765.0,0.9870740305522914,-0.0036084169635168806,-0.0036084169635168806,0.005079682543138847,SENSEX,2025-10-14 00:00:00+05:30
82197.25,82727.0234375,82084.3671875,82605.4296875,10600,0.0,0.0,81792.333984375,81288.5321875,79561.20890625,81954.81763088242,81709.7633310994,245.05429978301981,134.37906857304512,110.6752312099747,60.119598067192086,83375.39123854369,81792.333984375,80209.27673020631,3.870918402869151,615.0335488413145,95.26342698544092,85.7091018430646,12885.0,0.8226620100892511,0.0070151565210012645,0.0070151565210012645,0.00506086951424886,SENSEX,2025-10-15 00:00:00+05:30
82794.7890625,83615.4765625,82791.3515625,83467.65625,27400,0.0,0.0,81831.03125,81337.5109375,79586.1848046875,82187.56203382359,81839.97762138833,347.58441243525886,177.02013734548785,170.564275089771,66.56253740841217,83533.65428899702,81831.03125,80128.40821100298,4.161313900090963,643.2487864240777,95.72226969980602,88.65414656860129,13525.0,2.0258780036968576,0.01043789210663082,0.01043789210663082,0.005510630688797454,SENSEX,2025-10-16 00:00:00+05:30
83331.78125,84172.2421875,83206.078125,83952.1875,14300,0.0,0.0,81877.942578125,81402.3496875,79612.450390625,82459.0428747738,81996.4376123966,462.6052623771975,234.13716235182977,228.46810002536773,69.5405819878099,83751.47367217352,81877.942578125,80004.41148407648,4.57640002925297,666.3141632866436,94.51555745940263,95.16708471488319,13510.0,1.0584752035529237,0.005805018036552312,0.005805018036552312,0.0055896113466171,SENSEX,2025-10-17 00:00:00+05:30
84269.296875,84656.5625,84196.7890625,84363.3671875,10900,0.0,0.0,81964.799609375,81478.7371875,79643.0265625,82752.01584596245,82171.76572907093,580.2501168915187,303.35975325976756,276.89036363175114,71.83319138016262,84110.35862706229,81964.799609375,79819.2405916877,5.2353181558730695,669.0327944804548,93.47971499705511,94.57251405208793,13570.0,0.8032424465733236,0.004897784080968748,0.004897784080968748,0.005525947600833995,SENSEX,2025-10-20 00:00:00+05:30
84484.671875,84665.4375,84286.3984375,84426.34375,3400,0.0,0.0,82078.118359375,81554.79890625,79674.4632421875,83009.60475427592,82338.77150839902,670.8332458769,376.85445178319407,293.978794093706,72.17858920469261,84477.34337060915,82078.118359375,79678.89334814086,5.8461988632079835,648.3189564818509,94.69333754111692,94.22953666585822,13225.0,0.2570888468809074,0.0007464918079909122,0.0007464918079909122,0.005298324074525183,SENSEX,2025-10-21 00:00:00+05:30
85154.1484375,85290.0625,84445.25,84556.3984375,25700,0.0,0.0,82200.833203125,81648.77109375,79704.708203125,83247.57301323347,82503.0401698139,744.532843419569,450.39013011046904,294.1427133090999,72.91718610723572,84832.24049074599,82200.833203125,79569.42591550402,6.402385925015041,663.7046560188617,84.18995156427036,90.78766803414744,14045.0,1.8298326806692773,0.0015404514956269821,0.0015404514956269821,0.0052756900076266254,SENSEX,2025-10-23 00:00:00+05:30
84667.2265625,84707.4375,83957.1484375,84211.8828125,13600,0.0,0.0,82325.645703125,81720.9271875,79726.0490625,83395.92836696678,82629.62110630916,766.307260657617,513.5735562198986,252.73370443771842,67.78360318949095,85086.76357369493,82325.645703125,79564.52783255508,6.707795236800962,669.8892564818001,73.92034771105966,84.26787893881564,13970.0,0.9735146743020758,-0.004074388589938027,-0.004074388589938027,0.005238352391208694,SENSEX,2025-10-24 00:00:00+05:30
84297.390625,84932.078125,84294.203125,84778.84375,12000,0.0,0.0,82506.60390625,81811.7921875,79753.827734375,83608.68457974112,82788.8227836196,819.8617961215205,574.831204200223,245.0305919212974,71.3574157975188,85409.10785828647,82506.60390625,79604.09995421354,7.035810019121626,673.4825461973858,85.97088523465472,81.36039483666157,13830.0,0.8676789587852495,0.006732552682171322,0.006732552682171322,0.004974304694904837,SENSEX,2025-10-27 00:00:00+05:30
84625.7109375,84986.9375,84219.390625,84628.15625,12900,0.0,0.0,82716.688671875,81893.5571875,79787.1435546875,83765.52637516556,82925.06970705518,840.4566681103752,627.9562969822535,212.50037112812163,69.16143969733884,85594.67141538867,82716.688671875,79838.70592836133,6.958650762557009,680.2014268261439,81.83564522007589,80.57562605526341,13940.0,0.9253945480631277,-0.001777418673511888,-0.001777418673511888,0.004335736952412279,SENSEX,2025-10-28 00:00:00+05:30
84663.6796875,85105.828125,84638.6796875,84997.1328125,13600,0.0,0.0,82948.2984375,81981.54671875,79821.133671875,83955.00428860162,83078.55586301406,876.4484255875577,677.6547227033144,198.79370288424332,71.47618071703255,85777.10573363202,82948.2984375,80119.49114136797,6.820651778079529,665.7350302671337,91.91334260727034,86.57329102066699,14190.0,0.9584214235377027,0.004359974018694368,0.004359974018694368,0.004280076161433147,SENSEX,2025-10-29 00:00:00+05:30
84750.8984375,84906.953125,84312.6484375,84404.4609375,14200,0.0,0.0,83155.140625,82044.1609375,79852.413515625,84024.15146535521,83176.77105371673,847.3804116384854,711.5998604903486,135.78055114813674,63.2622142923604,85766.24908865895,83155.140625,80544.03216134105,6.280089105817567,667.0742691766242,74.75800579405497,82.83566454046706,14545.0,0.9762805087658989,-0.006972845499475966,-0.006972845499475966,0.004735035432307237,SENSEX,2025-10-30 00:00:00+05:30
84379.7890625,84712.7890625,83905.65625,83938.7109375,13300,0.0,0.0,83302.910546875,82090.04734375,79884.006015625,84011.0067687621,83233.2110451081,777.7957236540096,724.8390331230809,52.95669053092877,57.65494544826445,85733.95407091269,83302.910546875,80871.86702283732,5.836635258187579,677.0784508425796,61.482895067927615,76.05141448975098,14095.0,0.9435970202199362,-0.005518073272748891,-0.005518073272748891,0.0048092976880967035,SENSEX,2025-10-31 00:00:00+05:30
83835.1015625,84127.0,83609.5390625,83978.4921875,1300,0.0,0.0,83441.4765625,82132.4603125,79917.0039453125,84006.00452549101,83288.41705565565,717.5874698353582,723.3887204655364,-5.801250630178174,57.9973925436311,85687.81323528351,83441.4765625,81195.13988971649,5.384220810380651,665.6771998895382,62.616766240388706,66.28588903412377,13480.0,0.09643916913946587,0.00047393210540991326,0.00047393210540991326,0.004812515231756387,SENSEX,2025-11-03 00:00:00+05:30
84000.640625,84068.0078125,83412.7734375,83459.1484375,9500,0.0,0.0,83524.928125,82161.6290625,79952.6496484375,83921.87281964623,83301.06382468116,620.8089949650748,702.8727753654441,-82.0637804003693,52.07641961452781,85639.83632544521,83524.928125,81410.0199245548,5.064136534856088,664.9312838259997,42.88558693146231,55.66174941325954,13515.0,0.7029226785053644,-0.006184247138427468,-0.006184247138427468,0.00493646233794521,SENSEX,2025-11-04 00:00:00+05:30
83516.6875,83846.3515625,83237.6484375,83311.0078125,17900,0.0,0.0,83594.141015625,82201.7121875,79986.7065234375,83827.89358777758,83301.80041637145,526.0931714061298,667.5168545735812,-141.42368316745137,50.492916190202656,85582.10296585695,83594.141015625,81606.17906539307,4.756223166071795,660.9149867669996,20.796973439429706,42.09977553709357,13715.0,1.3051403572730587,-0.0017750076267665227,-0.0017750076267665227,0.004972632568673249,SENSEX,2025-11-06 00:00:00+05:30
83150.1484375,83390.109375,82670.953125,83216.28125,15900,0.0,0.0,83666.272265625,82233.3196875,80019.1675390625,83733.79938196565,83295.4656633069,438.3337186587596,621.6802273906169,-183.34650873185728,49.457319270057596,85482.01004701987,83666.272265625,81850.53448423013,4.340429499787529,665.0750769979282,20.82112836543911,28.16789624544371,13750.0,1.1563636363636363,-0.0011370233656660123,-0.0011370233656660123,0.0049542379810135415,SENSEX,2025-11-07 00:00:00+05:30
83198.203125,83754.4921875,83197.671875,83535.3515625,11900,0.0,0.0,83734.434765625,82288.2959375,80051.6301953125,83703.2689482017,83313.23498917304,390.0339590286603,575.3509737182255,-185.3170146895652,52.957196387165524,85418.25126787387,83734.434765625,82050.61826337613,4.02180179984953,657.3425938195048,33.003525769136694,24.87387585800184,13185.0,0.9025407660219947,0.0038342294044773073,0.0038342294044773073,0.00491555822208524,SENSEX,2025-11-10 00:00:00+05:30
83671.5234375,83936.46875,83124.03125,83871.3203125,16500,0.0,0.0,83802.959765625,82364.1109375,80087.89015625,83729.1230042476,83354.57464275282,374.5483614947734,535.1904512735351,-160.64208977876172,56.38215916631343,85389.10033869614,83802.959765625,82216.81919255386,3.7854046623345106,668.4208014038259,45.83112102754395,33.21859172070659,13325.0,1.2382739212007505,0.004021875094984528,0.004021875094984528,0.004916289510457391,SENSEX,2025-11-11 00:00:00+05:30
84238.859375,84652.0078125,84166.75,84466.5078125,9100,0.0,0.0,83909.9328125,82457.248125,80124.8555078125,83842.56682090182,83436.94006273408,405.62675816773844,509.27771265237584,-103.6509544846374,61.70178185529977,85366.80082864668,83909.9328125,82453.06479635333,3.4724566384818933,676.4398513035527,68.5559260960608,49.130190964247156,13330.0,0.6826706676669168,0.007096436514679505,0.007096436514679505,0.005055154345921601,SENSEX,2025-11-12 00:00:00+05:30
84525.890625,84919.4296875,84253.046875,84478.671875,25600,0.0,0.0,84032.367578125,82539.53171875,80168.0570703125,83940.42913691692,83514.10538216119,426.32375475573645,492.686921073048,-66.36316631731154,61.804309400121745,85224.15155729082,84032.367578125,82840.58359895919,2.8364879236749236,675.7214913890132,74.24277426972637,62.876607131110376,13980.0,1.8311874105865522,0.0001440104819652177,0.0001440104819652177,0.004931685811162832,SENSEX,2025-11-13 00:00:00+05:30
84060.140625,84697.8671875,84029.3203125,84562.78125,8800,0.0,0.0,84130.23515625,82627.6296875,80208.846015625,84036.17561585279,83591.78507607518,444.3905397776107,483.02764481396053,-38.63710503634985,62.550851632775796,85145.65338807674,84130.23515625,83114.81692442326,2.4139198706407186,675.209018789798,77.69713537655937,73.49861191411551,13890.0,0.6335493160547156,0.0009956285194026027,0.0009956285194026027,0.00475690139398474,SENSEX,2025-11-14 00:00:00+05:30
84700.5,84988.09375,84581.078125,84950.953125,10500,0.0,0.0,84204.4,82715.29453125,80250.9988671875,84176.91061726004,83692.46419081034,484.44642644970736,483.3114011411099,1.1350253085974487,65.86661630550309,85232.01175780376,84204.4,83176.78824219623,2.440755489745825,657.3592674476696,93.63930386570152,81.85973783732909,13045.0,0.8049060942889996,0.004590339499979557,0.004590339499979557,0.004317491382371646,SENSEX,2025-11-17 00:00:00+05:30
85042.3671875,85042.40625,84558.359375,84673.0234375,10700,0.0,0.0,84240.441796875,82794.39484375,80293.4116796875,84253.23566652772,83765.09820908365,488.1374574440706,484.2766124017021,3.86084504236851,61.65720697836221,85280.62891297106,84240.441796875,83200.25468077895,2.469567096061087,644.9798108442646,82.22476769854715,84.52040231360269,12865.0,0.8317139525845316,-0.0032716488429628265,-0.0032716488429628265,0.004250178170131851,SENSEX,2025-11-18 00:00:00+05:30
84643.78125,85236.7734375,84525.9765625,85186.46875,8900,0.0,0.0,84281.596875,82883.9090625,80342.5131640625,84396.80998706192,83870.38491581818,526.4250712437351,492.7063041701087,33.71876707362645,65.98238161872588,85400.16092928837,84281.596875,83163.03282071164,2.65434945649483,649.6810297125314,98.03943061581792,91.30116739335553,12765.0,0.6972189580885233,0.006063859440179176,0.006063859440179176,0.004321995258150564,SENSEX,2025-11-19 00:00:00+05:30
85470.921875,85801.703125,85201.21875,85632.6796875,24300,0.0,0.0,84341.913671875,82980.81671875,80391.16953125,84586.9437871293,84000.9252692761,586.018517853212,511.36874690672937,74.64977094648259,69.23076515583854,85605.84709626374,84341.913671875,83077.98024748625,2.997165630616273,647.220554375922,94.60118382176795,91.62179404537767,13810.0,1.7595944967414916,0.005238049470151385,0.005238049470151385,0.004450562744131313,SENSEX,2025-11-20 00:00:00+05:30
85347.3984375,85609.3984375,85187.84375,85231.921875,14200,0.0,0.0,84375.68984375,83063.42875,80434.6643359375,84686.17118526326,84092.11020303342,594.0609822298429,527.9071939713522,66.15378825849075,63.377169688390985,85695.60899261096,84375.68984375,83055.77069488906,3.1286716619567203,632.7645103133561,81.80048710372914,91.48036718043834,13235.0,1.072912731394031,-0.004679963466780346,-0.004679963466780346,0.004604816919816097,SENSEX,2025-11-21 00:00:00+05:30
85320.0390625,85473.46875,84710.109375,84900.7109375,9600,0.0,0.0,84410.13125,83132.94,80475.368828125,84719.177300992,84152.00655373464,567.1707472573617,535.7599046285541,31.410842628807586,58.941567287254436,85746.99496734407,84410.13125,83073.26753265594,3.1675432736495495,642.0927149338306,71.22120298650484,82.54095797066731,13035.0,0.7364787111622555,-0.0038859963522323016,-0.0038859963522323016,0.004595348082312523,SENSEX,2025-11-24 00:00:00+05:30
85008.9296875,85110.2421875,84536.7265625,84587.0078125,6200,0.0,0.0,84400.539453125,83193.705625,80510.801015625,84698.84353353169,84184.22886919873,514.6146643329557,531.5308565694344,-16.91619223647865,55.01426827124355,85729.41261133949,84400.539453125,83071.66629491052,3.14896839955039,637.1943513671284,61.20113990257926,71.40760999760441,12745.0,0.4864652805021577,-0.003694941085133352,-0.003694941085133352,0.004429693536855439,SENSEX,2025-11-25 00:00:00+05:30
84503.4375,85644.1875,84478.1328125,85609.5078125,13800,0.0,0.0,84449.60703125,83267.80171875,80552.91484375,84838.94573029605,84289.80508722104,549.1406430750067,535.0528138705488,14.087829204457876,63.54137549093737,85877.27379183551,84449.60703125,83021.94027066448,3.3811093047649585,674.9700896623335,93.86104567595623,75.42779618834678,12790.0,1.0789679437060202,0.012088144816122748,0.012088144816122748,0.005176135843804711,SENSEX,2025-11-26 00:00:00+05:30
85745.046875,86055.859375,85473.8515625,85720.3828125,15800,0.0,0.0,84485.76953125,83346.49453125,80588.5976953125,84974.5514352505,84395.77380761207,578.7776276384247,543.797776624124,34.97985101430072,64.33091506373978,86001.03148704224,84485.76953125,82970.50757545776,3.5870229133245264,668.3299270078811,88.55742737306608,81.20653765053386,12900.0,1.2248062015503876,0.0012951248387367276,0.0012951248387367276,0.0051034870890101,SENSEX,2025-11-27 00:00:00+05:30
85791.546875,85969.890625,85577.8203125,85706.671875,6400,0.0,0.0,84550.880078125,83413.01421875,80625.7746484375,85087.18534905811,84492.87736815933,594.3079808987823,553.8998174790557,40.40816341972652,64.14591969320449,86155.82853540491,84550.880078125,82945.93162084509,3.7964086377266324,648.5970974001754,88.08976907539558,90.16941404147263,12510.0,0.5115907274180655,-0.00015994955983800185,-0.00015994955983800185,0.0048013601819599915,SENSEX,2025-11-28 00:00:00+05:30
86065.921875,86159.0234375,85489.6484375,85641.8984375,8500,0.0,0.0,84636.039453125,83471.97796875,80663.693359375,85172.52582420302,84577.99003996234,594.5357842406811,562.0270108313808,32.50877340930026,63.22097283077001,86282.23660859438,84636.039453125,82989.84229765563,3.8900618840537944,650.0812333001629,75.71844667317188,84.12188104054451,12270.0,0.6927465362673186,-0.000755757236664989,-0.000755757236664989,0.004586008659389648,SENSEX,2025-12-01 00:00:00+05:30
85325.5078125,85553.5078125,85053.0,85138.2734375,5800,0.0,0.0,84694.028515625,83514.46421875,80700.0837890625,85167.25622624872,84619.49251385403,547.7637123946915,559.174351144043,-11.410638749351506,56.410143885463434,86325.12883838353,84694.028515625,83062.92819286647,3.8517481134047453,645.7110336001513,52.07078451368662,71.9596667540847,12495.0,0.46418567426970786,-0.00588059126652285,-0.00588059126652285,0.0048386253674070024,SENSEX,2025-12-02 00:00:00+05:30
85150.640625,85269.6796875,84763.640625,85106.8125,17400,0.0,0.0,84776.41171875,83564.0759375,80739.0588671875,85157.95719144122,84655.59029060557,502.3669008356519,547.8128610823649,-45.44596024671296,56.00425339767172,86313.43242659868,84776.41171875,83239.39101090131,3.626057476808122,635.7344642358547,50.593539299051365,59.46092349530329,12890.0,1.3498836307214894,-0.00036952754888897044,-0.00036952754888897044,0.004570658644729964,SENSEX,2025-12-03 00:00:00+05:30
84987.5625,85487.2109375,84949.9765625,85265.3203125,17900,0.0,0.0,84874.12734375,83626.18296875,80783.9174609375,85174.47459468104,84700.75547741257,473.71911726846884,532.9941123195856,-59.274995051116775,57.657332281941095,86267.88624822273,84874.12734375,83480.36843927728,3.2842962822529813,628.6987435761508,46.83157180438198,49.83196520570666,12890.0,1.3886733902249806,0.0018624573972854108,0.0018624573972854108,0.004527096086864133,SENSEX,2025-12-04 00:00:00+05:30
85125.4765625,85796.71875,85078.1171875,85712.3671875,7900,0.0,0.0,84998.931640625,83698.38828125,80831.62390625,85257.22730126858,84775.68967815979,481.53762310878665,522.7028144774258,-41.16519136863917,61.994591381975425,86211.819890523,84998.931640625,83786.043390727,2.8538905760041295,635.120373499283,73.42740548630283,56.950838863245394,12490.0,0.6325060048038431,0.00524300938953326,0.00524300938953326,0.004580465005137648,SENSEX,2025-12-05 00:00:00+05:30
85624.84375,85722.96875,84875.59375,85102.6875,10700,0.0,0.0,85077.2984375,83766.129375,80876.4425,85233.45194722725,84799.91173903685,433.54020819040306,504.87029322002127,-71.3300850296182,53.88760605357867,86087.38368835005,85077.2984375,84067.21318664994,2.3745118131415253,650.2814182493341,37.15617650613049,52.471717932271766,12430.0,0.8608205953338697,-0.007113088898435094,-0.007113088898435094,0.004926461701696088,SENSEX,2025-12-08 00:00:00+05:30
84742.8671875,84947.890625,84382.9609375,84666.28125,8500,0.0,0.0,85117.046484375,83836.26140625,80920.0778515625,85146.1949168846,84790.01318429338,356.18173259122705,475.13258109426243,-118.95084850303539,48.95293467185955,85987.02519856958,85117.046484375,84247.06777018041,2.0441938486535434,655.2417856958102,15.952158918956963,42.178580303796764,12030.0,0.7065669160432253,-0.005127996104705823,-0.005127996104705823,0.005048669571197835,SENSEX,2025-12-09 00:00:00+05:30
84607.4921875,85020.34375,84313.6171875,84391.2734375,8800,0.0,0.0,85113.284765625,83915.55765625,80962.049921875,85030.05315082544,84760.47690675313,269.5762440723047,434.0213136898709,-164.44506961756622,46.08873750323859,85995.0531884169,85113.284765625,84231.51634283309,2.071987763649399,658.9192697532524,4.20808426328891,19.105473229458788,12015.0,0.7324178110694964,-0.003248138555748792,-0.003248138555748792,0.004862010476081234,SENSEX,2025-12-10 00:00:00+05:30
84456.75,84906.9296875,84150.1875,84818.1328125,15800,0.0,0.0,85130.2578125,84004.6215625,81006.3036328125,84997.4500218523,84764.74771458624,232.70230726606678,393.7575124051101,-161.05520513904332,50.891643177226015,85974.79285916724,85130.2578125,84285.72276583276,1.9841007612765214,665.9066210208772,33.25036654467956,17.80353657564181,11525.0,1.3709327548806942,0.005058098516739884,0.005058098516739884,0.004993826385832114,SENSEX,2025-12-11 00:00:00+05:30
85051.03125,85320.8203125,84956.7421875,85267.65625,8200,0.0,0.0,85165.5015625,84104.62234375,81052.946015625,85039.0202107981,84802.00019869096,237.02001210713934,362.410012345516,-125.39000023837667,55.398051934659186,85970.26282754765,85165.5015625,84360.74029745234,1.8898761829214732,654.2481123765289,55.62767616506761,31.028708991012024,11495.0,0.7133536320139191,0.005299850663934347,0.005299850663934347,0.005120498075038761,SENSEX,2025-12-12 00:00:00+05:30
84891.75,85278.6328125,84840.3203125,85213.359375,10600,0.0,0.0,85178.621875,84189.22328125,81100.3330078125,85065.84162067532,84832.47124878793,233.3703718873876,336.6020842538903,-103.23171236650273,54.744585136430395,85977.49858072962,85178.621875,84379.74516927038,1.8757680933180063,638.8241400639197,52.92477375345641,47.26760548773453,11500.0,0.9217391304347826,-0.0006367816049828168,-0.0006367816049828168,0.005029431959939221,SENSEX,2025-12-15 00:00:00+05:30
85025.609375,85059.9609375,84620.609375,84679.859375,9600,0.0,0.0,85178.963671875,84258.67703125,81147.1769921875,85006.45973672527,84821.16666554438,185.29307118088764,306.3402816392898,-121.04721045840216,48.66977580547179,85976.98019672756,85178.963671875,84380.94714702244,1.8737408638279873,635.533130059354,26.367104705383635,44.97318487463588,11445.0,0.8387942332896461,-0.006260755401652607,-0.006260755401652607,0.0051791525830416855,SENSEX,2025-12-16 00:00:00+05:30
84856.2578125,84889.453125,84415.9765625,84559.6484375,11200,0.0,0.0,85147.62265625,84314.06765625,81197.703203125,84937.71953684447,84801.7949449485,135.9245918959641,272.2571436906247,-136.33255179466056,47.39361454125475,85990.00044772032,85147.62265625,84305.24486477967,1.978629033181802,623.9576609479716,20.38299543812298,33.22495796565434,11560.0,0.9688581314878892,-0.0014195930223225295,-0.0014195930223225295,0.004986003220379087,SENSEX,2025-12-17 00:00:00+05:30
84518.328125,84780.1875,84238.4296875,84481.8125,15000,0.0,0.0,85090.079296875,84365.16890625,81247.1016796875,84867.57999271454,84778.09254161899,89.48745109555603,235.70320517161096,-146.21575407605494,46.54263707751277,85949.12525539522,85090.079296875,84231.03333835478,2.01914480658327,618.086243201688,16.508316772384504,21.086138971963706,11095.0,1.35196034249662,-0.0009204855854803018,-0.0009204855854803018,0.004809287914160337,SENSEX,2025-12-18 00:00:00+05:30
84756.7890625,85067.5,84734.9609375,84929.359375,8100,0.0,0.0,85074.951171875,84428.28296875,81298.686328125,84877.08451306616,84789.2974922398,87.787020826363,206.11996830256138,-118.33294747619837,51.89151802679342,85934.12917057466,85074.951171875,84215.77317317534,2.01981426228239,615.7720472587104,47.32202167435328,28.071111294953585,10790.0,0.7506950880444856,0.005297552949636408,0.005297552949636408,0.004887778440195229,SENSEX,2025-12-19 00:00:00+05:30
85145.8984375,85601.328125,85145.859375,85567.4765625,6100,0.0,0.0,85108.289453125,84496.19046875,81360.533203125,84983.29867451751,84846.94038633314,136.35828818437585,192.1676322789243,-55.809344094548436,58.298502203873035,85989.30329506494,85108.289453125,84227.27561118508,2.0703361508050633,619.7860974545167,86.0772647042077,49.96920105031516,10615.0,0.574658502119642,0.007513505249491459,0.007513505249491459,0.005091617744165365,SENSEX,2025-12-22 00:00:00+05:30
85690.1015625,85704.9296875,85342.9921875,85524.84375,6100,0.0,0.0,85155.18125,84556.6709375,81422.727734375,85066.61330151482,84897.15545030846,169.45785120635992,187.6256760644114,-18.16782485805149,57.74518269472805,86019.90468203566,85155.18125,84290.45781796433,2.030935568082455,601.3683404934798,83.48801457609748,72.29576698488616,10610.0,0.5749293119698398,-0.0004982361781915579,-0.0004982361781915579,0.005005637728948822,SENSEX,2025-12-23 00:00:00+05:30
85533.109375,85738.1796875,85342.1875,85408.703125,8400,0.0,0.0,85145.141015625,84618.3040625,81484.8216015625,85119.24250512793,84935.04787065598,184.1946344719472,186.9394677459186,-2.7448332739713805,56.18084079228173,85993.02988324175,85145.141015625,84297.25214800827,1.9916318359520822,586.6986152796599,76.4343601131166,81.99987979780725,10340.0,0.8123791102514507,-0.0013579752959209657,-0.0013579752959209657,0.00421714700976061,SENSEX,2025-12-24 00:00:00+05:30
85225.28125,85378.5078125,84937.8203125,85041.453125,4800,0.0,0.0,85111.19453125,84678.53359375,81541.377734375,85107.27490818517,84942.92974134813,164.34516683703987,182.42060756414287,-18.075440727103,51.435762024192556,85917.59126201023,85111.19453125,84304.79780048977,1.8949251862847412,578.4260579382556,56.125315477976805,72.01589672239696,9790.0,0.4902962206332993,-0.004299913083359974,-0.004299913083359974,0.004303790354889077,SENSEX,2025-12-26 00:00:00+05:30
85004.75,85250.0,84637.859375,84695.5390625,53300,0.0,0.0,85060.637890625,84720.33578125,81593.1549609375,85043.93093192592,84924.60450587788,119.3264260480355,169.80177126092138,-50.475345212885884,47.37682562049178,85837.61088377993,85060.637890625,84283.66489747008,1.82686848446632,580.8342412998087,34.342206894515975,55.63396082853646,12135.0,4.392253811289658,-0.004067593506328571,-0.004067593506328571,0.004380867136013732,SENSEX,2025-12-29 00:00:00+05:30
84600.9921875,84806.9921875,84470.9375,84675.078125,6900,0.0,0.0,85012.296875,84744.48421875,81644.8674609375,84987.184346245,84906.1210702573,81.0632759877044,152.054072206278,-70.99079621857359,47.13986433831319,85758.2848902044,85012.296875,84266.3088597956,1.755012022087319,563.3499874569652,33.053728420814416,41.17375026443573,12055.0,0.5723766072169224,-0.0002415822335684048,-0.0002415822335684048,0.00438131542203345,SENSEX,2025-12-30 00:00:00+05:30
84793.578125,85437.171875,84705.5703125,85220.6015625,11600,0.0,0.0,85016.41328125,84769.8525,81700.394609375,85023.09468720731,84929.41592153454,93.67876567276835,140.37901089957606,-46.70024522680771,53.77782105076199,85766.03617933542,85016.41328125,84266.79038316458,1.763478060655253,577.5459704957534,67.40675873129886,44.934231348876416,12345.0,0.9396516808424463,0.006442550152651494,0.006442550152651494,0.004459271229859602,SENSEX,2025-12-31 00:00:00+05:30
85255.546875,85451.703125,85101.5234375,85188.6015625,20600,0.0,0.0,85020.502734375,84786.3571875,81755.826015625,85048.55728340619,84948.61485790234,99.94242550384661,132.29169382043017,-32.34926831658356,53.354569062692214,85772.94073973913,85020.502734375,84268.06472901086,1.7700154225503417,561.3055217103425,63.355350891815306,54.60527934797619,12505.0,1.6473410635745702,-0.00037549605862063906,-0.00037549605862063906,0.0044593015301740676,SENSEX,2026-01-01 00:00:00+05:30
85259.359375,85812.2734375,85068.8828125,85762.0078125,17900,0.0,0.0,85045.337109375,84813.07046875,81814.487265625,85158.31890326677,85008.86618787254,149.45271539423265,135.72389813519067,13.728817259041989,59.504862173664925,85858.77106124512,85045.337109375,84231.90315750489,1.9129419190236758,574.3116005167466,96.80618708178623,75.85609890163347,12505.0,1.4314274290283886,0.006731020811267863,0.006731020811267863,0.004689939924995903,SENSEX,2026-01-02 00:00:00+05:30
85640.046875,85883.5,85315.328125,85439.6171875,12600,0.0,0.0,85031.699609375,84830.73484375,81872.5408203125,85201.59556237957,85040.77366932642,160.82189305315842,140.7434971187842,20.078395934374214,55.10553189170009,85808.25379255001,85031.699609375,84255.1454262,1.8265051427700358,573.8730486941218,73.01739572301716,77.72631123220624,12740.0,0.989010989010989,-0.003759131032762597,-0.003759131032762597,0.004622158476378527,SENSEX,2026-01-05 00:00:00+05:30
85331.140625,85397.78125,84900.1015625,85063.34375,23300,0.0,0.0,85029.732421875,84847.7640625,81927.0077734375,85180.32605278271,85042.4455271541,137.88052562861412,140.1709028207502,-2.290377192136077,50.420158950480804,85805.75647711044,85029.732421875,84253.70836663956,1.8253004758034375,571.4189470016846,50.144608180691364,73.32273032849825,13370.0,1.7427075542258788,-0.004403969140852504,-0.004403969140852504,0.004443582166771617,SENSEX,2026-01-06 00:00:00+05:30
84620.3984375,85075.9921875,84617.4921875,84961.140625,19200,0.0,0.0,85044.475390625,84851.41,81975.3071875,85146.60521773923,85036.42294180935,110.18227592988114,134.1731774425764,-23.990901512695245,49.196587752712915,85803.33343390189,85044.475390625,84285.6173473481,1.7846145555988644,563.3533079301358,43.93191780366531,55.69797390245795,13905.0,1.3807982740021576,-0.0012014943275727719,-0.0012014943275727719,0.004289812941714919,SENSEX,2026-01-07 00:00:00+05:30
84778.0234375,84965.2734375,84110.1015625,84180.9609375,26300,0.0,0.0,85033.959765625,84842.46609375,82018.9667578125,84998.04455924088,84973.05538593458,24.989173306297744,112.33637661532066,-87.34720330902292,41.0142884199407,85833.47217966706,85033.959765625,84234.44735158293,1.8804543884483895,584.197491292269,3.995682724289081,32.69073623621525,14780.0,1.7794316644113668,-0.009182782643462173,-0.009182782643462173,0.004722992445221609,SENSEX,2026-01-08 00:00:00+05:30
84022.09375,84406.21875,83402.28125,83576.2421875,12500,0.0,0.0,84971.865234375,84814.04828125,82055.10765625,84779.3057328192,84869.5877416061,-90.28200878690404,71.81269953487572,-162.09470832177976,36.01440270757289,85991.40877426855,84971.865234375,83952.32169448145,2.3997202770149375,614.1789204856783,7.01110845224751,18.312902993400638,14615.0,0.8552856654122477,-0.00718355722321784,-0.00718355722321784,0.0048098456814162525,SENSEX,2026-01-09 00:00:00+05:30
83435.3125,83962.328125,82861.0703125,83878.171875,9300,0.0,0.0,84902.391015625,84803.5225,82089.9709765625,84640.66975469317,84796.1495292649,-155.47977457173693,26.354204713553187,-181.83397928529013,39.95054706464324,86016.79530911024,84902.391015625,83787.98672213977,2.6251423079007137,648.9702699152728,33.65178573736465,14.88619230463375,14670.0,0.6339468302658486,0.003612625784521706,0.003612625784521706,0.0047123987304278905,SENSEX,2026-01-12 00:00:00+05:30
84079.3203125,84258.03125,83262.7890625,83627.6875,14200,0.0,0.0,84823.107421875,84797.30203125,82118.1875,84484.82633089423,84709.59678635639,-224.7704554621596,-23.87072732158937,-200.89972814057023,37.869245786091895,86056.95786776769,84823.107421875,83589.25697598231,2.909231890682877,673.7039783141819,25.364268709724946,22.009054299779038,14850.0,0.9562289562289562,-0.002986287962657097,-0.002986287962657097,0.00473705831933083,SENSEX,2026-01-13 00:00:00+05:30
83358.5390625,83809.9765625,83185.203125,83382.7109375,14100,0.0,0.0,84758.25,84785.38640625,82145.0151171875,84315.27011652588,84611.30894570035,-296.0388291744748,-78.30434769216646,-217.73448148230835,35.89941822142484,86142.59294450248,84758.25,83373.90705549752,3.266568020228075,670.2089396845975,17.258982968483036,25.425012471857546,15075.0,0.9353233830845771,-0.002929371477598308,-0.002929371477598308,0.004596151381092421,SENSEX,2026-01-14 00:00:00+05:30
83670.7890625,84134.96875,83456.5,83570.3515625,22800,0.0,0.0,84708.78515625,84787.61046875,82176.424375,84200.66726206036,84534.20099138921,-333.5337293288467,-129.3502240195025,-204.18350530934418,38.53662961877517,86185.58924899978,84708.78515625,83231.98106350022,3.4867790631768183,676.0695734571262,23.467253942528647,22.030168540245544,15655.0,1.4564037048866176,0.0022503540948752843,0.0022503540948752843,0.004641530908878859,SENSEX,2026-01-16 00:00:00+05:30
83494.4921875,83539.9296875,82898.3125,83246.1796875,14200,0.0,0.0,84647.003515625,84786.31390625,82204.623125,84053.82301982031,84438.79200591594,-384.96898609562777,-180.47397643472755,-204.49500966090022,35.79658452988565,86254.24403216124,84647.003515625,83039.76299908875,3.79751308323528,675.7816798173316,12.741714938571254,17.82265061652765,15615.0,0.909382004482869,-0.003879029691020941,-0.003879029691020941,0.004699799250810783,SENSEX,2026-01-19 00:00:00+05:30
83207.3828125,83254.28125,82010.578125,82180.46875,13000,0.0,0.0,84509.558984375,84765.59765625,82228.450859375,83765.61467061719,84271.50880177402,-505.8941311568342,-245.55800737914888,-260.3361237776853,28.597717846891328,86435.29828787803,84509.558984375,82583.81968087198,4.557447291516634,716.3474973303793,4.3866266989958325,13.531865193365247,15860.0,0.819672131147541,-0.012801920058080785,-0.012801920058080785,0.005195349176660451,SENSEX,2026-01-20 00:00:00+05:30
81794.6484375,82407.046875,81124.453125,81909.6328125,13200,0.0,0.0,84326.666796875,84733.08328125,82257.876484375,83480.07900013762,84096.55502479075,-616.4760246531368,-319.7416108339465,-296.73441381919037,27.10582796507647,86495.2513480238,84326.666796875,82158.0822457262,5.143294840225239,756.7936582353522,16.498675220550332,11.209005619372476,16215.0,0.8140610545790934,-0.0032956241503551142,-0.0032956241503551142,0.004735923167421469,SENSEX,2026-01-21 00:00:00+05:30
82459.65625,82783.1796875,81874.390625,82307.3671875,26500,0.0,0.0,84165.79296875,84701.80421875,82286.3261328125,83299.66179819337,83964.02259239885,-664.3607942054805,-388.6654475082533,-275.6953466972272,32.661544305716774,86430.21916129047,84165.79296875,81901.36677620953,5.380870571447554,767.6504728256841,24.856112863986027,15.247138261177398,17235.0,1.5375689004931825,0.004855770455111985,0.004855770455111985,0.004980480111202134,SENSEX,2026-01-22 00:00:00+05:30
82335.9375,82516.2734375,81471.8203125,81537.703125,0,0.0,0.0,83972.24296875,84643.228125,82312.5378515625,83028.59123308668,83784.29522444337,-755.7039913566841,-462.07315627793946,-293.63083507874467,28.18486503577597,86431.95548966092,83972.24296875,81512.53044783908,5.858394235881721,787.4220908381352,8.68346143365104,16.679416506062466,16815.0,0.0,-0.009351095640645068,-0.009351095640645068,0.005247908468990326,SENSEX,2026-01-23 00:00:00+05:30
