Open,High,Low,Close,Volume,Dividends,Stock Splits,sma_20,sma_50,sma_200,ema_12,ema_26,macd,macd_signal,macd_diff,rsi,bb_high,bb_mid,bb_low,bb_width,atr,stoch_k,stoch_d,volume_sma,volume_ratio,returns,log_returns,volatility_20,symbol,timestamp
43656.25,43872.8515625,43513.8515625,43583.94921875,227400,0.0,0.0,43390.124609375,44211.57296875,43265.785,43710.44906602167,43743.09616487121,-32.64709884954209,-157.46636976811956,124.81927091857747,47.31055675533857,44420.81824708553,43390.124609375,42359.43097166447,4.7508212847484454,455.9728460284881,58.777595013418754,79.00697909323627,171715.0,1.324287336575139,-0.013079286218029229,-0.013079286218029229,0.007275219701280244,BANKNIFTY,2023-11-17 00:00:00+05:30
43591.5,43724.0,43450.05078125,43584.94921875,124300,0.0,0.0,43381.6470703125,44192.628984375,43275.47150390625,43691.141397210646,43731.38157626964,-40.24017905899382,-134.02113162629442,93.7809525673006,47.327334916689885,44402.95962813589,43381.6470703125,42360.33451248911,4.708500607033459,442.971158365739,54.349388775481906,66.78385423647889,170100.0,0.7307466196355086,2.294422643944749e-05,2.294422643944749e-05,0.007246832114652917,BANKNIFTY,2023-11-20 00:00:00+05:30
43790.94921875,43790.94921875,43586.44921875,43689.1484375,108200,0.0,0.0,43379.951953125,44178.229921875,43292.1907421875,43690.8347880244,43728.25319562003,-37.41840759563638,-114.70058682016281,77.28217922452643,49.14455433032078,44399.10256342491,43379.951953125,42360.801342825085,4.698717100476155,426.04464705390046,60.03929071932732,57.72209150274268,167890.0,0.6444695931860146,0.0023907156166922405,0.0023907156166922405,0.007267744339819135,BANKNIFTY,2023-11-21 00:00:00+05:30
43663.6015625,43692.5,43230.94921875,43449.6015625,150900,0.0,0.0,43394.8720703125,44149.654921875,43307.50150390625,43653.72198409757,43707.61233390743,-53.890349809866166,-102.53853941810348,48.64818960823732,45.277213106499936,44408.91456341007,43394.8720703125,42380.82957721493,4.673559085297098,428.580799496479,40.20636157279163,51.53168035586697,165365.0,0.9125268345780546,-0.005482983385283524,-0.005482983385283524,0.006727431598965761,BANKNIFTY,2023-11-22 00:00:00+05:30
43452.75,43649.6484375,43451.3515625,43577.5,72300,0.0,0.0,43432.1470703125,44118.076953125,43322.11375,43641.99552500564,43697.97438324762,-55.97885824198602,-93.22660318287998,37.247744940893966,47.64610635656921,44415.01535952543,43432.1470703125,42449.27878109957,4.5259944787982,412.25694774673053,29.709590575121993,43.31841428908033,159565.0,0.4531068843418043,0.0029436043807220535,0.0029436043807220535,0.006492646147052733,BANKNIFTY,2023-11-23 00:00:00+05:30
43607.3515625,43806.5,43566.1484375,43769.1015625,96800,0.0,0.0,43506.5947265625,44082.045,43338.3942578125,43661.55030000477,43703.24306319225,-41.692763187478704,-82.91983518379973,41.22707199632103,51.06374767375985,44343.94038745564,43506.5947265625,42669.24906566936,3.849281545272973,399.9779916576784,45.22288602941177,38.379612725775154,149050.0,0.6494464944649446,0.004396800240950016,0.004396800240950016,0.005660620257277743,BANKNIFTY,2023-11-24 00:00:00+05:30
43851.55078125,43960.30078125,43739.80078125,43880.94921875,151200,0.0,0.0,43561.5421875,44049.436953125,43354.4525,43695.303979811724,43716.40648212245,-21.102502310728596,-70.55636860918551,49.453866298456916,52.9928443520502,44343.90502888142,43561.5421875,42779.17934611859,3.5919887225935456,387.1581351107014,54.621848739495796,43.18477511467654,145915.0,1.0362197169585032,0.002555402150311137,0.002555402150311137,0.0051435281432720085,BANKNIFTY,2023-11-28 00:00:00+05:30
44081.75,44630.3515625,44003.44921875,44566.44921875,152300,0.0,0.0,43637.9072265625,44022.576953125,43369.78625,43829.32632426377,43779.37261076153,49.953713502240134,-46.45435218690038,96.40806568914051,62.69832192926908,44495.901236502934,43637.9072265625,42779.913216622066,3.932333443424944,413.0327214420799,95.43359748999991,65.09277741963585,144080.0,1.0570516379789006,0.015621813388373429,0.015621813388373429,0.005988242082667912,BANKNIFTY,2023-11-29 00:00:00+05:30
44711.19921875,44764.80078125,44254.6015625,44481.75,343200,0.0,0.0,43719.697265625,43992.194921875,43385.3217578125,43929.69919745396,43831.400565519936,98.29863193402707,-17.50375536271489,115.80238729674195,61.02185507192966,44571.9706414635,43719.697265625,42867.4238897865,3.898807307197928,419.97318553550275,81.54640330458965,77.2006165113618,153370.0,2.23772576123101,-0.0019005153032107813,-0.0019005153032107813,0.005872892070491505,BANKNIFTY,2023-11-30 00:00:00+05:30
44580.1484375,44951.1015625,44531.75,44814.19921875,204900,0.0,0.0,43825.359765625,43963.84890625,43401.9380078125,44065.7761238072,43904.2004657592,161.57565804800106,18.3121273194283,143.26353072857276,64.97995168912811,44670.18462322254,43825.359765625,42980.534908027454,3.8554155042450766,423.5002124615383,92.04126633042586,89.67375570833849,156355.0,1.3104793578715104,0.0074738340724005425,0.0074738340724005425,0.0058613828788820176,BANKNIFTY,2023-12-01 00:00:00+05:30
45671.5,46484.44921875,45484.19921875,46431.3984375,311200,0.0,0.0,43996.0697265625,43972.87984375,43426.4067578125,44429.71801822148,44091.40031551777,338.3177027037091,82.31324239628447,256.0044603074246,77.14053078181291,45346.9303022394,43996.0697265625,42645.209150885596,6.140823869370881,512.5537687142856,98.36942427385893,90.6523646362915,164680.0,1.8897255282973038,0.03608675926252802,0.03608675926252802,0.009512853542074236,BANKNIFTY,2023-12-04 00:00:00+05:30
46895.8984375,47230.55078125,46653.6484375,47012.25,326100,0.0,0.0,44180.7697265625,44005.4328125,43453.69650390625,44827.03063080279,44307.75955140535,519.2710793974402,169.70480979651563,349.56626960092456,79.84733213932545,46028.998258684376,44180.7697265625,42332.54119444063,8.366665151198918,533.0250955025509,94.5419367944854,94.98420913292341,174780.0,1.8657741160315826,0.01250988731864,0.01250988731864,0.00968654083961245,BANKNIFTY,2023-12-05 00:00:00+05:30
47256.75,47259.8515625,46750.19921875,46834.55078125,244200,0.0,0.0,44341.52734375,44049.646796875,43480.072265625,45135.879884717746,44494.929272134585,640.9506125831613,263.9539703538448,376.9966422293165,76.84930720822196,46499.78124295211,44341.52734375,42183.27344454789,9.73468452031712,531.3556132345116,89.4437555204145,94.11837219625295,179495.0,1.3604835789297751,-0.003779849268009894,-0.003779849268009894,0.00981914575859888,BANKNIFTY,2023-12-06 00:00:00+05:30
46735.3984375,46927.69921875,46507.1484375,46841.3984375,208100,0.0,0.0,44496.70234375,44094.23375,43507.86826171875,45398.267354376556,44668.74180290239,729.5255514741657,357.068286577909,372.4572648962567,76.88532389491286,46892.26914446802,44496.70234375,42101.13554303199,10.767390276302102,523.440982378475,89.6137188420776,91.19980371899253,179990.0,1.1561753430746153,0.00014620949994759158,0.00014620949994759158,0.009848198097028455,BANKNIFTY,2023-12-07 00:00:00+05:30
46797.19921875,47303.6484375,46793.8984375,47262.0,218300,0.0,0.0,44676.869921875,44144.15171875,43535.93650390625,45684.99545370324,44860.8350026874,824.1604510158359,450.4867194654944,373.6737315503415,79.04208235270595,47322.20661640914,44676.869921875,42031.53322734086,11.842086068965688,522.4630550657268,98.97737507085577,92.67828314444931,182735.0,1.1946260979013326,0.008979269973359294,0.008979269973359294,0.009838676612117701,BANKNIFTY,2023-12-08 00:00:00+05:30
47233.30078125,47588.0,47186.6015625,47314.25,182500,0.0,0.0,44858.40234375,44197.952734375,43563.8525,45935.64999928735,45042.56944693279,893.0805523545641,539.0054860433083,354.0750663112558,79.30047148727247,47697.38604839373,44858.40234375,42019.41863910627,12.657533734209236,513.8155823824607,93.71708034301442,94.10272475198262,186415.0,0.9789984711530725,0.0011055393339258757,0.0011055393339258757,0.009829550631494688,BANKNIFTY,2023-12-11 00:00:00+05:30
47421.69921875,47454.0,47004.05078125,47097.55078125,182000,0.0,0.0,45022.2748046875,44248.137734375,43591.18349609375,46114.40396574314,45194.79028651184,919.6136792313046,615.1271246809076,304.48655455039693,75.16163679101419,47978.548672917685,45022.2748046875,42066.00093645731,13.132494442161743,509.25369926585637,88.74355054890376,93.812668654258,191015.0,0.9528047535533859,-0.004579999022493175,-0.004579999022493175,0.010016721372185797,BANKNIFTY,2023-12-12 00:00:00+05:30
47190.75,47201.94921875,46886.8984375,47092.25,202300,0.0,0.0,45182.3248046875,44303.96375,43620.98599609375,46264.841817167275,45335.34285788133,929.498959285942,678.0014916019145,251.49746768402747,75.05843931826855,48221.76672945902,45182.3248046875,42142.88287991598,13.454119228748443,495.38206226472374,88.01566032283834,90.15876373825218,192650.0,1.050090838307812,-0.00011254897891865845,-0.00011254897891865845,0.010042787085985569,BANKNIFTY,2023-12-13 00:00:00+05:30
47567.6484375,47943.6015625,47510.8515625,47732.30078125,193100,0.0,0.0,45358.8548828125,44366.91875,43656.13900390625,46490.604734718465,45512.89529664939,977.709438069076,737.9430808953468,239.76635717372915,78.8368737370672,48555.995156303434,45358.8548828125,42161.71460932156,14.097094301657092,520.808455138672,95.17297443933224,90.64406177035812,192180.0,1.004787178686648,0.01359142494253307,0.01359142494253307,0.010265644551051643,BANKNIFTY,2023-12-14 00:00:00+05:30
47939.8984375,48219.94921875,47632.8515625,48143.55078125,313900,0.0,0.0,45557.9548828125,44441.80875,43693.48875,46744.90412649255,45707.75866587907,1037.1454606134794,797.7835568389734,239.361903774506,80.84481404544258,48923.566493710125,45557.9548828125,42192.34327191487,14.77507767657657,525.5433980751955,98.29473423557744,93.827789665916,200660.0,1.5643376856373965,0.00861575899902034,0.00861575899902034,0.01025179651732975,BANKNIFTY,2023-12-15 00:00:00+05:30
48068.5,48076.6015625,47806.69921875,47867.69921875,157300,0.0,0.0,45772.1423828125,44519.88171875,43732.84775390625,46917.64183299369,45867.75426238802,1049.8875706056715,848.204359592313,201.68321101335846,75.65934805279237,49153.18962914208,45772.1423828125,42391.095136482916,14.773384291486295,512.0654098198244,91.64591485829479,95.03787451106818,197155.0,0.7978494078263295,-0.0057297718598569025,-0.0057297718598569025,0.009710648874584723,BANKNIFTY,2023-12-18 00:00:00+05:30
47940.3984375,48017.0,47646.05078125,47870.8984375,189800,0.0,0.0,45986.43984375,44593.03265625,43772.1944921875,47064.296695225436,46016.13531239632,1048.1613828291156,888.1957642396735,159.9656185894421,75.67883183319884,49328.8909627477,45986.43984375,42643.9887247523,14.536681379791439,501.98568188626547,91.19747342455983,93.71270750614404,200430.0,0.9469640273412164,6.683460459178114e-05,6.683460459178114e-05,0.009709531005970922,BANKNIFTY,2023-12-19 00:00:00+05:30
48085.3515625,48166.1484375,47202.6484375,47445.30078125,242500,0.0,0.0,46174.2474609375,44654.726640625,43809.87400390625,47122.91270845999,46121.99942120029,1000.9132872596965,910.7392688436782,90.17401841601827,67.89298432451704,49399.31151681935,46174.2474609375,42949.18340505565,13.969102836424954,534.9509903229608,78.99656738817534,87.27998522367666,207145.0,1.1706775447150546,-0.00889052994912265,-0.00889052994912265,0.010170246866709247,BANKNIFTY,2023-12-20 00:00:00+05:30
47172.44921875,47932.3984375,46919.69921875,47840.1484375,208000,0.0,0.0,46393.7748046875,44733.799609375,43847.53923828125,47233.256666773836,46249.269718703974,983.9869480698617,925.388804688915,58.59814338094668,70.88562119436841,49439.85019841847,46393.7748046875,43347.69941095653,13.131397074519594,569.0758637820351,86.1171239605227,85.43705492441931,210000.0,0.9904761904761905,0.008322165730816566,0.008322165730816566,0.009945843619380865,BANKNIFTY,2023-12-21 00:00:00+05:30
47837.75,48071.3984375,47415.8515625,47491.8515625,165800,0.0,0.0,46589.4923828125,44796.433671875,43883.6532421875,47273.04049688555,46341.31281824442,931.7276786411312,926.6565794793582,5.071099161772963,65.11966990237127,49378.79831455447,46589.4923828125,43800.186451070535,11.973970048108878,575.2523645833182,57.490814797583454,74.20150204876052,214675.0,0.7723302666821941,-0.007280430483091571,-0.007280430483091571,0.010306345264520901,BANKNIFTY,2023-12-22 00:00:00+05:30
47576.3984375,47838.44921875,47411.6484375,47724.8515625,118700,0.0,0.0,46787.2798828125,44860.592734375,43918.7867578125,47342.54989159547,46443.79716967076,898.7527219247058,921.0758079684279,-22.323086043722014,67.05053618160684,49295.39375936306,46787.2798828125,44279.16600626194,10.721349404507382,564.6486800595097,71.09426492153523,71.56740122654715,215770.0,0.5501228159614404,0.004906104780803666,0.004906104780803666,0.010307070407235087,BANKNIFTY,2023-12-26 00:00:00+05:30
47818.5,48347.6484375,47806.69921875,48282.19921875,184900,0.0,0.0,47007.3423828125,44934.252734375,43958.24875,47487.11132654232,46579.975099232186,907.1362273101331,918.287891836769,-11.151664526635841,71.16278901239372,49210.642267199204,47007.3423828125,44804.0424984258,9.374279730361037,568.8021225552591,96.4439435615322,75.00967442688363,217455.0,0.8502908647766204,0.011678352849774809,0.011678352849774809,0.010423040645067199,BANKNIFTY,2023-12-27 00:00:00+05:30
48479.05078125,48636.44921875,48343.1484375,48508.55078125,391100,0.0,0.0,47204.4474609375,45018.664765625,43994.53474609375,47644.25585803581,46722.83255715943,921.4233008763767,918.9149736446906,2.5083272316861667,72.65539477906411,49193.98564269785,47204.4474609375,45214.909279177155,8.42945226043256,553.4769709441691,93.05862075544898,86.86560974617215,229395.0,1.7049194620632533,0.004688095533396774,0.004688095533396774,0.010109888736919998,BANKNIFTY,2023-12-28 00:00:00+05:30
48374.8515625,48477.69921875,48091.8515625,48292.25,174000,0.0,0.0,47394.9724609375,45099.991796875,44029.24400390625,47743.947264491835,46839.08570107355,904.8615634182861,916.1042915994097,-11.242728181123653,68.98104172587372,48997.19268744238,47394.9724609375,45792.75223443261,6.761140025243896,543.7071315017284,80.32642307735244,89.94299579811123,220935.0,0.7875619526104963,-0.004459023775527982,-0.004459023775527982,0.010208117274128794,BANKNIFTY,2023-12-29 00:00:00+05:30
48194.80078125,48223.55078125,47689.80078125,47761.6484375,183200,0.0,0.0,47542.344921875,45167.034765625,44060.16673828125,47746.670521877706,46907.42368154958,839.2468403281237,900.7328013451526,-61.4859610170289,60.8512793827098,48626.340878550895,47542.344921875,46458.34896519911,4.560128274939705,547.902994876605,49.998548734608214,74.4611975224699,219850.0,0.8332954287013873,-0.010987302569252844,-0.010987302569252844,0.010715411984320305,BANKNIFTY,2024-01-02 00:00:00+05:30
47796.30078125,47798.75,47481.3515625,47704.94921875,233300,0.0,0.0,47606.0224609375,45243.359765625,44092.407734375,47740.251859858065,46966.49964726813,773.7522125899341,875.3366835941089,-101.58447100417482,60.03702427133576,48563.767485152646,47606.0224609375,46648.277436722354,4.023629678371099,531.438383635419,46.75776147895107,59.027577763637254,215955.0,1.0803176587715033,-0.001187128598046483,-0.001187128598046483,0.0074448518939698284,BANKNIFTY,2024-01-03 00:00:00+05:30
47805.3984375,48281.19921875,47738.1484375,48195.8515625,175700,0.0,0.0,47665.2025390625,45332.186796875,44130.95974609375,47810.34412180298,47057.562752100115,752.7813697028614,850.8256208158595,-98.04425111299804,64.46993963323457,48615.11460423369,47665.2025390625,46715.290473891306,3.9857674553788907,534.6392133757462,74.33536296781709,57.030557727125476,208435.0,0.8429486410631611,0.010290386045669564,0.010290386045669564,0.007285044276718712,BANKNIFTY,2024-01-04 00:00:00+05:30
48245.55078125,48381.94921875,47822.8515625,48159.0,181000,0.0,0.0,47731.425,45420.90578125,44173.93125,47863.98348767944,47139.150696389,724.8327912904424,825.6270549107761,-100.79426362033371,63.89693631115832,48623.3678188856,47731.425,46839.48218111441,3.7373399972265497,536.3862450096215,72.1887742099898,64.42729955225268,205275.0,0.8817440019486056,-0.0007646210473574166,-0.0007646210473574166,0.007205825914087605,BANKNIFTY,2024-01-05 00:00:00+05:30
48096.6484375,48154.5,47387.3515625,47450.25,231400,0.0,0.0,47761.867578125,45506.886796875,44214.1255078125,47800.3321818826,47162.19508924908,638.1370926335221,788.1290624553254,-149.9919698218033,53.96306878272003,48567.62027569659,47761.867578125,46956.11488055341,3.3740418389360642,553.1906873303627,30.904370540265035,59.14283590602398,206440.0,1.1209068010075567,-0.014716875350401781,-0.014716875350401781,0.008059918537815304,BANKNIFTY,2024-01-08 00:00:00+05:30
47705.3984375,47939.30078125,47156.05078125,47242.6484375,161000,0.0,0.0,47760.9,45595.099765625,44255.08125,47714.53468274682,47168.154596526925,546.3800862198914,739.7792672082387,-193.39918098834733,51.44037418460228,48569.09419008079,47760.9,46952.705809919215,3.384334005769518,569.623495378194,18.8116626620067,40.6349358040872,203575.0,0.7908633181874002,-0.004375141595671206,-0.004375141595671206,0.007887221983137535,BANKNIFTY,2024-01-09 00:00:00+05:30
47073.8515625,47423.44921875,47010.80078125,47360.8515625,165200,0.0,0.0,47763.230078125,45696.713828125,44296.2225,47660.12189501654,47182.42844585827,477.6934491582724,687.3621035982455,-209.66865443997312,52.79354447702333,48566.513737733054,47763.230078125,46959.94641851695,3.363606934849856,558.4109912440373,25.696947356924422,25.137660186398737,202710.0,0.8149573282028514,0.0025020427285395996,0.0025020427285395996,0.007903604487399534,BANKNIFTY,2024-01-10 00:00:00+05:30
47538.6015625,47662.1015625,47237.0,47438.3515625,132500,0.0,0.0,47780.2701171875,45789.840859375,44335.42375,47626.003382321695,47201.385713757656,424.61766856403847,634.8132165914042,-210.1955480273657,53.70445095305087,48539.60312107555,47780.2701171875,47020.93711329946,3.1784374681251455,548.8888891908917,30.211291320809668,24.906633779913616,200235.0,0.6617224760905935,0.0016363726040213855,0.0016363726040213855,0.007832659895255408,BANKNIFTY,2024-01-11 00:00:00+05:30
47572.69921875,47873.69921875,47408.5,47709.80078125,191600,0.0,0.0,47811.14765625,45883.25390625,44377.1630078125,47638.895289849126,47239.046089127456,399.84920072167006,587.8204134174574,-187.97121269578736,56.845468616957746,48503.31221056492,47811.14765625,47118.98310193508,2.895410749356647,542.9110555879708,42.99822666916567,32.96882178229994,199700.0,0.9594391587381071,0.005722146950919438,0.005722146950919438,0.007921128030486826,BANKNIFTY,2024-01-12 00:00:00+05:30
47891.05078125,48248.05078125,47825.3984375,48158.30078125,167100,0.0,0.0,47832.44765625,45989.5009375,44418.481015625,47718.80382698772,47307.139029284685,411.66479770303704,552.5892902745734,-140.92449257153635,61.49402209614808,48539.65109427188,47832.44765625,47125.244218228116,2.957002924476003,542.5781230459729,70.58721760066896,47.932245196881446,198400.0,0.8422379032258065,0.009400584212379659,0.009400584212379659,0.007610998789434075,BANKNIFTY,2024-01-15 00:00:00+05:30
48109.94921875,48305.3984375,48002.8515625,48125.1015625,224500,0.0,0.0,47831.5251953125,46097.983984375,44459.11126953125,47781.31117091269,47367.72884655989,413.58232435279933,524.7878970902186,-111.20557273741929,60.970468605407675,48537.14940826509,47831.5251953125,47125.900982359904,2.9504566708725566,525.4330338998319,68.54500367641758,60.710149315417425,193930.0,1.157634197906461,-0.0006893768719291593,-0.0006893768719291593,0.0073674805170604865,BANKNIFTY,2024-01-16 00:00:00+05:30
46573.94921875,47212.75,45979.6015625,46064.44921875,499600,0.0,0.0,47741.3626953125,46158.928984375,44491.3490234375,47517.17856288766,47271.189614870265,245.98894801739516,469.02810727565395,-223.0391592582588,38.85693169070075,48785.22006759786,47741.3626953125,46697.50532302714,4.372968484152016,641.1521029069869,3.1935461579968036,47.441922478361136,211045.0,2.367267644341254,-0.042818659635945555,-0.042818659635945555,0.012060454110333735,BANKNIFTY,2024-01-17 00:00:00+05:30
45492.75,46184.05078125,45430.69921875,45713.55078125,275000,0.0,0.0,47633.4953125,46206.835,44522.94001953125,47239.69736571264,47155.808960528026,83.88840518461075,392.0001668574453,-308.1117616728346,36.433656021311265,48998.099670780146,47633.4953125,46268.89095421986,5.72959993520376,649.1663500207735,9.282952494256646,27.007167442890363,215305.0,1.2772578435243027,-0.007617554175751939,-0.007617554175751939,0.012118511843429953,BANKNIFTY,2024-01-18 00:00:00+05:30
46103.5,46249.8515625,45558.05078125,45701.1484375,296600,0.0,0.0,47546.2876953125,46248.47,44554.2892578125,47002.997530603,47048.056329192616,-45.05879858961271,304.58837376803376,-349.64717235764647,36.347375177239826,49149.85678749439,47546.2876953125,45942.71860313061,6.745296719937118,652.2116665371468,9.163887124099958,7.213461925451155,218010.0,1.3604880510068345,-0.0002713056312196871,-0.0002713056312196871,0.012022133852594602,BANKNIFTY,2024-01-19 00:00:00+05:30
46495.44921875,46580.30078125,44886.1015625,45015.05078125,422600,0.0,0.0,47405.0328125,46274.013046875,44581.52501953125,46697.15956916408,46897.46332564131,-200.30375647722394,203.60994771898223,-403.91370419620614,31.853367242919404,49343.017152372304,47405.0328125,45467.0484726277,8.176280976484357,726.6393488380648,3.6886395355203776,7.378493051292346,228740.0,1.8475124595610737,-0.015012700549271618,-0.015012700549271618,0.012119893100517407,BANKNIFTY,2024-01-23 00:00:00+05:30
44489.3984375,45485.5,44489.3984375,45082.3984375,348700,0.0,0.0,47284.56015625,46302.488046875,44607.38626953125,46448.7347796773,46763.01407466788,-314.2792949905779,100.0320991770702,-414.31139416764813,32.73256562243431,49469.7711865376,47284.56015625,45099.349125962406,9.242810012683421,745.8866498139174,15.234226432097365,9.362251030572585,237885.0,1.4658343317149043,0.0014961141902798403,0.0014961141902798403,0.012114412378679218,BANKNIFTY,2024-01-24 00:00:00+05:30
45057.94921875,45139.05078125,44429.0,44866.1484375,386800,0.0,0.0,47141.625,46326.138984375,44628.67376953125,46205.25995780387,46622.50550895174,-417.24555114786926,-3.4234308879177036,-413.8221202599516,31.334635578629488,49555.003784011256,47141.625,44728.246215988744,10.238844265598637,743.3269449164948,11.058792139966698,9.993886035861498,251290.0,1.5392574316526721,-0.00479677229905584,-0.00479677229905584,0.011994682967201993,BANKNIFTY,2024-01-25 00:00:00+05:30
45171.5,45660.3515625,45110.8984375,45442.3515625,336800,0.0,0.0,46999.6326171875,46358.583984375,44651.8202734375,46087.889435449426,46535.08669810346,-447.19726265403733,-92.17819724114163,-355.0190654128957,38.83085020057079,49461.55746197698,46999.6326171875,44537.70777239801,10.476357825355317,746.9609577796024,26.141573907803433,17.478197493289183,258885.0,1.3009637483824865,0.012842714274943212,0.012842714274943212,0.012072322879107544,BANKNIFTY,2024-01-29 00:00:00+05:30
45481.5,45678.69921875,45206.05078125,45367.75,232100,0.0,0.0,46842.592578125,46388.113984375,44673.66328125,45977.09875307259,46448.61731305876,-471.5185599861725,-168.0462697901478,-303.4722901960247,38.248643343319955,49300.166384952565,46842.592578125,44385.01877129743,10.492902598116352,727.3672063310594,24.21706682467416,20.472477624148116,250935.0,0.9249407217008389,-0.00164167477991084,-0.00164167477991084,0.011943665644083864,BANKNIFTY,2024-01-30 00:00:00+05:30
45295.6484375,46179.75,45071.19921875,45996.80078125,373100,0.0,0.0,46727.8201171875,46424.016015625,44698.44228515625,45980.129834330655,46415.149421813665,-435.0195874830097,-221.44093332872018,-213.5786541542895,45.64866661424461,49117.32834471447,46727.8201171875,44338.31188966052,10.227347312733134,754.5946045395551,40.44477900112661,30.267806577868086,260890.0,1.4301046418030587,0.013865593538361587,0.013865593538361587,0.012536020914867817,BANKNIFTY,2024-01-31 00:00:00+05:30
46164.8984375,46306.8984375,45668.3515625,46188.6484375,305700,0.0,0.0,46649.1701171875,46464.55796875,44725.21228515625,46012.20961943363,46398.37157112376,-386.16195169012644,-254.38513700100145,-131.776814689125,47.70686273328348,49000.63504362771,46649.1701171875,44297.70519074729,10.081486639668356,746.3054810010154,45.393900185215415,36.685248670338744,267015.0,1.1448795011516206,0.004170891300949053,0.004170891300949053,0.012444617857846183,BANKNIFTY,2024-02-01 00:00:00+05:30
46568.19921875,46892.3515625,45901.25,45970.94921875,337000,0.0,0.0,46562.4701171875,46512.29796875,44748.23453125,46005.86186548231,46366.71065613311,-360.8487906508017,-275.6778677309615,-85.17092291984017,45.59679718851602,48879.44714673154,46562.4701171875,44245.49308764346,9.95212248711341,763.7909153938,39.777882578666166,41.87218725500275,272200.0,1.2380602498163116,-0.004713262373212346,-0.004713262373212346,0.012463450505774812,BANKNIFTY,2024-02-02 00:00:00+05:30
45962.25,46048.6015625,45615.1015625,45825.55078125,265900,0.0,0.0,46443.955078125,46557.11,44769.5725390625,45978.121698677336,46326.6247394751,-348.50304079776106,-290.24290234432146,-58.260138453439595,44.19095670800928,48654.661374731644,46443.955078125,44233.248781518356,9.519888187334338,740.1987071513857,36.02701847518738,40.399600413023,276710.0,0.9609338296411405,-0.0031628330493705947,-0.0031628330493705947,0.012136784955491087,BANKNIFTY,2024-02-05 00:00:00+05:30
45891.19921875,45932.1484375,45527.0,45690.80078125,178600,0.0,0.0,46320.5451171875,46597.143046875,44787.3637890625,45933.918480611595,46279.52666849546,-345.6081878838668,-301.3159594522305,-44.29222843163626,42.87170937702129,48406.563985317,46320.5451171875,44234.526249058006,9.006883933908918,716.2665450334297,32.55085362338995,36.11858489241452,276590.0,0.6457211034383021,-0.0029404993001226343,-0.0029404993001226343,0.012130659098080534,BANKNIFTY,2024-02-06 00:00:00+05:30
45944.6015625,46062.8515625,45620.5,45818.5,283700,0.0,0.0,46238.9576171875,46644.521015625,44805.14353515625,45916.16179128674,46245.37654490321,-329.21475361647026,-306.8957182850785,-22.319035331391774,44.560803675770316,48268.738854921154,46238.9576171875,44209.17637945385,8.779528528900753,696.7011891381846,49.91468343062416,39.49751850973385,279205.0,1.016099281889651,0.002794856219775488,0.002794856219775488,0.011835088311969508,BANKNIFTY,2024-02-07 00:00:00+05:30
45973.8515625,46181.19921875,44893.75,45012.0,319900,0.0,0.0,46127.4251953125,46673.211015625,44818.8775390625,45777.05997724262,46154.01531935482,-376.9553421121964,-320.9076430505021,-56.04769906169429,37.100117583565044,48169.44867579878,46127.4251953125,44085.401714826214,8.853836830648838,738.8974769676,23.666942586478662,35.37749321349761,287150.0,1.1140518892564861,-0.0176020603031527,-0.0176020603031527,0.012351872739448048,BANKNIFTY,2024-02-08 00:00:00+05:30
44986.75,45718.1484375,44859.1484375,45634.55078125,276000,0.0,0.0,46041.11015625,46710.52,44836.28029296875,45755.13548555145,46115.53646468039,-360.40097912893543,-328.80631026618875,-31.594668862746687,44.78501081455997,48011.99210805145,46041.11015625,44070.22820444855,8.56140064873699,747.4762286127715,48.93945304447384,40.84035968719224,292690.0,0.9429772113840582,0.013830773599262436,0.013830773599262436,0.012835965224210776,BANKNIFTY,2024-02-09 00:00:00+05:30
45664.30078125,45748.5,44633.8515625,44882.25,268800,0.0,0.0,45913.305078125,46730.546015625,44849.34404296875,45620.84541085123,46024.1819117411,-403.33650088986906,-343.71234839092483,-59.62415249894423,38.64117328001464,47836.108702741774,45913.305078125,43990.50145350822,8.375801399376405,773.7028149618592,18.399728520276934,30.3353747170765,299505.0,0.8974808433915962,-0.01648533333561597,-0.01648533333561597,0.013216422478151786,BANKNIFTY,2024-02-12 00:00:00+05:30
45056.80078125,45750.3984375,44819.55078125,45502.3984375,245900,0.0,0.0,45802.9349609375,46749.265,44866.26603515625,45602.62279956643,45985.53128401954,-382.90848445310985,-351.55157560336187,-31.35690884974798,45.30253562651923,47545.558563141974,45802.9349609375,44060.31135873302,7.609222438215596,784.9274464824406,43.57471559644666,36.971299053732494,302220.0,0.8136456885712395,0.013817231477922798,0.013817231477922798,0.013605555461165769,BANKNIFTY,2024-02-13 00:00:00+05:30
45014.6484375,46170.44921875,44860.75,45908.30078125,280000,0.0,0.0,45690.4349609375,46777.796015625,44882.6287890625,45649.650181363904,45979.81050603661,-330.1603246727027,-347.27332541723,17.113000744527312,49.19066003909365,47061.12193493224,45690.4349609375,44319.747986942755,5.99988586305469,822.411144501552,60.05236133443701,40.675601817053554,307865.0,0.9094895489906291,0.008920460408422759,0.008920460408422759,0.013584274174871704,BANKNIFTY,2024-02-14 00:00:00+05:30
46027.1015625,46297.69921875,45590.19921875,46218.8984375,277700,0.0,0.0,45595.1248046875,46805.89,44900.33078125,45737.22683615407,45997.520723182046,-260.29388702797587,-329.87743773937916,69.58355071140329,52.00226928272936,46439.38845675396,45595.1248046875,44750.86115262104,3.703306683260417,814.203205608584,70.1813980518043,57.93615832756267,310525.0,0.8942919249657838,0.0067656099433950345,0.0067656099433950345,0.013732289867955293,BANKNIFTY,2024-02-15 00:00:00+05:30
46454.30078125,46693.3984375,46264.3984375,46384.8515625,291400,0.0,0.0,45611.144921875,46804.9590625,44918.105546875,45836.861409438054,46026.211896464854,-189.3504870268007,-301.77204759686344,112.42156057006275,53.48339315162787,46501.3331754797,45611.144921875,44720.9566682703,3.903380435327619,789.9386909222566,77.52933362851451,69.25436433825196,300115.0,0.970961131566233,0.0035905902262991507,0.0035905902262991507,0.00982384426702221,BANKNIFTY,2024-02-16 00:00:00+05:30
46444.8984375,47136.75,46367.80078125,47094.19921875,171900,0.0,0.0,45680.17734375,46806.598046875,44938.57228515625,46030.29799548605,46105.32206848598,-75.02407299992774,-256.4224526774763,181.39837967754858,59.26906085364305,46780.707144920816,45680.17734375,44579.64754257919,4.818412997345291,788.4394429099526,98.29993975734384,82.00355714588757,294960.0,0.5827908868999186,0.015292657674978338,0.015292657674978338,0.010170282625363895,BANKNIFTY,2024-02-20 00:00:00+05:30
47363.3984375,47363.3984375,46886.94921875,47019.69921875,198900,0.0,0.0,45746.1048828125,46810.301015625,44957.5012890625,46182.51356829589,46173.05370924628,9.45985904961708,-203.24599033205766,212.70584938167474,58.446840326920274,46992.120891940715,45746.1048828125,44500.08887368428,5.447528318837755,766.1544268985274,87.40819504153048,87.74582280912962,290075.0,0.6856847367060243,-0.0015819358060203959,-0.0015819358060203959,0.010186763826000207,BANKNIFTY,2024-02-21 00:00:00+05:30
46934.55078125,47024.05078125,46426.8515625,46919.80078125,177200,0.0,0.0,45841.3423828125,46811.8690625,44975.33978515625,46295.94237028883,46228.36830717247,67.57406311635714,-149.0819796423747,216.65604275873184,57.29896647310266,47139.37919349945,45841.3423828125,44543.30557212555,5.663171029536119,754.0861977450612,83.74830414846787,89.81881298244741,277805.0,0.6378574899659833,-0.0021246081782709814,-0.0021246081782709814,0.009471577006666851,BANKNIFTY,2024-02-22 00:00:00+05:30
47060.69921875,47245.3515625,46723.1484375,46811.75,200500,0.0,0.0,45927.8099609375,46802.8640625,44992.8350390625,46375.2973902444,46271.58176590044,103.71562434396037,-98.52245884510769,202.23808318906805,56.017489904864085,47242.39430585605,45927.8099609375,44613.22561601895,5.724567951472662,737.523121120414,79.78974303198218,83.64874740732687,270395.0,0.7415077941529984,-0.0023028823535239384,-0.0023028823535239384,0.00952263874922611,BANKNIFTY,2024-02-23 00:00:00+05:30
46615.8515625,46893.1484375,46513.55078125,46576.5,223700,0.0,0.0,46013.3275390625,46788.1090625,45007.29029296875,46406.251637899106,46294.168301759666,112.08333613943978,-56.40129984819821,168.484635987638,53.226378305763006,47261.37148481029,46013.3275390625,44765.28359331471,5.424706329653201,711.9570164868129,71.17109639305974,78.23638119116994,262240.0,0.8530353874313605,-0.0050254476707236595,-0.0050254476707236595,0.009531270184400186,BANKNIFTY,2024-02-26 00:00:00+05:30
46480.19921875,46722.25,46324.8984375,46588.05078125,157300,0.0,0.0,46070.6125,46777.9190625,45026.92455078125,46434.22073687617,46315.937374314504,118.28336256166222,-21.464367366226124,139.74772992788834,53.34928577172292,47313.731991995475,46070.6125,44827.49300800453,5.39658330783196,689.4851983448978,71.59427217200657,74.18503719901618,253265.0,0.6210885831046532,0.0002479959045871283,0.0002479959045871283,0.009180939599468304,BANKNIFTY,2024-02-27 00:00:00+05:30
46640.8984375,46754.55078125,45852.55078125,45963.1484375,167300,0.0,0.0,46100.382421875,46755.33703125,45040.32029296875,46361.74807543368,46289.80486047639,71.94321495728946,-2.782850901523009,74.72606585881246,46.26614238162428,47302.59190634509,46100.382421875,44898.17293740491,5.21561610256679,704.6648270345479,48.700276488199165,63.82188168442184,250025.0,0.6691330866913309,-0.013413361007185598,-0.013413361007185598,0.009738880643316114,BANKNIFTY,2024-02-28 00:00:00+05:30
45881.44921875,46329.6484375,45661.75,46120.8984375,544700,0.0,0.0,46106.5873046875,46723.108984375,45054.93404296875,46324.694284982346,46277.29327358925,47.40101139309991,7.253921557401576,40.14708983569833,48.138065609507734,47307.874944011026,46106.5873046875,44905.29966536397,5.210915444185983,702.0386563535087,54.47962402184429,58.25805756068336,258605.0,2.106301115601013,0.0034320973510877373,0.0034320973510877373,0.009264251514551848,BANKNIFTY,2024-02-29 00:00:00+05:30
46218.0,47342.25,46218.0,47286.8984375,172500,0.0,0.0,46161.4998046875,46705.9759375,45074.71328125,46472.725693061984,46352.07884128634,120.64685177564388,29.932507601050037,90.71434417459385,59.39729864064321,47468.52334307961,46161.4998046875,44854.47626629539,5.6628296044202076,739.1324353639724,97.19733701221013,66.79241250741788,251945.0,0.6846732421758717,0.02528138088159948,0.02528138088159948,0.010816065646024905,BANKNIFTY,2024-03-01 00:00:00+05:30
47318.5,47529.6015625,47191.6484375,47456.1015625,158100,0.0,0.0,46235.757421875,46697.743984375,45094.61728515625,46624.014288360144,46433.85830211698,190.15598624316044,61.97720332947212,128.17878291368834,60.72965181485212,47654.979248150084,46235.757421875,44816.53559559992,6.139065975822525,710.4767703379742,97.2878736993224,82.98827824445895,243000.0,0.6506172839506172,0.0035782242141264575,0.0035782242141264575,0.01073482975630935,BANKNIFTY,2024-03-04 00:00:00+05:30
47265.69921875,47737.8515625,47196.75,47581.0,176900,0.0,0.0,46323.5298828125,46691.946015625,45113.55453125,46771.24285938166,46518.83176121943,252.41109816222888,100.06398229602348,152.3471158662054,61.72799297937847,47843.943048296474,46323.5298828125,44803.11671732853,6.564323441370967,698.3785412066903,94.5482785681119,96.34449642654818,238550.0,0.7415636134982184,0.0026318731077290547,0.0026318731077290547,0.010676257653038502,BANKNIFTY,2024-03-05 00:00:00+05:30
47451.6484375,48161.25,47442.25,47965.3984375,301700,0.0,0.0,46437.259765625,46702.34796875,45133.021015625,46954.9591021691,46625.98484835133,328.9742538177743,145.84603660037365,183.12821721740065,64.70219976090601,48086.19745267698,46437.259765625,44788.32207857302,7.101787208695708,699.8515025490696,92.38243118617905,94.73952781787114,244705.0,1.232913099446272,0.008078822166410982,0.008078822166410982,0.010695703655467804,BANKNIFTY,2024-03-06 00:00:00+05:30
48035.80078125,48071.69921875,47747.19921875,47835.80078125,146300,0.0,0.0,46538.1248046875,46702.261015625,45152.6815234375,47090.47320664309,46715.60084338086,374.87236326222774,191.6513019327445,183.22106132948323,62.926682195219456,48268.12802327578,46538.1248046875,44808.121586099216,7.434778370846727,673.0406809384218,86.97942713542709,91.30337896323937,237835.0,0.6151323396472345,-0.0027018988786023934,-0.0027018988786023934,0.010757801235526639,BANKNIFTY,2024-03-07 00:00:00+05:30
47792.19921875,47853.80078125,47230.6484375,47327.8515625,204200,0.0,0.0,46653.9173828125,46698.981015625,45170.82728515625,47126.99295369799,46760.9527485008,366.0402051971905,226.52908258563372,139.5111226115568,56.39460486162056,48265.8112187195,46653.9173828125,45042.0235469055,6.910004245434834,669.477228282106,66.65739397879575,82.00641743346732,232050.0,0.8799827623357035,-0.01061859967752643,-0.01061859967752643,0.010178592546923299,BANKNIFTY,2024-03-11 00:00:00+05:30
47351.3515625,47812.75,46884.44921875,47282.3984375,207200,0.0,0.0,46736.309765625,46690.131953125,45188.4777734375,47150.901489667536,46799.57835509333,351.3231345742097,251.4878929833489,99.83524159086079,55.8360583167603,48299.07134462447,46736.309765625,45173.548186625536,6.687569415884405,687.9646249226698,64.83890528105621,72.82524213175971,228610.0,0.9063470539346485,-0.0009603885133043777,-0.0009603885133043777,0.00984863133003484,BANKNIFTY,2024-03-12 00:00:00+05:30
47341.1484375,47468.69921875,46842.1484375,46981.30078125,274600,0.0,0.0,46841.2623046875,46664.113984375,45203.53728515625,47124.80907298792,46813.039275549374,311.76979743854463,263.54427387438807,48.22552356415656,52.15125044215328,48153.76381235131,46841.2623046875,45528.76079702369,5.6040398703450975,683.5779218031934,52.792589767953594,61.42962967593521,228900.0,1.199650502402796,-0.006368070702843176,-0.006368070702843176,0.009089420727117214,BANKNIFTY,2024-03-13 00:00:00+05:30
46825.75,47231.5,46565.55078125,46789.94921875,220400,0.0,0.0,46905.63984375,46629.741953125,45218.0615234375,47073.29217233593,46811.32890097165,261.9632713642859,263.22807337236765,-1.2648020080817446,49.89758748638328,48066.71591923447,46905.63984375,45744.563768265536,4.950688571149193,682.3187287279652,45.136996149229844,54.256163732746565,227625.0,0.9682591982427238,-0.004072930279026443,-0.004072930279026443,0.008773957162430636,BANKNIFTY,2024-03-14 00:00:00+05:30
46572.1015625,46802.55078125,46310.5,46594.1015625,339300,0.0,0.0,46939.9298828125,46595.778984375,45231.25978515625,46999.570540053486,46795.23798701078,204.33255304270278,251.4489693064347,-47.11641626373191,47.62894405329317,48018.757304120445,46939.9298828125,45861.10246150456,4.596629879939233,668.7281610509677,37.30152280456091,45.07703624058147,230590.0,1.4714428205906587,-0.004185677897071027,-0.004185677897071027,0.008674128050542301,BANKNIFTY,2024-03-15 00:00:00+05:30
46458.75,46739.25,46022.1484375,46575.8984375,151300,0.0,0.0,46957.7798828125,46572.063984375,45245.75001953125,46934.39021658372,46778.99061297295,155.399603610771,232.23909616730197,-76.83949255653096,47.413170631489514,47999.47111565231,46957.7798828125,45916.08864997269,4.436714152327675,672.1834040116129,36.573252150430086,39.67059036807364,224270.0,0.6746332545592366,-0.0003906744499747594,-0.0003906744499747594,0.008560961932050231,BANKNIFTY,2024-03-18 00:00:00+05:30
46421.8984375,46602.3515625,46258.75,46384.80078125,147100,0.0,0.0,46957.77734375,46545.661015625,45259.26703125,46849.83799576315,46749.79136617866,100.04662958448898,205.80060285073938,-105.7539732662504,45.10308875700215,47999.4741627294,46957.77734375,45916.0805247706,4.436738184406622,648.7132724750691,28.92781681336267,34.26753058945125,217055.0,0.6777084149178779,-0.004102930113230818,-0.004102930113230818,0.00858378576376573,BANKNIFTY,2024-03-19 00:00:00+05:30
46392.8984375,46655.55078125,45828.80078125,46310.8984375,210400,0.0,0.0,46918.6123046875,46507.961953125,45270.7315234375,46766.92421756882,46717.280778869135,49.64343869968434,174.5691700205284,-124.92573132084405,44.206077507903636,47995.16464424525,46918.6123046875,45842.05996512975,4.589020376675515,661.4301815839927,25.97113172634527,30.49073356337936,218980.0,0.9608183395743903,-0.0015932448238491492,-0.0015932448238491492,0.007798562051532634,BANKNIFTY,2024-03-20 00:00:00+05:30
46674.8515625,46990.25,46570.1484375,46684.8984375,150400,0.0,0.0,46901.872265625,46478.479921875,45282.5965234375,46754.304866789,46714.882086915866,39.42277987313719,147.53989199105015,-108.11711211791297,49.6621977084983,47982.02260038411,46901.872265625,45821.7219308659,4.606000923126313,662.7102802208503,36.703806855387725,30.534251798365244,216555.0,0.6945117868439888,0.008075852825544683,0.008075852825544683,0.008043386314088909,BANKNIFTY,2024-03-21 00:00:00+05:30
46634.8984375,46974.1484375,46566.80078125,46863.75,172200,0.0,0.0,46899.0697265625,46466.749921875,45294.733515625,46771.1425795907,46725.909339736914,45.23323985378374,127.07856156359688,-81.84532170981313,52.075757761283654,47979.31030341203,46899.0697265625,45818.82914971297,4.606660998385253,644.4700927943611,44.37177926234327,35.68223928135877,216305.0,0.7960981022167772,0.003831036769619267,0.003831036769619267,0.008083466880083275,BANKNIFTY,2024-03-22 00:00:00+05:30
46552.94921875,46788.3515625,46529.05078125,46600.19921875,171700,0.0,0.0,46888.4921875,46453.9009375,45307.09376953125,46744.843600999826,46716.597478923075,28.246122076750908,107.31207366622769,-79.06595158947678,48.39355548490652,47976.0637647768,46888.4921875,45800.9206102232,4.638970146140623,622.3436017911924,33.07246439917804,38.04935017230303,214865.0,0.7991064156563423,-0.005623766370595584,-0.005623766370595584,0.008166317685589002,BANKNIFTY,2024-03-26 00:00:00+05:30
46643.44921875,46956.1015625,46643.44921875,46785.94921875,285100,0.0,0.0,46898.9646484375,46442.402890625,45322.07251953125,46751.16754219216,46721.73464483618,29.432897355982277,91.73623840417861,-62.30334104819633,51.0221348428151,47978.32021219942,46898.9646484375,45819.609084675576,4.602897193372824,603.3120833596787,41.03619619264219,39.49347995138785,217935.0,1.3081882212586322,0.003986034461527899,0.003986034461527899,0.008134311235895393,BANKNIFTY,2024-03-27 00:00:00+05:30
46827.8515625,47440.44921875,46827.8515625,47124.6015625,348000,0.0,0.0,46925.7921875,46436.127890625,45338.00626953125,46808.61892993183,46751.576638737206,57.04229119462252,84.7974489622674,-27.755157767644874,55.47492063275236,47999.56054354838,46925.7921875,45852.023831451625,4.576452760809892,606.9683631197016,57.77349342194635,43.96071800458888,227470.0,1.5298720710423352,0.007238334359031873,0.007238334359031873,0.008282793844029888,BANKNIFTY,2024-03-28 00:00:00+05:30
47391.05078125,47646.80078125,47373.1015625,47578.25,134089400,0.0,0.0,47006.547265625,46433.496875,45355.38927734375,46927.02370994231,46812.811702534455,114.21200740785571,90.68036065138506,23.53164675647065,60.63747794406857,48019.807643521315,47006.547265625,45993.28688772868,4.311145731127948,600.9134242361515,86.39255401234568,61.73408120897809,6923575.0,19.367075535398982,0.009626573434224905,0.009626573434224905,0.007819733294097698,BANKNIFTY,2024-04-01 00:00:00+05:30
47490.75,47707.3515625,47408.55078125,47545.44921875,183400,0.0,0.0,47077.7748046875,46421.23984375,45372.29376953125,47022.16609591272,46867.081148180056,155.08494773266284,103.56127806764061,51.523669665022226,60.09491842741725,48030.46123672878,47077.7748046875,46125.08837264622,4.047287434436772,579.3339497371406,86.5268335134901,76.89762698259405,6905510.0,0.02655850183404267,-0.0006894070557450505,-0.0006894070557450505,0.007827572075924254,BANKNIFTY,2024-04-02 00:00:00+05:30
47350.25,47676.94921875,47279.80078125,47624.25,283800,0.0,0.0,47094.6423828125,46411.2228125,45389.038515625,47114.79438884922,46923.16772979635,191.62665905287577,121.17435426468765,70.45230478818812,60.997791039712936,48073.13809873902,47094.6423828125,46116.14666688597,4.1554438739453445,566.3206988630592,95.57629405979094,89.49856052854226,6911075.0,0.041064523247107,0.0016573779939998978,0.0016573779939998978,0.005492213412534229,BANKNIFTY,2024-04-03 00:00:00+05:30
48086.19921875,48254.6484375,47712.69921875,48060.80078125,324300,0.0,0.0,47124.87734375,46451.14984375,45409.36626953125,47260.33383383396,47007.43684471884,252.89698911512096,147.5188812347743,105.37810788034665,65.63638210972807,48180.509437375986,47124.87734375,46069.24525012401,4.480147867232557,570.8976801942692,92.00907543593814,91.37073433640641,6919385.0,0.046868327170695084,0.009166564959028234,0.009166564959028234,0.005797690390014892,BANKNIFTY,2024-04-04 00:00:00+05:30
48104.6484375,48557.3984375,47894.5,48493.05078125,214300,0.0,0.0,47170.4798828125,46506.73984375,45431.8865234375,47449.98259497489,47117.48232149892,332.50027347596915,184.51515968301328,147.98511379295587,69.50385076507283,48369.98431645357,47170.4798828125,45970.97544917143,5.08582671459374,577.4691628589643,97.64173160148371,95.07570036573763,6921255.0,0.030962592766774235,0.008993816019990941,0.008993816019990941,0.00607985634616992,BANKNIFTY,2024-04-05 00:00:00+05:30
48586.75,48716.94921875,48424.6484375,48581.69921875,263400,0.0,0.0,47201.294921875,46564.350859375,45455.0740234375,47624.09284478644,47225.94283240641,398.15001238003606,227.24213022241787,170.9078821576182,70.24350784904372,48507.79464284795,47201.294921875,45894.79520090205,5.535863891596173,557.0999927440382,95.31706894826108,94.98929199522767,6919340.0,0.03806721450311735,0.001828064765400983,0.001828064765400983,0.005851416813898737,BANKNIFTY,2024-04-08 00:00:00+05:30
48810.80078125,48960.75,48568.25,48730.55078125,147600,0.0,0.0,47246.032421875,46638.660859375,45478.32751953125,47794.31714270391,47337.395273061484,456.92186964242865,273.17807810642,183.74379153600864,71.49374549267836,48690.380338703806,47246.032421875,45801.6845050462,6.114155381056156,545.3428504051783,92.64996963003522,95.20292339326004,6919405.0,0.021331313891873652,0.0030639431080778934,0.0030639431080778934,0.00581928171458887,BANKNIFTY,2024-04-09 00:00:00+05:30
48879.55078125,49057.3984375,48669.25,48986.6015625,247100,0.0,0.0,47328.969921875,46716.744921875,45503.32052734375,47977.74551498023,47459.55870190878,518.1868130714502,322.17982509942607,196.0069879720241,73.55227259323658,48960.9024270747,47328.969921875,45697.0374166753,6.896125176159544,534.1146780548085,97.80719425156772,95.25807760995468,6921550.0,0.03570009607674582,0.005254420012599681,0.005254420012599681,0.0052099795012004605,BANKNIFTY,2024-04-10 00:00:00+05:30
48671.19921875,48882.6484375,48477.55078125,48564.55078125,208000,0.0,0.0,47393.0775390625,46790.71296875,45528.9252734375,48068.0232482525,47541.40996704517,526.6132812073338,363.0665163210076,163.54676488632617,65.1951801371654,49111.11793049133,47393.0775390625,45675.037147633666,7.250174416349236,532.3243997116078,80.50712468154072,90.3214295210479,6921590.0,0.030050898709689536,-0.008615637088266292,-0.008615637088266292,0.005678681313063341,BANKNIFTY,2024-04-12 00:00:00+05:30
48057.5,48255.5,47725.80078125,47773.25,197100,0.0,0.0,47432.675,46837.3309375,45548.10078125,48022.67351775212,47558.58330281961,464.090214932512,383.2712560433085,80.81895888920354,53.029458556544554,49147.43012866598,47432.675,45717.91987133402,7.23026955011911,554.2119425893501,49.20997378166632,75.84143090492493,6917715.0,0.028492067105973577,-0.01629379389946939,-0.01629379389946939,0.00672618193286829,BANKNIFTY,2024-04-15 00:00:00+05:30
47436.69921875,47609.0,47316.55078125,47484.80078125,186100,0.0,0.0,47467.417578125,46879.671953125,45567.35603515625,47939.923865982564,47553.11793085149,386.80593513107306,383.97819186086144,2.827743270211613,49.40995274745138,49156.64257728429,47467.417578125,45778.19257896571,7.117408468152088,547.2467480293965,37.80136792649596,55.839488796567686,6916000.0,0.026908617698091383,-0.006037881424228009,-0.006037881424228009,0.0068157472948753035,BANKNIFTY,2024-04-16 00:00:00+05:30
47592.69921875,47829.75,46982.1484375,47069.44921875,186400,0.0,0.0,47491.1849609375,46901.124921875,45583.87078125,47806.00468948525,47517.290618843974,288.7140706412756,364.9253676169443,-76.21129697566869,44.68079164095877,49143.565405697416,47491.1849609375,45838.80451617758,6.958682737097571,568.7006633487252,17.647430057397514,34.88625725518662,6908355.0,0.026981821287412125,-0.008747042330732646,-0.008747042330732646,0.0070618046722592705,BANKNIFTY,2024-04-18 00:00:00+05:30
46744.94921875,47668.69921875,46579.05078125,47574.1484375,164600,0.0,0.0,47541.0974609375,46928.834921875,45602.44552734375,47770.33449687213,47521.502309114796,248.83218775733258,341.706731645022,-92.87454388768941,50.83821205380534,49139.291068511804,47541.0974609375,45942.90385336319,6.7234190749907485,605.9112186452448,40.15165724391093,31.86681840926816,6909020.0,0.023823928719268434,0.010722437316070366,0.010722437316070366,0.007413873821475584,BANKNIFTY,2024-04-19 00:00:00+05:30
48145.69921875,48146.30078125,47628.44921875,47924.8984375,177700,0.0,0.0,47618.10234375,46967.91390625,45623.44576171875,47794.11356466103,47551.38350381,242.7300608510268,321.91139748622294,-79.18133663519615,54.61871330749036,49132.22256190122,47618.10234375,46103.98212559878,6.3594311559118735,603.4998704384416,54.304231807671755,37.36777303632675,6910550.0,0.025714306386611773,0.00737270159361425,0.00737270159361425,0.007435102645178731,BANKNIFTY,2024-04-22 00:00:00+05:30
48299.6015625,48302.69921875,47899.30078125,47970.44921875,141100,0.0,0.0,47701.0798828125,47010.811875,45645.183515625,47821.24212682856,47582.42540862037,238.81671820818883,305.2924616306162,-66.47574342242734,55.1015891959187,49096.82061827171,47701.0798828125,46305.33914735328,5.852029928413102,589.2069109428386,56.14218142443065,50.199356825337794,6907085.0,0.020428299347698776,0.000950461716875628,0.000950461716875628,0.00739817341723294,BANKNIFTY,2024-04-23 00:00:00+05:30
48120.8984375,48246.19921875,48028.69921875,48189.0,112200,0.0,0.0,47776.2849609375,47060.775859375,45667.92326171875,47877.82026116263,47627.35685983368,250.4634013289542,294.3266495702838,-43.863248241329586,57.44143331030101,49105.40393518654,47776.2849609375,46447.16598668845,5.563927690634593,566.8171315897787,64.96058834562469,58.46900052590905,6905175.0,0.016248683052927697,0.004555946104515041,0.004555946104515041,0.007281669146862171,BANKNIFTY,2024-04-24 00:00:00+05:30
47772.6484375,48625.44921875,47737.19921875,48494.94921875,337400,0.0,0.0,47857.844921875,47114.30484375,45689.7905078125,47972.763177714536,47691.62296049415,281.1402172203889,291.68936310030483,-10.549145879915955,60.54154738099487,49152.71973856622,47857.844921875,46562.970105183784,5.411337760005796,589.7766221905088,77.30547539076723,66.1360817202742,6913435.0,0.04880352530977727,0.006348943093859694,0.006348943093859694,0.007343557406819889,BANKNIFTY,2024-04-25 00:00:00+05:30
48660.0,48679.6484375,48088.25,48201.05078125,208100,0.0,0.0,47937.8875,47178.085859375,45709.1567578125,48007.88434748922,47729.35835462421,278.5259928650121,289.0566890532463,-10.53069618823423,56.29902477506674,49103.347513519824,47937.8875,46772.42748648017,4.862375354023796,589.8924661411867,65.4468309121028,69.23763154949826,6915255.0,0.030092888837794124,-0.006060392726143227,-0.006060392726143227,0.007367205361326198,BANKNIFTY,2024-04-26 00:00:00+05:30
48359.8984375,49473.6015625,48342.69921875,49424.05078125,327100,0.0,0.0,48069.792578125,47253.875859375,45732.54025390625,48225.75610652934,47854.89112696686,370.8649795624806,305.41834715509316,65.44663240738743,66.74303200754453,49280.18307028788,48069.792578125,46859.40208596212,5.035971354341511,638.6537743632447,98.28813570758632,80.34681400348546,6917355.0,0.04728686036787182,0.025372890843195828,0.025372890843195828,0.009069500643647373,BANKNIFTY,2024-04-29 00:00:00+05:30
49477.1015625,49974.75,49249.8984375,49396.75,402900,0.0,0.0,48183.4,47344.165859375,45753.73349609375,48405.90901321713,47969.10289533969,436.8061178774442,331.6959012995634,105.1102165778808,66.36176671158016,49443.12399635323,48183.4,46923.676003646775,5.228871338897738,644.8107592301558,82.97846885824094,82.23781182597669,6920100.0,0.05822170199852603,-0.0005523784638946649,-0.0005523784638946649,0.00903542334910616,BANKNIFTY,2024-04-30 00:00:00+05:30
49262.0,49529.3515625,49123.6015625,49231.05078125,291900,0.0,0.0,48266.0400390625,47418.73890625,45773.38150390625,48532.8539006068,48062.58051651823,470.2733840885703,359.4113978573648,110.86198623120549,63.973135777788464,49572.12585942572,48266.0400390625,46959.95421869928,5.412028081467576,627.7349907137161,78.09878994454152,86.45513150345629,230225.0,1.2678901075035292,-0.003354455885255625,-0.003354455885255625,0.008954554020301563,BANKNIFTY,2024-05-02 00:00:00+05:30
49375.05078125,49607.75,48659.69921875,48923.55078125,223000,0.0,0.0,48334.9451171875,47479.04390625,45792.24025390625,48592.96111301344,48126.35609168355,466.60502132989495,380.85012255187087,85.75489877802409,59.68004937408209,49627.02962686281,48334.9451171875,47042.860607512186,5.346378304734463,650.6146900377363,69.04321758106244,76.70682546128165,232205.0,0.9603583040847526,-0.006246058028830714,-0.006246058028830714,0.009118817715476795,BANKNIFTY,2024-05-03 00:00:00+05:30
49174.55078125,49252.6484375,48784.0,48895.30078125,340200,0.0,0.0,48398.49765625,47532.571953125,45810.017265625,48639.47490812676,48183.314957577364,456.1599505493941,395.91208815137554,60.24786239801858,59.2864220417912,49669.366989969356,48398.49765625,47127.62832253065,5.251689185667271,637.617100570755,68.21128288425501,71.78443013661968,235025.0,1.447505584512286,-0.0005774315140434361,-0.0005774315140434361,0.009130073369359632,BANKNIFTY,2024-05-06 00:00:00+05:30
48965.05078125,49023.5,48213.75,48285.3515625,230300,0.0,0.0,48409.7251953125,47570.581953125,45826.8190234375,48584.99439341495,48190.87322460867,394.1211688062758,395.55390428235563,-1.432735476079813,51.40316253613235,49672.403778596425,48409.7251953125,47147.04661202858,5.216631898609448,649.9123076728439,50.24887869421223,62.50112638650992,230325.0,0.999891457722783,-0.012474597947128241,-0.012474597947128241,0.009433212411232765,BANKNIFTY,2024-05-07 00:00:00+05:30
48124.19921875,48223.05078125,47851.1484375,48021.1015625,286000,0.0,0.0,48386.127734375,47589.12,45842.6202734375,48498.24165019727,48178.29754593395,319.9441042633189,380.4319442785483,-60.48784001522944,48.40050062106772,49659.29185536444,48386.127734375,47112.96361338555,5.2625170915875925,634.5045089104979,42.46697626478346,53.642379281083585,233910.0,1.2226924885639776,-0.005472674246928877,-0.005472674246928877,0.009282933386261235,BANKNIFTY,2024-05-08 00:00:00+05:30
47976.3515625,48258.6484375,47440.6484375,47487.8984375,272900,0.0,0.0,48331.4376953125,47598.483984375,45856.33451171875,48342.80423285923,48127.156871235136,215.647361624091,347.4750277476569,-131.8276661235659,42.94882222260125,49659.10347039936,48331.4376953125,47003.77192022565,5.494004889557093,647.6113297026051,26.764669003415396,39.826841320803716,234385.0,1.164323655524031,-0.011103517154974707,-0.011103517154974707,0.009562204103822563,BANKNIFTY,2024-05-09 00:00:00+05:30
47555.5,47868.69921875,47313.3515625,47421.1015625,218900,0.0,0.0,48265.965234375,47608.51,45870.2427734375,48201.00382203473,48074.8564779955,126.14734403922921,303.20949100597136,-177.06214696674215,42.305942260684866,49636.88972596438,48265.965234375,46895.04074278562,5.680708900908948,641.0210673131332,4.048623403462114,24.42675622388701,237950.0,0.9199411641101072,-0.0014066083612420677,-0.0014066083612420677,0.009511994725977201,BANKNIFTY,2024-05-10 00:00:00+05:30
47389.80078125,47841.6015625,46983.25,47754.1015625,220900,0.0,0.0,48204.340234375,47627.35703125,45885.68802734375,48132.24962826016,48051.09685462546,81.15277363469795,258.79814753171667,-177.64537389701871,46.597481991283296,49550.73577037992,48204.340234375,46857.94469837008,5.586200451903681,656.5446741121951,25.768061591174995,18.86045133268419,236640.0,0.9334854631507775,0.007022190312494292,0.007022190312494292,0.00958422353325472,BANKNIFTY,2024-05-13 00:00:00+05:30
47748.8515625,47937.25,47607.8515625,47859.44921875,152000,0.0,0.0,48169.08515625,47653.016015625,45900.88876953125,48090.28033448936,48036.900733449496,53.37960103986552,217.71443823334644,-164.33483719348092,47.91737949618797,49512.82951145874,48169.08515625,46825.34080104127,5.5792811960199025,633.1770857827526,29.289627904061508,19.702104299566226,233840.0,0.6500171057133083,0.0022060441470586056,0.0022060441470586056,0.009449838322559924,BANKNIFTY,2024-05-14 00:00:00+05:30
47923.1015625,47957.19921875,47534.5,47687.44921875,188800,0.0,0.0,48164.7951171875,47675.003984375,45912.077265625,48028.3063166833,48011.01543606435,17.290880618951633,177.6297267104675,-160.33884609151588,45.9217269215725,49514.10339015122,48164.7951171875,46815.486844223786,5.60288181307853,618.1429524232702,23.54000396958048,26.199231154939014,233425.0,0.8088251044232623,-0.0035938566533401106,-0.0035938566533401106,0.008746570897373324,BANKNIFTY,2024-05-15 00:00:00+05:30
47945.8515625,48052.8984375,47340.3515625,47977.05078125,219900,0.0,0.0,48189.4076171875,47715.28203125,45924.90826171875,48020.42084969356,48008.499535707735,11.921313985825691,144.48804416553915,-132.56673017971346,49.71884627813219,49505.75895426177,48189.4076171875,46873.056280113226,5.463239338948736,624.8860897501794,33.220818360354336,28.683483411332123,235115.0,0.9352869872190205,0.00607290948130923,0.00607290948130923,0.00872968453671623,BANKNIFTY,2024-05-16 00:00:00+05:30
47842.94921875,48188.6484375,47758.80078125,48115.6484375,143800,0.0,0.0,48241.717578125,47755.17703125,45937.14,48035.07124781763,48016.43649139605,18.63475642157573,119.31738661674648,-100.68263019517074,51.47489900213967,49455.00329675668,48241.717578125,47028.431859493314,5.0300270369388445,610.9547730715951,37.85386720708674,31.53822984567387,232985.0,0.6172071163379617,0.0028888323478224454,0.0028888323478224454,0.00846094616855508,BANKNIFTY,2024-05-17 00:00:00+05:30
47927.1015625,48259.75,47927.1015625,48048.19921875,166800,0.0,0.0,48265.4201171875,47770.403046875,45946.44650390625,48037.090935653374,48018.789286014864,18.301649638509843,99.11423922109915,-80.81258958258931,50.549655093817,49443.628567837746,48265.4201171875,47087.21166653726,4.88220530470708,591.0757491021953,35.599171611231824,35.55795239289099,233095.0,0.7155880649520582,-0.001401814605857643,-0.001401814605857643,0.008166995513823426,BANKNIFTY,2024-05-21 00:00:00+05:30
48113.8984375,48114.05078125,47435.25,47781.94921875,204900,0.0,0.0,48258.27265625,47776.92,45954.98025390625,47997.838363822084,48001.245577328584,-3.4072135064998292,78.60994867557936,-82.01716218207919,46.961278468816666,49446.35035886544,48258.27265625,47070.194953634564,4.923830204525853,597.3418228270385,30.4324335587731,34.628490792363905,234455.0,0.873941694568254,-0.005541310690705403,-0.005541310690705403,0.008107591927273151,BANKNIFTY,2024-05-22 00:00:00+05:30
47899.3515625,48829.69921875,47873.1484375,48768.6015625,184500,0.0,0.0,48298.1802734375,47800.67203125,45969.2080078125,48116.41731746484,48058.086761415354,58.330556049484585,74.55407015036042,-16.223514100875832,58.66989430755575,49498.46224368018,48298.1802734375,47097.89830319482,4.970298936512092,629.5138354822501,68.02635025719185,44.68598514239894,236625.0,0.7797147385103012,0.02064906015518586,0.02064906015518586,0.009346175343571702,BANKNIFTY,2024-05-23 00:00:00+05:30
48668.0,49052.94921875,48644.80078125,48971.6484375,135000,0.0,0.0,48337.3126953125,47820.79703125,45984.84125,48247.99133593179,48125.757996680884,122.23333925090265,84.08992397046887,38.14341528043377,60.59764780546002,49571.362625218906,48337.3126953125,47103.2627654061,5.105993118339302,613.7020213406607,87.61786404023644,62.02554928540048,237765.0,0.567787521292032,0.0041634754431041365,0.0041634754431041365,0.009338430156219917,BANKNIFTY,2024-05-24 00:00:00+05:30
49105.8984375,49688.8515625,49051.25,49281.80078125,226500,0.0,0.0,48376.6552734375,47849.71703125,46000.93849609375,48407.03894290382,48211.39079553785,195.648147365966,106.4015686495683,89.24657871639769,63.40543995288631,49676.705107051275,48376.6552734375,47076.605439823725,5.374699124052929,621.0949573163279,84.95525775517805,80.19982401753546,232220.0,0.9753681853414865,0.006333304139145568,0.006333304139145568,0.00933794584580912,BANKNIFTY,2024-05-27 00:00:00+05:30
49390.8984375,49511.1484375,49043.6484375,49142.1484375,155200,0.0,0.0,48423.71015625,47886.00296875,46018.252734375,48520.13271130323,48280.33580605357,239.7969052496628,133.0806359695872,106.71626928007561,61.28769366168207,49762.478803628335,48423.71015625,47084.94150887167,5.529393113656488,610.1238889365902,79.79365725621324,84.12225968387592,229575.0,0.6760317978874006,-0.002833750827610393,-0.002833750827610393,0.009239696963378091,BANKNIFTY,2024-05-28 00:00:00+05:30
48786.69921875,49022.6015625,48401.55078125,48501.3515625,183600,0.0,0.0,48377.5751953125,47910.38203125,46033.418984375,48517.24330379504,48296.70734356812,220.53596022691636,150.57170082105304,69.96425940586332,52.605398188562056,49636.486279189434,48377.5751953125,47118.664111435566,5.20452328912473,619.443443744691,56.10957590877722,73.61949697338952,222400.0,0.8255395683453237,-0.013039659342834353,-0.013039659342834353,0.007786436194043344,BANKNIFTY,2024-05-29 00:00:00+05:30
48313.6015625,49044.6015625,48313.6015625,48682.3515625,151000,0.0,0.0,48341.8552734375,47944.403046875,46048.575234375,48542.64457436503,48325.27358200752,217.3709923575152,163.9315591283455,53.43943322916971,54.56338656947429,49521.08711498962,48341.8552734375,47162.623431885375,4.878719837631375,627.4117691914988,62.79940054920781,66.23421123806611,209805.0,0.7197159266938348,0.0037318547662894552,0.0037318547662894552,0.007855507833261171,BANKNIFTY,2024-05-30 00:00:00+05:30
48895.1484375,49122.55078125,48569.05078125,48983.94921875,303600,0.0,0.0,48329.5001953125,47988.283046875,46065.53248046875,48610.537596578106,48374.06436991437,236.47322666373657,178.43989263542372,58.03333402831285,57.6992918745659,49475.929583023375,48329.5001953125,47183.07080760163,4.744221988962612,622.1323571063919,73.94655763361314,64.28517803053275,210390.0,1.4430343647511763,0.006195215443995039,0.006195215443995039,0.007974921759008846,BANKNIFTY,2024-05-31 00:00:00+05:30
50889.8515625,51133.19921875,50092.6484375,50979.94921875,453200,0.0,0.0,48432.3201171875,48076.0,46095.45373046875,48975.062461527625,48567.092877235526,407.96958429209917,224.34583096675883,183.62375332534035,71.64636306356081,50046.757908217936,48432.3201171875,46817.88232615706,6.666778659887132,731.2121887416496,95.95950025181031,77.56848614487711,221900.0,2.042361424064894,0.04074804158983514,0.04074804158983514,0.012009133325945604,BANKNIFTY,2024-06-03 00:00:00+05:30
50667.05078125,50667.05078125,46077.8515625,46928.6015625,653100,0.0,0.0,48333.98515625,48083.0540625,46107.5294921875,48660.22232321568,48445.72315021808,214.49917299760273,222.3764993729276,-7.877326375324884,41.637735194728236,50059.4109014561,48333.98515625,46608.55941104389,7.1395964542476555,1029.1325792779603,16.828714024211674,62.24492396987839,237545.0,2.749373802858406,-0.07946943295031661,-0.07946943295031661,0.021860605894014316,BANKNIFTY,2024-06-04 00:00:00+05:30
47486.6015625,49362.8984375,46446.80078125,49054.6015625,546800,0.0,0.0,48372.44765625,48136.450078125,46128.405,48720.89605233635,48490.82525483156,230.0707975047917,223.91535899930045,6.155438505491247,52.8081109305957,50125.890299252096,48372.44765625,46619.0050132479,7.249757777247985,1163.9157990616775,58.88319068066072,57.223801652227586,253370.0,2.1581086947941746,0.045302862843005665,0.045302862843005665,0.024082688539276684,BANKNIFTY,2024-06-05 00:00:00+05:30
49426.3984375,49672.75,48906.75,49291.8984375,250400,0.0,0.0,48435.9875,48196.070078125,46150.6769921875,48808.74257313076,48550.16400910329,258.57856402746984,230.84800000493436,27.730564022535475,53.86941074713741,50225.62461059887,48435.9875,46646.35038940114,7.389700109237436,1135.4932419858435,63.57716805146777,46.429690918780075,251590.0,0.9952700822767201,0.004837402964075865,0.004837402964075865,0.024045528044822354,BANKNIFTY,2024-06-06 00:00:00+05:30
49316.94921875,49943.19921875,49080.44921875,49803.19921875,170300,0.0,0.0,48551.7525390625,48258.43609375,46174.8707421875,48961.73590322603,48642.981432040084,318.75447118594457,248.4292942411364,70.32517694480816,56.15731072021984,50380.2146833923,48551.7525390625,46723.2903947327,7.532012949928865,1116.0115818439976,73.69122579817628,65.38386151010161,246460.0,0.6909843382293273,0.010372917202576604,0.010372917202576604,0.023928178270374145,BANKNIFTY,2024-06-07 00:00:00+05:30
49808.1484375,50252.94921875,49622.75,49780.8984375,195800,0.0,0.0,48669.7423828125,48316.7790625,46199.37173828125,49087.760908498945,48727.27158059267,360.4893279062744,270.841300974164,89.64802693211038,56.0267922142954,50495.6867965621,48669.7423828125,46843.79796906291,7.50340693972697,1081.310698765855,73.25009330311575,70.17282905091996,245305.0,0.7981900083569434,-0.0004477780865451697,-0.0004477780865451697,0.023920557105057964,BANKNIFTY,2024-06-10 00:00:00+05:30
49751.19921875,49970.30078125,49530.44921875,49705.75,128500,0.0,0.0,48767.3248046875,48378.890078125,46225.191484375,49182.83615334526,48799.75146351173,383.0846898335294,293.28997874603715,89.79471108749226,55.5581963078035,50595.7028892414,48767.3248046875,46938.9467201336,7.498373519058226,1035.4921890325797,71.76357956341096,72.90163288823435,240685.0,0.5338928474977668,-0.0015095837933569722,-0.0015095837933569722,0.02391568011970072,BANKNIFTY,2024-06-11 00:00:00+05:30
49857.44921875,50233.3984375,49697.3515625,49895.1015625,211700,0.0,0.0,48869.107421875,48441.073125,46253.671484375,49292.41544706137,48880.88850788123,411.5269391801412,316.93737083285794,94.58956834728326,56.5444343741074,50710.58945616559,48869.107421875,47027.62538758441,7.536384973818022,999.8175237445383,75.50914911421924,73.50760732691533,243670.0,0.8687979644601305,0.0038094498624403617,0.0038094498624403617,0.023918095086389892,BANKNIFTY,2024-06-12 00:00:00+05:30
50179.0,50186.44921875,49799.6484375,49846.69921875,125700,0.0,0.0,48977.069921875,48495.515078125,46282.450234375,49377.689873475014,48952.43004201965,425.25983145536156,338.60186295735866,86.6579684980029,56.20110016048068,50781.593792443346,48977.069921875,47172.54605130666,7.36885188700264,956.030613566357,74.55170074387503,73.9414764738351,240515.0,0.5226285262873418,-0.000970082076882206,-0.000970082076882206,0.023890880365788354,BANKNIFTY,2024-06-13 00:00:00+05:30
49993.94921875,50102.6015625,49693.3515625,50002.0,155000,0.0,0.0,49078.3173828125,48543.990078125,46312.7282421875,49473.73758524808,49030.17596483301,443.56162041507196,359.5938144489013,83.96780596617066,57.1011464333347,50874.254709879235,49078.3173828125,47282.380055745765,7.318658922466165,916.9748554544743,77.62371065911793,75.89485350573743,237270.0,0.6532642137649092,0.0031155680051846435,0.0031155680051846435,0.023876715272648917,BANKNIFTY,2024-06-14 00:00:00+05:30
50194.3515625,50562.1484375,49900.19921875,50440.8984375,189200,0.0,0.0,49194.5798828125,48601.8990625,46345.4759765625,49622.53156251761,49134.673925771305,487.8576367463029,385.24657890838165,102.61105783792124,59.62623143757896,51026.87410961983,49194.5798828125,47362.285656005166,7.449171153294041,898.7587385470118,86.30557523785534,79.49366221361612,239540.0,0.7898472071470318,0.008777617645294278,0.008777617645294278,0.023920022090740175,BANKNIFTY,2024-06-18 00:00:00+05:30
50607.8984375,51957.0,50441.75,51398.05078125,435300,0.0,0.0,49362.0724609375,48677.375078125,46383.2109765625,49895.68836539952,49302.33147062158,593.3568947779349,426.86864208229235,166.4882526956426,64.52963551147052,51350.36473154275,49362.0724609375,47373.780190332254,8.055951346770039,942.8546545436539,90.49268402231935,84.80732330643089,252965.0,1.720791413831953,0.0189757195727982,0.0189757195727982,0.024171417827561714,BANKNIFTY,2024-06-19 00:00:00+05:30
51712.8984375,51842.19921875,51281.5,51783.25,235900,0.0,0.0,49562.1375,48751.8240625,46422.1172265625,50186.08246303036,49486.1032135385,699.9792494918584,481.4907635642056,218.48848592765273,66.30331283763225,51675.49130780412,49562.1375,47448.78369219587,8.528097916697496,915.55783770125,97.0446400214742,91.28096642721631,254515.0,0.926860892285327,0.007494432432650244,0.007494432432650244,0.024085846922163184,BANKNIFTY,2024-06-20 00:00:00+05:30
51927.30078125,51934.3515625,51224.94921875,51661.44921875,289400,0.0,0.0,49706.7798828125,48815.19203125,46460.45822265625,50413.06196391031,49647.23995466528,765.8220092450283,538.3570127003702,227.4649965446581,65.19321634517846,51973.50896300998,49706.7798828125,47440.05080261502,9.120402027817802,900.8324452761608,94.97289812645592,94.17007405674984,259760.0,1.1141053279950723,-0.002352127015009642,-0.002352127015009642,0.02381229558671072,BANKNIFTY,2024-06-21 00:00:00+05:30
51280.25,51783.94921875,51138.8984375,51703.94921875,176600,0.0,0.0,49843.394921875,48877.63703125,46496.58271484375,50611.66000311641,49799.58878904193,812.0712140744799,593.0998529751921,218.97136109928783,65.41083151340948,52241.94854235654,49843.394921875,47444.841301393455,9.624358951636657,882.5623264171493,95.69579193415288,95.90444336069436,261840.0,0.6744576840818821,0.0008226637200989817,0.0008226637200989817,0.023816616236623445,BANKNIFTY,2024-06-24 00:00:00+05:30
51759.44921875,52746.5,51747.6484375,52606.0,204000,0.0,0.0,50009.6048828125,48955.146015625,46537.13171875,50918.4815410985,50007.47110096475,911.0104401337521,656.6819704069042,254.32846972684797,69.7357848448513,52675.28982924658,50009.6048828125,47343.919936378414,10.66069189180992,893.9900731909244,97.76973479016546,96.14614161692477,260715.0,0.7824636096887406,0.017446458053592462,0.017446458053592462,0.024027313610197304,BANKNIFTY,2024-06-25 00:00:00+05:30
52653.19921875,52988.30078125,52373.69921875,52870.5,214300,0.0,0.0,50196.0224609375,49032.823984375,46580.32697265625,51218.79207323719,50219.54731570811,999.2447575290862,725.1945278313406,274.05022969774564,70.88534658482897,53103.48152639585,50196.0224609375,47288.56339547915,11.58442013098123,874.0337509987155,97.1138229667224,96.85978323034692,263670.0,0.8127583722076839,0.00502794358058023,0.00502794358058023,0.02398163748581008,BANKNIFTY,2024-06-26 00:00:00+05:30
52980.30078125,53180.75,52639.0,52811.30078125,332900,0.0,0.0,50411.519921875,49117.758984375,46621.910234375,51463.793412931474,50411.5290538964,1052.264359035078,790.6084940720881,261.65586496299,70.24224988431479,53421.68866172516,50411.519921875,47401.35118202484,11.94238437767857,850.2991973559501,90.98970445194092,95.29108740294294,271135.0,1.2278016486252237,-0.0011197022678053337,-0.0011197022678053337,0.023683621317156196,BANKNIFTY,2024-06-27 00:00:00+05:30
52874.94921875,53030.30078125,52242.30078125,52342.25,244600,0.0,0.0,50594.51484375,49209.138984375,46661.145234375,51598.940580172784,50554.54542027444,1044.3951598983476,841.3658272373401,203.02933266100752,65.19534657676815,53606.94017237568,50594.51484375,47582.089515124324,11.90811034725361,845.849254687668,77.02929018049669,88.3776058663867,275815.0,0.8868263147399525,-0.008881636587457997,-0.008881636587457997,0.02387344192655448,BANKNIFTY,2024-06-28 00:00:00+05:30
52351.1484375,52656.1484375,52166.05078125,52574.75,0,0.0,0.0,50774.0548828125,49310.93796875,46702.8559765625,51749.06510630005,50704.19020395781,1044.8749023422351,882.0676422583192,162.80726008391593,66.48094723073535,53809.058966230295,50774.0548828125,47739.05079939471,11.954940728774334,820.4384262278346,83.39862832365056,83.80587431869607,260635.0,0.0,0.004441918335570172,0.004441918335570172,0.023867822610641916,BANKNIFTY,2024-07-01 00:00:00+05:30
52793.75,52828.44921875,51996.6484375,52168.1015625,0,0.0,0.0,50833.4625,49412.911015625,46743.7507421875,51813.532253407735,50812.62808236835,1000.9041710393867,905.8349480145328,95.06922302485395,62.15644828593619,53928.18824874712,50833.4625,47738.73675125288,12.175939220143116,821.2500230151321,70.96264004104061,77.1301861817293,237975.0,0.0,-0.0077346718244023505,-0.0077346718244023505,0.02233264957721477,BANKNIFTY,2024-07-02 00:00:00+05:30
52872.30078125,53256.69921875,52482.6484375,53089.25,0,0.0,0.0,51141.494921875,49523.213046875,46787.016484375,52009.79652211424,50981.26674293366,1028.5297791805788,930.373914247742,98.15586493283672,67.3392021244348,53818.41838530131,51141.494921875,48464.571458448685,10.46869461878518,840.3462825319084,95.3007891762596,83.22068584698361,205320.0,0.0,0.01765731184211128,0.01765731184211128,0.011985815361062116,BANKNIFTY,2024-07-03 00:00:00+05:30
53357.69921875,53357.69921875,52815.8984375,53103.69921875,163700,0.0,0.0,51343.9498046875,49626.7890625,46829.6434765625,52178.08924467359,51138.483963364495,1039.6052813090937,952.2201876600125,87.38509364908123,67.41458823473863,53970.92366687154,51343.9498046875,48716.975942503464,10.232846799582235,819.0216038689149,93.06834329524462,86.44392417084829,186165.0,0.8793274783122499,0.00027216844747290914,0.00027216844747290914,0.007742759313641495,BANKNIFTY,2024-07-04 00:00:00+05:30
52560.1015625,52817.8515625,52290.05078125,52660.3515625,199600,0.0,0.0,51512.3724609375,49720.587109375,46870.2844921875,52252.28344741611,51251.21489663379,1001.0685507823218,961.9898602844744,39.07869049784745,62.63729116934541,54020.74377773333,51512.3724609375,49004.001144141665,9.73890813783801,818.6378062711353,79.83087039045553,89.40000095398659,183625.0,1.086997957794418,-0.008348715113493665,-0.008348715113493665,0.008214875488626037,BANKNIFTY,2024-07-05 00:00:00+05:30
52533.1015625,52710.80078125,52246.69921875,52425.80078125,158000,0.0,0.0,51643.5025390625,49805.323125,46910.36798828125,52278.978421852094,51338.22125845722,940.7571633948755,957.7433209065547,-16.986157511679153,60.206493313534,54053.01740688873,51643.5025390625,49233.987671236275,9.331337920016946,793.3137888589114,68.04133516771313,80.31351628447112,183010.0,0.863340801049123,-0.004454029916067359,-0.004454029916067359,0.00821605107907418,BANKNIFTY,2024-07-08 00:00:00+05:30
52390.5,52626.6015625,52292.94921875,52568.80078125,145100,0.0,0.0,51782.89765625,49886.80015625,46948.820234375,52323.56647714408,51429.37529718261,894.1911799614682,945.0328927175375,-50.84171275606934,61.19523927717339,54064.435397130124,51782.89765625,49501.35991536988,8.811935384634653,760.4808284939892,64.44482784724997,70.7723444684729,180475.0,0.8039894722260701,0.002727664582495848,0.002727664582495848,0.008184652861733638,BANKNIFTY,2024-07-09 00:00:00+05:30
52528.80078125,52528.80078125,52075.3984375,52189.30078125,228000,0.0,0.0,51907.0751953125,49966.56515625,46983.98474609375,52302.910216237295,51485.666073780194,817.2441424571007,919.4751426654502,-102.23100020834954,57.137761412692896,53984.058209460396,51907.0751953125,49830.092181164604,8.002697151911418,741.4037938694185,47.340993956124244,59.94238565702914,185450.0,1.2294418980857373,-0.007219110848261101,-0.007219110848261101,0.008437088383347936,BANKNIFTY,2024-07-10 00:00:00+05:30
52316.8984375,52400.30078125,51749.44921875,52270.6484375,138300,0.0,0.0,52025.8525390625,50023.497109375,47017.4844921875,52297.94686566232,51543.812915537215,754.1339501251059,886.4069041573814,-132.2729540322755,57.7839130447318,53889.78808842199,52025.8525390625,50161.91698970301,7.165420491514276,734.9357773430314,51.00728328400935,54.264368362461205,181780.0,0.7608097700517109,0.0015587037004187732,0.0015587037004187732,0.008433354159474231,BANKNIFTY,2024-07-11 00:00:00+05:30
52272.6484375,52794.55078125,52171.1484375,52278.8984375,171000,0.0,0.0,52147.4625,50081.140078125,47051.3222265625,52295.01633825273,51598.26369494187,696.7526433108651,848.4760519880782,-151.72340867721311,57.85330620962095,53721.68116601391,52147.4625,50573.2438339861,6.0375657435446834,726.9691035149577,32.99585368279824,43.78137697431063,184045.0,0.9291205955065337,0.00015783236379518506,0.00015783236379518506,0.008413647980968992,BANKNIFTY,2024-07-12 00:00:00+05:30
52330.05078125,52662.25,52154.0,52455.8984375,186100,0.0,0.0,52270.157421875,50145.63703125,47084.05447265625,52319.76743044462,51661.79219439062,657.9752360540006,810.3758888012627,-152.40065274726214,59.39542452429983,53501.56836495534,52270.157421875,51038.74647879467,4.7117169865839825,711.3463104067465,43.92657974506451,42.64323890395739,185600.0,1.0026939655172413,0.0033856872522211034,0.0033856872522211034,0.008415042863745073,BANKNIFTY,2024-07-15 00:00:00+05:30
52466.69921875,52619.05078125,52331.6015625,52396.80078125,158800,0.0,0.0,52367.9525390625,50215.10203125,47116.03421875,52331.618715183904,51716.237274898725,615.3814402851785,771.376999098046,-155.99555881286744,58.624143987741306,53269.111455495426,52367.9525390625,51466.79362262957,3.441642732779103,681.067946716979,40.2519236748018,39.05811903422154,184080.0,0.8626684050412864,-0.0011266160338557762,-0.0011266160338557762,0.00831274968489271,BANKNIFTY,2024-07-16 00:00:00+05:30
52215.05078125,52782.75,52168.6484375,52620.69921875,139400,0.0,0.0,52429.0849609375,50289.61,47147.98021484375,52376.09263880946,51783.23445592474,592.8581828847164,735.6732358553802,-142.81505297066383,60.70600191937942,53217.610796599474,52429.0849609375,51640.559125275526,3.007971000254796,676.2846335586235,54.173791388154825,46.117431602673726,169285.0,0.8234633901408867,0.004273131835562882,0.004273131835562882,0.007317080466834247,BANKNIFTY,2024-07-18 00:00:00+05:30
52531.55078125,52586.75,52146.30078125,52265.6015625,134100,0.0,0.0,52453.2025390625,50369.215,47179.40896484375,52359.09401168493,51818.965352708095,540.1286589768351,696.5643204796712,-156.43566150283607,55.901901216930845,53188.98183217088,52453.2025390625,51717.423245954116,2.805469475616628,661.8641909830075,32.09403660811441,42.1732505570237,164195.0,0.8167118365358264,-0.0067482504322836645,-0.0067482504322836645,0.0073653081169900115,BANKNIFTY,2024-07-19 00:00:00+05:30
52145.6015625,52427.0,51874.55078125,52280.3984375,175300,0.0,0.0,52484.15,50454.4009375,47213.88794921875,52346.98700027186,51853.1455812112,493.84141906065634,656.0197401958683,-162.17832113521195,56.05795260707097,53130.785735380705,52484.15,51837.5142646193,2.4641181590278336,654.0488358235069,33.01409723301725,39.76064174309551,158490.0,1.1060634740362167,0.0002831092450414907,0.0002831092450414907,0.0073353108813360626,BANKNIFTY,2024-07-22 00:00:00+05:30
52511.0,52547.55078125,51342.6484375,51778.30078125,207800,0.0,0.0,52487.867578125,50540.208984375,47249.6601953125,52259.49681273004,51847.60152195482,411.8952907752173,607.1948503117382,-195.29955953652086,49.63887562601556,53117.14054340498,52487.867578125,51858.594612845016,2.397784456925586,693.3955149611136,21.61991885285149,28.909350897994404,160050.0,1.2983442674164323,-0.009603937063529577,-0.009603937063529577,0.007682529180493324,BANKNIFTY,2024-07-23 00:00:00+05:30
51657.6484375,51944.6484375,50784.25,51317.0,292200,0.0,0.0,52423.417578125,50618.126953125,47283.18494140625,52114.49730307926,51808.297705513716,306.19959756554454,546.9957997624995,-240.79620219695494,44.58729637982941,53230.11726085303,52423.417578125,51616.71789539697,3.0776310282550017,726.752866571034,20.70178793964205,25.111934675170286,164460.0,1.7767238234221088,-0.008909152565644729,-0.008909152565644729,0.006754825390897313,BANKNIFTY,2024-07-24 00:00:00+05:30
50762.30078125,51006.1015625,50559.8984375,50888.75,188400,0.0,0.0,52324.330078125,50680.819921875,47313.79818359375,51925.92079491322,51740.18306066085,185.73773425236868,474.74418666047336,-289.0064524081047,40.46979198281545,53345.386111929314,52324.330078125,51303.274044320686,3.902796394257831,728.9206305659601,14.56414479374987,18.961950528747824,163165.0,1.154659393865106,-0.008345187754545291,-0.008345187754545291,0.0067658902519919205,BANKNIFTY,2024-07-25 00:00:00+05:30
50456.1015625,51398.6015625,50438.30078125,51295.94921875,215700,0.0,0.0,52248.5625,50749.549921875,47347.15693359375,51829.00209088811,51707.27685014893,121.72524073917884,404.1403974762145,-282.41515673703566,45.61276407884087,53336.53210703589,52248.5625,51160.59289296411,4.1645915408137455,745.4477841862487,36.39887267904509,23.888268470812353,157305.0,1.371221512348622,0.008001753211662743,0.008001753211662743,0.007118548230442513,BANKNIFTY,2024-07-26 00:00:00+05:30
51546.6484375,52340.25,51186.94921875,51406.25,513700,0.0,0.0,52201.7625,50823.9259375,47381.2466796875,51763.96330767455,51684.97856495272,78.98474272183375,339.10926652533834,-260.1245238035046,46.94973109570159,53348.522939600974,52201.7625,51055.00206039902,4.393569813283517,774.5801411193737,41.08007294429708,30.6810301390307,170760.0,3.0083157648161163,0.0021502824868222525,0.0021502824868222525,0.006935873529207364,BANKNIFTY,2024-07-29 00:00:00+05:30
51383.8984375,51957.75,51260.05078125,51499.30078125,235200,0.0,0.0,52147.9900390625,50894.3709375,47417.2384375,51723.24599591693,51671.22465504881,52.02134086811566,281.6916813938938,-229.67034052577816,48.10862845714806,53320.32111595303,52147.9900390625,50975.65896217196,4.496169750789543,769.0886466644184,45.02917771883289,40.83604111405837,182520.0,1.2886259040105195,0.0018101063829787378,0.0018101063829787378,0.006854093136138786,BANKNIFTY,2024-07-30 00:00:00+05:30
51583.44921875,51663.1015625,51335.69921875,51553.3984375,219000,0.0,0.0,52117.2548828125,50963.1259375,47452.08267578125,51697.11560231433,51662.49678708223,34.618815232097404,232.27710816153456,-197.65829292943715,48.80878624029296,53317.75831653487,52117.2548828125,50916.75144909013,4.6069327190073395,737.5396250276743,47.325099469496024,44.47811671087535,193470.0,1.1319584431694836,0.0010504541892673025,0.0010504541892673025,0.006679777305112468,BANKNIFTY,2024-07-31 00:00:00+05:30
51672.6015625,51877.1484375,51456.19921875,51564.0,156400,0.0,0.0,52040.9923828125,51033.441953125,47487.907421875,51676.63627888136,51655.20072877984,21.435550101516128,190.1087965495309,-168.67324644801477,48.95414371723208,53176.865575672564,52040.9923828125,50905.11918995244,4.365301816324333,714.9260245792691,47.77503315649867,46.70977011494255,201290.0,0.776988424660937,0.00020564235959841248,0.00020564235959841248,0.005134306684272286,BANKNIFTY,2024-08-01 00:00:00+05:30
51172.25,51608.69921875,51087.8515625,51350.1484375,163000,0.0,0.0,51953.31484375,51104.8059375,47524.83791015625,51626.4073802073,51632.60426275911,-6.196882551805174,150.84766072926368,-157.04454328106885,46.10992124979147,53015.87891916343,51953.31484375,50890.75076833657,4.090457283078468,701.0632839843213,38.89389665416484,44.664676426719865,201255.0,0.8099177660182356,-0.0041473035935923885,-0.0041473035935923885,0.005151635948310804,BANKNIFTY,2024-08-02 00:00:00+05:30
50586.25,50747.55078125,49719.1015625,50092.1015625,257800,0.0,0.0,51824.90234375,51131.2759375,47554.23166015625,51390.360331329255,51518.4929516288,-128.13262029954785,95.05160452350138,-223.18422482304925,33.70409167952913,53111.73027516209,51824.90234375,50538.07441233791,4.966060226709825,767.490683342584,12.175026201908977,32.94798533752418,204165.0,1.2627041853402885,-0.024499381467829817,-0.024499381467829817,0.0071375425817287695,BANKNIFTY,2024-08-05 00:00:00+05:30
50436.8984375,50688.80078125,49659.05078125,49748.30078125,162800,0.0,0.0,51691.02734375,51146.808984375,47581.17015625,51137.73578516321,51387.367605674815,-249.63182051160402,26.1149195164803,-275.74674002808433,31.231148674046693,53231.96053049101,51691.02734375,50150.09415700899,5.962091550216878,786.2234916752566,2.857189305048226,17.975370720374034,204405.0,0.796458012279543,-0.006863373077311219,-0.006863373077311219,0.007192866216180427,BANKNIFTY,2024-08-06 00:00:00+05:30
50286.19921875,50292.44921875,49782.19921875,50119.0,171000,0.0,0.0,51568.5373046875,51163.55296875,47612.33265625,50981.007202830406,51293.4144496989,-312.40724686849717,-41.58951376051519,-270.817733107982,36.630152515777205,53197.83672459321,51568.5373046875,49939.237884781796,6.318966971194685,768.932416377024,15.71026203116515,10.24749251270747,205700.0,0.8313077297034517,0.007451495084827453,0.007451495084827453,0.0074497434580080525,BANKNIFTY,2024-08-07 00:00:00+05:30
50051.8984375,50440.75,49829.6015625,50156.69921875,124800,0.0,0.0,51466.9072265625,51183.843984375,47641.31541015625,50854.19058989496,51209.21332148046,-355.0227315855009,-104.27615732551233,-250.74657425998856,37.17038615060582,53180.05923557986,51466.9072265625,49753.75521754514,6.657295343106166,757.6621321715222,17.228611303444694,11.932020879886045,200540.0,0.6223197367108806,0.0007521941529160525,0.0007521941529160525,0.007388896591966553,BANKNIFTY,2024-08-08 00:00:00+05:30
50612.1015625,50707.75,50386.44921875,50484.5,120200,0.0,0.0,51377.5998046875,51223.506953125,47671.15341796875,50797.31511452651,51155.53085322265,-358.21573869614076,-155.06407359963802,-203.15166509650274,41.81522483707203,53100.04322858303,51377.5998046875,49655.156380791974,6.7050365546207535,742.9041785342706,28.577089103340835,20.505320812650247,199635.0,0.6020988303654169,0.006535533365550128,0.006535533365550128,0.007594512994606276,BANKNIFTY,2024-08-09 00:00:00+05:30
50412.6015625,50830.69921875,50149.25,50577.94921875,163500,0.0,0.0,51292.55234375,51261.41890625,47701.04716796875,50763.56651517628,51112.747028446895,-349.18051327061403,-193.88736153383323,-155.2931517367808,43.10650137587241,52996.45945180765,51292.55234375,49588.645235692355,6.643877250008861,738.5145385496799,34.27191948565459,26.69253996414673,199260.0,0.8205359831376091,0.0018510477225683886,0.0018510477225683886,0.007625795783261554,BANKNIFTY,2024-08-12 00:00:00+05:30
50395.3515625,50559.25,49785.1015625,49831.8515625,148900,0.0,0.0,51161.35,51278.376953125,47728.7666796875,50620.225753226085,51017.8658828212,-397.64012959511456,-234.6379151460895,-163.00221444902505,36.199131195713775,52890.65556599103,51161.35,49432.04443400897,6.760203028227487,742.3954755282741,6.444906444906445,23.097971677967312,197400.0,0.754305977710233,-0.014751441443841884,-0.014751441443841884,0.008064425761401088,BANKNIFTY,2024-08-13 00:00:00+05:30
49887.1484375,49959.25,49654.6484375,49727.30078125,137100,0.0,0.0,51027.875,51253.323984375,47756.27369140625,50482.85268061438,50922.26846789,-439.41578727561864,-275.59348957199535,-163.8222977036233,35.34444361192372,52767.20450985395,51027.875,49288.54549014605,6.81717398521476,711.1244817405403,2.705254002100321,14.474026644220473,196315.0,0.6983674197081221,-0.002098071373464183,-0.002098071373464183,0.008058442058716428,BANKNIFTY,2024-08-14 00:00:00+05:30
50133.0,50603.3984375,49806.05078125,50516.8984375,130700,0.0,0.0,50922.6849609375,51325.089921875,47786.81068359375,50488.09048936601,50892.241058231484,-404.15056886547245,-301.3049054306908,-102.84566343478167,45.76019527007053,52511.96435037614,50922.6849609375,49333.40557149886,6.241930843425749,722.9082799197874,32.106400742384885,13.752187063130568,195880.0,0.6672452521952216,0.01587855451321274,0.01587855451321274,0.008946776461855042,BANKNIFTY,2024-08-16 00:00:00+05:30
50683.55078125,50728.25,50283.55078125,50368.3515625,115300,0.0,0.0,50827.8224609375,51351.364921875,47819.2089453125,50469.66911600201,50853.43442891804,-383.7653129160244,-317.79698692775753,-65.96832598826688,44.31386735230434,52307.88513043622,50827.8224609375,49347.75979143879,5.823828752987328,703.0362041219454,30.98878211107983,21.933478951855033,194940.0,0.5914640402175029,-0.002940538306875351,-0.002940538306875351,0.00888068162813974,BANKNIFTY,2024-08-19 00:00:00+05:30
50417.25,51025.6015625,50398.6015625,50803.1484375,144200,0.0,0.0,50753.9599609375,51381.589921875,47854.4521875,50520.9736270017,50849.70954066485,-328.7359136631494,-319.9847722748359,-8.7511413883135,49.359170738248885,52075.659320840445,50753.9599609375,49432.260601034555,5.208261033898372,699.7657609703778,51.676040494938135,38.25707444946764,193385.0,0.7456627970111436,0.008632342761118128,0.008632342761118128,0.009175567408176011,BANKNIFTY,2024-08-20 00:00:00+05:30
50666.6484375,50772.44921875,50333.3515625,50685.55078125,180800,0.0,0.0,50699.3224609375,51399.236953125,47889.2646875,50546.29318919375,50837.54963256005,-291.2564433662992,-314.2391064931286,22.98266312682938,48.090080030243485,51934.648050522796,50699.3224609375,49463.99687135221,4.873144372045913,683.3394119724936,46.38480736782902,43.016543324615675,192035.0,0.9414950399666727,-0.0023147710302772184,-0.0023147710302772184,0.008974783280632118,BANKNIFTY,2024-08-21 00:00:00+05:30
50894.80078125,51080.0,50794.44921875,50985.69921875,133100,0.0,0.0,50682.757421875,51423.33296875,47928.4371875,50613.894116817784,50848.52367598152,-234.62955916373903,-298.3171970272507,63.68763786351167,51.51650209926231,51893.14121689138,50682.757421875,49472.37362685862,4.776313904712573,662.7043981708869,68.11751229917019,55.3927867206458,184080.0,0.7230551933941765,0.005921775197736068,0.005921775197736068,0.008901690691444156,BANKNIFTY,2024-08-22 00:00:00+05:30
51040.05078125,51117.8515625,50856.69921875,50933.44921875,88500,0.0,0.0,50684.9923828125,51447.886953125,47968.94443359375,50663.05644019197,50854.81445692734,-191.75801673537353,-277.00536096887527,85.24734423350174,50.88680660146929,51897.053288044684,50684.9923828125,49472.93147758032,4.782721070875396,634.022108569395,87.3973517005713,67.29989045585685,179085.0,0.4941787419381858,-0.0010247971647073806,-0.0010247971647073806,0.008701109848104604,BANKNIFTY,2024-08-23 00:00:00+05:30
51100.6484375,51317.8515625,51061.55078125,51148.1015625,100300,0.0,0.0,50677.6,51472.946953125,48013.28419921875,50737.6787667009,50876.53942771051,-138.86066100961034,-249.3764209770223,110.51575996741195,53.406477328547524,51876.39665501872,50677.6,49478.80334498128,4.731071143932307,616.1921253680096,89.79379022030156,81.76955140668103,173315.0,0.5787150564001962,0.004214368888078024,0.004214368888078024,0.00855969480196745,BANKNIFTY,2024-08-26 00:00:00+05:30
51214.05078125,51404.69921875,50938.1015625,51278.75,111400,0.0,0.0,50671.225,51501.58796875,48055.76794921875,50820.92049490076,50906.33280343566,-85.41230853489833,-216.58359848859752,131.1712899536992,54.92234131979701,51855.72529868467,50671.225,49486.724701315325,4.6752384560849825,605.5068061452946,92.80311062402207,89.99808418163167,153200.0,0.7271540469973891,0.0025543164557213505,0.0025543164557213505,0.008565782907517444,BANKNIFTY,2024-08-27 00:00:00+05:30
51208.94921875,51260.75,51033.69921875,51143.8515625,128100,0.0,0.0,50653.4525390625,51524.425,48096.29146484375,50870.60219760834,50923.92678558857,-53.32458798022708,-183.93179638692345,130.60720840669637,53.004831779018964,51797.70373077284,50653.4525390625,49509.20134735216,4.5179593269695735,579.7599472242022,85.0948521583079,89.23058433421052,147845.0,0.8664479691568873,-0.00263068888184681,-0.00263068888184681,0.008571515937296385,BANKNIFTY,2024-08-28 00:00:00+05:30
51103.75,51368.94921875,50984.3984375,51152.75,143600,0.0,0.0,50633.4201171875,51538.66203125,48137.82546875,50914.00955182244,50940.876653322746,-26.86710150030558,-152.5188574095999,125.65175590929431,53.12109903708957,51726.84805944188,50633.4201171875,49539.992174933126,4.318996977584033,565.816435368902,85.60331954653101,87.83376077628702,144075.0,0.9967031060211695,0.00017398841166915702,0.00017398841166915702,0.008566427244308845,BANKNIFTY,2024-08-29 00:00:00+05:30
51437.44921875,51466.55078125,51256.0,51351.0,478600,0.0,0.0,50622.7701171875,51537.721015625,48181.07572265625,50981.23885154206,50971.25616048403,9.982691058030468,-120.01854771607383,130.0012387741043,55.7478718257093,51683.392278415056,50622.7701171875,49562.14795595995,4.190296812174848,547.8153172175519,93.6226816169987,88.10695110727924,160185.0,2.9877953616131347,0.0038756469593521636,0.0038756469593521636,0.008618218519310356,BANKNIFTY,2024-08-30 00:00:00+05:30
51579.5,51579.5,51295.80078125,51439.55078125,150200,0.0,0.0,50627.240234375,51530.84703125,48223.18748046875,51051.74837918944,51005.944650911144,45.80372827829706,-86.85409251719966,132.65782079549672,56.90930042670709,51700.762347589945,50627.240234375,49553.718121160055,4.240887349360366,528.9498816127267,92.72935007163701,90.6517837450556,159545.0,0.9414271835532295,0.0017244217493330716,0.0017244217493330716,0.008575556568800909,BANKNIFTY,2024-09-02 00:00:00+05:30
51479.75,51750.1015625,51240.05078125,51689.1015625,127200,0.0,0.0,50707.090234375,51531.400078125,48265.04173828125,51149.80271508337,51056.548866584395,93.25384849897819,-50.83250431396409,144.08635281294227,60.08843107096586,51845.15036194636,50707.090234375,49569.030106803635,4.488761324347725,527.599945872532,97.08893511993975,94.48032226952517,153015.0,0.8312910498970689,0.004851340601927712,0.004851340601927712,0.0063674192673559065,BANKNIFTY,2024-09-03 00:00:00+05:30
51364.6484375,51503.55078125,51259.8984375,51400.25,159700,0.0,0.0,50789.6876953125,51525.32609375,48303.94599609375,51188.333066609004,51082.00820980037,106.32485680863465,-19.40103208944434,125.72588889807899,55.02777040159166,51876.025644942354,50789.6876953125,49703.34974568265,4.277789444766016,520.571601524494,82.00399054004907,90.6074252438753,152860.0,1.0447468271621092,-0.005588248852627764,-0.005588248852627764,0.006284164836543868,BANKNIFTY,2024-09-04 00:00:00+05:30
51544.25,51636.75,51389.1484375,51473.05078125,129600,0.0,0.0,50857.390234375,51502.667109375,48342.6217578125,51232.13579193839,51110.97432620405,121.16146573433798,8.711467475312126,112.44999825902585,56.03282785603113,51936.84761201418,50857.390234375,49777.932856735824,4.245036454542889,501.073741594173,81.10868135000014,86.73386900332967,150790.0,0.8594734398832814,0.0014163507230022798,0.0014163507230022798,0.006134206277620951,BANKNIFTY,2024-09-05 00:00:00+05:30
51200.3984375,51380.05078125,50447.30078125,50576.8515625,186000,0.0,0.0,50878.3978515625,51456.794140625,48377.2127734375,51131.32283356325,51071.409677040785,59.913156522467034,18.95180528474311,40.961351237723925,43.22592830767893,51918.114043428344,50878.3978515625,49838.68165969665,4.087063413039118,538.5506171945892,17.187224280924653,60.099965390324634,153850.0,1.2089697757556062,-0.017411037526387618,-0.017411037526387618,0.0074343646683689025,BANKNIFTY,2024-09-06 00:00:00+05:30
50549.25,51192.75,50369.3984375,51117.80078125,172400,0.0,0.0,50910.062890625,51422.924140625,48414.38376953125,51129.24251782276,51074.84605513036,54.39646269239893,26.040736766274275,28.355725926124652,50.569879055050976,51938.37739012804,50910.062890625,49881.74839112196,4.039729833814055,558.8935418592614,55.36962899241221,51.22184487444569,156460.0,1.10187907452384,0.010695589030122354,0.010695589030122354,0.007668297346282244,BANKNIFTY,2024-09-09 00:00:00+05:30
51328.30078125,51366.0,50958.25,51272.30078125,119300,0.0,0.0,50944.78046875,51401.52515625,48451.644765625,51151.251481426945,51089.47233113922,61.77915028772259,33.188419470563936,28.59073081715865,52.46128111109331,51972.78476282487,50944.78046875,49916.776174675135,4.035759049763519,548.0975745835998,65.39438691789736,45.98374673041142,154250.0,0.773419773095624,0.0030224304965926763,0.0030224304965926763,0.007682401872367288,BANKNIFTY,2024-09-10 00:00:00+05:30
51218.55078125,51420.1484375,50947.69921875,51010.0,145100,0.0,0.0,51003.687890625,51370.23015625,48487.238515625,51129.52048428434,51083.58549179557,45.93499248876469,35.737734074204084,10.197258414560608,49.031081154122276,51895.89922131211,51003.687890625,50111.47655993789,3.4986149730992615,542.6941205954855,46.39676342443275,55.72025977824745,154060.0,0.9418408412306893,-0.005115837933021394,-0.005115837933021394,0.006926710960898993,BANKNIFTY,2024-09-11 00:00:00+05:30
51271.0,51878.1015625,51025.0,51772.3984375,127900,0.0,0.0,51105.9427734375,51362.31609375,48525.09201171875,51228.424784779054,51134.608672958864,93.81611182018969,47.353409623401205,46.462702196788484,57.69044684679598,51845.24459593635,51105.9427734375,50366.64095093865,2.893212735655091,565.9375093029508,92.99377569725654,68.26164201319557,153600.0,0.8326822916666666,0.014946058370907567,0.014946058370907567,0.0075234247789795865,BANKNIFTY,2024-09-12 00:00:00+05:30
51952.55078125,51994.1015625,51643.94921875,51938.05078125,152000,0.0,0.0,51177.000390625,51339.292109375,48563.97451171875,51337.59801500535,51194.12290320265,143.47511180269794,66.57775005926055,76.89736174343739,59.30811250219323,51948.65869991856,51177.000390625,50405.34208133144,3.01564493191719,550.5242831920258,96.55009088198806,78.64687666789246,154665.0,0.9827692108751171,0.0031996266108855753,0.0031996266108855753,0.006795280500561777,BANKNIFTY,2024-09-13 00:00:00+05:30
52038.69921875,52208.69921875,51921.44921875,52153.1484375,93800,0.0,0.0,51266.240234375,51320.28109375,48606.8205078125,51463.06731077376,51265.161831669124,197.90547910463647,92.84329586833573,105.06218323630074,61.373305518363146,52055.791983084164,51266.240234375,50476.688485665836,3.080201493612766,531.7189772497383,96.97978809032814,95.5078848898576,153590.0,0.6107168435445016,0.00414142720056887,0.00414142720056887,0.00674093952931888,BANKNIFTY,2024-09-16 00:00:00+05:30
52249.05078125,52284.6015625,52085.5,52188.6484375,111400,0.0,0.0,51335.515234375,51310.84703125,48649.83900390625,51574.69517642395,51333.56824691586,241.12692950809287,122.50002259628717,118.6269069118057,61.7186223356846,52190.776853741605,51335.515234375,50480.2536150084,3.3320465002128117,507.9605904818998,94.98992437159896,96.17326778130507,151950.0,0.7331358999670944,0.0006806875723437411,0.0006806875723437411,0.00654621812232732,BANKNIFTY,2024-09-17 00:00:00+05:30
52177.1015625,52954.19921875,52154.55078125,52750.3984375,205100,0.0,0.0,51438.7576171875,51317.338984375,48695.14525390625,51755.57260120488,51438.518631403575,317.053969801309,161.41081203729152,155.64315776401747,66.77960033496097,52441.11714188821,51438.7576171875,50436.39809248679,3.8972929018246236,528.7954366974784,92.11541629326486,94.69504291839733,153165.0,1.3390787712597525,0.010763834987463694,0.010763834987463694,0.006807150467850868,BANKNIFTY,2024-09-18 00:00:00+05:30
52929.25,53353.30078125,52847.8984375,53037.6015625,164900,0.0,0.0,51541.352734375,51326.715,48743.08525390625,51952.80782601952,51556.9692188922,395.83860712731985,208.29637105529721,187.54223607202263,69.03367027716142,52738.36133680396,51541.352734375,50344.34413194605,4.644847443558161,534.0887872012299,89.41992121788923,92.17508729425101,154755.0,1.0655552324642177,0.005444567880189322,0.005444567880189322,0.006793579083357926,BANKNIFTY,2024-09-19 00:00:00+05:30
53235.80078125,54066.1015625,53037.6015625,53793.19921875,271900,0.0,0.0,51684.340234375,51358.79296875,48794.16375,52235.94496336267,51722.61588554833,513.3290778143419,269.3029124071062,244.02616540723568,74.02681224321533,53198.044655535385,51684.340234375,50170.63581321461,5.857497316580347,569.4038738297135,92.61768298610671,91.38434016575361,163925.0,1.6586853744090284,0.01424645221484222,0.01424645221484222,0.007277101722806208,BANKNIFTY,2024-09-20 00:00:00+05:30
53917.8984375,54197.94921875,53741.3984375,54105.80078125,163700,0.0,0.0,51832.2251953125,51395.496015625,48845.84724609375,52523.615089191495,51899.14810004475,624.466989146742,340.33572775503336,284.1312613917086,75.76767483875193,53654.038874404345,51832.2251953125,50010.41151622066,7.0296564433687525,561.3429386454483,97.59312484631812,93.21024301677137,167095.0,0.9796822167030731,0.005811172546715593,0.005811172546715593,0.007302609881864203,BANKNIFTY,2024-09-23 00:00:00+05:30
54110.6484375,54247.69921875,53904.6484375,53968.6015625,192600,0.0,0.0,51966.7177734375,51429.290078125,48896.2855078125,52745.92070046973,52052.44094911552,693.4797513542144,410.96453247486954,282.51521887934484,73.44106592327984,53991.120377944215,51966.7177734375,49942.315168930785,7.791150533434217,545.7506416886306,92.80360982832164,94.33813922024883,171155.0,1.1252957845228009,-0.002535758029064139,-0.002535758029064139,0.007401126853199715,BANKNIFTY,2024-09-24 00:00:00+05:30
53794.0,54141.30078125,53792.8515625,54101.6484375,184600,0.0,0.0,52114.6076171875,51462.205078125,48943.96150390625,52954.49419847439,52204.234096403256,750.2601020711372,478.8236463941231,271.4364556770141,74.26630410939387,54302.502566550094,52114.6076171875,49926.71266782491,8.396474805812485,531.6576829072999,96.23415538175647,95.54363001879875,173980.0,1.0610414990228763,0.0024652644528118106,0.0024652644528118106,0.007299110460847678,BANKNIFTY,2024-09-25 00:00:00+05:30
54045.8515625,54467.3515625,54010.8984375,54375.3515625,170500,0.0,0.0,52275.7376953125,51501.77609375,48993.42951171875,53173.08763909372,52365.05761241043,808.0300266832928,544.6649224519571,263.36510423133575,75.92367116608838,54625.24643614433,52275.7376953125,49926.22895448067,8.98890707014358,526.2859287710642,97.75497676050162,95.59758065685992,175325.0,0.9724796805931841,0.005059053335799701,0.005059053335799701,0.007286912373279039,BANKNIFTY,2024-09-26 00:00:00+05:30
54338.69921875,54338.69921875,53763.19921875,53834.30078125,217400,0.0,0.0,52399.902734375,51526.048125,49038.53001953125,53274.812737887,52473.89043973188,800.9222981551211,595.9163975925899,205.00590056253122,66.76915541210391,54802.675988988645,52399.902734375,49997.12947976135,9.170907307953444,532.4192441267024,82.01382638333199,92.00098617519672,162265.0,1.339783687178381,-0.009950294861599263,-0.009950294861599263,0.007842559609642441,BANKNIFTY,2024-09-27 00:00:00+05:30
53556.94921875,53726.3984375,52926.55078125,52978.1015625,179300,0.0,0.0,52476.8302734375,51540.298125,49071.26353515625,53229.164864750535,52511.239411788774,717.925452961761,620.3182086664241,97.60724429533695,55.38780459141459,54850.02548879941,52476.8302734375,50103.6350580756,9.044735373672749,559.228583831938,57.687582336234826,79.15212849335616,163720.0,1.0951624725140483,-0.015904343630821494,-0.015904343630821494,0.00884792190719457,BANKNIFTY,2024-09-30 00:00:00+05:30
52844.0,53235.25,52817.80078125,52922.6015625,240200,0.0,0.0,52538.5052734375,51553.1421875,49100.81529296875,53182.001279788914,52541.71068221183,640.2905975770846,624.3126864485562,15.977911128528376,54.736479768087904,54890.62759418106,52538.5052734375,50186.38295269394,8.95389889187712,549.1014863260853,55.12515290918953,64.94218720958547,169370.0,1.4181968471393989,-0.0010476026577608266,-0.0010476026577608266,0.008829043671493807,BANKNIFTY,2024-10-01 00:00:00+05:30
52314.44921875,52582.94921875,51683.3984375,51845.19921875,272300,0.0,0.0,52560.752734375,51554.48015625,49125.86853515625,52976.33942424446,52490.11724047392,486.2221837705438,596.6945859129537,-110.47240214240992,43.93538988949406,54877.54129988093,52560.752734375,50243.96416886906,8.815659765050302,598.3944605170792,7.12792494649214,39.980220063972176,175000.0,1.556,-0.02035807598153727,-0.02035807598153727,0.009971940725419494,BANKNIFTY,2024-10-03 00:00:00+05:30
51643.75,52358.3515625,51347.25,51462.05078125,255800,0.0,0.0,52560.202734375,51557.381171875,49148.971796875,52743.37194070686,52413.964169420295,329.4077712865619,543.2372229876754,-213.8294517011135,40.84837101531185,54878.028900387624,52560.202734375,50242.37656836238,8.819700250116185,627.873539230145,3.67939244766171,21.977490101114473,181310.0,1.4108433070431856,-0.007390239468140214,-0.007390239468140214,0.010121659284691928,BANKNIFTY,2024-10-04 00:00:00+05:30
51543.19921875,51784.80078125,50194.30078125,50478.8984375,328700,0.0,0.0,52555.305078125,51549.184140625,49165.0562890625,52394.991401751955,52270.62596705583,124.36543469612661,459.4628653293657,-335.09743063323907,34.20673761810936,54890.225061496654,52555.305078125,50220.38509475334,8.885572940355797,696.6325721422774,6.660291927697296,5.822536440617063,188445.0,1.7442755180556662,-0.019104414395164526,-0.019104414395164526,0.010281132419104527,BANKNIFTY,2024-10-07 00:00:00+05:30
50736.1015625,51176.05078125,50466.0,51021.0,153200,0.0,0.0,52550.4650390625,51543.68515625,49183.5900390625,52183.60810917473,52178.06108060725,5.547028567481902,368.6796979769889,-363.132669409507,39.999668310815764,54897.6532118942,52550.4650390625,50203.27686623081,8.933082404073692,697.5910156499718,19.346814748318174,9.895499707892407,187485.0,0.817132037229645,0.010739171798116676,0.010739171798116676,0.010283533436237204,BANKNIFTY,2024-10-08 00:00:00+05:30
51161.75,51707.1484375,50903.75,51007.0,310000,0.0,0.0,52537.2,51535.70015625,49203.13728515625,52002.591476994,52091.315815377086,-88.72433838308643,277.19889070497385,-365.9232290880603,39.90195737530305,54915.91910174519,52537.2,50158.480898254806,9.055370677330316,705.1486886392596,19.0191799806381,15.008762218884536,197020.0,1.5734443203735662,-0.00027439681699692464,-0.00027439681699692464,0.010258179082458473,BANKNIFTY,2024-10-09 00:00:00+05:30
51195.69921875,51659.44921875,51047.0,51530.8984375,123700,0.0,0.0,52563.244921875,51536.332109375,49225.33052734375,51930.02331707185,52049.80341701582,-119.78009994397144,197.80309257518482,-317.5831925191562,45.28803767456839,54885.237990797374,52563.244921875,50241.25185295262,8.83504461101504,701.3844407900268,31.279704470514243,23.215233066490185,195950.0,0.6312834906863996,0.010271108622345926,0.010271108622345926,0.010446096846002801,BANKNIFTY,2024-10-10 00:00:00+05:30
51491.8984375,51560.0,51005.8515625,51172.30078125,109400,0.0,0.0,52533.2400390625,51528.71015625,49242.53052734375,51813.4506192531,51984.80322177391,-171.35260252081207,123.97195355598544,-295.32455607679753,42.481581894274825,54910.1935784173,52533.2400390625,50156.2864997077,9.049331575921652,690.8675834121677,22.8876287707937,24.39550440731536,195025.0,0.5609537238815536,-0.006958886165839506,-0.006958886165839506,0.009997075148734273,BANKNIFTY,2024-10-11 00:00:00+05:30
51263.25,51893.0,51220.8515625,51816.8984375,126600,0.0,0.0,52527.182421875,51533.768125,49260.897265625,51813.98105282954,51972.36583034621,-158.38477751666505,67.50060734145535,-225.8853848581204,48.642488576186935,54910.780617219614,52527.182421875,50143.58422653038,9.07567505220674,692.9984145077271,37.97281472455003,30.713382655286008,193755.0,0.6534024928388945,0.012596612745741309,0.012596612745741309,0.010394753015019414,BANKNIFTY,2024-10-14 00:00:00+05:30
51975.94921875,52022.05078125,51698.75,51906.0,101400,0.0,0.0,52514.825,51544.88515625,49281.08876953125,51828.13781393269,51967.449842913156,-139.31202898046467,26.138080077071344,-165.45010905753603,49.448521607668894,54908.59248438613,52514.825,50121.057515613866,9.116539889016602,666.5914407036038,40.05801256237996,33.639485352574575,194135.0,0.5223169443943647,0.0017195464257180326,0.0017195464257180326,0.010357207221568855,BANKNIFTY,2024-10-15 00:00:00+05:30
51711.19921875,52031.6015625,51711.19921875,51801.05078125,94400,0.0,0.0,52495.4451171875,51579.064140625,49300.73953125,51823.970578135355,51955.12398649366,-131.15340835830284,-5.320217610003493,-125.83319074829934,48.483316172444994,54905.680986756815,52495.4451171875,50085.20924761818,9.182647615193511,641.8636480640606,37.60194021213986,38.5442558330233,193285.0,0.48839796155935533,-0.00202190919643197,-0.00202190919643197,0.010362928700044105,BANKNIFTY,2024-10-16 00:00:00+05:30
51849.30078125,51930.19921875,51150.25,51288.80078125,107800,0.0,0.0,52422.365234375,51609.874140625,49319.95703125,51741.636763229915,51905.76671203116,-164.1299488012446,-37.08216384825172,-127.04778495299288,43.971747117360074,54885.30497002696,52422.365234375,49959.42549872304,9.39652274230822,651.7269031130563,26.409140349455118,34.68969770799166,188420.0,0.5721261012631356,-0.009888795541294626,-0.009888795541294626,0.010228287021247796,BANKNIFTY,2024-10-17 00:00:00+05:30
51261.0,52199.44921875,51000.8984375,52094.19921875,139100,0.0,0.0,52375.1951171875,51649.378125,49341.22728515625,51795.87714100224,51919.724675491816,-123.84753448957781,-54.43523797651694,-69.41229651306088,51.59801359547182,54825.29868652996,52375.1951171875,49925.09154784503,9.355969228794091,690.7857515514095,53.78952176302812,39.266867441541045,187130.0,0.7433335114626196,0.01570320275053949,0.01570320275053949,0.010826883513756953,BANKNIFTY,2024-10-18 00:00:00+05:30
52361.1015625,52577.5,51855.1484375,51962.69921875,145700,0.0,0.0,52283.6701171875,51685.498125,49363.5815234375,51821.54207604036,51922.90797499242,-101.36589895206271,-63.82137017162609,-37.544528780436615,50.39196218983309,54650.39436070229,52283.6701171875,49916.94587367272,9.053397507137737,693.0404523334516,58.15284341469242,46.117168509058565,180820.0,0.805773697599823,-0.0025242733734675005,-0.0025242733734675005,0.010229834609257417,BANKNIFTY,2024-10-21 00:00:00+05:30
52071.3515625,52257.30078125,51179.6015625,51257.1484375,203900,0.0,0.0,52141.2375,51700.95109375,49381.2430078125,51734.71228549568,51873.592453696685,-138.88016820100165,-78.8331297775012,-60.04703842350045,44.39593916582761,54392.2267855088,52141.2375,49890.24821449121,8.634199698496976,720.5160785060623,44.49577591930583,52.14604703234213,182830.0,1.1152436689821146,-0.013578024079923368,-0.013578024079923368,0.010399901264821366,BANKNIFTY,2024-10-22 00:00:00+05:30
51117.80078125,51551.55078125,51107.8984375,51239.0,208100,0.0,0.0,52004.757421875,51714.172109375,49396.02701171875,51658.44885695789,51826.58560527471,-168.13674831682147,-96.69385348536525,-71.44289483145621,44.25008736314452,54123.105866884296,52004.757421875,49886.40897686571,8.146748682335913,700.7400974520579,43.83600038682247,48.82820657360693,183605.0,1.133411399471692,-0.00035406646786306784,-0.00035406646786306784,0.01041258740688751,BANKNIFTY,2024-10-23 00:00:00+05:30
51272.30078125,51781.55078125,51201.8515625,51531.1484375,171800,0.0,0.0,51876.232421875,51748.158046875,49411.14,51638.864177041294,51804.70137062473,-165.8371935834366,-110.52252150497952,-55.31467207845708,47.25412955767633,53770.11629891383,51876.232421875,49982.34854483617,7.301547504981203,692.0943204019107,56.09466660328897,48.14214763647243,182965.0,0.9389774000491897,0.005701681092527222,0.005701681092527222,0.010519072677595175,BANKNIFTY,2024-10-24 00:00:00+05:30
51369.75,51501.05078125,50382.1015625,50787.44921875,271700,0.0,0.0,51696.8373046875,51769.361015625,49423.61599609375,51507.877260381094,51729.34935937475,-221.47209899365407,-132.71243700271444,-88.75966199093963,41.17216380924405,53260.81818190388,51696.8373046875,50132.85642747112,6.050586297953553,724.7337885874886,18.463512104508364,39.46472636487328,188025.0,1.4450206089615742,-0.014432032688966756,-0.014432032688966756,0.010695183593635662,BANKNIFTY,2024-10-25 00:00:00+05:30
51061.3515625,51589.1484375,51012.55078125,51259.30078125,447600,0.0,0.0,51568.0873046875,51784.2090625,49441.1042578125,51469.634725130156,51694.53094618032,-224.89622105016315,-151.1491938122042,-73.74702723795895,45.92742131006478,52794.5731600642,51568.0873046875,50341.601449310794,4.756763027219037,730.2313193133822,39.956265057239754,38.171481255012374,199535.0,2.2432154759816574,0.009290711972315346,0.009290711972315346,0.010933225051810403,BANKNIFTY,2024-10-28 00:00:00+05:30
51404.1015625,52354.8515625,51278.8984375,52320.69921875,374600,0.0,0.0,51535.2171875,51823.256015625,49464.1830078125,51600.5677241486,51740.91378118548,-140.3460570368843,-148.98856645714022,8.64250942025592,54.781869439762595,52637.76091552819,51535.2171875,50432.67345947181,4.278797250496952,756.3255665945692,88.30277106590134,48.907516075883166,209300.0,1.789775441949355,0.020706455634842413,0.020706455634842413,0.011596322117828123,BANKNIFTY,2024-10-29 00:00:00+05:30
51988.69921875,52220.0,51733.0,51807.5,247700,0.0,0.0,51479.462109375,51843.343046875,49482.24125,51632.403458894965,51745.84609369026,-113.44263479529764,-141.87938012477173,28.436745329474093,50.477820163467705,52392.166148187775,51479.462109375,50566.75807056223,3.545895786065557,744.2808274628143,64.92663988242452,64.39522533518856,209675.0,1.1813520925241445,-0.009808722482938181,-0.009808722482938181,0.011779729678041313,BANKNIFTY,2024-10-30 00:00:00+05:30
51649.44921875,52005.6015625,51318.1015625,51475.3515625,319900,0.0,0.0,51460.9697265625,51859.1390625,49498.8230078125,51608.24162868036,51725.80946175024,-117.56783306988655,-137.0170707137947,19.449237643908162,47.857117021110675,52358.13829615304,51460.9697265625,50563.80115697196,3.486792317974724,740.2250540726133,49.79733889420699,67.6755832808443,212055.0,1.508570889627691,-0.006411203734980497,-0.006411203734980497,0.010957454853160992,BANKNIFTY,2024-10-31 00:00:00+05:30
51550.1484375,51825.5,51459.3984375,51673.8984375,51400,0.0,0.0,51471.562109375,51872.903046875,49519.94125,51618.342676191074,51721.96420069467,-103.62152450359281,-130.33796147175434,26.71643696816153,49.543476232336474,52373.52116688205,51471.562109375,50569.603051867954,3.5046888827287592,713.5019475317123,58.84111298134237,57.85503058599131,201835.0,0.2546634627294572,0.0038571251865842093,0.0038571251865842093,0.010862674700944928,BANKNIFTY,2024-11-01 00:00:00+05:30
51764.5,51764.5,51066.80078125,51215.25,320500,0.0,0.0,51508.3796875,51878.5390625,49539.8042578125,51556.32841831553,51684.429815458025,-128.10139714249817,-129.89064860590312,1.789251463404952,45.854242910677556,52298.4245922829,51508.3796875,50718.334782717095,3.0676364101378626,712.3731811901614,37.94975997380885,48.86273728311942,201425.0,1.5911629638823384,-0.008875824185294201,-0.008875824185294201,0.010118191838658357,BANKNIFTY,2024-11-04 00:00:00+05:30
51052.6015625,52289.55078125,50865.44921875,52207.25,245000,0.0,0.0,51567.6921875,51899.72203125,49564.03625,51656.47020011314,51723.157236535204,-66.68703642206674,-117.24992616913585,50.56288974706911,53.85750686246611,52380.26539142054,51567.6921875,50755.11898357946,3.1514817493326066,763.2109227122927,83.13517976164634,59.97535090559919,206015.0,1.1892337936558017,0.01936923084432851,0.01936923084432851,0.010731046484574309,BANKNIFTY,2024-11-05 00:00:00+05:30
52440.3984375,52493.94921875,52185.3984375,52317.3984375,219100,0.0,0.0,51633.212109375,51920.495,49588.431484375,51758.151467403426,51767.17510327334,-9.023635869911232,-95.60466810929093,86.5810322393797,54.65890089731921,52465.462382738,51633.212109375,50800.96183601201,3.2237013323906076,730.7351983221289,88.15242107960187,69.74578693835237,201470.0,1.0875068248374449,0.0021098302917699208,0.0021098302917699208,0.010726996590048318,BANKNIFTY,2024-11-06 00:00:00+05:30
52258.94921875,52377.25,51752.25,51916.5,160500,0.0,0.0,51652.4921875,51935.94796875,49609.46498046875,51782.51278011059,51778.23620673457,4.2765733760243165,-75.62841981222788,79.90499318825219,51.17516662831719,52492.200720365545,51652.4921875,50812.783654634455,3.251376641488582,723.1826841562626,69.89157008088651,80.39305697404491,203310.0,0.789434853179873,-0.0076628129355270636,-0.0076628129355270636,0.010689189507207073,BANKNIFTY,2024-11-07 00:00:00+05:30
51869.1484375,52007.1484375,51494.0,51561.19921875,157200,0.0,0.0,51671.937109375,51944.116953125,49626.47947265625,51748.464539901266,51762.15939280979,-13.69485290852026,-63.24170643148636,49.546853522966096,48.24060423781533,52483.816487190255,51671.937109375,50860.05773155975,3.142438326230089,708.1802379665295,55.832514848335194,71.29216866960788,205700.0,0.7642197374817695,-0.006843696729363469,-0.006843696729363469,0.01068503072910095,BANKNIFTY,2024-11-08 00:00:00+05:30
51562.69921875,52177.69921875,51294.19921875,51876.75,160700,0.0,0.0,51674.9296875,51954.631953125,49645.23771484375,51768.20076453184,51770.64758593498,-2.4468214031439857,-51.08272942581789,48.6359080226739,50.93178060893066,52489.361519349186,51674.9296875,50860.497855650814,3.1521352298857384,720.7030781117774,70.77444403134844,65.49950965352339,207405.0,0.7748125647886984,0.006119927116343238,0.006119927116343238,0.010391072923292756,BANKNIFTY,2024-11-11 00:00:00+05:30
52053.75,52169.05078125,51006.8515625,51157.80078125,131400,0.0,0.0,51637.5197265625,51948.996953125,49670.70447265625,51674.29307479617,51725.251526328684,-50.95845153251139,-51.05787384715659,0.0994223146452029,45.16929427833663,52474.482659607886,51637.5197265625,50800.55679351712,3.2416852609396196,752.2385167287932,36.7308321911537,54.44593035694579,208905.0,0.6289940403532707,-0.01385879452259442,-0.01385879452259442,0.010838234066429597,BANKNIFTY,2024-11-12 00:00:00+05:30
51030.94921875,51353.5,49904.3984375,50088.3515625,207100,0.0,0.0,51551.884765625,51916.981953125,49692.5784765625,51430.30207290446,51603.99967715619,-173.69760425173445,-75.58581992807217,-98.11178432366228,38.23869558516746,52622.30967382377,51551.884765625,50481.45985742623,4.152806102300013,802.0144485695937,7.103669344194291,38.20298185556549,214540.0,0.9653211522326839,-0.020904909953478046,-0.020904909953478046,0.011746602672726722,BANKNIFTY,2024-11-13 00:00:00+05:30
50053.44921875,50561.80078125,49939.3515625,50179.55078125,133900,0.0,0.0,51496.422265625,51892.56796875,49714.97048828125,51237.87879726531,51498.4849441261,-260.606146860795,-112.58988531461674,-148.01626154617824,39.09688389593438,52719.66492545768,51496.422265625,50273.17960579232,4.75078697126973,789.1883607253369,10.625485537579666,18.153329024309233,215845.0,0.6203525678148671,0.0018207670227718964,0.0018207670227718964,0.011603416802442028,BANKNIFTY,2024-11-14 00:00:00+05:30
50312.44921875,50445.80078125,50074.0,50363.80078125,161500,0.0,0.0,51409.90234375,51870.38296875,49741.71423828125,51103.40525633988,51414.434265394535,-311.02900905465503,-152.2777100626244,-158.75129899203063,40.88407776532818,52695.00103472496,51409.90234375,50124.80365277504,4.999420860137831,759.3749621913843,17.740619225402572,11.823258035725523,216965.0,0.744359689350817,0.003671814456913225,0.003671814456913225,0.010985744782380069,BANKNIFTY,2024-11-18 00:00:00+05:30
50580.55078125,50983.5,50440.8515625,50626.5,185800,0.0,0.0,51343.0923828125,51871.3759375,49769.43474609375,51030.03521690298,51356.068764254196,-326.03354735121684,-187.02887752034292,-139.00466983087392,43.4328578125535,52645.11055912968,51343.0923828125,50041.07420649532,5.071833876344539,749.3981233741425,27.885205717087153,18.75043682668981,218970.0,0.8485180618349546,0.005216032441455409,0.005216032441455409,0.011088456006721875,BANKNIFTY,2024-11-19 00:00:00+05:30
50625.0,50652.1484375,49787.1015625,50372.8984375,254600,0.0,0.0,51298.8798828125,51856.477890625,49796.96849609375,50928.93725084099,51283.24133264277,-354.30408180178347,-220.48391837663104,-133.82016342515243,41.56956463933956,52667.897901975266,51298.8798828125,49929.861863649734,5.3374187595914755,757.6587484902751,21.641294575533983,22.422373172674583,221505.0,1.1494097198708833,-0.005009265157575604,-0.005009265157575604,0.010747067184011166,BANKNIFTY,2024-11-21 00:00:00+05:30
50512.80078125,51271.5,50508.25,51135.3984375,183400,0.0,0.0,51293.6998046875,51853.73984375,49825.43373046875,50960.70051032699,51272.29000707663,-311.5894967496424,-238.70503405123333,-72.8844626984091,48.696205597371815,52664.3679339128,51293.6998046875,49923.0316754622,5.344391745748232,767.7260923481126,49.81059321483564,33.112364502485605,220270.0,0.8326145185454216,0.015137107922151172,0.015137107922151172,0.011324739081824093,BANKNIFTY,2024-11-22 00:00:00+05:30
52046.3515625,52331.1015625,51774.05078125,52207.5,458500,0.0,0.0,51327.5173828125,51877.68984375,49859.63248046875,51152.51581643053,51341.564821367254,-189.04900493672176,-228.773828228331,39.724823291609255,56.69406773660513,52752.2581995433,51327.5173828125,49902.776566081695,5.551567227009074,798.2958803946759,89.41760840922834,53.623165399866,234605.0,1.9543487990452035,0.02096593739873498,0.02096593739873498,0.012211701161311522,BANKNIFTY,2024-11-25 00:00:00+05:30
52554.8984375,52555.5,51999.75,52191.5,113100,0.0,0.0,51397.719921875,51886.071875,49890.6059765625,51312.35953697968,51404.522982747454,-92.16344576777192,-201.4517517362192,109.28830596844728,56.55237616355811,52847.24787161904,51397.719921875,49948.19197213097,5.640436781815733,780.971174652199,86.85160361784087,75.35993508063495,226675.0,0.4989522444027793,-0.00030646937700518073,-0.00030646937700518073,0.011686246424438867,BANKNIFTY,2024-11-26 00:00:00+05:30
52154.30078125,52444.3515625,52019.6484375,52301.80078125,151600,0.0,0.0,51449.844921875,51893.346875,49921.17173828125,51464.581266867426,51470.98800485875,-6.406737991324917,-162.44274898724035,156.03601099591543,57.343840668571076,52949.81281584758,51449.844921875,49949.877027902425,5.830796560223779,755.5234568198991,90.83588491766731,89.03503231491219,211875.0,0.7155162241887906,0.0021133859201210026,0.0021133859201210026,0.011541429376888145,BANKNIFTY,2024-11-27 00:00:00+05:30
52389.94921875,52760.19921875,51782.8984375,51906.8515625,172000,0.0,0.0,51429.1525390625,51888.4209375,49950.85125,51532.6228508109,51503.27419431366,29.34865649724088,-124.08446789034411,153.433124387585,53.58012757214314,52891.439978918504,51429.1525390625,49966.8650992065,5.6866091221135155,771.364694279192,71.29769166996228,82.99506006849016,201745.0,0.8525614017695606,-0.007551350294837,-0.007551350294837,0.010710830906187794,BANKNIFTY,2024-11-28 00:00:00+05:30
51984.1484375,52170.8984375,51759.44921875,52055.6015625,139600,0.0,0.0,51441.5576171875,51885.76,49982.00150390625,51613.08111414768,51544.18733269783,68.89378144984948,-85.4888180223054,154.38259947215488,54.78384287380837,52920.586801639605,51441.5576171875,49962.528432735395,5.7503281508642985,745.6564460271069,76.3008909320955,79.47815583990838,196340.0,0.7110115106447998,0.0028657103161207065,0.0028657103161207065,0.010494032526711472,BANKNIFTY,2024-11-29 00:00:00+05:30
52087.6484375,52197.25,51693.94921875,52109.0,102500,0.0,0.0,51473.2400390625,51872.93203125,50014.0925,51689.376327355734,51586.02530805355,103.35101930218661,-47.72085055740699,151.07186985959362,55.23262722507362,52980.6814759895,51473.2400390625,49965.798602135495,5.857184959730611,728.3453271144564,78.09694486889595,75.23184249031792,185470.0,0.552650024262684,0.001025796185178729,0.001025796185178729,0.010375128931081296,BANKNIFTY,2024-12-02 00:00:00+05:30
52357.94921875,52780.8984375,52216.8515625,52695.75,173600,0.0,0.0,51524.3326171875,51866.095,50048.47875,51844.20304622408,51668.22713708662,175.97590913745807,-2.9814986184339745,178.95740775589206,59.93792126479881,53122.078292178456,51524.3326171875,49926.58694219655,6.201907307996757,724.3134064277094,97.1558378522257,83.85122455107239,191580.0,0.9061488673139159,0.011260051046844133,0.011260051046844133,0.010624148102331622,BANKNIFTY,2024-12-03 00:00:00+05:30
52775.0,53387.1015625,52685.1484375,53266.8984375,228600,0.0,0.0,51626.9150390625,51855.568984375,50089.7532421875,52063.07926026653,51786.64723341354,276.43202685299184,52.9012064758512,223.53082037714063,63.91391347126293,53387.28413207003,51626.9150390625,49866.54594605497,6.819578863759661,722.7162434685873,96.66102430555556,90.63793567555906,186985.0,1.2225579591945879,0.010838605342935681,0.010838605342935681,0.010570826867995516,BANKNIFTY,2024-12-04 00:00:00+05:30
53354.44921875,53888.30078125,52850.3515625,53603.55078125,155600,0.0,0.0,51696.730078125,51845.523984375,50129.5982421875,52300.07487887937,51921.23268140142,378.8421974779485,118.08940467627066,260.75279280167786,66.05254793318292,53644.411474806795,51696.730078125,49749.04868144321,7.535027433024964,745.2328845601168,93.05690885002196,95.62459033593443,182515.0,0.8525326685477906,0.006320104110153935,0.006320104110153935,0.00981957278755506,BANKNIFTY,2024-12-05 00:00:00+05:30
53634.19921875,53868.5,53160.6484375,53509.5,209400,0.0,0.0,51756.33515625,51836.341953125,50172.7344921875,52486.140282128705,52038.882112408726,447.25816971997847,183.92315768501226,263.3350120349662,64.89543336866188,53844.26065230878,51756.33515625,49668.409660191224,8.068289571722678,742.5627901272512,90.76365811448062,93.49386375668605,182030.0,1.1503598307971215,-0.0017545625220577454,-0.0017545625220577454,0.009842167973885561,BANKNIFTY,2024-12-06 00:00:00+05:30
53380.75,53775.1015625,53326.3984375,53407.75,121800,0.0,0.0,51830.89765625,51822.463984375,50212.26125,52627.92639257044,52140.27973371178,487.6466588586627,244.66785791974235,242.97880093892036,63.59740883681587,54039.40354332936,51830.89765625,49622.391769170645,8.521966575715082,721.5728140467334,88.28267646562982,90.70108114337746,180095.0,0.6763097254226936,-0.0019015315037517189,-0.0019015315037517189,0.009652424641149158,BANKNIFTY,2024-12-09 00:00:00+05:30
53450.05078125,53624.05078125,53302.6484375,53577.69921875,121800,0.0,0.0,51931.72265625,51806.5109375,50250.6082421875,52774.04528890576,52246.75525112202,527.2900377837432,301.1922938925425,226.09774389120065,64.86162088700726,54262.50604839023,51931.72265625,49600.93926410977,8.976337671555044,692.9892090255381,92.42656730548515,90.49096729519853,178325.0,0.6830225711481845,0.0031821078167495465,0.0031821078167495465,0.009456772685492807,BANKNIFTY,2024-12-10 00:00:00+05:30
53459.30078125,53648.05078125,53302.1484375,53391.3515625,101600,0.0,0.0,52007.452734375,51797.651953125,50286.4705078125,52869.01548484334,52331.540163075944,537.4753217673933,348.4488994675127,189.0264222998806,62.306505781671206,54423.04995915204,52007.452734375,49591.85550959796,9.289427179272021,668.1972900772854,85.29758128171613,88.66894168427704,175370.0,0.579346524491076,-0.003478082466534582,-0.003478082466534582,0.009478203627127705,BANKNIFTY,2024-12-11 00:00:00+05:30
53201.0,53537.44921875,53174.3984375,53216.44921875,99500,0.0,0.0,52110.38515625,51802.41890625,50320.62849609375,52922.46682852128,52397.088982014764,525.3778465065188,383.834688875314,141.54315763120485,59.920589890154695,54547.73667583324,52110.38515625,49673.033636666754,9.354571117733963,646.4011108753365,69.3826835233928,82.3689440368647,173775.0,0.5725794849661919,-0.0032758553329608198,-0.0032758553329608198,0.00885132947627404,BANKNIFTY,2024-12-12 00:00:00+05:30
53109.80078125,53654.0,52264.55078125,53583.80078125,139900,0.0,0.0,52285.1576171875,51815.642890625,50353.07650390625,53024.21051355647,52484.99355973589,539.216953820578,414.9111418643668,124.30581195621124,63.115350628379694,54616.45929812763,52285.1576171875,49953.85593624737,8.917642356590202,699.4759757235267,86.12346329532144,80.26790936681013,170415.0,0.8209371240794531,0.006902970188596758,0.006902970188596758,0.007066080444742372,BANKNIFTY,2024-12-13 00:00:00+05:30
53502.5,53738.8984375,53335.0,53581.3515625,85800,0.0,0.0,52455.24765625,51850.3659375,50385.884765625,53109.92452108624,52566.20526364434,543.7192574419023,440.67276497987393,103.04649246202837,63.0792484094805,54638.94927535111,52455.24765625,50271.546037148895,8.325960572758518,678.3632944218463,86.01184860276918,80.50599847382783,168010.0,0.5106838878638176,-4.57081937879078e-05,-4.57081937879078e-05,0.007100308305936454,BANKNIFTY,2024-12-16 00:00:00+05:30
53394.1015625,53515.69921875,52709.3984375,52834.80078125,116200,0.0,0.0,52578.79765625,51877.8209375,50415.459765625,53067.59779188067,52586.10122791142,481.49656396924547,448.83752477774823,32.65903919149724,53.1075018700056,54543.86163994489,52578.79765625,50613.73367255511,7.4747391393089595,692.191139463143,51.99037301025004,74.70856163611357,165745.0,0.7010769555642704,-0.01393303377909727,-0.01393303377909727,0.00807702103317812,BANKNIFTY,2024-12-17 00:00:00+05:30
52696.94921875,52827.6015625,52010.6484375,52139.55078125,149500,0.0,0.0,52654.4501953125,51911.033984375,50442.09876953125,52924.82132870672,52553.02341704762,371.7979116591014,433.4296021540189,-61.63169049491751,45.83984827139491,54419.35177020783,52654.4501953125,50889.54862041717,6.703712861301322,701.6169397693471,20.3067534899618,52.76965836766035,163930.0,0.9119746233148295,-0.013158940503599448,-0.013158940503599448,0.008759496118272998,BANKNIFTY,2024-12-18 00:00:00+05:30
51428.44921875,51789.8515625,51263.75,51575.69921875,145900,0.0,0.0,52714.590234375,51922.12796875,50467.094765625,52717.26408102107,52480.62903198854,236.63504903253488,394.07069152972207,-157.4356424971872,40.94592146965802,54228.543774298116,52714.590234375,51200.63669445188,5.74396398868666,714.0586427322509,11.885813792538901,28.06098009758359,158495.0,0.9205337707814126,-0.010814277339396772,-0.010814277339396772,0.009077290934000209,BANKNIFTY,2024-12-19 00:00:00+05:30
51401.3515625,51629.0,50609.3515625,50759.19921875,228200,0.0,0.0,52695.7802734375,51917.171953125,50487.9505078125,52416.02333297937,52353.11571248939,62.907620489982946,327.8380773217743,-264.93045683179133,35.101793824321476,54294.711641901384,52695.7802734375,51096.848904973616,6.068536646262969,735.8864852156614,4.569990147853674,12.254185810118136,160735.0,1.4197281239306934,-0.015831098993674297,-0.015831098993674297,0.009218473192878171,BANKNIFTY,2024-12-20 00:00:00+05:30
51044.3984375,51417.3515625,51030.3984375,51317.6015625,110800,0.0,0.0,52651.2853515625,51912.906015625,50514.7227734375,52247.035368290235,52276.41096063832,-29.375592348085775,256.39534338780226,-285.77093573588803,41.27496159511975,54348.59325395905,52651.2853515625,50953.977449165955,6.447355999244099,730.3340465395428,21.599907554225524,12.685237164872708,143350.0,0.7729333798395536,0.011001007745286229,0.011001007745286229,0.0082224281934423,BANKNIFTY,2024-12-23 00:00:00+05:30
51314.94921875,51382.1015625,51137.5,51233.0,112000,0.0,0.0,52603.3603515625,51914.12,50540.28328125,52091.02992701482,52199.1212598503,-108.09133283547999,183.4980081431458,-291.5893409786258,40.64416487468741,54401.05138364415,52603.3603515625,50805.66931948085,6.834890471130352,695.6388691081469,19.01976504954069,15.06322091720664,143295.0,0.7816043825674308,-0.0016485876175831304,-0.0016485876175831304,0.008223432550366299,BANKNIFTY,2024-12-24 00:00:00+05:30
51395.80078125,51740.0,50951.80078125,51170.69921875,100,0.0,0.0,52546.8052734375,51901.196015625,50559.70228515625,51949.440587281766,52122.94184939843,-173.50126211666066,112.09815409118451,-285.59941620784514,40.15745658925129,54447.12500674156,52546.8052734375,50646.48554013344,7.232864960735011,702.2503226539935,17.223752370131194,19.281141657965815,135720.0,0.0007368110816386678,-0.001216028365506605,-0.001216028365506605,0.008192988023090736,BANKNIFTY,2024-12-26 00:00:00+05:30
51268.19921875,51628.44921875,51240.1015625,51311.30078125,78200,0.0,0.0,52517.027734375,51889.30203125,50578.97828125,51851.26523250765,52062.82028879484,-211.55505628719402,47.36751201550881,-258.9225683027028,41.84985524940439,54474.33568180404,52517.027734375,50559.719786945956,7.453993616428097,684.786013892994,22.173236002527048,19.47225114073299,131030.0,0.5968098908646875,0.002747696721886461,0.002747696721886461,0.008086527110478825,BANKNIFTY,2024-12-27 00:00:00+05:30
51255.3515625,51979.75,50718.3515625,50952.75,316300,0.0,0.0,52461.88515625,51872.336015625,50595.83703125,51713.03211981417,51980.59285999523,-267.560740181063,-15.618138423805561,-251.94260175725745,38.83374563893144,54527.24268680344,52461.88515625,50396.52762569656,7.87374500326123,725.9726155792087,10.972784598409314,16.789924323689196,139865.0,2.261466414042112,-0.0069877546620493725,-0.0069877546620493725,0.008167505064562833,BANKNIFTY,2024-12-30 00:00:00+05:30
50648.19921875,50945.55078125,50599.80078125,50860.19921875,105300,0.0,0.0,52399.4451171875,51863.763984375,50610.31103515625,51581.82705811199,51897.60073842151,-315.77368030952493,-75.64924680094944,-240.1244335085755,38.07103131720611,54576.2043314503,52399.4451171875,50222.68590292469,8.30832925575698,699.3280872342651,8.295327702900291,13.813782767945561,140005.0,0.7521159958572908,-0.0018164040459053288,-0.0018164040459053288,0.008154415560137348,BANKNIFTY,2024-12-31 00:00:00+05:30
51084.94921875,51672.75,50992.80078125,51605.55078125,134400,0.0,0.0,52344.93515625,51853.991015625,50629.15978515625,51585.47686167168,51875.96740826066,-290.4905465889751,-118.61750675855458,-171.87303983042054,47.08466545904497,54543.77340862861,52344.93515625,50146.096903871396,8.401341011561321,707.4154225211033,32.039461977155554,17.102524759488393,138045.0,0.9735955666630447,0.014654908434279523,0.014654908434279523,0.00845673738403049,BANKNIFTY,2025-01-02 00:00:00+05:30
51567.1484375,51671.6015625,50904.3515625,50988.80078125,148200,0.0,0.0,52231.0302734375,51834.513046875,50647.46453125,51493.68054160681,51810.251361815426,-316.5708202086171,-158.2081694485671,-158.36265076004997,41.678924201883945,54462.802932340266,52231.0302734375,49999.257614534734,8.545773067156027,711.689320912453,12.392096156215274,17.57562861209038,134025.0,1.1057638500279798,-0.011951233746430368,-0.011951233746430368,0.00831020640720714,BANKNIFTY,2025-01-03 00:00:00+05:30
50990.6484375,51026.1015625,49751.0,49922.0,184600,0.0,0.0,52046.952734375,51807.810078125,50660.6625390625,51251.883535205765,51670.38089056984,-418.4973553640739,-210.26600663166846,-208.23134873240542,34.335787290059784,54399.575247940156,52046.952734375,49694.33022080985,9.040385228975524,751.9330524544206,4.287972792687251,16.239843642019366,135475.0,1.3626130282339914,-0.02092225674862891,-0.02092225674862891,0.009048602693396617,BANKNIFTY,2025-01-06 00:00:00+05:30
50061.19921875,50447.6015625,49969.30078125,50202.1484375,103800,0.0,0.0,51881.58515625,51787.073046875,50676.76677734375,51090.38582786642,51561.622931083184,-471.2371032167648,-262.4602259486877,-208.7768772680771,37.452280382247984,54264.50324667404,51881.58515625,49498.66706582597,9.185987988792098,735.7665174576762,11.983651582391106,9.554573510431217,130195.0,0.7972656400015361,0.005611723037939109,0.005611723037939109,0.009271099805191505,BANKNIFTY,2025-01-07 00:00:00+05:30
50201.75,50246.8984375,49389.75,49835.05078125,131200,0.0,0.0,51702.9501953125,51753.15109375,50691.99228515625,50897.2573591562,51433.728697762206,-536.471338606003,-317.2624484801508,-219.20889012585218,35.101352188158415,54136.56511804476,51702.9501953125,49269.33527258024,9.41383388583848,744.4366546035565,12.952879819109409,9.741501398062596,130665.0,1.0040944399801017,-0.007312389363316241,-0.007312389363316241,0.009311792771807628,BANKNIFTY,2025-01-08 00:00:00+05:30
49712.55078125,49798.1015625,49230.1484375,49503.5,136400,0.0,0.0,51499.240234375,51727.472109375,50706.53927734375,50682.83315005525,51290.748794224266,-607.9156441690138,-375.3930876179234,-232.52255655109042,33.081588409247814,53953.02711419168,51499.240234375,49045.45335455832,9.529410020999938,734.4699181140168,9.941497205561033,11.62600953568719,131395.0,1.0380912515696945,-0.006652963648122623,-0.006652963648122623,0.009204160877286314,BANKNIFTY,2025-01-09 00:00:00+05:30
49426.5,49483.1484375,48631.19921875,48734.1484375,142400,0.0,0.0,51266.380078125,51676.9690625,50717.33052734375,50383.035501969825,51101.37099002247,-718.3354880526458,-443.98156770486787,-274.35392034777794,28.92271870404862,53838.79219820036,51266.380078125,48693.967958049645,10.035473993503153,744.314979766587,3.0744410186776228,8.656272681116029,133435.0,1.0671862704687676,-0.015541356924257843,-0.015541356924257843,0.009562893333140818,BANKNIFTY,2025-01-10 00:00:00+05:30
48264.25,48606.3515625,47898.3515625,48041.25,168800,0.0,0.0,51007.6201171875,51591.380078125,50725.6127734375,50022.76080935908,50874.69536113192,-851.9345517728361,-525.5721645184616,-326.36238725437454,25.779382104130562,53776.95507697383,51007.6201171875,48238.28515740117,10.858514682409869,750.8494008546879,3.5012126281777656,5.505716950805481,136900.0,1.2330168005843682,-0.014217924385990233,-0.014217924385990233,0.00979869831954217,BANKNIFTY,2025-01-13 00:00:00+05:30
48266.8984375,49007.3515625,48235.19921875,48729.1484375,151900,0.0,0.0,50764.8875,51529.813046875,50737.7040234375,49823.74352138076,50715.76595938141,-892.0224380006475,-598.8622192148988,-293.1602187857487,33.50574853931214,53437.80442762,50764.8875,48091.97057237999,10.530573627765865,766.2245552579245,20.355691504328902,8.97711505039477,137500.0,1.1047272727272728,0.014318912132802453,0.014318912132802453,0.010397126045268044,BANKNIFTY,2025-01-14 00:00:00+05:30
48832.75,49083.6484375,48522.3984375,48751.69921875,145100,0.0,0.0,50523.4048828125,51475.34,50748.03802734375,49658.81362866834,50570.27953414945,-911.4659054811127,-661.3829564681416,-250.08294901297108,33.749228726498146,53000.36288254206,50523.4048828125,48046.44688308294,9.805190309223171,751.5835155966442,20.90821735044093,14.92170716098254,140465.0,1.032997543872139,0.00046277806965822066,0.00046277806965822066,0.010409683830438795,BANKNIFTY,2025-01-15 00:00:00+05:30
49082.8984375,49459.0,49038.44921875,49278.69921875,146700,0.0,0.0,50345.5998046875,51427.436015625,50760.1127734375,49600.3344886809,50474.60691819393,-874.272429513032,-703.9608510771197,-170.31157843591222,39.33933894335501,52636.9336056347,50345.5998046875,48054.266003740304,9.102419317025838,748.4204631433125,33.82045829114178,25.028122381970544,141990.0,1.0331713500950772,0.010809879623586927,0.010809879623586927,0.010715468744068356,BANKNIFTY,2025-01-16 00:00:00+05:30
48959.5,49047.19921875,48309.5,48540.6015625,130600,0.0,0.0,50165.65234375,51373.943046875,50769.81478515625,49437.29865388384,50331.3472622166,-894.0486083327633,-741.9784025282486,-152.07020580451467,34.897964192797815,52430.30197275881,50165.65234375,47901.00271474119,9.028686055912347,764.190374258076,15.73602797754293,23.488234539708554,141045.0,0.9259456201921372,-0.01497802636740786,-0.01497802636740786,0.01080976166239654,BANKNIFTY,2025-01-17 00:00:00+05:30
48834.1484375,49650.6015625,48683.6015625,49350.80078125,173100,0.0,0.0,50054.407421875,51316.8140625,50782.63904296875,49423.991288863246,50258.714189552404,-834.7229006891575,-760.5273021604304,-74.19559852872715,42.56347647788655,52248.555636431185,50054.407421875,47860.25920731882,8.76705300319782,788.8910618110705,38.48160820329399,29.346031490659573,142405.0,1.2155472069098698,0.016691165594781454,0.016691165594781454,0.011556052268821945,BANKNIFTY,2025-01-20 00:00:00+05:30
49532.0,49543.1484375,48430.94921875,48570.8984375,134700,0.0,0.0,49944.9923828125,51241.8840625,50789.87052734375,49292.74623480736,50133.69080051148,-840.9445657041215,-776.6107548691687,-64.33381083495283,37.93327354247198,52204.90682152553,49944.9923828125,47685.077944099474,9.049613708583646,811.9845015924226,17.818650736975883,24.01209563927094,137730.0,0.9780004356349379,-0.015803235842250185,-0.015803235842250185,0.011554316255557303,BANKNIFTY,2025-01-21 00:00:00+05:30
48689.55078125,48781.75,48074.05078125,48724.3984375,151700,0.0,0.0,49815.3322265625,51178.04203125,50795.60126953125,49205.30811214469,50029.29877362174,-823.9906614770516,-786.0867361907453,-37.903925286306276,39.33213430170792,52042.69052052033,49815.3322265625,47587.97393260468,8.942460862562132,804.5355528179638,21.892185118929305,26.064148019733064,139775.0,1.085315685923806,0.003160328611123475,0.003160328611123475,0.011213044512260389,BANKNIFTY,2025-01-22 00:00:00+05:30
48770.1484375,48892.69921875,48493.0,48589.0,124600,0.0,0.0,49683.1322265625,51118.598046875,50800.8190234375,49110.49147950705,49922.60997557568,-812.1184960686296,-791.2930881663223,-20.825407902307347,38.50770533354188,51871.74808423948,49683.1322265625,47494.51636888552,8.810297417226298,775.6186718131092,22.081318439773,20.597384765226067,140405.0,0.887432783732773,-0.002778863194661696,-0.002778863194661696,0.011211218980872266,BANKNIFTY,2025-01-23 00:00:00+05:30
48546.05078125,48858.6484375,48203.0,48367.80078125,139900,0.0,0.0,49542.9873046875,51048.4190625,50804.53677734375,48996.23137208288,49807.43892414415,-811.2075520612707,-795.275980945312,-15.931571115958718,37.13814686182556,51691.22500729914,49542.9873046875,47394.74960207586,8.67221707645547,767.0493693621729,18.415189516524467,20.796231025075596,147395.0,0.9491502425455409,-0.004552454645084247,-0.004552454645084247,0.01121458255459066,BANKNIFTY,2025-01-24 00:00:00+05:30
47881.6484375,48319.19921875,47844.1484375,48064.6484375,271800,0.0,0.0,49380.6546875,50986.556015625,50804.556015625,48852.91092060859,49678.34333254088,-825.4324119322846,-801.3072671427066,-24.12514478957803,35.28591096126472,51459.41113390713,49380.6546875,47301.898241092866,8.419315051865201,749.663867532732,9.176984705025491,16.55783088710766,157075.0,1.7303835747254497,-0.006267647874275917,-0.006267647874275917,0.01116291774396567,BANKNIFTY,2025-01-27 00:00:00+05:30
48642.5,49247.1484375,48449.05078125,48866.8515625,299900,0.0,0.0,49276.359765625,50962.126015625,50806.42501953125,48855.05563474573,49618.23283105637,-763.1771963106366,-793.6812529762926,30.50405666565598,43.339095870995955,51234.986998280205,49276.359765625,47317.73253296979,7.949561379822286,780.5807341375368,52.34020775191319,26.644127324487723,156255.0,1.9192985824453617,0.016690086187629793,0.016690086187629793,0.011967088127668906,BANKNIFTY,2025-01-28 00:00:00+05:30
48997.19921875,49199.6484375,48849.80078125,49165.94921875,177200,0.0,0.0,49191.647265625,50941.853984375,50809.34626953125,48902.88541690024,49584.7303412559,-681.8449243556606,-771.3139872521663,89.46906289650565,46.0355316169561,51010.505264752675,49191.647265625,47372.78926649732,7.394987158312512,749.8140857169984,73.17105342824769,44.896081961728804,159850.0,1.10853925555208,0.006120665577717066,0.006120665577717066,0.0121049965968282,BANKNIFTY,2025-01-29 00:00:00+05:30
49206.19921875,49426.19921875,49031.80078125,49311.94921875,197900,0.0,0.0,49076.9671875,50920.816953125,50812.25326171875,48965.81830949251,49564.52433218138,-598.7060226888716,-736.7923943395074,138.08637165063578,47.352599138602784,50523.73835639695,49076.9671875,47630.19601860305,5.89592736392825,724.4272537014986,81.25318952020966,68.92148356679019,163025.0,1.213924244747738,0.0029695348573544056,0.0029695348573544056,0.011547120927906721,BANKNIFTY,2025-01-30 00:00:00+05:30
49259.6484375,49674.80078125,49031.80078125,49587.19921875,232000,0.0,0.0,49006.887109375,50900.0309375,50815.25625,49061.4153724552,49566.20395340869,-504.7885809534855,-690.3916316623031,185.6030507088176,49.838205529609574,50187.796823475066,49006.887109375,47825.97739527493,4.819362272345431,718.6110212942486,95.21473518447787,83.21299271097841,167215.0,1.3874353377388393,0.00558181139380598,0.00558181139380598,0.011433411080891564,BANKNIFTY,2025-01-31 00:00:00+05:30
49074.80078125,49373.44921875,48906.05078125,49210.55078125,122900,0.0,0.0,48971.3146484375,50876.783984375,50818.48625,49084.359281500554,49539.859273989525,-455.49999248897075,-643.4133038276366,187.91331133866584,46.596299826656356,50080.501562658006,48971.3146484375,47862.127734217,4.529945426963919,715.9351224518023,74.6401876038895,83.70270410285902,164130.0,0.7487966855541339,-0.007595678792795768,-0.007595678792795768,0.010588650454427272,BANKNIFTY,2025-02-03 00:00:00+05:30
49538.80078125,50206.6015625,49482.5,50157.94921875,155700,0.0,0.0,48969.1046875,50857.235,50830.40974609375,49249.52696415431,49585.64371434216,-336.11675018784445,-581.9539930996782,245.83724291183375,54.5966196205951,50068.60731705628,48969.1046875,47869.602057943725,4.490597230939126,735.9433837945307,97.94060067329379,89.26517448722039,166725.0,0.9338731443994602,0.01925193728701302,0.01925193728701302,0.011420740420749373,BANKNIFTY,2025-02-04 00:00:00+05:30
50402.30078125,50522.1484375,50215.44921875,50343.05078125,149000,0.0,0.0,48994.5046875,50819.946015625,50844.70099609375,49417.761397553644,49641.747941520516,-223.98654396687198,-510.360503273117,286.373959306245,55.98404065422926,50191.95967147692,48994.5046875,47797.04970352307,4.888119562039095,709.3902291484928,93.31226078230023,88.63101635316117,167615.0,0.8889419204725114,0.003690373418034465,0.003690373418034465,0.011313558212421132,BANKNIFTY,2025-02-05 00:00:00+05:30
50468.3515625,50553.3515625,50149.80078125,50382.1015625,158400,0.0,0.0,49038.434765625,50783.758046875,50861.2642578125,49566.12142293,49696.58895048196,-130.46752755195484,-434.38190812888456,303.9143805769297,56.287520498853645,50364.87692549006,49038.434765625,47711.992605759944,5.409806272180894,687.5445542986005,93.67895310544498,94.97727152034633,168715.0,0.938861393474202,0.0007756935792326836,0.0007756935792326836,0.01118522866774148,BANKNIFTY,2025-02-06 00:00:00+05:30
50484.44921875,50641.75,49871.1484375,50158.8515625,178700,0.0,0.0,49109.669921875,50740.8990625,50874.1877734375,49657.31067517154,49730.83062544626,-73.51995027472003,-362.2095165580517,288.68956628333166,53.995473801005886,50513.84218316306,49109.669921875,47705.49766058694,5.718516388002028,693.4771977415576,82.73884158584502,89.91001849119675,170530.0,1.0479094587462616,-0.004431137111719163,-0.004431137111719163,0.010583335862531788,BANKNIFTY,2025-02-07 00:00:00+05:30
50052.5,50155.6484375,49703.1015625,49981.0,98400,0.0,0.0,49206.657421875,50702.38203125,50884.46828125,49707.109032837456,49749.36169022802,-42.2526573905634,-298.21814472455407,255.96548733399067,52.17281038857536,50569.5999862786,49206.657421875,47843.71485747141,5.53966733695548,676.4966836171607,76.38155451237527,84.26644973455508,167010.0,0.5891862762708819,-0.0035457662398508116,-0.0035457662398508116,0.010002508812004735,BANKNIFTY,2025-02-10 00:00:00+05:30
49812.1484375,49906.75,49177.3984375,49403.3984375,127000,0.0,0.0,49240.369921875,50649.33796875,50891.63302734375,49660.38432586246,49723.734782618536,-63.35045675607398,-251.24460713085807,187.8941503747841,46.6636753354639,50587.66526538811,49240.369921875,47893.074578361884,5.472320153771136,685.5756035373635,55.73524196228354,71.61854602016795,165765.0,0.7661448436038971,-0.011556422690622403,-0.011556422690622403,0.010002561873161538,BANKNIFTY,2025-02-11 00:00:00+05:30
49402.25,49702.3515625,48734.3515625,49479.44921875,136500,0.0,0.0,49276.757421875,50596.746953125,50898.0852734375,49632.54815553747,49705.63955566531,-73.0914001278361,-215.6139657302537,142.52256560241761,47.450481818475204,50608.515850737924,49276.757421875,47944.99899301208,5.4052194119076775,705.7487747132661,58.4536698567132,63.52348877712401,165335.0,0.8255965161641515,0.0015393835981993842,0.0015393835981993842,0.010003918039598145,BANKNIFTY,2025-02-12 00:00:00+05:30
49469.3515625,49836.1015625,49276.1015625,49359.8515625,118600,0.0,0.0,49280.8150390625,50530.028984375,50902.40978515625,49590.59483353171,49680.025630245655,-89.43079671394662,-190.3773319269923,100.94653521304568,46.29391058842146,50613.06682793152,49280.8150390625,47948.56325019348,5.4067766038894,695.3381479480329,54.178663084729386,56.12252496790871,163930.0,0.7234795339474166,-0.0024171177759326756,-0.0024171177759326756,0.009740289527374319,BANKNIFTY,2025-02-13 00:00:00+05:30
49485.6484375,49592.94921875,48719.75,49099.44921875,130600,0.0,0.0,49308.757421875,50446.68,50906.90177734375,49515.03396971914,49637.01997013487,-121.98600041573081,-176.69906562474003,54.713065209009216,43.79111890322981,50600.565161399085,49308.757421875,48016.94968235092,5.239668598710194,708.0425101481734,29.66199978265943,47.43144424136734,163930.0,0.7966815104007808,-0.005275590090060844,-0.005275590090060844,0.009173492603229852,BANKNIFTY,2025-02-14 00:00:00+05:30
48880.3984375,49319.0,48525.6015625,49258.8984375,114800,0.0,0.0,49304.1623046875,50359.786953125,50906.076015625,49475.62850322389,49609.01096771747,-133.3824644935812,-168.03574539850828,34.65328090492707,45.726002468634086,50595.99295548409,49304.1623046875,48012.33165389091,5.240249871049007,714.1393621018752,34.6524308978207,39.49769792173651,161015.0,0.7129770518274695,0.0032474746924271436,0.0032474746924271436,0.008392620137804096,BANKNIFTY,2025-02-17 00:00:00+05:30
49211.8515625,49328.55078125,48814.94921875,49087.30078125,107800,0.0,0.0,49329.982421875,50271.34296875,50904.52876953125,49415.885776766365,49570.36576871988,-154.4799919535144,-165.3245947095095,10.844602755995112,43.97172984469949,50582.192596253175,49329.982421875,48077.772247496825,5.0768725748537555,699.8152335588841,26.5434696733083,30.285966784596145,159670.0,0.6751424813678212,-0.003483586959779905,-0.003483586959779905,0.007590035054405666,BANKNIFTY,2025-02-18 00:00:00+05:30
48895.3515625,49628.25,48804.0,49570.1015625,113300,0.0,0.0,49372.267578125,50194.59,50906.2240234375,49439.611282263846,49570.34619788878,-130.7349156249329,-158.40665889259418,27.67174326766127,49.806486443849884,50596.62995543511,49372.267578125,48147.90520081489,4.959717012684192,708.703431161821,49.358541276715144,36.851480615948056,157750.0,0.7182250396196513,0.009835553667974617,0.009835553667974617,0.007852795845483698,BANKNIFTY,2025-02-19 00:00:00+05:30
49314.1015625,49455.80078125,49150.94921875,49334.55078125,112000,0.0,0.0,49409.5451171875,50109.72703125,50908.2790234375,49423.44812826172,49552.87987073035,-129.43174246863055,-152.61167560780146,23.179933139170913,47.22263796619376,50580.47964262571,49409.5451171875,48238.6105917493,4.739709797615146,688.0212106324052,38.227432651448865,38.04314786715744,157120.0,0.7128309572301426,-0.004751872072584096,-0.004751872072584096,0.007913468960775858,BANKNIFTY,2025-02-20 00:00:00+05:30
49127.94921875,49306.55078125,48764.0,48981.19921875,95300,0.0,0.0,49440.2150390625,50021.523984375,50908.708515625,49355.40983449068,49510.53315576884,-155.12332127815898,-153.11400474187298,-2.0093165362860077,43.571014736667735,50529.69880483508,49440.2150390625,48350.73127328992,4.407277617671298,679.6304656765191,21.529569862700143,36.371847930288055,154890.0,0.6152753567047582,-0.007162354919714731,-0.007162354919714731,0.008026931524962456,BANKNIFTY,2025-02-21 00:00:00+05:30
48619.80078125,48748.3984375,48281.8984375,48651.94921875,95700,0.0,0.0,49469.580078125,49930.233984375,50910.54150390625,49247.18512437673,49446.9343456193,-199.74922124257137,-162.44104804201265,-37.30817320055871,40.433535331329075,50433.61408138069,49469.580078125,48505.54607486931,3.897482055571276,681.0354882174819,15.681104147837688,25.14603555399557,146085.0,0.6550980593490091,-0.006721966902638932,-0.006721966902638932,0.008048185383342215,BANKNIFTY,2025-02-24 00:00:00+05:30
48691.19921875,48862.1484375,48534.1484375,48608.3515625,106700,0.0,0.0,49456.655078125,49830.725,50913.47775390625,49148.90303793416,49384.81710242528,-235.914064491124,-177.13565133183494,-58.77841315928907,40.02256528103651,50458.84264312908,49456.655078125,48454.467513120915,4.052791534004718,655.8186676305188,13.833629631101003,17.014767880546284,136425.0,0.7821147150448965,-0.0008961132482888656,-0.0008961132482888656,0.007107870279565839,BANKNIFTY,2025-02-25 00:00:00+05:30
48732.19921875,48972.55078125,48627.1015625,48743.80078125,186700,0.0,0.0,49435.54765625,49733.973984375,50919.757265625,49086.5796138289,49337.33441196785,-250.75479813895072,-191.8594806932581,-58.895317445692626,41.99512867953352,50478.29791052741,49435.54765625,48392.79740197258,4.218625275593905,634.988706996196,19.57336432045183,16.362699366463513,136900.0,1.3637691745799854,0.002786542114596058,0.002786542114596058,0.006988909466274647,BANKNIFTY,2025-02-27 00:00:00+05:30
48437.55078125,48574.5,48078.69921875,48344.69921875,287700,0.0,0.0,49387.18515625,49644.171953125,50924.37525390625,48972.44416843214,49263.8058791369,-291.36171070475393,-211.75992669555728,-79.60178400919665,38.02666070095983,50533.00674582639,49387.18515625,48241.363566673615,4.64015750624889,637.1396252464676,12.807246205089722,15.404746718880858,141390.0,2.0347973689794188,-0.008187739899296442,-0.008187739899296442,0.0071485935524188225,BANKNIFTY,2025-02-28 00:00:00+05:30
48478.6015625,48574.69921875,47841.30078125,48114.30078125,151000,0.0,0.0,49313.540234375,49563.666953125,50926.17625,48840.42210886566,49178.6573533675,-338.2352445018332,-237.05499025681246,-101.18025424502076,35.9165769732263,50581.31727252158,49313.540234375,48045.76319622843,5.141699549945695,644.0152546931486,13.217463664646198,15.199358063395922,137340.0,1.0994611912043104,-0.004765743529761002,-0.004765743529761002,0.007023118103400804,BANKNIFTY,2025-03-03 00:00:00+05:30
47942.5,48374.8984375,47924.75,48245.19921875,139300,0.0,0.0,49265.27265625,49497.056953125,50928.105,48748.84935654018,49109.51230635879,-360.66294981860847,-261.77658216917166,-98.8863676494368,38.02082489501949,50615.860943516636,49265.27265625,47914.68436898337,5.48292220644106,630.167624893638,20.247557615598364,15.424089161778099,138160.0,1.0082513028372901,0.0027205723740042487,0.0027205723740042487,0.0069287644501644565,BANKNIFTY,2025-03-04 00:00:00+05:30
48241.30078125,48657.6484375,48190.25,48489.94921875,127800,0.0,0.0,49181.87265625,49451.671953125,50932.1175,48709.01856611092,49063.61874431369,-354.600178202767,-280.34130137589074,-74.25887682687625,41.86465663447039,50507.43573630383,49181.87265625,47856.309576196174,5.390453874412916,618.541254365521,32.516953251519084,21.993991510587886,136765.0,0.9344496033341864,0.005073043618086581,0.005073043618086581,0.005280357025143746,BANKNIFTY,2025-03-05 00:00:00+05:30
48760.0,48839.1015625,48299.3984375,48627.69921875,137400,0.0,0.0,49096.105078125,49397.87390625,50935.3707421875,48696.50789728617,49031.328409086746,-334.82051180057897,-291.2371434608284,-43.583368339750564,43.97079372915139,50328.76394477971,49096.105078125,47863.44621147029,5.0214120435550695,612.9099594108409,44.007878301662004,32.257463056259816,136185.0,1.0089216874105078,0.002840794890887066,0.002840794890887066,0.005238159799671506,BANKNIFTY,2025-03-06 00:00:00+05:30
48463.80078125,48709.05078125,48359.3515625,48497.5,106000,0.0,0.0,49001.875,49343.16390625,50937.28,48665.891297703674,48991.78556396921,-325.89426626553904,-298.16856802177057,-27.725698243768477,42.40697939802854,50108.599386374095,49001.875,47895.150613625905,4.517069546314687,594.1091922207808,36.72176085725715,37.74886413681275,133565.0,0.7936210833676487,-0.002677470265749271,-0.002677470265749271,0.005208435744675009,BANKNIFTY,2025-03-07 00:00:00+05:30
48312.0,48599.1484375,48124.6484375,48216.80078125,123800,0.0,0.0,48904.7724609375,49284.0859375,50938.1230078125,48596.80044901849,48934.37928376779,-337.57883474929986,-306.05062136727645,-31.52821338202341,39.172394792164525,49925.885876567656,48904.7724609375,47883.659045307344,4.175925433231558,585.565678490725,21.013467873623647,33.9143690108476,130820.0,0.9463384803546858,-0.0057879111036651665,-0.0057879111036651665,0.005251909636825187,BANKNIFTY,2025-03-10 00:00:00+05:30
47874.80078125,48029.05078125,47702.8984375,47853.94921875,222400,0.0,0.0,48798.419921875,49214.93890625,50938.4830078125,48482.515644361796,48854.347427099805,-371.83178273800877,-319.2068536414229,-52.624929096585845,35.412229602913,49791.708355018505,48798.419921875,47805.131488731495,4.070986047227489,580.4468688663875,7.845361033902088,21.860196588260965,137020.0,1.623120712304773,-0.007525417626652264,-0.007525417626652264,0.005388786286425575,BANKNIFTY,2025-03-11 00:00:00+05:30
47894.3984375,48222.1484375,47844.94921875,48056.6484375,243300,0.0,0.0,48731.082421875,49157.016875,50934.9232421875,48416.99761253691,48795.258613055375,-378.2610005184688,-331.0176830168321,-47.24331750163668,38.938395756244276,49733.74375149955,48731.082421875,47728.42109225045,4.115079246318822,565.9291795723599,20.180816191004652,16.3465483661768,142835.0,1.7033640214233206,0.004235788729231471,0.004235788729231471,0.005087814168629528,BANKNIFTY,2025-03-12 00:00:00+05:30
48219.1484375,48352.44921875,48006.1015625,48060.3984375,145900,0.0,0.0,48660.1298828125,49101.020859375,50930.3669921875,48362.13620099277,48740.8245259772,-378.68832498443226,-340.5518114103522,-38.136513574080084,39.004741403124164,49641.52965842549,48660.1298828125,47678.73010719951,4.033691558063989,550.2447850493342,22.292861753565468,16.773012992824075,143305.0,1.0181082306967657,7.80329074525632e-05,7.80329074525632e-05,0.005054235093504638,BANKNIFTY,2025-03-13 00:00:00+05:30
48219.55078125,48481.3515625,48196.1015625,48354.1484375,131300,0.0,0.0,48609.8447265625,49035.9928125,50925.72873046875,48360.90731430157,48712.181852756665,-351.27453845509444,-342.69635681930066,-8.578181635793783,44.12609258658574,49544.63559889012,48609.8447265625,47675.05385423488,3.846096927838199,541.0096664743817,51.29356892111829,31.25574895522948,143940.0,0.9121856329025984,0.006112100805448106,0.006112100805448106,0.005320430165965698,BANKNIFTY,2025-03-17 00:00:00+05:30
48792.8984375,49400.30078125,48629.44921875,49314.5,146600,0.0,0.0,48620.597265625,49002.506796875,50926.59048828125,48507.6138813321,48756.79801181173,-249.1841304796253,-323.9939115513656,74.8097810717403,56.874584852837806,49582.22963078567,48620.597265625,47658.964900464336,3.9556583803652456,577.0912862797829,94.94517127504113,56.17720064990831,144740.0,1.0128506287135552,0.019860789477893492,0.019860789477893492,0.006973262403412567,BANKNIFTY,2025-03-18 00:00:00+05:30
49375.3984375,49807.55078125,49324.80078125,49702.6015625,137600,0.0,0.0,48642.782421875,48998.118828125,50932.59673828125,48691.458139973314,48826.857534084935,-135.3993941116205,-286.2750080634166,150.87561395179608,60.77011560102272,49679.81138173145,48642.782421875,47605.753462018554,4.263855430235789,571.0883930633698,95.01346533256866,80.41740184290937,145880.0,0.9432410200164518,0.007869927962363965,0.007869927962363965,0.007152437270052594,BANKNIFTY,2025-03-19 00:00:00+05:30
49947.6015625,50155.30078125,49771.6484375,50062.8515625,115700,0.0,0.0,48691.5599609375,48995.332890625,50939.49923828125,48902.44174343896,48918.412647300866,-15.970903861903935,-232.21418722311404,216.2432833612101,64.01910703846954,49887.26562236918,48691.5599609375,47495.854299505816,4.911346699062137,562.6320234695577,96.23025891385201,95.39629850715396,146275.0,0.7909759015552897,0.007248111540941959,0.007248111540941959,0.0072420063078210755,BANKNIFTY,2025-03-20 00:00:00+05:30
49927.1015625,50672.1484375,49891.94921875,50593.55078125,225500,0.0,0.0,48742.732421875,49010.502890625,50947.54724609375,49162.612364640656,49042.496953519316,120.11541112134,-161.74826755422325,281.8636786755633,68.19760766494383,50152.83323129311,48742.732421875,47332.63161245689,5.785891513891729,578.1725374181607,97.35294581965142,96.19889002202405,151885.0,1.4846759061131778,0.010600659015347125,0.010600659015347125,0.007292926271395877,BANKNIFTY,2025-03-21 00:00:00+05:30
50982.69921875,51801.1484375,50795.8984375,51704.94921875,180400,0.0,0.0,48861.25234375,49054.531875,50951.17224609375,49553.74111142671,49239.7156398327,314.02547159401,-66.59351972457661,380.6189913185866,74.79823855558024,50763.11781781372,48861.25234375,46959.38686968628,7.7847594273010685,623.1314744775779,97.65267568474349,97.07862680608231,155305.0,1.161585267699044,0.021967195825122632,0.021967195825122632,0.008518879436186884,BANKNIFTY,2025-03-24 00:00:00+05:30
51874.19921875,52063.94921875,51429.6015625,51607.94921875,185200,0.0,0.0,48992.58984375,49112.007890625,50974.568984375,49869.77312793798,49415.14034938213,454.6327785558533,37.651739931509375,416.9810386243439,73.36699668256892,51240.71915939738,48992.58984375,46744.46052810262,9.17742590386522,623.9326303184652,89.54380439777182,94.84980863405559,159800.0,1.1589486858573217,-0.0018760293060073874,-0.0018760293060073874,0.008285937434605274,BANKNIFTY,2025-03-25 00:00:00+05:30
51640.05078125,51875.80078125,51069.1484375,51209.0,152900,0.0,0.0,49120.4423828125,49175.362890625,50985.3409765625,50075.80803133214,49548.018842020494,527.7891893116466,135.67922980753684,392.1099595041098,67.63478347983437,51559.292095681216,49120.4423828125,46681.592669943784,9.930080408730529,636.9840384207176,80.3957976727584,89.19742591842457,162660.0,0.9399975408828231,-0.0077303831054975625,-0.0077303831054975625,0.00834878386312511,BANKNIFTY,2025-03-26 00:00:00+05:30
51084.69921875,51714.3515625,51050.8515625,51575.8515625,415800,0.0,0.0,49268.8173828125,49232.296953125,50996.7607421875,50306.583959204116,49698.22867316713,608.3552860369891,230.21444105342732,378.1408449835618,69.95908361673641,51917.078473745365,49268.8173828125,46620.556291879635,10.750252316211329,638.8780356763807,88.80779700276507,86.24913302443177,178115.0,2.3344468461387304,0.007163810316545893,0.007163810316545893,0.008365788742448095,BANKNIFTY,2025-03-27 00:00:00+05:30
51608.3984375,51839.1015625,51335.3515625,51564.8515625,171200,0.0,0.0,49409.869921875,49288.56,51005.56900390625,50500.163590480406,49836.497035339926,663.6665551404803,316.90486387083797,346.76169126964237,69.79722387775978,52226.41561387441,49409.869921875,46593.32422987559,11.400741173586674,629.2260331280678,88.55556421411482,85.91971962987945,177340.0,0.965377241457088,-0.00021327810722948648,-0.00021327810722948648,0.008396658647913216,BANKNIFTY,2025-03-28 00:00:00+05:30
51178.1484375,51683.8515625,50742.0,50827.5,176300,0.0,0.0,49534.0099609375,49319.536015625,51010.80201171875,50550.5230380988,49909.904662351786,640.6183757470135,381.6475662460731,258.9708095009404,59.80821956243189,52370.6107295069,49534.0099609375,46697.409192368104,11.453144095567229,651.5564280832059,71.64790595729778,83.0037557247259,171770.0,1.0263724748209815,-0.014299499371316582,-0.014299499371316582,0.00891475355585053,BANKNIFTY,2025-04-01 00:00:00+05:30
50966.8984375,51404.19921875,50908.3515625,51348.05078125,149900,0.0,0.0,49695.6974609375,49375.685,51019.013515625,50673.21961396822,50016.434004492396,656.7856094758245,436.6751748920234,220.11043458380107,63.75223385297624,52558.6970275106,49695.6974609375,46832.697894364406,11.522122488867415,646.2094845594055,83.03156109267599,81.0783437546962,171715.0,0.8729580991759601,0.010241518493925517,0.010241518493925517,0.008898609233609953,BANKNIFTY,2025-04-02 00:00:00+05:30
50910.0,51661.6015625,50906.6484375,51597.3515625,291200,0.0,0.0,49863.305078125,49420.616015625,51027.524765625,50815.393759896186,50133.53900878925,681.8547511069337,485.71109013500546,196.14366097192823,65.49840048372856,52759.31369329188,49863.305078125,46967.29646295812,11.615790853131223,653.9768874480194,88.5013510664617,81.0602727054785,179310.0,1.624003123082929,0.004855116746535382,0.004855116746535382,0.008904154440222608,BANKNIFTY,2025-04-03 00:00:00+05:30
51711.6015625,51893.6015625,51360.3984375,51502.69921875,189600,0.0,0.0,50013.942578125,49479.25203125,51035.804765625,50921.13306125831,50234.95828360116,686.1747776571501,525.8038276394344,160.3709500177157,64.23320839199675,52921.93168399576,50013.942578125,47105.953472254245,11.628713738487189,645.3501901303036,85.48934575814836,85.6740859724287,182400.0,1.0394736842105263,-0.0018344419022233716,-0.0018344419022233716,0.008969643214459328,BANKNIFTY,2025-04-04 00:00:00+05:30
49336.1015625,50426.25,49156.94921875,49860.1015625,236800,0.0,0.0,50075.5626953125,49501.96609375,51035.0952734375,50757.89744606473,50207.19111907515,550.7063269895807,530.7843275094638,19.921999480116938,47.19550879682937,52914.860454588495,50075.5626953125,47236.26493603651,11.340053337201041,766.8073194067105,35.8320670767215,69.94092130044386,187370.0,1.263809574638416,-0.031893428522519085,-0.031893428522519085,0.011898166866730783,BANKNIFTY,2025-04-07 00:00:00+05:30
50388.55078125,50793.69921875,50030.80078125,50511.0,162300,0.0,0.0,50176.2376953125,49540.40609375,51035.44578125,50719.913223593234,50229.69548062514,490.217742968096,522.6710106011902,-32.45326763309424,52.56482035163364,52925.95308031601,50176.2376953125,47426.52231030899,10.96022942852246,778.7209148955169,46.578974243206055,55.96679569269198,190185.0,0.8533796040697216,0.013054494818549367,0.013054494818549367,0.012137615624599097,BANKNIFTY,2025-04-08 00:00:00+05:30
50487.1015625,50496.8984375,49910.8515625,50240.1484375,141800,0.0,0.0,50277.405078125,49577.853046875,51029.65626953125,50646.10325650197,50230.46977372698,415.6334827749888,501.26350503594995,-85.63002226096114,50.273985117016196,52876.0458100654,50277.405078125,47678.764346184595,10.337211031088138,765.9657379386942,37.261755030959755,39.890932116962446,191085.0,0.7420781327681398,-0.005362229266892338,-0.005362229266892338,0.01212340884598868,BANKNIFTY,2025-04-09 00:00:00+05:30
50634.1015625,51244.69921875,50634.1015625,51002.3515625,140000,0.0,0.0,50434.8251953125,49636.607109375,51025.75177734375,50700.91068819397,50287.64620252498,413.2644856689949,483.663701162559,-70.3992154935641,56.07536015659711,52797.93566693506,50434.8251953125,48071.71472368994,9.370947405770693,783.0075267466447,63.48133277433781,49.10735401616788,186965.0,0.7488032519455513,0.015171195721051633,0.015171195721051633,0.012234033033068097,BANKNIFTY,2025-04-11 00:00:00+05:30
52299.0,52486.3515625,51863.30078125,52379.5,203800,0.0,0.0,50650.9677734375,49706.860078125,51029.34203125,50959.155197702596,50442.598335671275,516.5568620313206,490.24233333631133,26.3145286950093,64.20184367211286,52892.08975264691,50650.9677734375,48409.84579422809,8.849276046349136,833.0784176933129,96.79066837023818,65.84458539184526,184990.0,1.1016811719552408,0.02700166551756733,0.02700166551756733,0.013338601279645727,BANKNIFTY,2025-04-15 00:00:00+05:30
52690.8984375,53164.44921875,52471.3515625,53117.75,200500,0.0,0.0,50903.8353515625,49785.89609375,51036.41103515625,51291.24670574835,50640.75771821414,650.4889875342124,522.2916641758916,128.19732335832077,67.65638500657806,53058.284861582484,50903.8353515625,48749.38584154251,8.464782644138639,829.6406177687905,98.83470446038677,86.36890186832092,187720.0,1.0680801193266567,0.014094254431600062,0.014094254431600062,0.013467118548004297,BANKNIFTY,2025-04-16 00:00:00+05:30
53153.75,54407.19921875,53084.8984375,54290.19921875,294900,0.0,0.0,51200.637890625,49885.46109375,51044.83203125,51752.62401544092,50911.086718253835,841.537297187082,586.1407907781297,255.3965064089523,72.23833651039553,53499.0279964817,51200.637890625,48902.247784768304,8.977974496202679,864.8306294460198,97.77153468882435,97.79896917314977,195900.0,1.5053598774885146,0.022072644619736348,0.022072644619736348,0.013992782669500792,BANKNIFTY,2025-04-17 00:00:00+05:30
54891.25,55461.6484375,54674.94921875,55304.5,300,0.0,0.0,51500.137890625,49999.807109375,51057.00203125,52299.06647460385,51236.52473912392,1062.5417354799356,681.4209797184909,381.1207557614447,75.47520277672476,54253.43222519269,51500.137890625,48746.84355605731,10.692376554078685,886.7319572534469,97.50743957724985,98.03789290882033,188585.0,0.0015907946019036508,0.01868294454332542,0.01868294454332542,0.013933282949378473,BANKNIFTY,2025-04-21 00:00:00+05:30
55414.30078125,55961.19921875,55243.55078125,55647.19921875,276900,0.0,0.0,51797.3677734375,50128.540078125,51071.1815234375,52814.1638198571,51563.241367244365,1250.9224526127364,795.3212742973401,455.6011783153963,76.47329663986363,54962.907765520344,51797.3677734375,48631.82778135466,12.222783234580428,874.6545629853435,95.3852371679465,96.88807047800691,195550.0,1.41600613653797,0.006196588320118712,0.006196588320118712,0.013925478410236405,BANKNIFTY,2025-04-22 00:00:00+05:30
56097.1015625,56098.69921875,55162.5,55370.05078125,245500,0.0,0.0,52062.727734375,50232.782109375,51086.32052734375,53207.37719853293,51845.2272497633,1362.1499487696274,908.6870091917976,453.46293957782973,73.85551804445944,55481.804113115664,52062.727734375,48643.65135563434,13.134449643840608,879.0506098256761,89.50338981524831,94.1320221868149,202040.0,1.2151059196198772,-0.0049804561845157025,-0.0049804561845157025,0.014123615538267248,BANKNIFTY,2025-04-23 00:00:00+05:30
55103.8984375,55550.44921875,55088.3984375,55201.3984375,233200,0.0,0.0,52293.1201171875,50329.9490625,51099.45376953125,53514.14969683556,52093.832522928984,1420.3171739065729,1011.0130421347528,409.30413177182004,72.23506738432081,55900.93320215222,52293.1201171875,48685.30703222278,13.798423490048812,849.2649077845564,87.07385340512118,90.6541601294387,202425.0,1.1520316166481412,-0.0030459127519368856,-0.0030459127519368856,0.01417575030108049,BANKNIFTY,2025-04-24 00:00:00+05:30
55233.55078125,55350.55078125,54176.44921875,54664.05078125,210800,0.0,0.0,52441.0751953125,50415.588046875,51111.933515625,53691.057555976244,52284.2190605824,1406.838495393844,1090.178132786571,316.6603626072729,67.17768752536563,56180.570599384475,52441.0751953125,48701.579791240525,14.261703789041432,872.4675259785166,79.33304372096373,85.30342898044442,203945.0,1.0336120032361666,-0.00973431238084288,-0.00973431238084288,0.013884906337499852,BANKNIFTY,2025-04-25 00:00:00+05:30
54610.30078125,55577.3984375,54582.3515625,55432.80078125,178600,0.0,0.0,52632.3177734375,50521.06703125,51123.65126953125,53959.01805217221,52517.447336187404,1441.5707159848025,1160.4566494262174,281.11406655858514,70.37344026099956,56567.89849298447,52632.3177734375,48696.73705389053,14.954996800589992,881.2231937657654,90.40734054813268,85.60474589140587,203615.0,0.8771455933993075,0.014063172944799085,0.014063172944799085,0.014054067499768026,BANKNIFTY,2025-04-28 00:00:00+05:30
55524.3515625,55957.75,55262.3984375,55391.25,193900,0.0,0.0,52841.4302734375,50629.27203125,51135.0890234375,54179.3614287611,52730.32160758093,1449.0398211801657,1218.173283777007,230.86653740315865,69.9768544621469,56894.95443874863,52841.4302734375,48787.90610812637,15.342219710312301,867.9466486753536,89.80877705549753,86.51638710819799,205665.0,0.9427953224904578,-0.0007495703024995581,-0.0007495703024995581,0.013840966092143274,BANKNIFTY,2025-04-29 00:00:00+05:30
55382.3984375,55478.25,54723.69921875,55087.1484375,193500,0.0,0.0,53016.9951171875,50742.94703125,51147.2230078125,54319.020968567085,52904.90137276013,1414.1195958069584,1257.3625461829974,156.75704962396094,67.00085490967419,57139.62512982287,53016.9951171875,48894.36510455213,15.55210740828598,859.8469438592568,83.65262305337642,87.95624688566888,194550.0,0.9946029298380878,-0.005490064992214494,-0.005490064992214494,0.013978428707865639,BANKNIFTY,2025-04-30 00:00:00+05:30
55100.94921875,55691.94921875,54994.3984375,55115.3515625,154200,0.0,0.0,53194.5201171875,50855.665078125,51160.67076171875,54441.53336763369,53068.63842385197,1372.894943781721,1280.4690257027423,92.42591807897861,67.14042861347856,57357.318874299686,53194.5201171875,49031.72136007532,15.651231547691532,848.2543608157384,84.10840552519461,85.85660187802286,193700.0,0.7960764068146619,0.0005119728611837626,0.0005119728611837626,0.013969522910112372,BANKNIFTY,2025-05-02 00:00:00+05:30
55065.80078125,55345.5,54786.5,54919.5,139400,0.0,0.0,53399.1201171875,50966.858046875,51172.4242578125,54515.06669569004,53205.73928134442,1309.327414345622,1286.2407034313183,23.086710914303694,65.08181397994404,57477.845791267864,53399.1201171875,49320.394443107136,15.276377832179113,827.5933350431858,78.4211154612395,82.06071467993685,191855.0,0.7265903937869745,-0.003553484772348847,-0.003553484772348847,0.013448755687871131,BANKNIFTY,2025-05-05 00:00:00+05:30
54918.25,55036.94921875,54172.94921875,54271.3984375,198700,0.0,0.0,53545.2875,51070.29703125,51182.83474609375,54477.57927135311,53284.6769966152,1192.902274737913,1267.5730176926372,-74.67074295472412,58.67097375040147,57527.91732445797,53545.2875,49562.657675542025,14.875743544968262,830.1938111115296,56.85646089229356,73.12866062624256,194295.0,1.0226717105432461,-0.011800937053323524,-0.011800937053323524,0.013805780315887986,BANKNIFTY,2025-05-06 00:00:00+05:30
54013.3984375,54684.30078125,53919.8984375,54610.8984375,268900,0.0,0.0,53695.96484375,51177.33703125,51194.53599609375,54498.08991229879,53382.91562186593,1115.174290432864,1237.0932722406826,-121.91898180781868,60.846703884489244,57599.64773580041,53695.96484375,49792.28195169959,14.539948777937958,825.4944205857062,58.9837831318295,64.75378649512086,193180.0,1.3919660420333368,0.006255597050644823,0.006255597050644823,0.013819960890235732,BANKNIFTY,2025-05-07 00:00:00+05:30
54801.75,54937.25,54108.0,54365.6484375,302200,0.0,0.0,53839.1123046875,51282.903984375,51204.96974609375,54477.71430079128,53455.71064524623,1022.0036555450497,1194.075348901556,-172.07169335650633,58.45278737242,57618.58154549128,53839.1123046875,50059.64306388372,14.039864622636882,825.7626762581557,42.49617320322008,52.77880574244772,198810.0,1.520044263367034,-0.004490861842909921,-0.004490861842909921,0.013880822388688025,BANKNIFTY,2025-05-08 00:00:00+05:30
53595.94921875,54054.80078125,53483.05078125,53595.25,179300,0.0,0.0,54025.8697265625,51363.406953125,51210.66650390625,54341.95056220801,53466.04689374651,875.9036684614985,1130.4410128135446,-254.53734435204615,51.58681964144504,57341.02626451379,54025.8697265625,50710.71318861121,12.272478183988778,829.8223176861446,4.289537429473452,35.25649792150768,195935.0,0.9150993952075943,-0.014170684239803832,-0.014170684239803832,0.01198579626713457,BANKNIFTY,2025-05-09 00:00:00+05:30
54658.75,55466.30078125,54558.05078125,55382.8515625,199600,0.0,0.0,54269.4623046875,51484.37296875,51225.5967578125,54502.08917763755,53608.03242476529,894.0567528722604,1083.1641608252878,-189.1074079530274,62.572507986919845,57210.606911183866,54269.4623046875,51328.31769819113,10.8390408955363,904.1957793692771,72.6321150049432,39.80594187921225,197800.0,1.0091001011122345,0.03335373120752316,0.03335373120752316,0.0135749718363407,BANKNIFTY,2025-05-12 00:00:00+05:30
55233.5,55499.6484375,54888.5,54940.8515625,190000,0.0,0.0,54504.4974609375,51603.566015625,51237.19751953125,54569.591083001,53706.7597683012,862.8313146998044,1039.0975916001912,-176.26627690038686,59.00713928039344,56800.677801561505,54504.4974609375,52208.31712031349,8.425654570137603,883.2638263786146,55.733819589430205,44.21849067461563,200210.0,0.9490035462764098,-0.00798080971871229,-0.00798080971871229,0.013689288145593895,BANKNIFTY,2025-05-13 00:00:00+05:30
55008.55078125,55208.6015625,54491.0,54801.30078125,145200,0.0,0.0,54694.444921875,51726.553046875,51249.876015625,54605.238728885466,53787.836880371484,817.4018485139823,994.7584429829494,-177.35659446896716,57.88567188786958,56335.401127385376,54694.444921875,53053.48871636463,6.000449251671901,871.4308075301421,53.26909993796595,60.545011510779794,200470.0,0.7242978999351524,-0.0025400185341366566,-0.0025400185341366566,0.01353947457719563,BANKNIFTY,2025-05-14 00:00:00+05:30
54853.69921875,55490.55078125,54442.30078125,55355.6015625,138400,0.0,0.0,54843.25,51861.498046875,51265.25203125,54720.67916482616,53903.96759756619,816.7115672599684,959.1490678383533,-142.43750057838486,61.05206228161872,56115.96249138421,54843.25,53570.53750861579,4.641273051411842,884.0607498494177,75.66781316542573,61.5569108976073,197200.0,0.7018255578093306,0.010114737667680451,0.010114737667680451,0.012495132978567136,BANKNIFTY,2025-05-15 00:00:00+05:30
55276.0,55418.8984375,55170.25,55354.8984375,136000,0.0,0.0,54955.107421875,51993.72,51283.13501953125,54818.25136062213,54011.4439560798,806.8074045423346,928.6807351791496,-121.87333063681501,61.04579236088301,55968.337666750565,54955.107421875,53941.877176999435,3.6874834475248317,838.6741561101735,75.63940062160331,68.19210457499834,193975.0,0.7011212785152726,-1.270196656077971e-05,-1.270196656077971e-05,0.012221594357428762,BANKNIFTY,2025-05-16 00:00:00+05:30
55326.05078125,55695.55078125,55296.55078125,55420.69921875,138100,0.0,0.0,55011.632421875,52135.24,51303.653515625,54910.93564648795,54115.833234796104,795.1024116918488,901.9650704816895,-106.86265878984068,61.44484242774158,55995.90361782533,55011.632421875,54027.36122592467,3.5784111563973138,807.2688592451611,78.29834118098317,76.53518498933742,186135.0,0.741934617347624,0.0011887074695708932,0.0011887074695708932,0.011284740855320198,BANKNIFTY,2025-05-19 00:00:00+05:30
55445.30078125,55568.3515625,54829.44921875,54877.3515625,143400,0.0,0.0,54990.275,52270.501015625,51323.5965234375,54905.76886433596,54172.24199981121,733.5268645247488,868.2774292903014,-134.75056476555255,56.31473467901186,55966.705855450826,54990.275,54013.84414454918,3.5512855880456105,802.3855367097924,63.019244350282484,72.31899538428966,193290.0,0.7418904237156604,-0.009804056316672582,-0.009804056316672582,0.010731669059227211,BANKNIFTY,2025-05-20 00:00:00+05:30
55060.19921875,55336.8515625,54690.80078125,55075.1015625,119500,0.0,0.0,54961.6701171875,52407.0990625,51342.49228515625,54931.82004866889,54239.120485936306,692.6995627325814,833.1618559787573,-140.46229324617593,57.69898680493116,55891.870892019804,54961.6701171875,54031.4693423552,3.384907237531018,791.2187684626643,71.95709745762711,71.09156099629762,185420.0,0.6444827958149068,0.0036034902262873647,0.0036034902262873647,0.010664075183499992,BANKNIFTY,2025-05-21 00:00:00+05:30
54875.8984375,54996.1015625,54576.6015625,54941.30078125,148200,0.0,0.0,54940.2326171875,52536.12609375,51360.1675390625,54933.278622912134,54291.13384114473,642.1447817674052,794.958441136487,-152.81365936908173,56.396834482408146,55851.36556274862,54940.2326171875,54029.09967162638,3.3168150266479963,770.3102850010455,65.909604519774,66.96198210922789,180555.0,0.8208025255462325,-0.00242942414002012,-0.00242942414002012,0.010622374955307391,BANKNIFTY,2025-05-22 00:00:00+05:30
54959.30078125,55441.30078125,54854.5,55398.25,88900,0.0,0.0,54950.0751953125,52671.537109375,51379.66228515625,55004.81268092566,54373.142445504374,631.670235421283,762.3007999934462,-130.63056457216317,59.73860337628789,55876.40678095669,54950.0751953125,54023.74360966831,3.371538919106745,757.2024633045422,86.56267655367232,74.80979284369117,173340.0,0.5128648898119303,0.008317044049782396,0.008317044049782396,0.010772597083257188,BANKNIFTY,2025-05-23 00:00:00+05:30
55534.8984375,55875.75,55307.5,55572.0,90800,0.0,0.0,54995.47265625,52813.027109375,51399.75529296875,55092.07226847555,54461.94670880035,630.1255596752017,735.8657519297974,-105.74019225459574,60.96369522506393,55949.85339168684,54995.47265625,54041.09192081316,3.4707610984715442,743.7058587827893,87.30513231167076,79.92580446170571,167340.0,0.5426078642285168,0.0031363806618440737,0.0031363806618440737,0.010527504281903688,BANKNIFTY,2025-05-26 00:00:00+05:30
55458.94921875,55831.3515625,55037.8515625,55352.80078125,145400,0.0,0.0,54991.47265625,52955.747109375,51418.699296875,55132.18434736393,54527.935899352175,604.2484480117564,709.5422911461892,-105.29384313443279,58.54346270238574,55939.13508991135,54991.47265625,54043.81022258865,3.4465795800202037,747.2625831554471,78.14396332593779,84.00392406376031,165680.0,0.8775953645581844,-0.003944418389656645,-0.003944418389656645,0.010101755490351397,BANKNIFTY,2025-05-27 00:00:00+05:30
55328.6015625,55521.80078125,55235.55078125,55417.0,128300,0.0,0.0,54992.76015625,53107.008125,51439.0335546875,55176.002140077166,54593.792499400166,582.2096406769997,684.0757610523514,-101.86612037535167,59.0561469149382,55942.65898069847,54992.76015625,54042.86133180153,3.454632288866899,714.3331129300581,80.82709283285254,82.09206282348704,162400.0,0.7900246305418719,0.0011598187958674622,0.0011598187958674622,0.010103562497399406,BANKNIFTY,2025-05-28 00:00:00+05:30
55571.3984375,55782.75,55096.44921875,55546.05078125,185700,0.0,0.0,55015.7052734375,53256.796171875,51466.30330078125,55232.9327002576,54664.33014990756,568.6025503500423,660.9811189118896,-92.37856856184726,60.12369490734573,55995.32057379408,55015.7052734375,54036.089973080925,3.5612205477971113,712.3308035243397,76.99958851437339,78.65688155772126,162010.0,1.1462255416332325,0.0023287218949059607,0.0023287218949059607,0.010028038531297863,BANKNIFTY,2025-05-29 00:00:00+05:30
55615.55078125,55813.30078125,55356.6015625,55749.69921875,281100,0.0,0.0,55047.42265625,53410.5821875,51496.31029296875,55312.435241564126,54744.72785871071,567.7073828534194,642.3263717001956,-74.61898884677623,61.81565147653365,56077.6584122637,55047.42265625,54017.186900236295,3.743084439927838,694.0714046118868,91.20647040709827,83.01105058477475,168355.0,1.6696860800095037,0.0036662991272233825,0.0036662991272233825,0.010053635742091267,BANKNIFTY,2025-05-30 00:00:00+05:30
55598.25,55966.30078125,55400.55078125,55903.3984375,211300,0.0,0.0,55096.617578125,53561.5671875,51525.23228515625,55403.35265632349,54830.555308991396,572.7973473320963,628.4205668265759,-55.6232194944796,63.08859784088569,56189.76496893599,55096.617578125,54003.47018731401,3.968110707561849,684.9055899967519,95.87254962270342,88.02620284805839,171950.0,1.2288455946496075,0.00275695153344091,0.00275695153344091,0.01001471432654442,BANKNIFTY,2025-06-02 00:00:00+05:30
56104.80078125,56161.3984375,55455.80078125,55599.94921875,212800,0.0,0.0,55163.0451171875,53687.276171875,51552.44853515625,55433.59828131219,54887.547450455,546.050830857188,611.9466196326982,-65.89578877551025,58.91285418011465,56207.93361283351,55163.0451171875,54118.15662154149,3.788364088408336,686.3835947291267,67.34046976861498,84.80649659947224,172655.0,1.2325157105209812,-0.005428099672495912,-0.005428099672495912,0.009684075444747106,BANKNIFTY,2025-06-03 00:00:00+05:30
55650.3515625,55791.0,55408.3515625,55676.8515625,151500,0.0,0.0,55216.3427734375,53806.761171875,51578.41029296875,55471.021863033384,54946.0144217176,525.0074413157854,594.5587839693156,-69.55134265353024,59.64189518325485,56251.84054222185,55216.3427734375,54180.84500465315,3.7506930621362637,664.6882263556175,69.42530095536691,77.54610678222845,166785.0,0.9083550679017898,0.0013831369422199202,0.0013831369422199202,0.009612653076892737,BANKNIFTY,2025-06-04 00:00:00+05:30
55806.75,56010.1484375,55580.44921875,55760.8515625,141300,0.0,0.0,55286.1029296875,53920.721171875,51604.3248046875,55515.61104756671,55006.37272844222,509.23831912448804,577.4946910003501,-68.2563718758621,60.46703912898125,56269.64322128277,55286.1029296875,54302.562638092226,3.558001882846157,647.9032972409306,74.72566476382029,70.49714516260075,158740.0,0.8901348116416782,0.0015087059997582752,0.0015087059997582752,0.009525156729728082,BANKNIFTY,2025-06-05 00:00:00+05:30
55699.44921875,56695.0,55534.75,56578.3984375,347000,0.0,0.0,55435.2603515625,54040.418125,51638.0575390625,55679.11679986414,55122.819077261316,556.2977226028233,573.2552973208448,-16.95757471802142,67.4437587732747,56235.61562837755,55435.2603515625,54634.905074747454,2.8875314077693828,684.4994902951497,94.49576810311446,79.54891127410058,167125.0,2.0762902019446523,0.014661664090327653,0.014661664090327653,0.009236290201796848,BANKNIFTY,2025-06-06 00:00:00+05:30
57049.5,57049.5,56792.69921875,56839.6015625,207500,0.0,0.0,55508.0978515625,54143.111171875,51673.61904296875,55857.65291719273,55249.98815024196,607.6647669507729,580.1371912468304,27.52757570394249,69.30745537703487,56514.69254388608,55508.0978515625,54501.50315923893,3.626839078562446,669.2567811669247,91.51204779310716,86.91116022001398,167520.0,1.238658070678128,0.004616658163071552,0.004616658163071552,0.005833621725562548,BANKNIFTY,2025-06-09 00:00:00+05:30
56993.8984375,57015.3984375,56564.1484375,56629.1015625,146000,0.0,0.0,55592.5103515625,54243.53421875,51704.18005859375,55976.337324163076,55352.144699298115,624.1926248649615,588.9482779704566,35.24434689450493,66.02709497383701,56674.9645942375,55592.5103515625,54510.056108887504,3.89424487518065,653.6848682264301,82.99976937487955,89.66919509036707,165320.0,0.883135736752964,-0.0037034038630361366,-0.0037034038630361366,0.00554620782144481,BANKNIFTY,2025-06-10 00:00:00+05:30
56639.8515625,56782.5,56399.3984375,56459.75,135300,0.0,0.0,55675.4328125,54348.54921875,51734.63705078125,56050.70850506106,55434.18953638714,616.518968673925,594.4624161111503,22.05655256277464,63.4261466395703,56756.83054419126,55675.4328125,54594.035080808746,3.884649573657077,634.3574892459709,73.13211845102505,82.54797853967061,164825.0,0.8208706203549219,-0.0029905394545787223,-0.0029905394545787223,0.005564488854844951,BANKNIFTY,2025-06-11 00:00:00+05:30
56480.8984375,56611.05078125,55968.5,56082.55078125,135300,0.0,0.0,55711.7802734375,54438.683203125,51761.0340625,56055.607316782436,55482.21629526587,573.391021516567,590.2481371922337,-16.857115675666705,57.950528004819056,56796.5968961167,55711.7802734375,54626.9636507583,3.8943886458298134,634.9427243891158,51.932494727971076,69.35479418462523,164670.0,0.8216432865731463,-0.006680851735085591,-0.006680851735085591,0.005463433565171261,BANKNIFTY,2025-06-12 00:00:00+05:30
55149.30078125,55688.0,55149.30078125,55527.3515625,142000,0.0,0.0,55720.4029296875,54517.933203125,51785.24306640625,55974.337200738984,55485.55964839432,488.7775523446617,569.9540202227194,-81.17646787805768,50.97489038419947,56796.4417602866,55720.4029296875,54644.3640990884,3.8622794309543407,656.2503869327504,24.333277667957326,49.799296948984505,164970.0,0.8607625628902225,-0.009899678438585191,-0.009899678438585191,0.005953469813834204,BANKNIFTY,2025-06-13 00:00:00+05:30
55554.1015625,55999.8515625,55381.44921875,55944.8984375,107700,0.0,0.0,55746.612890625,54620.281171875,51810.0390625,55969.80816024068,55519.584743883635,450.2234163570465,546.0078994495848,-95.78448309253827,55.3298579251522,56817.69967538306,55746.612890625,54675.52610586694,3.842697266144347,653.5469552768398,43.44225080553061,39.902674400486355,163450.0,0.6589171000305903,0.007519661270536604,0.007519661270536604,0.006174557889791364,BANKNIFTY,2025-06-16 00:00:00+05:30
55975.0,56067.30078125,55643.94921875,55714.1484375,106300,0.0,0.0,55788.452734375,54707.603125,51833.94255859375,55930.47589520366,55533.996869336705,396.4790258669527,516.1021247330584,-119.62309886610569,52.55159461825642,56783.09455292673,55788.452734375,54793.81091582328,3.5657623389825956,637.1044272213512,31.62740184126997,33.13431010491932,161595.0,0.6578173829635818,-0.004124594135384574,-0.004124594135384574,0.0057952097592490134,BANKNIFTY,2025-06-17 00:00:00+05:30
55544.94921875,55933.6015625,55511.80078125,55828.75,116400,0.0,0.0,55826.13515625,54792.23109375,51857.34580078125,55914.825757480015,55555.83043457102,358.99532290899515,484.6807643682458,-125.68544145925063,53.792558893788396,56765.38128085138,55826.13515625,54886.889031648614,3.364897541169771,621.7255953662547,35.756736033022854,36.942129559941165,161440.0,0.7210109018830525,0.0020569561900163347,0.0020569561900163347,0.005765695119606596,BANKNIFTY,2025-06-18 00:00:00+05:30
55784.8515625,55942.44921875,55475.44921875,55577.44921875,131300,0.0,0.0,55857.942578125,54873.72609375,51878.839296875,55862.921674598474,55557.43182599169,305.4898486067832,448.8425812159533,-143.35273260917012,50.66345186992631,56714.633303590796,55857.942578125,55001.25185265921,3.0673909060205466,610.6737671258079,22.53176578936008,29.97196788788432,160595.0,0.8175846072418195,-0.004501279022904869,-0.004501279022904869,0.005842892673630691,BANKNIFTY,2025-06-19 00:00:00+05:30
55566.69921875,56328.19921875,55566.3984375,56252.8515625,161500,0.0,0.0,55900.67265625,55001.58109375,51904.384296875,55922.91088812178,55608.94439906638,313.96648905540496,421.8673627838437,-107.90087372843874,57.772997912744266,56746.57024384806,55900.67265625,55054.775068651936,3.0264308009305694,621.4685538489646,58.07553073176949,38.78801085138416,164225.0,0.9834069112498097,0.012152453076636371,0.012152453076636371,0.006163906335336728,BANKNIFTY,2025-06-20 00:00:00+05:30
55832.3515625,56233.55078125,55779.25,56059.3515625,86800,0.0,0.0,55925.040234375,55112.548125,51928.9173046875,55943.90176110305,55642.307892654055,301.59386844899564,397.8126639168741,-96.21879546787846,55.31371209707498,56759.66486216523,55925.040234375,55090.41560658478,2.9847975943956944,610.9066258954671,47.892387928074974,42.83322814973487,164025.0,0.5291876238378296,-0.0034398256199512645,-0.0034398256199512645,0.006207051083576576,BANKNIFTY,2025-06-23 00:00:00+05:30
56529.44921875,56862.0,56276.1484375,56461.8984375,132900,0.0,0.0,55980.4951171875,55236.983125,51954.471796875,56023.59355747181,55703.01830338338,320.57525408842776,382.3651819511848,-61.789927862757054,59.20432806542155,56802.96033889172,55980.4951171875,55158.02989548328,2.9383992406015644,624.6024695815051,69.076844327589,58.3482543291445,163400.0,0.8133414932680538,0.007180726565329643,0.007180726565329643,0.00628999248374775,BANKNIFTY,2025-06-24 00:00:00+05:30
56564.5,56681.3984375,56420.6484375,56621.1484375,98700,0.0,0.0,56040.7025390625,55349.3590625,51980.37978515625,56115.525077476144,55771.02794294758,344.4971345285667,374.79157246666125,-30.294437938094575,60.66343844119094,56865.64574454049,56040.7025390625,55215.75933358451,2.9440858808041286,598.6130074685404,77.4575445419991,64.80892559922104,161920.0,0.6095602766798419,0.0028204861049134777,0.0028204861049134777,0.006303005663152904,BANKNIFTY,2025-06-25 00:00:00+05:30
56693.55078125,57263.44921875,56558.3515625,57206.69921875,176500,0.0,0.0,56123.7349609375,55445.903046875,52007.9677734375,56283.3980222875,55877.37396337739,406.02405891011585,381.0380697553522,24.985989154763672,65.54339884401,57059.64485993509,56123.7349609375,55187.82506193991,3.335166127660569,606.2190538100733,97.3157040918514,81.28336432047985,161460.0,1.0931500061934845,0.01034155606886622,0.01034155606886622,0.006631697736037379,BANKNIFTY,2025-06-26 00:00:00+05:30
57234.69921875,57475.3984375,56993.8515625,57443.8984375,238000,0.0,0.0,56208.444921875,55532.426015625,52038.186015625,56461.93654770481,55993.412813312396,468.5237343924164,398.53520268276503,69.98853170965134,67.31243166263266,57289.0975037887,56208.444921875,55127.79233996131,3.8451609305886723,597.3138981807824,98.6458006216823,91.13968308517762,159305.0,1.4939895169643138,0.004146353870951192,0.004146353870951192,0.006640833183402281,BANKNIFTY,2025-06-27 00:00:00+05:30
57529.94921875,57614.5,57193.80078125,57312.75,183000,0.0,0.0,56278.9125,55592.87703125,52067.38451171875,56592.830924981,56091.14149380777,501.6894311732249,419.16604838085703,82.52338279236784,65.31571835871222,57450.76340950947,56278.9125,55107.06159049053,4.1644404891777915,584.6985639357265,87.75960994531692,94.57370488628356,157890.0,1.1590347710431312,-0.0022830699354901007,-0.0022830699354901007,0.006686845964527377,BANKNIFTY,2025-06-30 00:00:00+05:30
57375.80078125,57533.8515625,57150.3515625,57459.44921875,283300,0.0,0.0,56371.8875,55635.976015625,52101.7975,56726.156816330076,56192.49762158127,533.659194748805,442.06467765444665,91.59451709435837,66.51233399889651,57606.874266335755,56371.8875,55136.90073366424,4.3815696834198015,570.3272379403174,93.71041577205189,93.37194211301706,161415.0,1.7551033051451228,0.0025596262393621227,0.0025596262393621227,0.0065019146491297015,BANKNIFTY,2025-07-01 00:00:00+05:30
57558.19921875,57628.3984375,56833.80078125,56999.19921875,169600,0.0,0.0,56438.0048828125,55663.016015625,52131.2044921875,56768.16333977929,56252.25329544562,515.910044333672,456.8337509902918,59.0762933433802,59.56864341390843,57658.57658795623,56438.0048828125,55217.43317766877,4.325353837996642,586.3465535338662,74.61982922843966,85.36328498193616,162320.0,1.0448496796451454,-0.00800999672391245,-0.00800999672391245,0.006853200541787131,BANKNIFTY,2025-07-02 00:00:00+05:30
57050.3984375,57193.25,56764.1015625,56791.94921875,149900,0.0,0.0,56489.559765625,55691.453984375,52158.802734375,56771.822705774786,56292.230771245944,479.5919345288421,461.38538769800186,18.20654683084024,56.69823850518369,57678.051102731275,56489.559765625,55301.06842851873,4.207826515332457,575.1181166743044,62.77400433573995,77.03474977874386,162750.0,0.9210445468509985,-0.0036360159939198278,-0.0036360159939198278,0.006936911011757002,BANKNIFTY,2025-07-03 00:00:00+05:30
56825.25,57075.1015625,56623.6015625,57031.8984375,93900,0.0,0.0,56512.234765625,55728.063984375,52188.9122265625,56811.834356809435,56347.02096874625,464.8133880631867,462.07098777103886,2.742400292147863,59.15239118020376,57723.72261985829,56512.234765625,55300.74691139171,4.287524141480975,566.2882511975683,72.29381934301603,69.89588430239856,150095.0,0.6256037842699623,0.004225056932379179,0.004225056932379179,0.006204165250650654,BANKNIFTY,2025-07-04 00:00:00+05:30
56938.69921875,57152.19921875,56838.55078125,56949.19921875,103300,0.0,0.0,56517.7146484375,55773.766953125,52214.79623046875,56832.9674124926,56391.62676504283,441.34064744977513,457.9249197067861,-16.58427225701098,57.93369900672605,57736.04813612137,56517.7146484375,55299.381160753626,4.311333164344617,548.2425502191707,68.45261314875125,67.8401456091691,144885.0,0.7129792594126376,-0.001450052006258029,-0.001450052006258029,0.006135987051787482,BANKNIFTY,2025-07-07 00:00:00+05:30
56942.55078125,57303.30078125,56923.05078125,57256.30078125,105500,0.0,0.0,56549.074609375,55810.236953125,52241.38748046875,56898.09562307066,56455.67669216929,442.4189309013673,454.82372194570235,-12.40479104433507,61.13581176080311,57808.84569366121,56549.074609375,55289.303525088784,4.45549672735887,536.2430823463727,82.7168400903557,74.48775752737434,142860.0,0.7384852302953941,0.005392552778843873,0.005392552778843873,0.00617510657916451,BANKNIFTY,2025-07-08 00:00:00+05:30
57199.75,57290.6484375,57037.8984375,57213.55078125,91100,0.0,0.0,56586.7646484375,55846.68296875,52266.6894921875,56946.62718586748,56511.815513582675,434.81167228480626,450.8213120135232,-16.009639728716934,60.44603447935998,57878.2951235156,56586.7646484375,55295.2341733594,4.564779354685237,515.9935764644889,79.88129698108632,77.01691674006445,140650.0,0.6477070742979026,-0.0007466427173373757,-0.0007466427173373757,0.0061272292672393015,BANKNIFTY,2025-07-09 00:00:00+05:30
57339.75,57363.69921875,56886.6015625,56956.0,102000,0.0,0.0,56630.437109375,55884.06,52290.52625,56948.06915727248,56544.718068132104,403.35108914037846,441.3272674388943,-37.97617829851583,56.32305792792049,57909.8285494253,56630.437109375,55351.0456693247,4.518388009540892,513.2152964491682,63.63740066162212,75.4118459110214,138985.0,0.733892146634529,-0.004501569606031208,-0.004501569606031208,0.00600762580601612,BANKNIFTY,2025-07-10 00:00:00+05:30
56843.44921875,57091.05078125,56607.75,56754.69921875,95500,0.0,0.0,56691.8044921875,55916.846953125,52310.54775390625,56918.31993596133,56560.27222743713,358.0477085241946,424.6713556559544,-66.62364713175981,53.26495640934313,57867.17988064913,56691.8044921875,55516.429103725866,4.146544280923728,511.0785453635134,35.38922397855426,59.635973873754246,136660.0,0.6988145763207961,-0.0035343209012219656,-0.0035343209012219656,0.005563710917138559,BANKNIFTY,2025-07-11 00:00:00+05:30
56780.75,56896.30078125,56594.25,56765.3515625,123000,0.0,0.0,56732.8271484375,55953.763984375,52329.18650390625,56894.7863400442,56575.46328929364,319.32305075055774,403.6016946748751,-84.27864392431735,53.40911847477126,57857.23097887506,56732.8271484375,55608.42331799994,3.9638561550815465,496.1479907839767,28.54093355412958,42.522519398102006,137425.0,0.8950336547207568,0.00018769095593196283,0.00018769095593196283,0.0053567384746383735,BANKNIFTY,2025-07-14 00:00:00+05:30
56709.19921875,57134.94921875,56707.80078125,57006.6484375,124600,0.0,0.0,56797.4521484375,56008.468984375,52345.25375,56911.99589349894,56607.40292990152,304.5929635974244,383.79994845938495,-79.20698486196056,56.66967335838121,57824.60002866117,56797.4521484375,55770.30426821383,3.6168801288454415,491.21945126369263,41.895068849203454,35.27507546062912,138340.0,0.9006794853260084,0.0042507774259854525,0.0042507774259854525,0.005283151002199357,BANKNIFTY,2025-07-15 00:00:00+05:30
57111.25,57276.55078125,56937.6015625,57168.94921875,161300,0.0,0.0,56864.462109375,56059.63,52360.5694921875,56951.5271743068,56648.9989512977,302.5282230091034,367.54560336932866,-65.01738036022527,58.760223032604905,57800.943114287154,56864.462109375,55927.98110446285,3.293730284868932,480.34300608414316,55.57221747965944,42.00273996099751,140585.0,1.147348579151403,0.0028470500493980033,0.0028470500493980033,0.005293150962066598,BANKNIFTY,2025-07-16 00:00:00+05:30
57231.94921875,57262.8515625,56780.1484375,56828.80078125,129800,0.0,0.0,56927.0296875,56108.893046875,52374.87048828125,56932.6461907596,56662.31760536824,270.32858539136214,348.1021997737354,-77.77361438237324,52.98997122731177,57655.254773012246,56927.0296875,56198.80460198775,2.5584510188212075,480.51158600670436,22.680572028616538,40.04928611915983,140510.0,0.9237776670699595,-0.00594988087324233,-0.00594988087324233,0.005384397597647865,BANKNIFTY,2025-07-17 00:00:00+05:30
56524.25,56705.1484375,56204.8515625,56283.0,141200,0.0,0.0,56928.537109375,56162.648046875,52385.77724609375,56832.70062295043,56634.22000497059,198.48061797983974,318.1778834149563,-119.69726543511655,45.30249467710438,57651.27793755413,56928.537109375,56205.79628119587,2.539116108993103,490.757131202654,5.489698925439319,27.914162811238455,139495.0,1.0122226603104054,-0.009604298766587416,-0.009604298766587416,0.0052355241270410306,BANKNIFTY,2025-07-18 00:00:00+05:30
56558.8984375,56983.44921875,56255.69921875,56952.75,133700,0.0,0.0,56973.20703125,56194.046015625,52398.66423828125,56851.169757881136,56657.81481941721,193.35493846392637,293.2132944247503,-99.85835596082393,54.101810876039956,57576.02810492857,56973.20703125,56370.38595757143,2.116156365738443,507.68519325960733,52.537675480478995,26.902648811511636,141840.0,0.9426113931190073,0.011899685517829495,0.011899685517829495,0.005792859906646244,BANKNIFTY,2025-07-21 00:00:00+05:30
57253.3515625,57286.1484375,56692.0,56756.0,132800,0.0,0.0,56987.912109375,56230.348984375,52413.272734375,56836.52825666865,56665.08779575668,171.4404609119738,268.858727722195,-97.41826681022121,51.4816924412808,57553.311767012594,56987.912109375,56422.512451737406,1.9842792504924243,513.8611392767782,47.56004247214872,35.19580562602237,141835.0,0.9362992209257236,-0.003454618082533334,-0.003454618082533334,0.005663661663647381,BANKNIFTY,2025-07-22 00:00:00+05:30
56918.1484375,57249.0,56715.80078125,57210.44921875,129800,0.0,0.0,57017.3771484375,56278.531953125,52434.43447265625,56894.05455852732,56705.48493820062,188.5696203266998,252.80090624309597,-64.23128591639616,56.69809851600583,57564.37390670691,57017.3771484375,56470.380390168095,1.9187019313265548,515.2424306677226,86.77565604301148,62.29112466521309,143390.0,0.9052235162842597,0.008007069186517723,0.008007069186517723,0.005900153323065511,BANKNIFTY,2025-07-23 00:00:00+05:30
57316.6015625,57316.6015625,56850.8984375,57066.05078125,179800,0.0,0.0,57010.3447265625,56312.7409375,52455.15171875,56920.51551586927,56732.19351916724,188.32199670203408,239.9051243348836,-51.58312763284951,54.68620339112097,57551.004406002605,57010.3447265625,56469.685047122395,1.8967072801726048,511.70390883431384,74.31513660189103,69.55027837235043,143555.0,1.2524816272508794,-0.002523987129481875,-0.002523987129481875,0.0054595177181475255,BANKNIFTY,2025-07-24 00:00:00+05:30
57170.69921875,57170.69921875,56439.3984375,56528.8984375,125100,0.0,0.0,56964.5947265625,56336.2209375,52478.57021484375,56860.26673458169,56717.13462422892,143.13211035276618,220.55052153846015,-77.41841118569397,47.8799214136369,57505.61688948113,56964.5947265625,56423.57256364387,1.8995032458866925,527.3893997211486,27.962853723897325,63.017882122933294,137910.0,0.9071133347835545,-0.009412817890781522,-0.009412817890781522,0.005738066273205594,BANKNIFTY,2025-07-25 00:00:00+05:30
56215.1015625,56578.3984375,55997.44921875,56084.8984375,145700,0.0,0.0,56903.2021484375,56349.504921875,52501.684453125,56740.979304261426,56670.30231410086,70.67699016056577,190.5758152628813,-119.89882510231553,43.104368816761976,57542.07575055877,56903.2021484375,56264.32854631623,2.245475045339995,531.2151010803523,6.400674748398902,36.22622169139577,136045.0,1.0709691646146495,-0.007854389741751233,-0.007854389741751233,0.0059459925733590996,BANKNIFTY,2025-07-28 00:00:00+05:30
55881.80078125,56296.3984375,55843.25,56222.0,145100,0.0,0.0,56841.3296875,56376.397890625,52530.3999609375,56661.13633437505,56637.09473527857,24.041599096475693,157.26897202960018,-133.22737293312449,44.93088049758276,57492.30724975424,56841.3296875,56190.352125245765,2.2905078605062728,525.6389108246128,24.91040117152877,19.757976547941684,129135.0,1.1236303093661673,0.002444536164272204,0.002444536164272204,0.005942354167004034,BANKNIFTY,2025-07-29 00:00:00+05:30
56310.1015625,56321.1484375,56064.55078125,56150.69921875,139700,0.0,0.0,56798.9046875,56397.90984375,52556.04845703125,56582.60754735581,56601.065437757934,-18.457890402125486,122.12359954325504,-140.58148994538053,44.1373091939881,57510.931228544796,56798.9046875,56086.8781464552,2.5071840556161162,506.42167835499765,20.867335846735493,17.392803922221074,127640.0,1.0944844876214352,-0.0012682007265838457,-0.0012682007265838457,0.005714889703279076,BANKNIFTY,2025-07-30 00:00:00+05:30
55728.1484375,56406.19921875,55547.3515625,55961.94921875,182800,0.0,0.0,56757.4046875,56418.3228125,52580.823203125,56487.12165064722,56553.7234956092,-66.60184496198053,84.37851064220793,-150.98035560418845,42.02143769953496,57557.51843614903,56757.4046875,55957.290938850965,2.8194162613825324,531.594962490355,23.433525858414583,23.070420958892967,129285.0,1.4139304637042194,-0.0033614897521520026,-0.0033614897521520026,0.005707878325703699,BANKNIFTY,2025-07-31 00:00:00+05:30
55897.1484375,56097.6015625,55562.1015625,55617.6015625,98900,0.0,0.0,56686.68984375,56422.70984375,52601.25671875,56353.3493293938,56484.3811301937,-131.03180079990125,41.29644835378609,-172.32824915368735,38.404352517499326,57616.71163019643,56686.68984375,55756.66805730357,3.281270397018845,531.8738937410438,3.970609015119401,16.090490240089846,129535.0,0.7635002122978346,-0.006153246287115111,-0.006153246287115111,0.005706370386571194,BANKNIFTY,2025-08-01 00:00:00+05:30
55557.5,55752.44921875,55437.30078125,55619.3515625,131100,0.0,0.0,56620.1974609375,56423.656875,52623.49197265625,56240.42659602553,56420.304865920094,-179.87826989456516,-2.9384952958841666,-176.939774598681,38.43335658497563,57650.399160755755,56620.1974609375,55589.99576111925,3.6389901343208555,516.3935040095407,9.687155088016862,12.363763320516966,130925.0,1.001336643116288,3.1464859160390546e-05,3.1464859160390546e-05,0.005713102676593349,BANKNIFTY,2025-08-04 00:00:00+05:30
55545.05078125,55648.1484375,55202.8515625,55360.25,105700,0.0,0.0,56525.394921875,56423.805859375,52641.20873046875,56105.0148120216,56341.78228325935,-236.7674712377484,-49.704290484257015,-187.0631807534914,35.74929181547206,57648.75305297108,56525.394921875,55402.03679077892,3.9747024594828506,511.31517336600206,7.4464074512123,7.034723851449539,130935.0,0.8072707832130447,-0.0046584786629316755,-0.0046584786629316755,0.005545497820891942,BANKNIFTY,2025-08-05 00:00:00+05:30
55329.80078125,55559.3984375,55227.69921875,55411.1484375,117600,0.0,0.0,56435.2748046875,56423.688828125,52658.73447265625,55998.266139018284,56272.846442832735,-274.5803038144513,-94.67949315029588,-179.90081066415544,36.68472394541257,57611.30384210201,56435.2748046875,55259.24576727299,4.167709084378663,498.48546232200187,9.854376108811355,8.995979549346858,132260.0,0.8891577196431272,0.0009194040399023162,0.0009194040399023162,0.005572510671429579,BANKNIFTY,2025-08-06 00:00:00+05:30
55215.6484375,55614.80078125,54973.55078125,55521.1484375,95500,0.0,0.0,56363.5322265625,56423.19078125,52677.3349609375,55924.863415707776,56217.16510910438,-292.3016933966064,-134.203933199558,-158.09776019704842,38.75984558433664,57578.17240538454,56363.5322265625,55148.89204774046,4.310021500922238,508.6829292990017,23.371139056485184,13.557307538836298,131935.0,0.7238412854814871,0.001985160082434989,0.001985160082434989,0.005582555899471561,BANKNIFTY,2025-08-07 00:00:00+05:30
55609.3515625,55652.6015625,54905.6015625,55004.8984375,97300,0.0,0.0,56276.0421875,56408.294765625,52695.91544921875,55783.33034213735,56127.36757787443,-344.03723573707975,-176.17059370706238,-167.86664203001737,33.2517483049747,57611.44758200359,56276.0421875,54940.63679299642,4.745910844455953,525.7055772062159,4.118493363749481,12.44800284301536,132025.0,0.7369816322666162,-0.009298258673109738,-0.009298258673109738,0.005848580254893823,BANKNIFTY,2025-08-08 00:00:00+05:30
54999.3515625,55582.1484375,54927.55078125,55510.75,105200,0.0,0.0,56213.312109375,56400.441796875,52712.998203125,55741.39490488545,56081.69220173558,-340.29729685013444,-208.9959343356768,-131.30136251445765,41.95588097689222,57568.604332631716,56213.312109375,54858.01988611829,4.821961817939864,534.9121542807719,25.099478950642887,17.529703790292537,131135.0,0.8022267129294238,0.009196482074678825,0.009196482074678825,0.006317442172794601,BANKNIFTY,2025-08-11 00:00:00+05:30
55441.1015625,55566.69921875,55001.5,55043.69921875,74700,0.0,0.0,56115.1646484375,56389.316796875,52728.403203125,55634.05710701845,56004.803832625534,-370.7467256070813,-241.34609258995772,-129.4006330171236,37.140221328736786,57510.158437292805,56115.1646484375,54720.1708595822,4.971895912967426,537.0755160285739,5.727816518042306,11.648596277478243,128640.0,0.5806902985074627,-0.008413699711317224,-0.008413699711317224,0.00638742397454821,BANKNIFTY,2025-08-12 00:00:00+05:30
55340.05078125,55340.05078125,55026.94921875,55181.44921875,80100,0.0,0.0,56015.7896484375,56379.40875,52748.02470703125,55564.42512420792,55943.814601968086,-379.3894777601672,-268.95476962399965,-110.43470813616756,39.3512628126298,57379.159966820014,56015.7896484375,54652.41933005499,4.867807191290902,521.0773764908187,12.178179403826753,14.335158290837336,124580.0,0.6429603467651308,0.0025025570947287967,0.0025025570947287967,0.00637488063300056,BANKNIFTY,2025-08-13 00:00:00+05:30
55102.55078125,55472.80078125,55074.30078125,55341.8515625,74200,0.0,0.0,55941.4421875,56371.02875,52768.53896484375,55530.183037791314,55899.224747192675,-369.041709401361,-288.97215757947197,-80.06955182188904,41.91340794223006,57281.33380012208,55941.4421875,54601.55057487791,4.790336323940831,512.3218495986173,26.07907789162985,14.661691271166324,121800.0,0.6091954022988506,0.0029068164395997798,0.0029068164395997798,0.006375275530054281,BANKNIFTY,2025-08-14 00:00:00+05:30
55940.6015625,56156.30078125,55647.6484375,55734.8984375,101700,0.0,0.0,55914.037109375,56354.15875,52789.55771484375,55561.67771466957,55887.05242795618,-325.37471328661195,-296.2526687209,-29.122044565711974,47.73945779094088,57247.268183354194,55914.037109375,54580.806035395806,4.768859996180292,533.9023759665732,55.264438908455745,31.173898734637472,119825.0,0.8487377425412059,0.007102163442365361,0.007102163442365361,0.006324982176197516,BANKNIFTY,2025-08-18 00:00:00+05:30
55622.30078125,55965.55078125,55608.1484375,55865.1484375,89300,0.0,0.0,55859.65703125,56334.6696875,52814.9462109375,55608.36551818194,55885.42991014461,-277.0643919626673,-292.4150133692534,15.350621406586129,49.54545333765773,57104.79535756303,55859.65703125,54614.51870493696,4.458095135157942,521.2952308082465,63.944313854115414,48.42927688473369,117605.0,0.759321457421028,0.0023369559046753086,0.0023369559046753086,0.005667991862471894,BANKNIFTY,2025-08-19 00:00:00+05:30
55751.5,55812.6015625,55577.3515625,55698.5,69100,0.0,0.0,55806.78203125,56316.05765625,52837.14220703125,55622.23236153857,55871.5832501339,-249.35088859533425,-283.8021884144696,34.45129981913533,47.293534501055596,56983.08750321397,55806.78203125,54630.47655928603,4.21563626910176,504.61677682194323,52.83884285688254,57.34919853981793,114420.0,0.6039153994056983,-0.002983048325494786,-0.002983048325494786,0.005657989144611933,BANKNIFTY,2025-08-20 00:00:00+05:30
55972.05078125,55993.6484375,55708.19921875,55755.44921875,70300,0.0,0.0,55734.03203125,56301.971640625,52854.31595703125,55642.72726264801,55862.98072929065,-220.25346664263634,-271.09244406010293,50.838977417466594,48.1606553680634,56718.40747296285,55734.03203125,54749.656589537146,3.532403473557819,489.6547525846616,67.94980307890273,61.57765326330025,111445.0,0.6308044326797972,0.0010224551603723597,0.0010224551603723597,0.005280644642837555,BANKNIFTY,2025-08-21 00:00:00+05:30
55669.25,55745.0,55102.6015625,55149.3984375,77100,0.0,0.0,55638.1994140625,56283.30859375,52871.02544921875,55566.83052031755,55810.1227817506,-243.29226143305277,-265.5324075346929,22.240146101640107,40.52058469859567,56441.7938054673,55638.1994140625,54834.605022657706,2.8886426946508585,501.3113885607572,19.492846189162936,46.760497374982755,106310.0,0.7252375129338726,-0.010869803575113024,-0.010869803575113024,0.005697892549601413,BANKNIFTY,2025-08-22 00:00:00+05:30
55147.75,55306.0,55048.3984375,55139.30078125,79900,0.0,0.0,55568.71953125,56275.547578125,52889.3451953125,55501.05671430715,55760.432263195,-259.37554888784507,-264.30103580532335,4.925486917478281,40.405572870577046,56288.13953967945,55568.71953125,54849.29952282055,2.589298492022556,483.9035438421317,18.685485306656588,35.37604485824077,104050.0,0.7679000480538203,-0.00018309639880198514,-0.00018309639880198514,0.005405876644525133,BANKNIFTY,2025-08-25 00:00:00+05:30
54999.05078125,55068.8984375,54396.1015625,54450.44921875,123800,0.0,0.0,55486.9970703125,56245.65859375,52903.22794921875,55339.42479191374,55663.396482125005,-323.9716902112632,-276.2351666865113,-47.736523524751874,33.433812458944075,56316.254853968574,55486.9970703125,54657.739286656426,2.989016625301412,502.424663478408,3.087585522767975,13.75530567286252,102955.0,1.2024670972755087,-0.012492932495332676,-0.012492932495332676,0.005790845022863406,BANKNIFTY,2025-08-26 00:00:00+05:30
54256.0,54382.25,53768.44921875,53820.3515625,134300,0.0,0.0,55366.9146484375,56207.78265625,52916.25345703125,55105.72121815778,55526.87463622686,-421.15341806907963,-305.218816963025,-115.93460110605463,28.57668086583061,56404.9343534495,55366.9146484375,54328.894943425505,3.749602850738914,515.2514732299503,2.173600091609547,7.9822236403447215,102415.0,1.311331347947078,-0.01157194596721578,-0.01157194596721578,0.006131363615677876,BANKNIFTY,2025-08-28 00:00:00+05:30
53660.3515625,54086.0,53606.44921875,53655.6484375,103900,0.0,0.0,55242.162109375,56164.320625,52923.49544921875,54882.63309805658,55388.26528817302,-505.6321901164338,-345.30149159370677,-160.330698522727,27.453945523424537,56457.91491417963,55242.162109375,54026.40930457037,4.401539542922081,512.7014238028111,1.929493444777729,2.3968930197184357,100625.0,1.0325465838509318,-0.0030602387427501876,-0.0030602387427501876,0.006130700298013536,BANKNIFTY,2025-08-29 00:00:00+05:30
53658.1484375,54035.8515625,53658.1484375,54002.44921875,78000,0.0,0.0,55144.187109375,56132.820625,52931.920703125,54747.22019354787,55285.612245993536,-538.3920524456626,-383.91960376409793,-154.47244868156463,33.38836967564653,56426.145530526876,55144.187109375,53862.22868822313,4.649477989798601,503.23725960261027,15.53031579656904,6.544469777652124,95385.0,0.8177386381506526,0.006463453361372773,0.006463453361372773,0.0064237579262191565,BANKNIFTY,2025-09-01 00:00:00+05:30
54038.25,54160.94921875,53578.0,53661.0,77500,0.0,0.0,55046.35703125,56080.98359375,52940.643203125,54580.10939454051,55165.27059814217,-585.1612036016595,-424.16792373161024,-160.99327987004926,30.72355511210546,56460.66924862498,55046.35703125,53632.04481387502,5.1386224035573145,508.930970970281,3.2191744502268786,6.8929945638579015,94315.0,0.8217144674760113,-0.006322846902126145,-0.006322846902126145,0.006429970410781826,BANKNIFTY,2025-09-02 00:00:00+05:30
53630.75,54136.1484375,53561.75,54067.55078125,100100,0.0,0.0,54968.7669921875,56041.147578125,52953.1749609375,54501.254223265045,55083.95801911312,-582.7037958480723,-455.87509815490273,-126.8286976931696,37.15509831009841,56418.644911189156,54968.7669921875,53518.88907318584,5.275279029663238,513.6072185795466,19.49473430642648,12.74807485107415,92765.0,1.0790707702258395,0.007576280375878097,0.007576280375878097,0.006754327504793367,BANKNIFTY,2025-09-03 00:00:00+05:30
54379.6015625,54450.55078125,53971.8515625,54075.44921875,120000,0.0,0.0,54904.526953125,55993.41859375,52964.16845703125,54435.74576103196,55009.25366353066,-573.507902498699,-479.40165902366203,-94.10624347503693,37.2769321576775,56392.67694197702,54904.526953125,53416.37696427298,5.420864440276607,511.1137900202933,19.799158392363804,14.17102238300574,93480.0,1.2836970474967908,0.00014608461796172811,0.00014608461796172811,0.006717380247202247,BANKNIFTY,2025-09-04 00:00:00+05:30
54308.05078125,54308.05078125,53719.55078125,54114.55078125,79900,0.0,0.0,54839.6970703125,55943.286640625,52978.95220703125,54386.33114875782,54942.97937595432,-556.6482271964996,-494.8509726582296,-61.79725453827007,37.918580617037144,56346.766457977945,54839.6970703125,53332.62768264705,5.496271745386065,516.6413764474153,21.306223229274096,20.200038642688146,91595.0,0.8723183579889732,0.0007230926985335451,0.0007230926985335451,0.006714337054192624,BANKNIFTY,2025-09-05 00:00:00+05:30
54215.3984375,54518.69921875,54067.1484375,54186.8984375,76300,0.0,0.0,54772.9845703125,55882.890625,52999.44494140625,54355.64919317969,54886.97338051326,-531.3241873335646,-502.1456155932966,-29.178571740268012,39.15875566519554,56271.58722827269,54772.9845703125,53274.38191235231,5.472050390229956,511.9920482190285,25.706190187064504,22.270523936234156,90635.0,0.8418381419981243,0.0013369353566743403,0.0013369353566743403,0.006699896055819051,BANKNIFTY,2025-09-08 00:00:00+05:30
54330.55078125,54350.6484375,54079.44921875,54216.1015625,93800,0.0,0.0,54733.5447265625,55818.3346875,53019.6276953125,54334.180326921276,54837.27917177153,-503.09884485025395,-502.33626144468815,-0.7625834055658061,39.68254171604376,56247.10174559565,54733.5447265625,53219.98770752934,5.530637661399696,494.7925603998122,26.907026724877362,24.63981338040534,90460.0,1.0369223966393986,0.0005389333186081036,0.0005389333186081036,0.006429257221469367,BANKNIFTY,2025-09-09 00:00:00+05:30
54554.75,54705.19921875,54400.0,54536.0,116900,0.0,0.0,54684.8072265625,55762.7996875,53040.48869140625,54365.22950739492,54814.96219608475,-449.73268868982996,-491.8155468937165,42.08285820388653,45.24360878820985,56157.338601653115,54684.8072265625,53212.27585147189,5.385522779626252,494.38578153196846,40.061294706103446,30.891503872681785,91045.0,1.2839804492284035,0.005900432312183623,0.005900432312183623,0.0062003344867876805,BANKNIFTY,2025-09-10 00:00:00+05:30
54413.05078125,54757.44921875,54402.3984375,54669.6015625,96900,0.0,0.0,54666.10234375,55707.002734375,53060.70419921875,54412.05597741109,54804.19474174514,-392.1387643340495,-471.8801903817831,79.74142604773363,47.42377017096686,56129.398181950455,54666.10234375,53202.80650554954,5.353576624135368,484.43328151182783,50.74322970342379,39.23718371146822,92155.0,1.0514893386142912,0.002449786608845539,0.002449786608845539,0.005976216083045484,BANKNIFTY,2025-09-11 00:00:00+05:30
54781.55078125,54852.25,54580.3515625,54809.30078125,80100,0.0,0.0,54647.494921875,55663.204765625,53082.8862109375,54473.17056261707,54804.57296689365,-331.4024042765741,-443.7846331607413,112.3822288841672,49.67989182815125,56093.466720938,54647.494921875,53201.523122811996,5.291996645519389,469.2522212252687,71.52362225885051,54.1093822227926,92155.0,0.8691877814551571,0.00255533632507432,0.00255533632507432,0.005977541377160945,BANKNIFTY,2025-09-12 00:00:00+05:30
54884.05078125,55018.69921875,54807.5,54887.8515625,72000,0.0,0.0,54624.794921875,55625.1228125,53101.6484765625,54536.96763952213,54810.741751753376,-273.77411223124363,-409.7825289748418,136.00841674359816,50.95431910219523,56040.387136373225,54624.794921875,53209.202707376775,5.182965781465435,450.81986390560667,87.9874556151673,70.08476919248055,92045.0,0.7822260850670868,0.0014331651769012854,0.0014331651769012854,0.005944648044951999,BANKNIFTY,2025-09-15 00:00:00+05:30
54778.3984375,55185.44921875,54777.75,55147.6015625,98700,0.0,0.0,54595.430078125,55587.436875,53116.348984375,54630.91131998027,54835.6943303272,-204.7830103469314,-368.78262524925975,163.99961490232835,55.0118458939643,55940.29123644948,54595.430078125,53250.56891980052,4.926643700397664,447.73981782306333,97.66904757895142,85.72670848432308,91895.0,1.0740519070678491,0.004732376884969192,0.004732376884969192,0.005809429640635257,BANKNIFTY,2025-09-16 00:00:00+05:30
55158.3515625,55540.75,55146.55078125,55493.30078125,155300,0.0,0.0,54576.8376953125,55558.31890625,53132.85798828125,54763.58662171407,54884.40591928444,-120.81929757037142,-319.1899597134821,198.37066214311068,59.780784665452735,55859.828827727106,54576.8376953125,53293.84656289789,4.701595719331325,443.91548931784456,97.60236388327438,94.41962235913105,95195.0,1.6313882031619307,0.006268617473023097,0.006268617473023097,0.005975117535873351,BANKNIFTY,2025-09-17 00:00:00+05:30
55797.1015625,55835.25,55490.8984375,55727.44921875,134300,0.0,0.0,54578.28515625,55527.741875,53149.98623046875,54911.873175104214,54946.85357109671,-34.980395992497506,-262.3480469692852,227.36765097678767,62.667402741968246,55866.38995621928,54578.28515625,53290.18035628072,4.720209864716775,436.8037802594271,95.25837777655597,96.84326307959395,98455.0,1.3640749581026865,0.004219400075389235,0.004219400075389235,0.006022823795804466,BANKNIFTY,2025-09-18 00:00:00+05:30
55647.94921875,55688.75,55355.30078125,55458.8515625,190000,0.0,0.0,54563.4552734375,55492.647890625,53167.74623046875,54996.023696242024,54984.779348237695,11.244348004329368,-207.6295679745623,218.87391597889166,57.5635413036131,55802.919136227334,54563.4552734375,53323.99141064767,4.543201513094883,432.1855414908966,83.4440977567627,92.10161313886437,104440.0,1.8192263500574493,-0.004819844798488071,-0.004819844798488071,0.006113824849871059,BANKNIFTY,2025-09-19 00:00:00+05:30
55429.30078125,55666.3515625,55215.6015625,55284.75,118600,0.0,0.0,54570.2228515625,55459.222890625,53183.89197265625,55040.44312758941,55006.99939651638,33.443731073028175,-159.4149081650442,192.85863923807239,54.46700748025141,55823.80763326585,54570.2228515625,53316.63806985915,4.594391285933538,433.51157424154684,75.7862326808885,84.82956940473575,106515.0,1.1134581983758156,-0.0031392926033420032,-0.0031392926033420032,0.005632425165468637,BANKNIFTY,2025-09-22 00:00:00+05:30
55248.69921875,55662.0,55159.0,55509.75,171200,0.0,0.0,54588.7453125,55434.32390625,53200.89572265625,55112.64418488335,55044.24018195961,68.4040029237367,-113.85112594728803,182.25512887102474,57.63850336626351,55885.616467704036,54588.7453125,53291.87415729597,4.751423201907039,438.4750332242935,84.61501535212022,81.28178192992384,111080.0,1.541231544832553,0.004069838427414485,0.004069838427414485,0.005699559586862322,BANKNIFTY,2025-09-23 00:00:00+05:30
55387.1015625,55511.1015625,55040.44921875,55121.5,172000,0.0,0.0,54622.2978515625,55401.446875,53213.02447265625,55114.006617978215,55049.963131444085,64.04348653413035,-78.27220345100434,142.3156899851347,51.03304350846669,55937.7111140741,54622.2978515625,53306.8845890509,4.816396652100844,440.7734125475582,66.26410816459541,75.55511873253474,113490.0,1.5155520310159485,-0.006994266772954338,-0.006994266772954338,0.0051539281742124495,BANKNIFTY,2025-09-24 00:00:00+05:30
55061.6484375,55276.6484375,54903.30078125,54976.19921875,158400,0.0,0.0,54680.090234375,55360.837890625,53221.5709765625,55092.80547963541,55044.49913791119,48.306341724222875,-52.9564944159589,101.26283614018178,48.77998141393561,55950.27836161366,54680.090234375,53409.90210713634,4.645888921522473,435.95728709773266,51.413945925405514,67.43102314737375,114695.0,1.3810541000043595,-0.0026360092023983706,-0.0026360092023983706,0.004368354773427244,BANKNIFTY,2025-09-25 00:00:00+05:30
54797.8984375,54897.0,54310.94921875,54389.3515625,127700,0.0,0.0,54716.775390625,55305.2459375,53225.49998046875,54984.581800076114,54995.96968788073,-11.387887804616184,-44.64277309369036,33.254885289074174,40.92185346600092,55906.31491155297,54716.775390625,53527.23586969703,4.347988390894025,452.33533801932316,17.650199672959054,45.10941792098668,115885.0,1.1019545238814341,-0.010674576718462059,-0.010674576718462059,0.005029265119182326,BANKNIFTY,2025-09-26 00:00:00+05:30
54460.3984375,54686.05078125,54226.6015625,54461.0,218300,0.0,0.0,54739.7029296875,55257.889921875,53230.25748046875,54904.030753910556,54956.342303593265,-52.31154968270857,-46.176528411494004,-6.135021271214569,42.14722474090187,55890.3259860289,54739.7029296875,53589.07987334609,4.203979907670921,452.8434723572286,14.571141340508094,27.878428979624243,122900.0,1.776240846216436,0.0013173247233453367,0.0013173247233453367,0.004846741318558425,BANKNIFTY,2025-09-29 00:00:00+05:30
54705.5,54793.05078125,54502.94921875,54635.8515625,206900,0.0,0.0,54788.4455078125,55224.946953125,53236.39798828125,54862.77241677047,54932.60224869746,-69.82983192698885,-50.907189114592974,-18.92264281239587,45.1378443646021,55829.53488019386,54788.4455078125,53747.356135431146,3.800397557302128,444.21542299242657,25.44061153821871,19.22065085056197,129370.0,1.5992888614052716,0.003210583031894476,0.003210583031894476,0.0046102660852355,BANKNIFTY,2025-09-30 00:00:00+05:30
54653.8984375,55406.75,54582.55078125,55347.94921875,173000,0.0,0.0,54852.4654296875,55192.8509375,53245.24923828125,54937.415001690395,54963.36869092357,-25.953689233174373,-45.91648913830926,19.962799905134887,55.27739666590975,55865.45304997282,54852.4654296875,53839.47780940218,3.693498960712404,471.3571226893961,69.70744073780881,36.57306453884522,133015.0,1.3006051949028306,0.01303352351771081,0.01303352351771081,0.005154865967108213,BANKNIFTY,2025-10-01 00:00:00+05:30
55182.6015625,55616.44921875,55177.0,55589.25,156900,0.0,0.0,54928.15546875,55169.5159375,53256.23873046875,55037.69730912264,55009.73026937367,27.96703974896809,-31.139783360853787,59.106823109821875,58.103131043978905,55923.66913163784,54928.15546875,53932.641805862164,3.6247846096132306,469.07798669372494,84.70765928307439,59.95190385303399,134860.0,1.163428740916506,0.004359705908818956,0.004359705908818956,0.005196172355266366,BANKNIFTY,2025-10-03 00:00:00+05:30
55834.69921875,56164.19921875,55727.25,56104.8515625,162600,0.0,0.0,55027.6705078125,55147.403984375,53270.6807421875,55201.87488656531,55090.850365160804,111.02452140450623,-2.7069224077817857,113.73144381228802,63.421413063756596,56074.55479124731,55027.6705078125,53980.78622437769,3.804937675078142,476.64021755488744,96.9370495438738,83.78404985491902,138995.0,1.1698262527429044,0.009275202714553732,0.009275202714553732,0.005482056458370829,BANKNIFTY,2025-10-06 00:00:00+05:30
56126.3984375,56502.44921875,56025.05078125,56239.3515625,153700,0.0,0.0,55130.2931640625,55130.87,53283.95849609375,55361.48668286296,55175.92452792667,185.56215493629134,34.946893061032846,150.61526187525848,64.68089579738965,56228.51705991152,55130.2931640625,54032.06926821348,3.9841032318867238,476.6943761223955,88.43957522695013,90.02809468463279,142865.0,1.0758408287544186,0.0023972971365973095,0.0023972971365973095,0.005482247319975933,BANKNIFTY,2025-10-07 00:00:00+05:30
56098.5,56303.6015625,55821.0,56018.25,133600,0.0,0.0,55220.4005859375,55120.65703125,53296.14298828125,55462.52719319174,55238.31900733951,224.20818585222878,72.79915161927204,151.40903423295674,60.964705180088764,56299.36423089043,55220.4005859375,54141.436940984575,3.907844323851929,477.1163180065101,78.72444504708925,88.0336899393044,144855.0,0.9223016119567844,-0.003931438687629352,-0.003931438687629352,0.005628756149560715,BANKNIFTY,2025-10-08 00:00:00+05:30
55979.0,56286.25,55843.8984375,56192.05078125,118000,0.0,0.0,55303.203125,55122.800078125,53312.92923828125,55574.761591354545,55308.96580540695,265.7957859475937,111.39847848493636,154.39730746265732,62.77520651548616,56413.10289220115,55303.203125,54193.30335779885,4.013871546255563,474.63312118461647,86.36119440387081,84.50840489263675,144910.0,0.8142985301221448,0.0031025742726700223,0.0031025742726700223,0.005551837136154551,BANKNIFTY,2025-10-09 00:00:00+05:30
56168.6015625,56760.25,56152.44921875,56609.75,163000,0.0,0.0,55400.210546875,55130.555078125,53335.280234375,55733.99057730001,55405.320190191625,328.67038710838096,154.8528602096253,173.81752689875566,66.76486281291173,56606.592946013756,55400.210546875,54193.82814773625,4.355154564324318,484.14509690357244,94.05994936896212,86.38186293997408,148215.0,1.0997537361265728,0.007433421862036438,0.007433421862036438,0.00570587097930679,BANKNIFTY,2025-10-10 00:00:00+05:30
56337.05078125,56770.8984375,56327.3984375,56625.0,123500,0.0,0.0,55490.9955078125,55140.04109375,53360.52673828125,55871.06895002308,55495.66684277003,375.40210725305224,198.9627096183107,176.43939763474154,66.90432782109573,56776.521791906736,55490.9955078125,54205.46922371826,4.63327886742724,481.24187569617436,94.26566770043296,91.56227049108865,150385.0,0.8212255211623499,0.0002693882237601031,0.0002693882237601031,0.005712006525543793,BANKNIFTY,2025-10-13 00:00:00+05:30
56598.6484375,56721.30078125,56230.1484375,56496.44921875,129800,0.0,0.0,55571.425390625,55150.73109375,53389.21298828125,55967.281299057984,55569.7988706204,397.48242843758635,238.66665338216586,158.8157750554205,64.44919583891044,56896.617026621236,55571.425390625,54246.23375462877,4.769327497652405,481.94976627144763,89.21316056130439,92.51292587689984,153275.0,0.8468439080084815,-0.002270212472406219,-0.002270212472406219,0.0057789163638897615,BANKNIFTY,2025-10-14 00:00:00+05:30
56528.94921875,56922.69921875,56491.8515625,56799.8984375,123700,0.0,0.0,55654.040234375,55174.37703125,53416.62447265625,56095.37624343368,55660.91735705592,434.4588863777608,277.8250999812849,156.6337863964759,67.48261376052652,57066.3914302202,55654.040234375,54241.6890385298,5.075466901944179,478.29961555562994,95.44523986490891,92.97468937554878,154525.0,0.8005177155800033,0.005371120184475053,0.005371120184475053,0.005799673834665137,BANKNIFTY,2025-10-15 00:00:00+05:30
57139.94921875,57525.80078125,56994.69921875,57422.55078125,148600,0.0,0.0,55750.502734375,55210.441015625,53447.5722265625,56299.556941559276,55791.408721811036,508.1482197482401,323.88972393467594,184.25849581356414,72.64113459616412,57356.07874357039,55750.502734375,54144.926725179605,5.759861993873703,495.98552471237065,96.8704527021827,93.84295104279869,154190.0,0.9637460276282509,0.010962208751748692,0.010962208751748692,0.006090738920747299,BANKNIFTY,2025-10-16 00:00:00+05:30
57362.8984375,57830.19921875,57238.6484375,57713.3515625,147200,0.0,0.0,55849.7978515625,55257.503046875,53480.28548828125,56517.06380631939,55933.774858158366,583.2889481610255,375.76956877994587,207.5193793810796,74.66277208576335,57668.83195009185,55849.7978515625,54030.76375303315,6.514022139754122,502.8116144650585,96.757472187625,96.35772158490556,154835.0,0.950689443601253,0.00506422611488988,0.00506422611488988,0.006111821580369021,BANKNIFTY,2025-10-17 00:00:00+05:30
57872.8515625,58261.55078125,57872.8515625,58033.19921875,341700,0.0,0.0,55978.515234375,55309.9440625,53513.89498046875,56750.31540823179,56089.287773757744,661.0276344740487,432.82118191876646,228.20645255528223,76.70195838065075,58019.4691532377,55978.515234375,53937.56131551231,7.291918731025565,506.0535861996972,93.92456053926307,95.85082847635694,162420.0,2.1038049501292946,0.005542004537782308,0.005542004537782308,0.005961126984799197,BANKNIFTY,2025-10-20 00:00:00+05:30
58063.3984375,58155.55078125,57887.19921875,58007.19921875,39000,0.0,0.0,56114.6376953125,55359.665078125,53549.1672265625,56943.68214831152,56231.35528820161,712.3268601099116,488.72231755699556,223.6045425529161,76.1653344724853,58309.68332195462,56114.6376953125,53919.59206867038,7.8234333029489695,489.07487022114736,93.08639406088611,94.58947559592474,158440.0,0.24614996213077506,-0.0004480194156106787,-0.0004480194156106787,0.005861709412131921,BANKNIFTY,2025-10-21 00:00:00+05:30
58314.55078125,58577.5,57951.44921875,58078.05078125,291600,0.0,0.0,56243.052734375,55421.128125,53585.256484375,57118.20039953282,56368.14754694593,750.0528525868867,540.9884245629738,209.0644280239129,76.6448546726525,58577.59422649482,56243.052734375,53908.51124225518,8.301617279365693,498.8588638660654,85.31247702543743,90.77447720852888,164460.0,1.7730755198832542,0.0012214270548180917,0.0012214270548180917,0.005854181578610573,BANKNIFTY,2025-10-23 00:00:00+05:30
58172.75,58232.8984375,57482.05078125,57699.6015625,132100,0.0,0.0,56371.9578125,55464.90515625,53615.72673828125,57207.646732297006,56466.77377032031,740.8729619766964,580.9653320457184,159.90762993097803,68.69489093730037,58729.14866016359,56371.9578125,54014.7669648364,8.362990888142997,516.8580633220607,69.1992478729936,82.5327063197724,162465.0,0.8130982057673961,-0.006516217635736843,-0.006516217635736843,0.005815166780082015,BANKNIFTY,2025-10-24 00:00:00+05:30
57796.44921875,58224.55078125,57652.75,58114.25,153000,0.0,0.0,56528.8603515625,55526.316171875,53651.353984375,57347.12415809746,56588.80904659288,758.3151115045766,616.4352879374901,141.87982356708653,72.10848133235409,58911.16240381601,56528.8603515625,54146.55829930899,8.428622255738292,520.7825431740564,83.19426809359695,79.23533099734267,162195.0,0.9433089799315638,0.0071863310364606026,0.0071863310364606026,0.005790705823922574,BANKNIFTY,2025-10-27 00:00:00+05:30
58006.55078125,58313.80078125,57770.3515625,58214.1015625,256100,0.0,0.0,56720.0978515625,55586.96921875,53692.8144921875,57480.50529723631,56709.20108480823,771.3042124280837,647.4090728356089,123.89513959247483,72.87551976854937,58996.40713605342,56720.0978515625,54443.788567071584,8.026464589141085,522.401591429481,86.81667195719209,79.73672930792758,168615.0,1.518844705393945,0.001718194117621863,0.001718194117621863,0.00486208153734372,BANKNIFTY,2025-10-28 00:00:00+05:30
58316.25,58469.8984375,58087.05078125,58385.25,151800,0.0,0.0,56916.3103515625,55647.8371875,53733.73,57619.69678996919,56833.352856303914,786.3439336652737,675.1960450015418,111.1478886637318,74.18592118414116,59052.06040551003,56916.3103515625,54780.56029761497,7.504878797502368,512.4334532023752,92.96715356629447,87.65936453902786,165290.0,0.9183858672635973,0.002939982459683854,0.002939982459683854,0.004838719217794242,BANKNIFTY,2025-10-29 00:00:00+05:30
58152.05078125,58331.19921875,57999.19921875,58031.1015625,223000,0.0,0.0,57086.0728515625,55693.76125,53774.71025390625,57682.98983189701,56922.074982688806,760.9148492082022,692.339805842874,68.57504336532827,66.97556993789856,58997.77484151441,57086.0728515625,55174.370861610594,6.697612550517502,503.4061194914912,77.46857749435016,85.7508010059456,166095.0,1.34260513561516,-0.00606571758277985,-0.00606571758277985,0.005290978273755195,BANKNIFTY,2025-10-30 00:00:00+05:30
57942.44921875,58254.94921875,57656.94921875,57776.3515625,307900,0.0,0.0,57207.49296875,55731.9853125,53816.07451171875,57697.3531750667,56985.35472934149,711.998445725214,696.2715338193419,15.726911905872043,62.28594077078429,58964.398004920484,57207.49296875,55450.58793257951,6.142219996007197,510.162825242099,65.87011292646966,78.76861466237143,172840.0,1.7814163388104605,-0.004389887373163703,-0.004389887373163703,0.004983015696966424,BANKNIFTY,2025-10-31 00:00:00+05:30
57726.8515625,58247.55078125,57718.3984375,58101.44921875,27800,0.0,0.0,57333.1029296875,55780.044296875,53862.911015625,57759.52179717182,57068.028395223606,691.4934019482171,695.315907445117,-3.8225054968999075,65.59655339395488,58963.959560779076,57333.1029296875,55702.24629859592,5.68905762205697,511.5192194212348,79.71966411614153,74.3527848456538,166385.0,0.1670823692039547,0.0056268290997627535,0.0056268290997627535,0.005020356693547868,BANKNIFTY,2025-11-03 00:00:00+05:30
57966.6484375,58119.6484375,57732.94921875,57827.05078125,168600,0.0,0.0,57419.212890625,55821.476328125,53911.84001953125,57769.91087164539,57124.252275670005,645.6585959753866,685.3844451511709,-39.72584917578433,60.74926773564223,58961.00089858776,57419.212890625,55877.42488266224,5.370286112767282,502.60350508757523,64.0184220285208,69.86939969037735,166685.0,1.0114887362390137,-0.00472274687102725,-0.00472274687102725,0.004961051174634343,BANKNIFTY,2025-11-04 00:00:00+05:30
57714.80078125,57945.05078125,57521.0,57554.25,170400,0.0,0.0,57484.9578125,55869.573359375,53955.96552734375,57736.73227600764,57156.10395895371,580.6283170539318,664.4332195317231,-83.8049024777913,56.295382460461944,58928.92911967652,57484.9578125,56040.986505323475,5.023823143043285,496.99259624203415,35.35193992058184,59.6966753550814,167520.0,1.0171919770773639,-0.004717528865201159,-0.004717528865201159,0.005146788485637138,BANKNIFTY,2025-11-06 00:00:00+05:30
57391.3984375,58001.3515625,57157.8515625,57876.80078125,142400,0.0,0.0,57577.8853515625,55924.323359375,54001.59103515625,57758.28127681416,57209.48890875344,548.79236806072,641.3050492375226,-92.51268117680252,60.027037473793,58862.787233756724,57577.8853515625,56292.98346936828,4.463178438557762,521.7431250818888,50.64276476900641,50.00437557270303,167960.0,0.8478209097404144,0.005604291277359952,0.005604291277359952,0.005090827157748977,BANKNIFTY,2025-11-07 00:00:00+05:30
57846.19921875,58097.19921875,57846.19921875,57937.55078125,123400,0.0,0.0,57665.1603515625,55994.065390625,54044.88529296875,57785.86120057352,57263.41941782726,522.4417827462603,617.5323959392701,-95.09061319300986,60.707519219976604,58788.66802727018,57665.1603515625,56541.65267585483,3.8966601977973423,502.4043304331825,54.92199323115868,46.972232640249,168230.0,0.7335195862806871,0.001049643366253239,0.001049643366253239,0.005080589987840774,BANKNIFTY,2025-11-10 00:00:00+05:30
57962.30078125,58187.3515625,57594.25,58138.1484375,119600,0.0,0.0,57741.5802734375,56080.421328125,54092.87302734375,57840.05923702375,57328.21416002524,511.84507699850656,596.3949321511175,-84.54985515261092,62.95035974400733,58771.56805170831,57741.5802734375,56711.5924951667,3.567577379743537,508.8827041522409,69.05208705940622,58.20561501985711,166060.0,0.7202216066481995,0.003462308184330798,0.003462308184330798,0.004913103765828405,BANKNIFTY,2025-11-11 00:00:00+05:30
58505.3515625,58507.69921875,58171.8515625,58274.6484375,149300,0.0,0.0,57824.0626953125,56172.801328125,54137.492265625,57906.9191140201,57398.32040280115,508.59871121894685,578.8356879646833,-70.23697674573646,64.43789703000532,58741.20142844681,57824.0626953125,56906.923962178196,3.1721698212970924,498.93042394493796,78.66714360399527,67.54707463152006,167350.0,0.8921422169106663,0.0023478559890282025,0.0023478559890282025,0.004911150224168824,BANKNIFTY,2025-11-12 00:00:00+05:30
58158.75,58615.94921875,58127.1015625,58381.94921875,121200,0.0,0.0,57918.3376953125,56260.391328125,54186.54751953125,57980.00066859393,57471.18179657514,508.81887201879,564.8323247755046,-56.01345275671463,65.60688565332377,58636.20141447634,57918.3376953125,57200.473976148656,2.4788823289102777,498.21022625244234,83.95169219311335,77.22364095217164,166920.0,0.7260963335729691,0.001841294355727996,0.001841294355727996,0.004832730411041527,BANKNIFTY,2025-11-13 00:00:00+05:30
58050.0,58590.1484375,58050.0,58517.55078125,114800,0.0,0.0,58004.2203125,56357.52234375,54235.51328125,58062.700685925636,57548.69061025476,514.010075670878,554.6678749545794,-40.657799283701365,67.07965170232629,58558.706573231815,58004.2203125,57449.73405176819,1.9118824724976815,501.2058127701251,93.25158797984317,85.29014125898395,166475.0,0.6895930319867848,0.0023226624721266464,0.0023226624721266464,0.004756796365562269,BANKNIFTY,2025-11-14 00:00:00+05:30
58696.30078125,59001.55078125,58605.30078125,58962.69921875,157500,0.0,0.0,58081.227734375,56455.4253125,54287.38177734375,58201.16199866784,57653.43198866181,547.7300100060311,553.2803019648698,-5.55029195883867,71.40808169369203,58713.52743805461,58081.227734375,57448.928030695395,2.177294552282287,499.97682614368756,97.89273857118945,91.69867291471535,166920.0,0.9435657800143782,0.007607092770578472,0.007607092770578472,0.004455187669612411,BANKNIFTY,2025-11-17 00:00:00+05:30
58990.5,59103.6484375,58798.8984375,58899.25,145500,0.0,0.0,58140.52265625,56551.901328125,54340.0390234375,58308.56015271894,57745.71480431649,562.8453484024503,555.1933112523859,7.652037150064416,69.99540871222844,58842.30957125885,58140.52265625,57438.73574124116,2.414105972724357,486.0320528477099,89.49538669086412,93.54657108063226,166835.0,0.8721191596487547,-0.0010760908097949828,-0.0010760908097949828,0.004395753655051179,BANKNIFTY,2025-11-18 00:00:00+05:30
58908.1484375,59264.25,58688.55078125,59216.05078125,149800,0.0,0.0,58199.665234375,56653.931328125,54395.79603515625,58448.17409556988,57854.628580385644,593.5455151842325,562.8637520387553,30.681763145477248,72.88026607637003,59040.832269733844,58199.665234375,57358.49819901616,2.8906249957672103,492.43685041215923,97.71177105471054,95.03329877225472,157240.0,0.9526837954718901,0.005378689563109829,0.005378689563109829,0.004387067438298631,BANKNIFTY,2025-11-19 00:00:00+05:30
59308.19921875,59440.1015625,59125.25,59347.69921875,120000,0.0,0.0,58266.690234375,56757.14734375,54448.2002734375,58586.56257605913,57965.22640544967,621.3361706094583,574.5582357528959,46.77793485656241,73.99903463108629,59239.20262570801,58266.690234375,57294.17784304199,3.3381418694664995,479.7521869898622,95.95126109102858,94.38613961220109,161290.0,0.744001488002976,0.0022231884052235085,0.0022231884052235085,0.004380726783137501,BANKNIFTY,2025-11-20 00:00:00+05:30
59116.69921875,59232.1484375,58823.6484375,58867.69921875,121400,0.0,0.0,58306.17265625,56850.179296875,54496.7090234375,58629.81436724234,58032.076243471914,597.7381237704249,579.1942133564017,18.543910414023117,63.68349547933714,59308.50508411643,58306.17265625,57303.84022838357,3.4381691755889476,482.9163722941577,74.91938465330266,89.52747226634727,152780.0,0.7946066239036523,-0.008087929377527558,-0.008087929377527558,0.00484314129894482,BANKNIFTY,2025-11-21 00:00:00+05:30
58996.8984375,59309.8984375,58649.5,58835.3515625,190400,0.0,0.0,58362.96015625,56936.166328125,54544.32603515625,58661.43547420506,58091.57811895548,569.85735524958,577.3268417350374,-7.469486485457423,63.04566194035029,59349.971493538986,58362.96015625,57375.94881896102,3.38232102911348,495.5936626660036,73.5020265089276,81.45755741775297,155695.0,1.2229037541346863,-0.0005494975458408824,-0.0005494975458408824,0.004551063826309371,BANKNIFTY,2025-11-24 00:00:00+05:30
58925.6484375,59166.1484375,58746.19921875,58820.30078125,137400,0.0,0.0,58398.2626953125,57019.1803125,54590.49154296875,58685.87629067351,58145.557575421735,540.3187152517712,569.9252164383842,-29.606501186612945,62.730841818884045,59397.595995053205,58398.2626953125,57398.929395571795,3.4224761272595847,490.1904881005748,72.84255531821667,73.75465549348233,154915.0,0.8869379982571087,-0.0002558118690598743,-0.0002558118690598743,0.004315483259424382,BANKNIFTY,2025-11-25 00:00:00+05:30
58783.05078125,59554.94921875,58783.05078125,59528.05078125,140200,0.0,0.0,58463.96015625,57113.5553125,54642.07904296875,58815.44159691605,58247.96447955716,567.4771173588888,569.435596622485,-1.9584792635962458,70.253186669052,59572.97033552412,58463.96015625,57354.949976975884,3.793825037887249,510.312484486248,98.8778747736928,81.7408188669457,149120.0,0.9401824034334764,0.012032410419526629,0.012032410419526629,0.005014243527874431,BANKNIFTY,2025-11-26 00:00:00+05:30
59605.30078125,59866.6015625,59523.0,59737.30078125,137800,0.0,0.0,58531.5626953125,57210.544296875,54689.97580078125,58957.26608681358,58358.28568708996,598.9803997236158,575.3445572427112,23.63584248090467,72.0494277775091,59770.37800693022,58531.5626953125,57292.74738369478,4.232982187974047,498.4045614872303,94.30982496794002,88.67675168661651,148420.0,0.9284463010375961,0.0035151495346108508,0.0035151495346108508,0.005026813114712269,BANKNIFTY,2025-11-27 00:00:00+05:30
59758.69921875,59897.5,59598.94921875,59752.69921875,100000,0.0,0.0,58617.642578125,57302.64625,54737.02404296875,59079.6404148038,58461.57557832404,618.0648364797598,583.8886130901209,34.17622338963895,72.18254597656659,59941.7147076111,58617.642578125,57293.5704486389,4.51765738521944,484.1292914702853,93.71319738413112,95.63363237525465,142270.0,0.7028888732691362,0.000257769221217119,0.000257769221217119,0.004739230841132997,BANKNIFTY,2025-11-28 00:00:00+05:30
60102.05078125,60114.30078125,59527.6015625,59681.3515625,122300,0.0,0.0,58712.892578125,57386.407265625,54783.52029296875,59172.21136060321,58551.92935492966,620.2820056735436,591.1672916068055,29.114714066738088,70.50696096895001,60055.13622224316,58712.892578125,57370.64893400684,4.5722279560051895,491.45571484740776,79.0268345251589,89.0166189590767,132990.0,0.91961801639221,-0.0011940490920552271,-0.0011940490920552271,0.004582413787909603,BANKNIFTY,2025-12-01 00:00:00+05:30
59354.19921875,59656.55078125,59251.94921875,59273.80078125,207100,0.0,0.0,58771.51015625,57457.334296875,54829.0950390625,59187.840502241175,58605.40131243487,582.4391898063041,589.4216712467053,-6.982481440401216,61.69680412422362,60104.186007474316,58771.51015625,57438.83430502568,4.535108414540529,487.02333119759294,59.284034204983904,77.34135537142465,141955.0,1.458913035821211,-0.006828779352009207,-0.006828779352009207,0.004849702239440978,BANKNIFTY,2025-12-02 00:00:00+05:30
59158.69921875,59414.8984375,58925.69921875,59348.25,166400,0.0,0.0,58847.5701171875,57535.122265625,54875.9312890625,59212.51888651176,58660.427141143395,552.0917453683651,581.9556860710372,-29.863940702672153,62.61577784252921,60128.58905579609,58847.5701171875,57566.551178578906,4.353685075042534,487.1787517370506,62.890544429957934,67.0671377200336,141845.0,1.1731114949416617,0.0012560223533624182,0.0012560223533624182,0.004658187747066273,BANKNIFTY,2025-12-03 00:00:00+05:30
59287.1015625,59548.69921875,59062.1484375,59288.69921875,109600,0.0,0.0,58934.292578125,57615.20125,54925.35779296875,59224.238937625334,58706.965813558694,517.2731240666399,569.0191736701578,-51.74604960351792,61.347893219290754,60081.162218447884,58934.292578125,57787.42293780212,3.892028189877935,487.13389670226127,45.2881668323393,55.820915155760396,138805.0,0.7895969165375887,-0.0010034125900931778,-0.0010034125900931778,0.004475728635482616,BANKNIFTY,2025-12-04 00:00:00+05:30
59133.19921875,59806.6015625,59106.55078125,59777.19921875,119500,0.0,0.0,59029.3125,57700.550234375,54976.84654296875,59309.309750106055,58786.24236209138,523.0673880146715,559.8288165390605,-36.76142852438909,67.2128109866839,60123.67778204808,59029.3125,57934.94721795192,3.7078706686549276,502.34224559852834,76.98652493806485,61.72174540012071,137660.0,0.8680807787302048,0.008239344199434173,0.008239344199434173,0.004638867707251008,BANKNIFTY,2025-12-05 00:00:00+05:30
59672.05078125,59713.1484375,59030.6015625,59238.55078125,131200,0.0,0.0,59094.3625,57782.89125,55026.2400390625,59298.42375489743,58819.74668943646,478.6770654609645,543.5984663234414,-64.92140086247684,56.951167787736075,60069.59414536159,59094.3625,58119.13085463842,3.3005911362918443,519.789060645062,40.213712935579444,54.162801568661216,138050.0,0.9503802969938429,-0.009010934679774096,-0.009010934679774096,0.005214515054282282,BANKNIFTY,2025-12-08 00:00:00+05:30
58918.8515625,59358.25,58878.44921875,59222.3515625,137800,0.0,0.0,59148.57265625,57867.814296875,55076.85455078125,59286.720340682434,58849.56927262635,437.1510680560823,522.3089866699695,-85.1579186138872,56.670948078333836,60020.19698548332,59148.57265625,58276.948327016675,2.947237067913329,516.9327549739862,39.107813829205654,52.10268390094999,138960.0,0.9916522740356937,-0.0002734573776089766,-0.0002734573776089766,0.005193206935338856,BANKNIFTY,2025-12-09 00:00:00+05:30
59281.55078125,59440.8984375,58853.8984375,58960.3984375,105200,0.0,0.0,59182.86015625,57959.235234375,55125.36205078125,59236.51697096206,58857.77884039476,378.73813056729705,493.59481544943503,-114.85668488213798,52.19828223393181,59963.475067703344,59182.86015625,58402.24524479665,2.637976297165863,521.9375581901301,21.224622588929275,33.515383117904804,136755.0,0.7692588936419144,-0.0044232138388417,-0.0044232138388417,0.005315660094333095,BANKNIFTY,2025-12-10 00:00:00+05:30
58966.19921875,59423.3515625,58799.8984375,59209.8515625,96900,0.0,0.0,59224.2552734375,58054.212265625,55175.9748046875,59232.41460042943,58883.858301291446,348.55629913798475,464.587112187145,-116.03081304916026,55.77758532799339,59912.99285649529,59224.2552734375,58535.517690379704,2.32586321221906,529.1886701051208,38.25445546402695,32.862297294053974,135540.0,0.7149181053563524,0.004230858874952004,0.004230858874952004,0.005371623728008236,BANKNIFTY,2025-12-11 00:00:00+05:30
59401.5,59545.69921875,59224.8515625,59389.94921875,107700,0.0,0.0,59267.8751953125,58149.29421875,55225.07404296875,59256.650695555676,58921.346517399485,335.3041781561915,438.73052538095436,-103.42634722476288,58.21049505286626,59878.08279672846,59267.8751953125,58657.66759389655,2.059151266702455,515.3785976868978,47.05425515512486,35.511111069360375,135185.0,0.7966860228575655,0.003041683968079134,0.003041683968079134,0.005385317286054294,BANKNIFTY,2025-12-12 00:00:00+05:30
59053.69921875,59533.0,59052.30078125,59461.80078125,125200,0.0,0.0,59292.8302734375,58231.57125,55275.71029296875,59288.21224720096,58961.380166573595,326.8320806273623,416.350836430236,-89.51875580287367,59.17547333451977,59891.793748426564,59292.8302734375,58693.86679844844,2.020357173799442,512.9014991914052,50.985915492957744,45.431542037369866,133570.0,0.937336228194954,0.0012098269731692923,0.0012098269731692923,0.005141304522268428,BANKNIFTY,2025-12-15 00:00:00+05:30
59288.75,59335.25,58966.3515625,59034.6015625,123300,0.0,0.0,59299.5978515625,58300.47828125,55325.9773046875,59249.19521878542,58966.803973679256,282.3912451061624,389.5589181654213,-107.1676730592589,51.553194826887605,59883.48942627387,59299.5978515625,58715.70627685114,1.9692935394703663,511.6549077313048,17.85626190610633,38.632144184729654,132460.0,0.9308470481654839,-0.007184431233786426,-0.007184431233786426,0.005410140770754295,BANKNIFTY,2025-12-16 00:00:00+05:30
59072.80078125,59127.19921875,58801.3984375,58926.75,132700,0.0,0.0,59285.1328125,58356.91625,55377.35130859375,59199.588262049205,58963.83701266598,235.7512493832255,358.79738440898217,-123.04613502575666,49.80885806844034,59890.52483680326,59285.1328125,58679.74078819674,2.0423063779511965,498.37961298264014,9.650892902251796,26.1643567671053,131605.0,1.0083203525701911,-0.0018269211554823306,-0.0018269211554823306,0.00528049264660646,BANKNIFTY,2025-12-17 00:00:00+05:30
58712.69921875,59211.0,58712.69921875,58912.8515625,97400,0.0,0.0,59263.3904296875,58410.38625,55428.87380859375,59155.47492365702,58960.06031265368,195.41461100333981,326.1208297278537,-130.70621872451386,49.57606447889897,59889.12546389179,59263.3904296875,58637.655395483205,2.1117085258451063,498.3739821445944,14.280259747498675,13.92913818528561,130475.0,0.7465031615251964,-0.00023585956293192822,-0.00023585956293192822,0.005248859977095587,BANKNIFTY,2025-12-18 00:00:00+05:30
59047.3984375,59140.55078125,58897.5,59069.19921875,179100,0.0,0.0,59273.4654296875,58471.405234375,55480.50080078125,59142.201738286705,58968.14467606822,174.05706221848232,295.70807622597937,-121.65101400749705,52.2781069742047,59879.572721286175,59273.4654296875,58667.35813808883,2.0451218338757715,480.13661065212335,32.58974642817608,18.840299692642194,133360.0,1.3429814037192562,0.00265388030121283,0.00265388030121283,0.004957378933925677,BANKNIFTY,2025-12-19 00:00:00+05:30
59224.75,59371.19921875,59155.5,59304.0,114800,0.0,0.0,59296.8978515625,58533.64421875,55535.2973046875,59167.09377855029,58993.022848211316,174.070930338974,271.38064704857834,-97.30971670960434,56.08411678432152,59868.708532838915,59296.8978515625,58725.08717028608,1.9286360737043138,467.41256703411455,54.0542567285271,33.641420968067294,129580.0,0.8859391881463189,0.00397501209353579,0.00397501209353579,0.005024990279553538,BANKNIFTY,2025-12-22 00:00:00+05:30
59334.3515625,59402.3515625,59216.75,59299.55078125,91800,0.0,0.0,59320.8603515625,58587.440234375,55591.2235546875,59187.47177896563,59015.728621029,171.74315793663118,251.45314922618894,-79.70999128955776,55.992988165073655,59849.294930027885,59320.8603515625,58792.425773097115,1.7816146810199334,447.2832095673921,53.64752766578941,46.76384360749754,127300.0,0.7211311861743912,-7.502392334413077e-05,-7.502392334413077e-05,0.005023894368145162,BANKNIFTY,2025-12-23 00:00:00+05:30
59322.94921875,59478.1484375,59118.25,59183.6015625,82500,0.0,0.0,59303.637890625,58638.612265625,55645.91556640625,59186.876361047835,59028.16365373055,158.71270731728146,232.90506084440744,-74.19235352712599,53.55095866289379,59826.36063862731,59303.637890625,58780.915142622696,1.7628690805322118,441.0414401340069,43.04793260938655,50.24990566790103,124415.0,0.6631033235542338,-0.0019553136106835733,-0.0019553136106835733,0.004233328135774316,BANKNIFTY,2025-12-24 00:00:00+05:30
59092.8515625,59180.6484375,58947.05078125,59011.3515625,72900,0.0,0.0,59267.3404296875,58688.9103125,55698.522578125,59159.872545886625,59026.918313639406,132.9542322472189,212.91489512496975,-79.96066287775085,50.058200006173394,59764.77646334184,59267.3404296875,58769.90439603316,1.6786177009055387,426.43496449943495,29.851824375768697,42.18242821698156,121170.0,0.6016340678385739,-0.0029104345705980306,-0.0029104345705980306,0.004173421098902068,BANKNIFTY,2025-12-26 00:00:00+05:30
59007.05078125,59140.3984375,58809.55078125,58932.3515625,106900,0.0,0.0,59226.323046875,58731.559375,55750.04583984375,59124.8693176733,59019.91336911056,104.95594856273965,191.32310581252375,-86.3671572497841,48.49591930401149,59691.12599674783,59226.323046875,58761.52009700216,1.5695823274558671,419.6072996244753,26.368828781512605,33.089528588889294,121515.0,0.8797267827017241,-0.0013387254809158478,-0.0013387254809158478,0.004171360803399815,BANKNIFTY,2025-12-29 00:00:00+05:30
58885.94921875,59272.69921875,58737.6015625,59171.25,295700,0.0,0.0,59200.81796875,58766.533359375,55803.41458984375,59132.00480726203,59031.12348991718,100.88131734484341,173.23474811898768,-72.35343077414427,53.247713235023895,59616.313052068544,59200.81796875,58785.32288543146,1.4036802111006914,427.8566108120127,55.04811299519808,37.089588717493136,130185.0,2.2713830318393056,0.0040537740505168784,0.0040537740505168784,0.004300553552507371,BANKNIFTY,2025-12-30 00:00:00+05:30
59194.6015625,59766.19921875,59187.1015625,59581.8515625,122600,0.0,0.0,59216.2205078125,58803.903359375,55860.23984375,59201.21200037556,59071.918161960355,129.29383841520757,164.44656617823168,-35.1527277630241,60.06701226999904,59663.05295197107,59216.2205078125,58769.388063653925,1.5091555669265333,439.79179709329753,82.5014089938301,54.63945025684694,125960.0,0.9733248650365195,0.006939207174092132,0.006939207174092132,0.004322623873318553,BANKNIFTY,2025-12-31 00:00:00+05:30
59757.3984375,60203.75,59738.25,60150.94921875,250400,0.0,0.0,59256.35546875,58846.258359375,55921.72484375,59347.32541858702,59151.84638838922,195.47903019779915,170.65305898214518,24.825971215653965,67.20661446868037,59860.071600755444,59256.35546875,58652.639336744556,2.0376417929510544,452.7994142652048,96.45882072468818,78.00278090457213,130160.0,1.9237861094038107,0.009551526871450555,0.009551526871450555,0.004794634160408,BANKNIFTY,2026-01-02 00:00:00+05:30
60360.3984375,60437.3515625,59859.80078125,60044.19921875,318500,0.0,0.0,59294.13046875,58886.998359375,55981.66259765625,59454.53677245825,59217.94659804557,236.59017441267497,183.84048206825113,52.749692344423835,64.86394332804218,59988.8935195764,59294.13046875,58599.367417923604,2.343446291678266,461.7102261926902,77.20396547311393,85.38806506387739,140605.0,2.2652110522385405,-0.0017747018357396893,-0.0017747018357396893,0.004811981662406669,BANKNIFTY,2026-01-05 00:00:00+05:30
59957.80078125,60305.0,59844.80078125,60118.3984375,295400,0.0,0.0,59311.1904296875,58927.8053125,56041.95259765625,59556.66933631082,59284.64673430145,272.0226020093687,201.47690605647466,70.54569595289405,65.75741739868451,60066.66642609042,59311.1904296875,58555.71443328458,2.547499016390598,461.6022970896409,81.506236537708,85.05634091183673,149400.0,1.9772423025435073,0.0012357433310032917,0.0012357433310032917,0.0044730822914428175,BANKNIFTY,2026-01-06 00:00:00+05:30
60039.69921875,60065.3984375,59760.6484375,59990.8515625,376300,0.0,0.0,59348.80546875,58973.6303125,56100.13611328125,59623.46660187839,59336.9582030569,286.5083988214901,218.48320460947778,68.02519421201234,62.80109805457885,60159.00110183651,59348.80546875,58538.60983566348,2.7302845497475805,454.1842758689523,74.11072430811463,77.60697543964552,161655.0,2.3277968513191674,-0.002121594691724904,-0.002121594691724904,0.003953940451243734,BANKNIFTY,2026-01-07 00:00:00+05:30
59893.1484375,60112.8515625,59564.80078125,59686.5,312900,0.0,0.0,59372.012890625,59005.0753125,56151.99611328125,59633.16404774325,59362.85018801565,270.3138597276047,228.84933563310318,41.46452409450154,56.29706489665908,60192.90997757206,59372.012890625,58551.115803677945,2.7652661480732097,460.8890262533128,56.46359886843136,70.69351990475134,170410.0,1.8361598497740743,-0.005073299587736613,-0.005073299587736613,0.004152875998880708,BANKNIFTY,2026-01-08 00:00:00+05:30
59558.1484375,59739.6484375,59154.19921875,59251.55078125,272500,0.0,0.0,59386.5705078125,59025.824296875,56199.740859375,59574.454314436596,59354.60578751449,219.84852692210552,227.04917389090366,-7.200646968798139,48.55745412046026,60187.845281432754,59386.5705078125,58585.29573419225,2.6985049541287807,469.786182860219,30.236753566700987,53.603692247749,178775.0,1.5242623409313383,-0.007287229419550512,-0.007287229419550512,0.00437151759997321,BANKNIFTY,2026-01-09 00:00:00+05:30
59217.25,59541.1015625,58864.19921875,59450.5,262400,0.0,0.0,59398.6029296875,59047.129296875,56246.6791015625,59555.38441990789,59361.709062513415,193.6753573944734,220.37441059161762,-26.699053197144224,51.82022446422513,60196.12009251428,59398.6029296875,58601.08576686072,2.6853061300813117,484.5801943523462,41.94137005441977,42.88057416318404,187050.0,1.4028334669874365,0.003357704838553577,0.003357704838553577,0.00433392405566637,BANKNIFTY,2026-01-12 00:00:00+05:30
59767.55078125,59767.55078125,59312.05078125,59578.80078125,224200,0.0,0.0,59408.0455078125,59078.08328125,56291.6053515625,59558.98693703744,59377.78993056798,181.19700646946148,212.5389297671864,-31.341923297724918,53.85295448036711,60209.392031905314,59408.0455078125,58606.69898371969,2.697771041760433,482.5030376128929,49.489584865421385,40.555902828847394,192875.0,1.1624108878807518,0.0021581110545747517,0.0021581110545747517,0.004307984027347,BANKNIFTY,2026-01-13 00:00:00+05:30
59330.3515625,59796.6484375,59324.19921875,59580.1484375,341500,0.0,0.0,59413.962890625,59114.15921875,56330.98134765625,59562.24255249322,59392.779449599984,169.46310289323446,203.92376439239604,-34.460661499161574,53.87496782952984,60218.55107584473,59413.962890625,58609.37470540527,2.708414473886858,481.78490769411485,49.5688704221209,46.999941780654034,203690.0,1.6765673327114734,2.261972769379561e-05,2.261972769379561e-05,0.004301040397591061,BANKNIFTY,2026-01-14 00:00:00+05:30
59590.3515625,60235.1484375,59510.5,60095.1484375,478100,0.0,0.0,59466.990234375,59154.033203125,56373.41734375,59644.22807326349,59444.80678203703,199.42129122646293,203.02326975920943,-3.6019785327465,61.444096500904614,60303.73051513921,59466.990234375,58630.24995361079,2.8141336141829063,499.13230268024955,79.86744374172673,59.64196634308968,221430.0,2.1591473603396105,0.008643818679643589,0.008643818679643589,0.00434455250235409,BANKNIFTY,2026-01-16 00:00:00+05:30
60093.30078125,60107.5,59594.6015625,59891.3515625,492900,0.0,0.0,59515.2203125,59195.31921875,56416.8291015625,59682.24707160757,59477.88417318243,204.36289842514088,203.29119549239573,1.0717029327451542,57.42796773883673,60332.82311392847,59515.2203125,58697.617511071534,2.747541879658458,500.11559802451745,67.87762906309752,65.77131440898172,239440.0,2.058553291012362,-0.003391236735390546,-0.003391236735390546,0.004409813497790181,BANKNIFTY,2026-01-19 00:00:00+05:30
59851.3984375,59993.5,59283.94921875,59404.19921875,396100,0.0,0.0,59539.7876953125,59232.318203125,56455.97083984375,59639.47047886025,59472.42602840965,167.044450450594,196.0418464840354,-28.99739603344139,49.1568619418176,60311.769320849555,59539.7876953125,58767.80606977545,2.593162170774185,515.0752539691947,39.21739410207383,62.320822302299376,254375.0,1.557149877149877,-0.008133934717463043,-0.008133934717463043,0.004841943239529078,BANKNIFTY,2026-01-20 00:00:00+05:30
59142.0,59447.3515625,58278.6015625,58800.30078125,331700,0.0,0.0,59526.3427734375,59250.788203125,56492.1480859375,59510.367448458666,59422.63897306449,87.72847539417853,174.37917226606405,-86.65069687188551,41.229449448408744,60338.93740966714,59526.3427734375,58713.74813720786,2.7302017841829955,561.7663072571094,24.166726983207877,43.75391671612642,262005.0,1.2660063739241618,-0.010165921693114699,-0.010165921693114699,0.005353132663135071,BANKNIFTY,2026-01-21 00:00:00+05:30
59194.25,59573.1015625,58823.05078125,59200.1015625,300700,0.0,0.0,59521.1478515625,59276.03921875,56534.01109375,59462.63423523426,59406.15472043008,56.479514804181235,150.7992407736875,-94.31972596950627,47.2899081344917,60340.66081530307,59521.1478515625,58701.63488782193,2.7536866922806045,576.8401982566015,42.686740011580774,35.35695369895417,271300.0,1.108367121267969,0.0067992982338194174,0.0067992982338194174,0.0055045772946564625,BANKNIFTY,2026-01-22 00:00:00+05:30
59305.1484375,59400.1484375,58346.25,58473.1015625,0,0.0,0.0,59479.825390625,59282.73828125,56569.63634765625,59310.398439428995,59337.03967169452,-26.641232265523286,115.31114616584536,-141.95237843136863,39.34466725523473,60415.04219282461,59479.825390625,58544.6085884254,3.1446521440091835,610.9157867739871,9.009843659525188,25.287770218104622,266710.0,0.0,-0.01228038433738965,-0.01228038433738965,0.00614419661900271,BANKNIFTY,2026-01-23 00:00:00+05:30
