Open,High,Low,Close,Volume,Dividends,Stock Splits,sma_20,sma_50,sma_200,ema_12,ema_26,macd,macd_signal,macd_diff,rsi,bb_high,bb_mid,bb_low,bb_width,atr,stoch_k,stoch_d,volume_sma,volume_ratio,returns,log_returns,volatility_20,symbol,timestamp
77.12000274658203,77.52999877929688,74.91000366210938,75.33000183105469,429647,0.0,0.0,83.69950065612792,86.22140014648437,78.21580017089843,80.99481091953848,83.24321814446404,-2.2484072249255576,-1.3836049565688031,-0.8648022683567544,32.48532872535229,91.08362834486651,83.69950065612792,76.31537296738934,17.64437692185436,2.960722024779309,2.646492111963202,3.8111371209325706,315857.35,1.360256457543255,-0.026366819737737024,-0.026366819737737024,0.025792738291344208,CRUDEOIL,2023-11-08 00:00:00-05:00
75.6500015258789,77.16000366210938,75.20999908447266,75.73999786376953,303430,0.0,0.0,83.34100036621093,86.1036001586914,78.1937501525879,80.18637814172787,82.68742404959778,-2.5010459078699085,-1.6070931468290244,-0.8939527610408842,33.676342706231424,91.4992678129004,83.34100036621093,75.18273291952147,19.578040606282627,2.8885279214119812,6.203246427783318,3.631691173235366,312354.25,0.9714290745203563,0.005442665906664423,0.005442665906664423,0.025887439812355004,CRUDEOIL,2023-11-09 00:00:00-05:00
75.58999633789062,77.7300033569336,75.30999755859375,77.16999816894531,266998,0.0,0.0,82.81500015258788,85.97440017700195,78.17455013275146,79.72231968437671,82.27872583621613,-2.5564061518394112,-1.796955747831102,-0.7594504040083092,37.797931748583764,91.1387080190683,82.81500015258788,74.49129228610747,20.101932865166606,2.855062055478257,19.841919472707666,9.563886004151385,307861.0,0.8672680203078662,0.01888038480998988,0.01888038480998988,0.022201437785908856,CRUDEOIL,2023-11-10 00:00:00-05:00
77.1500015258789,78.63999938964844,76.20999908447266,78.26000213623047,262903,0.0,0.0,82.39500007629394,85.8286001586914,78.16745014190674,79.49734775389268,81.98104259918016,-2.4836948452874736,-1.9343035673223765,-0.5493912779650971,40.81697947456698,90.74792192306815,82.39500007629394,74.04207822951973,20.275312431676173,2.8247005018852227,30.482248637781407,18.842471512757452,309217.15,0.8502212765365698,0.014124711586734229,0.014124711586734229,0.022607191153514835,CRUDEOIL,2023-11-13 00:00:00-05:00
78.52999877929688,79.7699966430664,77.79000091552734,78.26000213623047,263002,0.0,0.0,81.975,85.66000015258788,78.1692501449585,79.30698688963696,81.705409972295,-2.3984230826580415,-2.0271274703895097,-0.3712956122685318,40.81697947456698,90.27242692630868,81.975,73.6775730736913,20.243798539331966,2.7643644465747825,30.482248637781407,26.935472249423484,312511.05,0.8415766418499442,0.0,0.0,0.022607191153514835,CRUDEOIL,2023-11-14 00:00:00-05:00
78.16999816894531,78.7699966430664,76.30999755859375,76.66000366210938,282301,0.0,0.0,81.39200019836426,85.44240020751953,78.15820014953613,78.89975870078655,81.33167617154051,-2.431917470753959,-2.1080854704623997,-0.3238320002915591,37.70176672495805,89.45957551635773,81.39200019836426,73.32442488037078,19.824000634783783,2.7426240635674874,15.92356997419612,25.629355749919636,321986.25,0.8767486189239447,-0.020444651551834947,-0.020444651551834947,0.02212396270706935,CRUDEOIL,2023-11-15 00:00:00-05:00
76.5999984741211,76.62999725341797,72.16000366210938,72.9000015258789,125165,0.0,0.0,80.5685001373291,85.16300018310547,78.14065013885498,77.97671913541615,80.70710767926928,-2.730388543853138,-2.232546085140547,-0.4978424587125909,31.5984508594846,88.57264065759877,80.5685001373291,72.56435961705942,19.869156076200017,2.8681509161698098,5.631643060444084,17.345820557473857,324641.6,0.3855482476675818,-0.049047768805272285,-0.049047768805272285,0.02356112985791197,CRUDEOIL,2023-11-16 00:00:00-05:00
72.97000122070312,75.98999786376953,72.75,75.88999938964844,101484,0.0,0.0,79.92550010681153,84.93060012817382,78.14070014953613,77.65568532837496,80.35028484300108,-2.6945995146261197,-2.324956771037662,-0.3696427435884577,39.92668981745039,87.2332189820744,79.92550010681153,72.61778123154865,18.286326305113953,2.8947114124269326,32.604872544370885,18.053361859670353,314119.95,0.32307403588979305,0.04101505900117308,0.04101505900117308,0.026170334291325915,CRUDEOIL,2023-11-17 00:00:00-05:00
75.6500015258789,78.22000122070312,75.6500015258789,77.5999984741211,270638,0.0,0.0,79.5310001373291,84.7368000793457,78.16175014495849,77.64711812002821,80.14655992678775,-2.4994418067595348,-2.3598537781820363,-0.1395880285774984,44.11727343463817,86.43528132855226,79.5310001373291,72.62671894610594,17.362490549097302,2.871517718312453,47.55242376770884,28.59631312417459,311876.0,0.8677743718657415,0.022532601109836126,0.022532601109836126,0.02603744221905766,CRUDEOIL,2023-11-20 00:00:00-05:00
77.6500015258789,77.91999816894531,76.91999816894531,77.7699966430664,238629,0.0,0.0,79.23250007629395,84.51540008544922,78.18005012512207,77.66602250818794,79.97051820206765,-2.3044956938797156,-2.348782161321572,0.04428646744185638,44.53153263527182,85.89506594169828,79.23250007629395,72.56993421088961,16.817760032786712,2.7378378812901345,49.038422421893706,43.06523957799114,305277.9,0.7816779400015527,0.0021906980964954137,0.0021906980964954137,0.025798142783194325,CRUDEOIL,2023-11-21 00:00:00-05:00
77.7699966430664,77.97000122070312,73.79000091552734,77.0999984741211,389325,0.0,0.0,78.81800003051758,84.28700012207031,78.17985012054443,77.57894188756227,79.75788711110864,-2.1789452235463784,-2.314814773766533,0.1358695502201548,43.17314925262789,84.90315375223393,78.81800003051758,72.73284630880123,15.441025449415713,2.840849482996252,43.18179241501791,46.59087953487347,303271.2,1.2837519685350933,-0.008615124056393308,-0.008615124056393308,0.0252359118904224,CRUDEOIL,2023-11-22 00:00:00-05:00
76.79000091552734,77.08999633789062,75.06999969482422,75.54000091552734,281147,0.0,0.0,78.43450012207032,83.99460006713868,78.16520011901855,77.26525866109536,79.44545109662114,-2.1801924355257825,-2.287890306118383,0.10769787059260061,40.10557915146652,84.327880442344,78.43450012207032,72.54111980179664,15.027520570926335,2.7829315755891533,33.53173807244144,41.91731763645101,300238.95,0.936410815452159,-0.020233431770006693,-0.020233431770006693,0.02503378356019287,CRUDEOIL,2023-11-24 00:00:00-05:00
75.30999755859375,76.2300033569336,74.05999755859375,74.86000061035156,289562,0.0,0.0,77.90050010681152,83.67640014648437,78.14920013427735,76.89521896098093,79.10578809763821,-2.210569136657284,-2.272426072226163,0.061856935568878946,38.811066739554946,83.0043308819152,77.90050010681152,72.79666933170785,13.103460871510892,2.7391511629284886,30.371171356727857,35.69490061472906,298029.05,0.9715898500498525,-0.009001857253565504,-0.009001857253565504,0.023842446396127124,CRUDEOIL,2023-11-27 00:00:00-05:00
75.06999969482422,77.0199966430664,74.63999938964844,76.41000366210938,286618,0.0,0.0,77.60550041198731,83.37500015258789,78.13265014648438,76.82057045346222,78.90610036167311,-2.085529908210887,-2.235046839423108,0.14951693121222087,43.3033482895555,82.32318752284884,77.60550041198731,72.88781330112577,12.158125611758356,2.713497312249166,55.84762049892878,39.916843309366016,294513.55,0.9731912164992069,0.02070535718835509,0.02070535718835509,0.02337128061772455,CRUDEOIL,2023-11-28 00:00:00-05:00
76.55999755859375,78.08999633789062,75.66999816894531,77.86000061035156,322170,0.0,0.0,77.44750061035157,83.10820022583007,78.12125015258789,76.98048278529136,78.82861149120484,-1.8481287059134814,-2.1576632127211828,0.30953450680770134,47.2079926138888,81.90147783239752,77.44750061035157,72.99352338830562,11.501926303482632,2.6925330877274622,74.90147444952514,53.706755435060586,293321.7,1.0983503777592998,0.018976532898155263,0.018976532898155263,0.02369957630046605,CRUDEOIL,2023-11-29 00:00:00-05:00
77.75,79.5999984741211,75.05000305175781,75.95999908447266,559169,0.0,0.0,77.22350044250489,82.8218002319336,78.10575016021728,76.82348529285771,78.61612168329874,-1.7926363904410323,-2.0846578482651528,0.2920214578241205,43.026497378355984,81.50003262522586,77.22350044250489,72.94696825978392,11.075727358163391,2.825208968772878,49.93428288136732,60.227792609940394,305200.55,1.832136278915618,-0.02440279361655051,-0.02440279361655051,0.024215954620780578,CRUDEOIL,2023-11-30 00:00:00-05:00
75.58999633789062,76.76000213623047,73.93000030517578,74.06999969482422,358976,0.0,0.0,76.80400047302246,82.51060028076172,78.08315017700195,76.39987212392948,78.2793719063747,-1.8794997824452224,-2.0436262351011667,0.16412645265594428,39.29764653047564,80.55760359534688,76.80400047302246,73.05039735069803,9.774498982361942,2.825551316078722,25.098525550474857,49.9780942937891,307793.25,1.1662893841888995,-0.024881508852397816,-0.024881508852397816,0.023783344722885336,CRUDEOIL,2023-12-01 00:00:00-05:00
74.58000183105469,75.02999877929688,72.62999725341797,73.04000091552734,388832,0.0,0.0,76.43050041198731,82.17080032348633,78.05590019226074,75.88296886109839,77.89127035149713,-2.008301490398736,-2.0365612861606808,0.028259795761944595,37.39560784761929,80.12078171370065,76.43050041198731,72.74021911027397,9.656567160548276,2.795154902493021,11.563706505643852,28.865504979161997,304370.8,1.277494424563723,-0.013905748393959416,-0.013905748393959416,0.023480897316334504,CRUDEOIL,2023-12-04 00:00:00-05:00
73.30000305175781,74.12000274658203,72.0199966430664,72.31999969482422,358703,0.0,0.0,76.0055004119873,81.8236003112793,78.0358002090454,75.33481975859466,77.47858363618802,-2.143763877593358,-2.0580018044472164,-0.08576207314614148,36.080952234446094,79.52989802351324,76.0055004119873,72.48110280046136,9.27405935734116,2.7455014168517784,3.9578229457507907,13.54001833395649,308749.4,1.1617933508534752,-0.009857628856492329,-0.009857628856492329,0.02342144285330726,CRUDEOIL,2023-12-05 00:00:00-05:00
72.0999984741211,72.5999984741211,69.11000061035156,69.37999725341797,436803,0.0,0.0,75.6060001373291,81.40340026855469,78.00190017700196,74.4186932193367,76.87868834857542,-2.4599951292387203,-2.1384004694055174,-0.3215946598332029,31.249924629416185,80.09933539556896,75.6060001373291,71.11266487908925,11.886186943042233,2.798679734488761,2.5738484084817936,6.031792619958803,310775.1,1.4055276629305244,-0.04065268879718564,-0.04065268879718564,0.02325422012999352,CRUDEOIL,2023-12-06 00:00:00-05:00
69.27999877929688,70.4800033569336,68.80000305175781,69.33999633789062,339000,0.0,0.0,75.3064998626709,80.91660018920898,77.97885017395019,73.63735523757578,76.32026671815433,-2.6829114805785537,-2.2473026716401248,-0.4356088089384289,31.188736632635454,80.56659356856268,75.3064998626709,70.04640615677913,13.969826550122752,2.7187740609664055,4.999939953813887,3.843870436015481,306242.75,1.1069649812118,-0.0005765482431663305,-0.0005765482431663305,0.022726428274908568,CRUDEOIL,2023-12-07 00:00:00-05:00
69.76000213623047,71.62999725341797,69.5,71.2300033569336,302250,0.0,0.0,75.0810001373291,80.5070002746582,77.95805019378662,73.26699340978467,75.94321017287872,-2.6762167630940468,-2.3330854899309093,-0.3431312731631375,37.423326675082365,80.6263735187266,75.0810001373291,69.5356267559316,14.77170887775754,2.6881474077207583,22.500012362450082,10.024600241581911,306183.75,0.9871523227473699,0.027257097185772183,0.027257097185772183,0.02370039369294426,CRUDEOIL,2023-12-08 00:00:00-05:00
71.1500015258789,71.80999755859375,70.3499984741211,71.31999969482422,274414,0.0,0.0,74.78850021362305,80.11760025024414,77.93305019378663,72.96745591517538,75.60075013746727,-2.6332942222918945,-2.3931272364031067,-0.24016698588878782,37.7127235356949,80.47754085578099,74.78850021362305,69.09945957146512,15.213677573177623,2.600422527488751,23.333312140561763,16.94442148560857,306554.55,0.895155527784533,0.0012634610929280754,0.0012634610929280754,0.023173862132681685,CRUDEOIL,2023-12-11 00:00:00-05:00
71.43000030517578,71.95999908447266,68.22000122070312,68.61000061035156,324530,0.0,0.0,74.30600013732911,79.7134002685547,77.8977001953125,72.29707817597172,75.08291683916241,-2.785838663190688,-2.471669521760623,-0.31416914143006514,32.79446962999697,80.360623534653,74.30600013732911,68.25137674000521,16.296458929653067,2.6818207657945208,3.427060490118323,16.42012833104338,309635.9,1.0481019804228127,-0.03799774391571298,-0.03799774391571298,0.023983141738140715,CRUDEOIL,2023-12-12 00:00:00-05:00
68.7300033569336,69.88999938964844,67.70999908447266,69.47000122070312,306996,0.0,0.0,73.86650009155274,79.31820022583008,77.85980018615723,71.86214325977654,74.66714531186913,-2.80500205209259,-2.5383360278270164,-0.2666660242655734,35.66198025929566,79.9850272072343,73.86650009155274,67.74797297587118,16.566446516615898,2.6459764471788962,14.80237364656844,13.85424875908283,311835.6,0.9844802838418706,0.012534624729646282,0.012534624729646282,0.0243174430061809,CRUDEOIL,2023-12-13 00:00:00-05:00
69.8499984741211,72.45999908447266,69.54000091552734,71.58000183105469,275688,0.0,0.0,73.6125,79.06540023803711,77.82925018310547,71.81873688612703,74.43846801699398,-2.6197311308669526,-2.554615048435004,-0.06511608243194855,42.18041738356934,79.66751381489794,73.6125,67.55748618510205,16.451047892404,2.6705494055067986,32.5483847371035,16.925939624596747,311504.95,0.885019644150117,0.030372831053337546,0.030372831053337546,0.025325030675824416,CRUDEOIL,2023-12-14 00:00:00-05:00
71.61000061035156,72.22000122070312,70.30000305175781,71.43000030517578,95513,0.0,0.0,73.53899993896485,78.84780029296876,77.7956001663208,71.75893125828837,74.2156185568593,-2.4566872985709267,-2.535029498462189,0.07834219989126234,41.855757390175306,79.66212932116582,73.53899993896485,67.41587055676388,16.652740416059466,2.6169386028952637,31.286807499265294,26.21252196097907,310022.35,0.3080842397330386,-0.002095578681779675,-0.002095578681779675,0.022903569438177774,CRUDEOIL,2023-12-15 00:00:00-05:00
71.68000030517578,74.26000213623047,70.63999938964844,72.47000122070312,73941,0.0,0.0,73.36800003051758,78.64140029907226,77.75955017089844,71.86832663712141,74.08631356899588,-2.2179869318744636,-2.471620985144644,0.2536340532701802,45.01570093602718,79.40942879571237,73.36800003051758,67.32657126532278,16.468838629053124,2.6885860417300327,40.03366173739738,34.62295132458872,308645.2,0.2395663370109109,0.014559721560745809,0.014559721560745809,0.021052546256293728,CRUDEOIL,2023-12-18 00:00:00-05:00
72.4800033569336,74.01000213623047,71.8499984741211,73.44000244140625,230042,0.0,0.0,73.16000022888184,78.38260040283203,77.7244501876831,72.1101229147037,74.0384386706559,-1.9283157559522124,-2.3629599393061573,0.43464418335394495,47.86181161921695,78.88231449490249,73.16000022888184,67.4376859628612,15.643286626895367,2.650830157471414,48.191788486736144,39.837419241132935,306615.4,0.75026238081975,0.013384865521790745,0.013384865521790745,0.0205835574816078,CRUDEOIL,2023-12-19 00:00:00-05:00
74.05999755859375,75.37000274658203,73.5999984741211,74.22000122070312,273364,0.0,0.0,72.98250045776368,78.14760040283203,77.70765018463135,72.43471957716514,74.05188774843718,-1.6171681712720414,-2.213801585699334,0.5966334144272927,50.09863573854301,78.32975797137651,72.98250045776368,67.63524294415085,14.653533326683943,2.599342310878869,71.93370100539369,53.386383743175735,308352.15,0.8865318435431696,0.010620898057828843,0.010620898057828843,0.02077118217744513,CRUDEOIL,2023-12-20 00:00:00-05:00
73.80999755859375,74.58000183105469,72.44000244140625,73.88999938964844,251982,0.0,0.0,72.82200050354004,77.95560043334962,77.69380016326905,72.65860877908565,74.03989601815654,-1.3812872390708861,-2.0472987163736445,0.6660114773027583,49.138126374828374,77.84833861940517,72.82200050354004,67.79566238767491,13.804449427672036,2.566532102219552,80.67881658784955,66.93476869332646,301485.0,0.8358027762575253,-0.004446265502925373,-0.004446265502925373,0.020723511483179358,CRUDEOIL,2023-12-21 00:00:00-05:00
73.91000366210938,74.9800033569336,73.38999938964844,73.55999755859375,222600,0.0,0.0,72.72300033569336,77.7686003112793,77.6830001449585,72.79728397593306,74.00434798411486,-1.2070640081818027,-1.8792517747352762,0.6721877665534735,48.14408755052019,77.607290806663,72.72300033569336,67.83870986472371,13.432587897703597,2.496780092581381,76.37070074859663,76.32773944727995,298557.65,0.745584646717309,-0.004466123071871553,-0.004466123071871553,0.02028539530431739,CRUDEOIL,2023-12-22 00:00:00-05:00
73.55999755859375,76.18000030517578,73.12999725341797,75.56999969482422,208715,0.0,0.0,72.758500289917,77.52620025634765,77.67745014190673,73.22385562499323,74.12032218490815,-0.8964665599149129,-1.6826947317712038,0.7862281718562909,54.21893650384287,77.71420200140103,72.758500289917,67.80279857843296,13.622330564091655,2.53629601823684,92.79810481183232,83.28254071609283,294515.3,0.708672860119661,0.027324662900232166,0.027324662900232166,0.02115133681658752,CRUDEOIL,2023-12-26 00:00:00-05:00
75.31999969482422,75.66000366210938,73.7699966430664,74.11000061035156,253323,0.0,0.0,72.6435001373291,77.2752001953125,77.6740001296997,73.36018562274067,74.11955762382988,-0.7593720010892042,-1.498030185634804,0.7386581845455997,49.667483070138424,77.35568588925202,72.6435001373291,67.93131438540618,12.97345459129792,2.4901325182944207,75.56080995874542,81.57653850639144,292850.55,0.8650248394616299,-0.019319823876784437,-0.019319823876784437,0.021050752199057055,CRUDEOIL,2023-12-27 00:00:00-05:00
73.80000305175781,74.4000015258789,71.72000122070312,71.7699966430664,262748,0.0,0.0,72.33899993896485,76.97740005493164,77.67620010375977,73.11554116432924,73.94551606969925,-0.8299749053700083,-1.364419129581845,0.5344442242118368,43.38176345501227,76.40643639345299,72.33899993896485,68.2715634844767,11.245487103554087,2.5036945030716606,47.93384856509755,72.09758777855842,289879.45,0.9064043691265455,-0.0315747395495003,-0.0315747395495003,0.021515776287798685,CRUDEOIL,2023-12-28 00:00:00-05:00
71.98999786376953,72.62000274658203,71.25,71.6500015258789,214486,0.0,0.0,72.12350006103516,76.64400009155274,77.6964001083374,72.89007352764457,73.7754779553422,-0.8854044276976225,-1.2686161892050005,0.383211761507378,43.080672994973064,75.84249123096842,72.12350006103516,68.4045088911019,10.312841630775077,2.4227165204652583,46.51714136446342,56.67059996276879,272645.3,0.7866851179902973,-0.0016719398467338609,-0.0016719398467338609,0.02096590660103134,CRUDEOIL,2023-12-29 00:00:00-05:00
71.70999908447266,73.63999938964844,70.05999755859375,70.37999725341797,330992,0.0,0.0,71.93899993896484,76.26419998168946,77.70655010223389,72.50390794699433,73.52396086631077,-1.0200529193164414,-1.2189035352272888,0.1988506159108474,39.92251416269937,75.61934263836545,71.93899993896484,68.25865723956423,10.231842818285276,2.5053797569359317,31.522996270874994,41.991328733478646,271246.1,1.2202645494257798,-0.01772511158987533,-0.01772511158987533,0.020625841255137292,CRUDEOIL,2024-01-02 00:00:00-05:00
70.5,73.2300033569336,69.27999877929688,72.69999694824219,334861,0.0,0.0,71.92199974060058,75.9431999206543,77.73635009765626,72.53407548564785,73.4629265020094,-0.9288510163615484,-1.1608930314541408,0.23204201509259237,47.49471216650643,75.5849424124972,71.92199974060058,68.25905706870397,10.18587549041369,2.608567244128845,58.91377974742834,45.651305794255585,268547.55,1.2469337366883444,0.03296390715206443,0.03296390715206443,0.02186880430697302,CRUDEOIL,2024-01-03 00:00:00-05:00
73.04000091552734,74.0,71.05999755859375,72.19000244140625,344467,0.0,0.0,71.91549987792969,75.67720001220704,77.75910011291504,72.48114117114915,73.3686358308536,-0.8874946597044584,-1.1062133571042043,0.21871869739974592,46.11861616387803,75.57605507100595,71.91549987792969,68.25494468485343,10.18015643161693,2.632241186791517,42.173956791099485,44.20357760313427,267835.75,1.2861128508796902,-0.007015055409136051,-0.007015055409136051,0.021810560706333918,CRUDEOIL,2024-01-04 00:00:00-05:00
72.4000015258789,74.23999786376953,72.20999908447266,73.80999755859375,325525,0.0,0.0,72.13699989318847,75.47860000610352,77.78150009155273,72.68558061537139,73.40132929216769,-0.7157486767962951,-1.0281204210426225,0.3123717442463274,50.977452186319326,75.69164261435556,72.13699989318847,68.58235717202139,9.85525521280441,2.5906522036180712,65.65214170325642,55.57995941392807,262271.85,1.2411739956079924,0.022440712874367774,0.022440712874367774,0.020095725904826313,CRUDEOIL,2024-01-05 00:00:00-05:00
73.51000213623047,73.94999694824219,70.12999725341797,70.7699966430664,392249,0.0,0.0,72.20849990844727,75.18619995117187,77.78085006713867,72.39087538886294,73.20641576260464,-0.8155403737416975,-0.9856044115824376,0.1700640378407401,43.11946130993628,75.58845991796176,72.20849990844727,68.82853989893277,9.361667985901722,2.678462738704225,21.594167163314342,43.14008855255674,264934.3,1.4805519708093668,-0.041186844818875024,-0.041186844818875024,0.022423956866299156,CRUDEOIL,2024-01-08 00:00:00-05:00
70.91000366210938,72.93000030517578,70.47000122070312,72.23999786376953,363445,0.0,0.0,72.25899963378906,74.96679992675782,77.79225006103516,72.36766346192549,73.13482925157982,-0.767165789654328,-0.9419166871968158,0.17475089754248774,47.346077285806935,75.60901994728745,72.25899963378906,68.90897932029067,9.272257657804293,2.662858191973399,42.89852796946474,43.38161227867849,267994.05,1.3561681686589684,0.020771531587279624,0.020771531587279624,0.02207237609289836,CRUDEOIL,2024-01-09 00:00:00-05:00
72.16999816894531,73.58999633789062,71.01000213623047,71.37000274658203,352772,0.0,0.0,72.26149978637696,74.6833999633789,77.80280006408691,72.21417719802649,73.00410136232072,-0.7899241642942343,-0.9115181826162996,0.12159401832206529,45.20515522402712,75.60878674954841,72.26149978637696,68.9142128232055,9.264371686352684,2.656939335522453,30.28990587098365,31.594200334587565,271911.95,1.2973758600900034,-0.012043122133366335,-0.012043122133366335,0.022261752665392105,CRUDEOIL,2024-01-10 00:00:00-05:00
71.33000183105469,73.80999755859375,71.16999816894531,72.0199966430664,373645,0.0,0.0,72.4319995880127,74.47759994506836,77.79885005950928,72.18430326649417,72.93120471645004,-0.746901449955871,-0.878594836084214,0.13169338612834292,47.128749961157766,75.3359666662574,72.4319995880127,69.528032509768,8.018464476370202,2.655729339388595,39.71010518610743,37.63284634218526,274367.7,1.3618403332462239,0.009107382254031071,0.009107382254031071,0.020415053159806816,CRUDEOIL,2024-01-11 00:00:00-05:00
73.01000213623047,75.25,72.36000061035156,72.68000030517578,403636,0.0,0.0,72.59249954223633,74.31080001831054,77.79625007629394,72.26056434936827,72.91259698228158,-0.6520326329133184,-0.8332823954500349,0.18124976253671654,49.08333937349456,75.15913115893937,72.59249954223633,70.02586792553328,7.0713410693613366,2.6967489120703805,49.27537353617935,39.75846153109013,279199.7,1.4456892324741035,0.009164172353136602,0.009164172353136602,0.02034274465710865,CRUDEOIL,2024-01-12 00:00:00-05:00
72.62999725341797,73.55999755859375,71.2300033569336,72.4000015258789,430437,0.0,0.0,72.63349952697754,74.15,77.79340007781983,72.2820162226776,72.87462694847399,-0.5926107257963906,-0.7851480615193062,0.19253733572291554,48.26808985319648,75.16000989408377,72.63349952697754,70.10698915987132,6.956873573654067,2.6705521470410787,45.21742111041943,44.734299944235396,286937.15,1.500108995994419,-0.0038524873159216932,-0.0038524873159216932,0.019282872945896486,CRUDEOIL,2024-01-16 00:00:00-05:00
72.0,72.94999694824219,70.5,72.55999755859375,315679,0.0,0.0,72.68999938964843,73.95199996948242,77.78435005187988,72.32478258204931,72.85132106774212,-0.5265384856928108,-0.7334261463540072,0.20688766066119635,48.79149299256657,75.1561470189812,72.68999938964843,70.22385176031567,6.785383546677987,2.654798204269729,51.41059982780063,48.6344648247998,297945.45,1.0595194523024265,0.0022098899080500445,0.0022098899080500445,0.019273498581648636,CRUDEOIL,2024-01-17 00:00:00-05:00
72.77999877929688,74.37999725341797,72.18000030517578,74.08000183105469,86646,0.0,0.0,72.77049942016602,73.8233999633789,77.77640007019043,72.59481631266551,72.94233445761712,-0.34751814495160716,-0.6562445460735272,0.30872640112192007,53.59504445338759,75.30677713141246,72.77049942016602,70.23422170891958,6.9706205988840395,2.622312400267762,80.4020447284345,59.01002188888484,298580.7,0.2901929026223061,0.02094824040248211,0.02094824040248211,0.019561501312488332,CRUDEOIL,2024-01-18 00:00:00-05:00
74.08000183105469,74.91000366210938,73.19999694824219,73.41000366210938,78234,0.0,0.0,72.76899948120118,73.67520004272461,77.74135009765625,72.7202297510415,72.97697662091284,-0.25674686987133555,-0.5763450108330889,0.3195981409617533,51.31029624110341,75.30372666677769,72.76899948120118,70.23427229562466,6.966502779061362,2.557147708382007,69.17929712460064,66.99731389361192,290990.3,0.2688543226354968,-0.009044251517073332,-0.009044251517073332,0.019473844016567224,CRUDEOIL,2024-01-19 00:00:00-05:00
73.41000366210938,75.75,72.88999938964844,75.19000244140625,372284,0.0,0.0,72.81749954223633,73.6316000366211,77.71375011444091,73.10019478032838,73.1409044594679,-0.040709679139524724,-0.4692179444943761,0.42850826535485137,56.60328898740043,75.49455066962926,72.81749954223633,70.1404484148434,7.35276861804396,2.5787800585226894,91.34470706432275,80.30868297245262,295936.3,1.2579869384053257,0.02424735990328819,0.02424735990328819,0.020087781354360842,CRUDEOIL,2024-01-22 00:00:00-05:00
74.68000030517578,75.25,73.41000366210938,74.37000274658203,306060,0.0,0.0,72.84149971008301,73.61240005493164,77.68255012512208,73.29554985205971,73.23194877703192,0.06360107502779044,-0.36265414058994283,0.4262552156177333,53.70679853612399,75.56478830327508,72.84149971008301,70.11821111689095,7.47729962735816,2.5260097927632565,78.67083472871435,79.7316129725459,298640.2,1.0248452820484315,-0.01090570113311573,-0.01090570113311573,0.020228707640310914,CRUDEOIL,2024-01-23 00:00:00-05:00
74.56999969482422,75.83000183105469,73.94000244140625,75.08999633789062,323726,0.0,0.0,72.91799964904786,73.59940002441407,77.65450012207032,73.57161854218754,73.36958192968812,0.20203661249941263,-0.24971598997207176,0.4517526024714844,55.8434101445606,75.79910905074593,72.91799964904786,70.03689024734979,7.902327040140328,2.4805804782550553,87.01745791455353,85.67766656919689,303696.5,1.065952357040664,0.009681236583545472,0.009681236583545472,0.02029247950730096,CRUDEOIL,2024-01-24 00:00:00-05:00
75.30000305175781,77.51000213623047,75.16000366210938,77.36000061035156,320177,0.0,0.0,73.00749969482422,73.60320007324219,77.64260013580322,74.15444655267432,73.66516849862616,0.4892780540481567,-0.10191718116802606,0.5911952352161828,61.82563718559508,76.29511342080575,73.00749969482422,69.71988596884269,9.006235632569132,2.476253715403969,97.96746034371537,87.88525099566107,309269.6,1.0352682578565757,0.030230448570623958,0.030230448570623958,0.0204985306447435,CRUDEOIL,2024-01-25 00:00:00-05:00
77.1500015258789,78.26000213623047,76.05999755859375,78.01000213623047,365456,0.0,0.0,73.20249977111817,73.59820007324218,77.62500015258789,74.7476089501445,73.9870080273376,0.7606009228069013,0.07058643962695942,0.6900144831799419,63.35650143826981,77.1291024214701,73.20249977111817,69.27589712076625,10.7280561801283,2.45652163413488,96.92497109653009,93.96996311826632,314876.25,1.1606337410331837,0.008402294735658566,0.008402294735658566,0.019955862404969483,CRUDEOIL,2024-01-26 00:00:00-05:00
78.9000015258789,79.29000091552734,76.41000366210938,76.77999877929688,331925,0.0,0.0,73.45299987792968,73.56860000610351,77.59260013580322,75.06028430847563,74.19389623118644,0.8663880772891872,0.229746767159405,0.6366413101297822,58.57001508568525,77.61430904068467,73.45299987792968,69.2916907151747,11.330535634135023,2.4867698926551007,71.54192490841699,88.81145211622079,318335.1,1.042690548418946,-0.01576725193245876,-0.01576725193245876,0.018804346717308167,CRUDEOIL,2024-01-29 00:00:00-05:00
77.0199966430664,78.13999938964844,75.8499984741211,77.81999969482422,347242,0.0,0.0,73.76149978637696,73.59179992675782,77.5709001159668,75.48485590637542,74.4624964877522,1.0223594186232106,0.3882692974521661,0.6340901211710445,61.236624075101105,78.24477783292195,73.76149978637696,69.27822173983196,12.1561466605998,2.472714965717404,83.2764383663897,83.91444479044559,324972.9,1.0685260217082715,0.013545206200338944,0.013545206200338944,0.01888969493590863,CRUDEOIL,2024-01-30 00:00:00-05:00
77.83999633789062,78.11000061035156,75.5199966430664,75.8499984741211,344493,0.0,0.0,74.03499984741211,73.65079986572266,77.53755012512207,75.54103168602859,74.56527441266842,0.9757572733601734,0.5057668926337676,0.46999038072640575,54.12946906086202,78.32289284826315,74.03499984741211,69.74710684656107,11.583421380937372,2.4810927515436725,60.864595186451446,71.89431948708604,325647.95,1.0578693954621854,-0.025314844878290943,-0.025314844878290943,0.019424313549647722,CRUDEOIL,2024-01-31 00:00:00-05:00
75.95999908447266,76.94999694824219,73.69999694824219,73.81999969482422,577936,0.0,0.0,74.09099998474122,73.60939987182617,77.50250011444092,75.27625753353561,74.5100688780133,0.7661886555223134,0.5578512452114768,0.20833741031083663,47.953327259330976,78.3367367629916,74.09099998474122,69.84526320649083,11.460870494728871,2.5360146978619817,37.77018599576608,60.63707318286907,337801.7,1.7108735687238992,-0.02676333315932078,-0.02676333315932078,0.01931650284847504,CRUDEOIL,2024-02-01 00:00:00-05:00
73.91000366210938,74.5199966430664,71.79000091552734,72.27999877929688,467768,0.0,0.0,74.09549980163574,73.50299987792968,77.45960010528565,74.81529464826812,74.3448785003306,0.4704161479375273,0.5403642257566869,-0.06994807781915957,43.86443285057126,78.3333514434527,74.09549980163574,69.85764815981878,11.438890764384599,2.549870485696059,20.250268417521394,39.62834986657963,343966.75,1.35992214363743,-0.020861567622511346,-0.020861567622511346,0.019857299434761114,CRUDEOIL,2024-02-02 00:00:00-05:00
72.75,73.27999877929688,71.41000366210938,72.77999877929688,350843,0.0,0.0,74.0439998626709,73.4031999206543,77.42770008087159,74.50217220688793,74.22896148395772,0.27321072293021587,0.48693352519139266,-0.2137228022611768,45.48960796453041,78.31934591240719,74.0439998626709,69.76865381293462,11.548122893592328,2.5013079593740186,25.938549963849347,27.98633479237893,345232.65,1.0162509252818352,0.0069175430055929965,0.0069175430055929965,0.01923802225934024,CRUDEOIL,2024-02-05 00:00:00-05:00
72.76000213623047,73.81999969482422,72.37999725341797,73.30999755859375,310955,0.0,0.0,74.17099990844727,73.32739990234376,77.40780006408691,74.31876072253498,74.16089008207891,0.1578706404560677,0.42112094824432766,-0.26325030778826,47.23346226229809,78.19318839962577,74.17099990844727,70.14881141726877,10.845717318475609,2.4255004223763206,24.11160607524638,23.433474818872366,341167.95,0.9114425900791677,0.007282203739850113,0.007282203739850113,0.016736504725117035,CRUDEOIL,2024-02-06 00:00:00-05:00
73.5,74.22000122070312,73.2300033569336,73.86000061035156,294955,0.0,0.0,74.25200004577637,73.29379989624023,77.38775005340577,74.24818224373753,74.13860197306207,0.10958027067546539,0.3588128127305552,-0.24923254205508982,49.05487526966657,78.1795115356326,74.25200004577637,70.32448855592014,10.578870568967618,2.3229645253329787,31.091342667403786,27.047166235499827,337743.45,0.8733107925557105,0.007502429001149835,0.007502429001149835,0.016203460468698385,CRUDEOIL,2024-02-07 00:00:00-05:00
74.08000183105469,76.58999633789062,73.55999755859375,76.22000122070312,377906,0.0,0.0,74.49449996948242,73.32099990844726,77.37505004882813,74.55153900942454,74.29277969510956,0.258759314314986,0.3388021130474414,-0.0800427987324554,56.06314072281498,78.27650283692616,74.49449996948242,70.71249710203868,10.153777443953796,2.3734669720446857,61.04059943050616,38.74784939105211,339000.15,1.114766468392418,0.031952350268743546,0.031952350268743546,0.01725813272747792,CRUDEOIL,2024-02-08 00:00:00-05:00
76.41999816894531,77.29000091552734,75.93000030517578,76.83999633789062,302612,0.0,0.0,74.73549995422363,73.3295997619629,77.37390003204345,74.90360936765009,74.48146240938965,0.42214695826044135,0.3554710820900414,0.06667587617039994,57.70908756832475,78.47004932719031,74.73549995422363,71.00095058125694,9.994043995836352,2.3010765176380343,68.90856051283491,53.680167536914944,335448.5,0.9021116505216151,0.008134283747808446,0.008134283747808446,0.017242661204740113,CRUDEOIL,2024-02-09 00:00:00-05:00
76.5999984741211,77.08999633789062,75.54000091552734,76.91999816894531,248476,0.0,0.0,74.9474998474121,73.31079971313477,77.3870000076294,75.21382302938783,74.66209468787527,0.5517283415125576,0.39472253397454465,0.1570058075380129,57.92810325916085,78.67261379585118,74.9474998474121,71.22238589897303,9.940595633004827,2.247427867975552,69.92381252983259,66.62432415772454,327690.5,0.7582642768099777,0.0010411482934342686,0.0010411482934342686,0.017194981294390847,CRUDEOIL,2024-02-12 00:00:00-05:00
77.02999877929688,78.47000122070312,76.87000274658203,77.87000274658203,338174,0.0,0.0,75.22099990844727,73.34899978637695,77.40255001068115,75.62246606280232,74.89971750703873,0.7227485557635873,0.46032773833235324,0.2624208174312341,60.54135245012802,78.9609891991804,75.22099990844727,71.48101061771413,9.944003124885706,2.2011829112716623,81.97971238721708,73.60402847662817,323077.35,1.0467276644432053,0.012350553825419386,0.012350553825419386,0.017237812944709125,CRUDEOIL,2024-02-13 00:00:00-05:00
77.80999755859375,78.7699966430664,76.37999725341797,76.63999938964844,296131,0.0,0.0,75.425,73.40039978027343,77.40185001373291,75.77900965154788,75.02862727612094,0.7503823754269376,0.5183386657512702,0.23204370967566745,55.71594985240469,79.00376807710823,75.425,71.84623192289176,9.489607098729165,2.214669802584289,66.37052729010202,72.75801740238389,322099.95,0.9193761129115356,-0.015795599249386005,-0.015795599249386005,0.017786111668089435,CRUDEOIL,2024-02-14 00:00:00-05:00
76.5999984741211,78.44000244140625,75.77999877929688,78.02999877929688,122432,0.0,0.0,75.62249984741212,73.50019973754883,77.41369998931884,76.12531567120158,75.250951091171,0.8743645800305728,0.5895438486071307,0.2848207314234421,59.63169933450633,79.31667849820204,75.62249984741212,71.92832119662219,9.770051659873397,2.246479363978938,84.01011960145114,77.4534530929234,323889.25,0.3780057535098803,0.018136735395592574,0.018136735395592574,0.017646428612442967,CRUDEOIL,2024-02-15 00:00:00-05:00
78.11000061035156,79.3499984741211,77.22000122070312,79.19000244140625,113713,0.0,0.0,75.91149978637695,73.63759979248047,77.45134998321534,76.59680594354076,75.54273267266991,1.0540732708708447,0.6824497330598736,0.3716235378109711,62.60355249760124,79.7688640578323,75.91149978637695,72.0541355149216,10.16279294259865,2.238159213224583,97.98493529904076,82.78852739686462,325663.2,0.34917362477553493,0.014866124314449669,0.014866124314449669,0.01761535210495196,CRUDEOIL,2024-02-16 00:00:00-05:00
78.9800033569336,79.80000305175781,77.66999816894531,78.18000030517578,435235,0.0,0.0,76.06099967956543,73.81359985351563,77.49924999237061,76.84037430686922,75.73808583063331,1.1022884762359126,0.7664174816950814,0.33587099454083125,58.561110486467825,80.02521025513337,76.06099967956543,72.09678910399748,10.423766693229442,2.230433903909434,80.69126502463412,87.56210664170867,328810.75,1.323664144192366,-0.01275416220599035,-0.01275416220599035,0.017311183675098995,CRUDEOIL,2024-02-20 00:00:00-05:00
77.1500015258789,78.08000183105469,76.31999969482422,77.91000366210938,323243,0.0,0.0,76.2379997253418,73.985,77.54600002288818,77.00493266921386,75.89896863296488,1.1059640362489773,0.8343267926058606,0.2716372436431167,57.49236148159065,80.20051388211728,76.2379997253418,72.27548556856631,10.395115745562588,2.203974382941015,77.47318799593342,85.38312943986942,329669.9,0.9805050445915747,-0.003453525735641727,-0.003453525735641727,0.01709550651656013,CRUDEOIL,2024-02-21 00:00:00-05:00
78.08999633789062,78.91999816894531,77.2300033569336,78.61000061035156,330511,0.0,0.0,76.41399993896485,74.13259994506836,77.58235004425049,77.25186619861967,76.099785816475,1.1520803821446606,0.8978775105136206,0.25420287163103994,59.553331350254645,80.46854176585998,76.41399993896485,72.35945811206972,10.61203923399814,2.167261556446065,85.81641802174059,81.32695701410269,330009.15,1.0015207154104666,0.008984686373241901,0.008984686373241901,0.017080738223496456,CRUDEOIL,2024-02-22 00:00:00-05:00
78.37000274658203,78.38999938964844,76.3499984741211,76.48999786376953,353437,0.0,0.0,76.37049980163575,74.23599990844727,77.5990000152588,77.1346556855658,76.12869041257089,1.0059652729949136,0.9194950630098793,0.0864702099850343,51.42172630708262,80.40211387804653,76.37049980163575,72.33888572522496,10.558040308450197,2.1738858835735226,60.54820704668753,74.61260435478717,331672.15,1.0656215784171206,-0.02696861379114235,-0.02696861379114235,0.016969495840787874,CRUDEOIL,2024-02-23 00:00:00-05:00
76.4000015258789,78.02999877929688,75.83999633789062,77.58000183105469,274710,0.0,0.0,76.34899978637695,74.41539993286133,77.6183500289917,77.20317047717948,76.23619496208822,0.9669755150912636,0.9289911534261561,0.037984361665107436,54.83629691819145,80.34988075302599,76.34899978637695,72.34811881972792,10.480506562871613,2.1750370662758605,70.08086946239544,72.14849817694117,327134.85,0.839745444424524,0.014250281052778702,0.014250281052778702,0.017178753444304386,CRUDEOIL,2024-02-26 00:00:00-05:00
77.62000274658203,79.0,77.16999816894531,78.87000274658203,269236,0.0,0.0,76.45349998474121,74.6033999633789,77.64990005493163,77.45960621093371,76.4312918350137,1.0283143759200186,0.9488557979249287,0.07945857799508993,58.54967040419072,80.60046351269209,76.45349998474121,72.30653645679034,10.848328797971408,2.150391692331491,85.84474355594831,72.15794002167708,324000.4,0.830974282747799,0.016628008315036746,0.016628008315036746,0.01715454530632167,CRUDEOIL,2024-02-27 00:00:00-05:00
78.4800033569336,79.62000274658203,77.77999877929688,78.54000091552734,330043,0.0,0.0,76.48950004577637,74.74259994506836,77.68825004577637,77.62582078087121,76.58749250764434,1.0383282732268668,0.9667502929853163,0.07157798024155049,57.25282845578907,80.69537158683411,76.48950004577637,72.28362850471862,10.997252011166696,2.1282211405424674,79.80767584883053,78.57776295572475,323140.45,1.0213608355128552,-0.0041841234888125856,-0.0041841234888125856,0.01695540338638623,CRUDEOIL,2024-02-28 00:00:00-05:00
78.19999694824219,79.27999877929688,77.94000244140625,78.26000213623047,317939,0.0,0.0,76.61000022888183,74.87919998168945,77.72935005187988,77.72338714323418,76.71138210976183,1.0120050334723487,0.9758012410827228,0.0362037923896259,56.117080059127666,80.87338120198241,76.61000022888183,72.34661925578125,11.130089963094123,2.071919368924479,63.84976189495439,76.50072709991106,321812.75,0.9879627205572185,-0.003565046804596128,-0.003565046804596128,0.01586862447774889,CRUDEOIL,2024-02-29 00:00:00-05:00
78.27999877929688,80.8499984741211,78.05000305175781,79.97000122070312,363417,0.0,0.0,76.91750030517578,75.02919998168946,77.77365005493164,78.0690200782294,76.95276130316489,1.1162587750645088,1.00389274787908,0.11236602718542876,61.18169236832717,81.2185807358481,76.91750030517578,72.61641987450346,11.183619887821276,2.1239248013129646,83.42753939700457,75.69499238026316,311086.8,1.1682173592707887,0.02185023048550372,0.02185023048550372,0.014980012510761457,CRUDEOIL,2024-03-01 00:00:00-05:00
80.13999938964844,80.41000366210938,78.55999755859375,78.73999786376953,347214,0.0,0.0,77.24050025939941,75.13519989013672,77.81305004119874,78.17224742985096,77.08514919654301,1.087098233307941,1.0205338449648522,0.06656438834308886,56.16081947493224,81.0411570946199,77.24050025939941,73.43984342417892,9.841098445651227,2.104359180041726,58.38262845448321,68.55330991548071,305059.1,1.1381860105140285,-0.01538080953055132,-0.01538080953055132,0.014542791315414487,CRUDEOIL,2024-03-04 00:00:00-05:00
78.73999786376953,79.48999786376953,77.5199966430664,78.1500015258789,436521,0.0,0.0,77.50900039672851,75.21379989624023,77.83965003967285,78.16882498308603,77.16402714686419,1.0047978362218402,1.0173866432162497,-0.012588806994409563,53.87686339759474,80.72503007695089,77.50900039672851,74.29297071650613,8.298467697328524,2.094762182946112,46.74561911712701,62.85192898953826,309343.0,1.4111229282705604,-0.007492968680433476,-0.007492968680433476,0.014766228347172956,CRUDEOIL,2024-03-05 00:00:00-05:00
78.1500015258789,80.66999816894531,77.98999786376953,79.12999725341797,371049,0.0,0.0,77.80000038146973,75.31859985351562,77.87600002288818,78.31669764006017,77.30965456216447,1.0070430778957018,1.0153179301521402,-0.008274852256438425,57.00463814939347,80.44637982035222,77.80000038146973,75.15362094258724,6.803031943204979,2.136564905962517,66.07492457131679,57.06772404764232,312347.7,1.187935752368274,0.012539932289246991,0.012539932289246991,0.014880298357268052,CRUDEOIL,2024-03-06 00:00:00-05:00
79.12999725341797,79.52999877929688,78.0199966430664,78.93000030517578,432923,0.0,0.0,78.05350036621094,75.42599990844727,77.91290000915528,78.4110518962318,77.4296801727579,0.9813717234738988,1.008528688816492,-0.027156965342593153,56.16752190610602,80.02756609250211,78.05350036621094,76.07943463991977,5.058237534586567,2.091810422410228,61.67669959538338,58.16574776127572,319246.1,1.3560792128705723,-0.002527447936105487,-0.002527447936105487,0.014922591152232522,CRUDEOIL,2024-03-07 00:00:00-05:00
79.51000213623047,79.98999786376953,77.55999755859375,78.01000213623047,347533,0.0,0.0,78.1430004119873,75.4747999572754,77.94300003051758,78.34935193315467,77.47266698486698,0.8766849482876893,0.9821599407107314,-0.10547499242304215,52.35851979294067,79.92987731172836,78.1430004119873,76.35612351224624,4.57335113911738,2.1159668426077674,43.313470520245296,57.02169822898181,317727.45,1.0938085456576068,-0.011655874387282661,-0.011655874387282661,0.013669055672312478,CRUDEOIL,2024-03-08 00:00:00-05:00
77.80000305175781,78.47000122070312,76.79000091552734,77.93000030517578,329873,0.0,0.0,78.19750061035157,75.55119995117188,77.96810001373291,78.28483629808099,77.50654352711207,0.7782927709689176,0.9413865067623687,-0.1630937357934511,52.02810339502271,79.88586012598176,78.19750061035157,76.50914109472137,4.318193043133392,2.0848263756483396,41.716628265904845,48.90226612717783,319090.5,1.033791353863559,-0.0010255329940253022,-0.0010255329940253022,0.013579418722566709,CRUDEOIL,2024-03-11 00:00:00-04:00
78.08999633789062,78.7300033569336,77.33999633789062,77.55999755859375,309922,0.0,0.0,78.22950057983398,75.66699996948242,77.98420001983642,78.17332264585218,77.5105030849996,0.6628195608525829,0.8856731175804116,-0.2228535567278287,50.44262044547957,79.84236802400656,78.22950057983398,76.6166331356614,4.123425133020329,2.035196421605099,34.33134705202453,39.787148612724884,322162.8,0.9620043034142987,-0.0047478858608122065,-0.0047478858608122065,0.013635415520084846,CRUDEOIL,2024-03-12 00:00:00-04:00
78.05999755859375,79.9000015258789,77.56999969482422,79.72000122070312,316390,0.0,0.0,78.32200050354004,75.8283999633789,78.02365001678467,78.41127319582925,77.67416961357023,0.7371035822590244,0.8559592105161342,-0.11885562825710982,58.410480644678,80.04988566829866,78.32200050354004,76.59411533878142,4.412260038430761,2.0569683891536745,77.4451742196625,51.16438317919728,321073.6,0.9854126904236288,0.027849455003883472,0.027849455003883472,0.014739898688764084,CRUDEOIL,2024-03-13 00:00:00-04:00
79.62999725341797,81.62000274658203,79.56999969482422,81.26000213623047,297450,0.0,0.0,78.55300064086914,76.04600006103516,78.0666000366211,78.84953918666021,77.93978683747099,0.909752349189219,0.8667178382507512,0.043034510938467774,62.98047242125407,80.53610125811483,78.55300064086914,76.56990002362346,5.049076677063117,2.0564708650539703,93.77162264370106,68.51604797179603,321139.55,0.926232847993964,0.019317622829230663,0.019317622829230663,0.014690352162510002,CRUDEOIL,2024-03-14 00:00:00-04:00
81.13999938964844,81.44999694824219,80.48999786376953,81.04000091552734,185078,0.0,0.0,78.70350074768066,76.21280014038086,78.12450004577637,79.1865332987936,78.16943232473443,1.0171009740591757,0.8967944654124361,0.12030650864673953,61.933474647913094,80.94502139521157,78.70350074768066,76.46198010014976,5.696114216614338,1.978151452155305,87.99168506882248,86.40282731072868,324271.85,0.570749511559514,-0.002707374045281208,-0.002707374045281208,0.01429656285556958,CRUDEOIL,2024-03-15 00:00:00-04:00
81.02999877929688,83.08999633789062,81.01000213623047,82.72000122070312,84718,0.0,0.0,78.8800006866455,76.4234001159668,78.19765007019043,79.73014374831816,78.5065115022136,1.2236322461045575,0.9621620215508604,0.26147022455369706,66.51174389461292,81.72234555133859,78.8800006866455,76.03765582195241,7.206756693586851,1.9854259342627945,94.12705736461145,91.96345502571165,322822.1,0.26242936899301506,0.02073050698662926,0.02073050698662926,0.014630756145139442,CRUDEOIL,2024-03-18 00:00:00-04:00
82.8499984741211,83.8499984741211,82.38999938964844,83.47000122070312,76814,0.0,0.0,79.14450073242188,76.61660018920898,78.26450008392334,80.30550643637739,78.87417740728691,1.4313290290904774,1.0559954230587838,0.37533360603169363,68.34226411488422,82.59626899038798,79.14450073242188,75.69273247445577,8.722698926704018,1.9478954449920702,94.61760078152692,92.24544773832027,304901.05,0.25193091332417517,0.009066731007401074,0.009066731007401074,0.014259174285914373,CRUDEOIL,2024-03-19 00:00:00-04:00
83.19999694824219,83.20999908447266,81.44000244140625,81.68000030517578,351161,0.0,0.0,79.3330005645752,76.83480026245117,78.31420009613038,80.51696703157714,79.08201614046385,1.4349508911132887,1.1317865166696848,0.3031643744436039,59.923372492592854,82.9042090957562,79.3330005645752,75.7617920333942,9.003084481278684,1.9537599688709848,69.26347139732518,86.00270984782117,306296.95,1.1464724020268566,-0.021444841132737036,-0.021444841132737036,0.015246023119842706,CRUDEOIL,2024-03-20 00:00:00-04:00
81.48999786376953,81.91999816894531,80.30000305175781,81.06999969482422,266860,0.0,0.0,79.45600051879883,77.01140029907226,78.3588000869751,80.602048979769,79.22927418152757,1.372774798241423,1.1799841729840326,0.19279062525739032,57.33146044034278,83.08806629837379,79.45600051879883,75.82393473922387,9.142332248942314,1.9299196223221646,60.62323313535804,74.83476843807004,303114.4,0.8803936731478279,-0.007468175906861663,-0.007468175906861663,0.015320036689320943,CRUDEOIL,2024-03-21 00:00:00-04:00
80.83999633789062,81.44999694824219,80.41999816894531,80.62999725341797,231101,0.0,0.0,79.66300048828126,77.19660018920898,78.40325008392334,80.60634871417652,79.33303144611205,1.2733172680644742,1.198650792000121,0.07466647606435317,55.46776816409777,83.0595759981658,79.66300048828126,76.26642497839671,8.527360227623342,1.8656395621060724,54.39090178177763,61.42586877148694,296997.6,0.7781241329896269,-0.005427438547706553,-0.005427438547706553,0.01389261997750795,CRUDEOIL,2024-03-22 00:00:00-04:00
80.8499984741211,82.4800033569336,80.58999633789062,81.94999694824219,300360,0.0,0.0,79.88150024414062,77.3952001953125,78.45035007476807,80.81306382710969,79.52688074256614,1.286183084543552,1.2161572505088072,0.07002583403474483,59.70017836376223,83.27620943661618,79.88150024414062,76.48679105166507,8.499362636155707,1.8673800947444221,73.08778777740315,62.70064089817959,298280.1,1.0069729760718198,0.01637107453539266,0.01637107453539266,0.01399290975442415,CRUDEOIL,2024-03-25 00:00:00-04:00
81.94000244140625,82.36000061035156,81.22000122070312,81.62000274658203,235845,0.0,0.0,80.01900024414063,77.57400024414062,78.50200008392333,80.93720827625927,79.68192681693768,1.2552814593215942,1.2239820922713647,0.03129936705022951,58.21070309227331,83.46113305014383,80.01900024414063,76.57686743813743,8.603288707684774,1.815424330094709,68.41364732733356,65.2974456288381,296610.55,0.7951335513858155,-0.004026775032933472,-0.004026775032933472,0.013680159679835342,CRUDEOIL,2024-03-26 00:00:00-04:00
81.29000091552734,81.73999786376953,80.55000305175781,81.3499984741211,249964,0.0,0.0,80.15950012207031,77.75300018310547,78.55790008544922,81.00071446054571,79.80548768043273,1.195226780112975,1.2182310298396868,-0.02300424972671178,56.95852693946162,83.57799991674705,80.15950012207031,76.74100032739358,8.529244292868334,1.7707507930887811,64.58922288213986,68.69688599562552,292606.6,0.8542664451177794,-0.003308064976415892,-0.003308064976415892,0.013661368093837778,CRUDEOIL,2024-03-27 00:00:00-04:00
81.70999908447266,83.20999908447266,81.5199966430664,83.16999816894531,293774,0.0,0.0,80.40499992370606,77.9652001953125,78.63815006256104,81.33445041568412,80.05471067958182,1.2797397361023002,1.2305327710922096,0.049206965010090586,62.771791446049065,83.94563001087947,80.40499992370606,76.86436983653265,8.806989840266182,1.7771257800361226,90.36826430133742,74.45704483693693,291398.35,1.008152585627201,0.022372461327128335,0.022372461327128335,0.014335040253145168,CRUDEOIL,2024-03-28 00:00:00-04:00
83.13999938964844,84.48999786376953,82.5999984741211,83.70999908447266,321059,0.0,0.0,80.59199981689453,78.15780014038086,78.70960006713867,81.69991944165159,80.32547278364781,1.3744466580037766,1.259315548474523,0.11513110952925354,64.3119439096722,84.40552111488122,80.59199981689453,76.77847851890783,9.463771358574146,1.7851881807227166,89.09092849178106,81.34947189175277,289280.45,1.1098537768452725,0.006492736893301654,0.006492736893301654,0.013676487626415924,CRUDEOIL,2024-04-01 00:00:00-04:00
84.04000091552734,85.5,83.8499984741211,85.1500015258789,344040,0.0,0.0,80.9125,78.39260009765626,78.79400009155273,82.23070130076347,80.68284528307234,1.5478560176911316,1.3170236423178447,0.23083237537328682,68.10170991329566,85.10787327179125,80.9125,76.71712672820874,10.370148671197292,1.7855319474944757,95.58640024398667,91.6818643457017,289121.75,1.1899485251455486,0.017202275201952055,0.017202275201952055,0.01338751844824566,CRUDEOIL,2024-04-02 00:00:00-04:00
85.45999908447266,86.19999694824219,84.8499984741211,85.43000030517578,322549,0.0,0.0,81.27649993896485,78.59740005493164,78.8680500793457,82.72290114759613,81.03448639582075,1.6884147517753831,1.3913018642093524,0.2971128875660307,68.79558788557924,85.70667547780559,81.27649993896485,76.8463244001241,10.90149192489247,1.7544224136820914,88.38616950151149,91.02116607909306,283423.15,1.138047474244782,0.0032883003438559655,0.0032883003438559655,0.013114424982848033,CRUDEOIL,2024-04-03 00:00:00-04:00
85.66000366210938,87.22000122070312,84.63999938964844,86.58999633789062,359534,0.0,0.0,81.64949989318848,78.84179992675782,78.94210006713867,83.31783886917991,81.44600565078889,1.8718332183910178,1.4874081350456856,0.3844250833453322,71.55610134709647,86.52752136526162,81.64949989318848,76.77147842111533,11.948686711993167,1.8133923720658482,90.89588078737137,91.62281684428984,282847.4,1.27112358112537,0.013578321767190316,0.013578321767190316,0.013149752090013652,CRUDEOIL,2024-04-04 00:00:00-04:00
86.86000061035156,87.62999725341797,86.31999969482422,86.91000366210938,353206,0.0,0.0,82.04850006103516,79.07820007324219,79.02415008544922,83.87047960655367,81.85074624422003,2.019733362333639,1.5938731805032762,0.4258601818303629,72.28452540671147,87.26517844147664,82.04850006103516,76.83182168059368,12.716084697613821,1.777435599674984,90.17743300335049,89.81982776407777,278861.55,1.266599859320871,0.003695661597790334,0.003695661597790334,0.013045523722806963,CRUDEOIL,2024-04-05 00:00:00-04:00
86.0999984741211,87.0999984741211,84.69000244140625,86.43000030517578,393734,0.0,0.0,82.46949996948243,79.25960006713868,79.09365009307861,84.2642520217263,82.18995024873527,2.074301772991035,1.689958899000828,0.38434287399020683,69.41304856736059,87.6735738941558,82.46949996948243,77.26542604480906,12.620602590288815,1.8226184877492597,83.62895092099251,88.23408823723811,281171.6,1.4003334618432304,-0.005522993173487367,-0.005522993173487367,0.012703284587502545,CRUDEOIL,2024-04-08 00:00:00-04:00
86.58999633789062,86.9800033569336,85.08999633789062,85.2300033569336,314994,0.0,0.0,82.83450012207031,79.40400009155273,79.17225009918212,84.41282915021974,82.41513936786107,1.9976897823586626,1.751505075672395,0.24618470668626746,62.70658340731579,87.72859343114054,82.83450012207031,77.94040681300008,11.816557839687508,1.8274319542702389,67.25790184198502,80.35476192210933,280427.65,1.1232629877973872,-0.01388403267389926,-0.01388403267389926,0.013344896868088386,CRUDEOIL,2024-04-09 00:00:00-04:00
85.33999633789062,86.37999725341797,84.55000305175781,86.20999908447266,373939,0.0,0.0,83.26700019836426,79.59260009765624,79.25750007629395,84.68931683241249,82.69624008761008,1.9930767448024085,1.799819409498398,0.19325733530401057,65.62733414086549,87.7300313706193,83.26700019836426,78.80396902610921,10.719807754867858,1.8276149719409474,80.62756763676975,77.17147346658241,283628.5,1.31841123159344,0.011498248139624634,0.011498248139624634,0.013241830000584383,CRUDEOIL,2024-04-10 00:00:00-04:00
86.31999969482422,86.62999725341797,84.83999633789062,85.0199966430664,388128,0.0,0.0,83.53199996948243,79.7366000366211,79.33575004577636,84.74019064943616,82.86837020282907,1.8718204466070887,1.8142196169201361,0.05760082968695257,59.53042582260779,87.74342570042808,83.53199996948243,79.32057423853678,10.083382972954679,1.82492825362569,63.80026433051261,70.56191126975578,287215.4,1.3513481519444988,-0.013803531539772207,-0.013803531539772207,0.012790343945006282,CRUDEOIL,2024-04-11 00:00:00-04:00
85.5999984741211,87.66999816894531,85.23999786376953,85.66000366210938,369958,0.0,0.0,83.75200004577637,79.93280014038086,79.4255500793457,84.88170034369357,83.07515786647946,1.8065424772141085,1.8126841889789307,-0.006141711764822144,61.59682220227647,87.9252232204101,83.75200004577637,79.57877687114264,9.96566809712669,1.8838620587866337,71.76972071253451,72.06585089327228,290840.8,1.2720292338626493,0.007527723409939346,0.007527723409939346,0.01227459679955605,CRUDEOIL,2024-04-12 00:00:00-04:00
85.93000030517578,86.11000061035156,84.05000305175781,85.41000366210938,343894,0.0,0.0,83.97050018310547,80.16460021972657,79.50480010986328,84.962977777296,83.24810940689649,1.7148683703995147,1.7931210252630476,-0.07825265486353294,60.301572240249385,88.00827553187229,83.97050018310547,79.93272483433866,9.617128253284356,1.8964431659157133,68.25848234951224,67.94282246418645,298781.6,1.1509878787716514,-0.0029185149347662476,-0.0029185149347662476,0.012279592539219314,CRUDEOIL,2024-04-15 00:00:00-04:00
85.69999694824219,86.18000030517578,84.75,85.36000061035156,241343,0.0,0.0,84.1025001525879,80.42620025634766,79.58230010986328,85.02405821315071,83.4045457923376,1.619512420813109,1.7583993043730601,-0.13888688355995105,60.02967645908103,88.14073325083828,84.1025001525879,80.0642670543375,9.603122596650007,1.863125818720004,67.55619181511136,69.19479829238603,306612.85,0.7871261755663536,-0.0005854472498986185,-0.0005854472498986185,0.011534839417449191,CRUDEOIL,2024-04-16 00:00:00-04:00
85.36000061035156,85.51000213623047,82.55000305175781,82.69000244140625,259540,0.0,0.0,84.06350021362304,80.62440032958985,79.64255012512207,84.6649727098054,83.35161665523158,1.3133560545738163,1.6693906544132115,-0.3560345998393952,47.66975097027068,88.1402957140007,84.06350021362304,79.98670471324539,9.699323701767499,1.9414739091309077,19.02447980567999,51.61305132343452,315749.15,0.8219816268705711,-0.03127926604796116,-0.03127926604796116,0.013523354461681023,CRUDEOIL,2024-04-17 00:00:00-04:00
82.79000091552734,83.47000122070312,81.55999755859375,82.7300033569336,84468,0.0,0.0,84.11600036621094,80.81280044555665,79.7072501373291,84.36728511705589,83.30557122572802,1.0617138913278694,1.5478553017961434,-0.48614141046827397,47.84301403330485,88.09452583407702,84.11600036621094,80.13747489834486,9.459616364413435,1.9392260343436551,19.149029156521195,35.243233592437505,302414.5,0.2793120038887024,0.00048374548731788813,0.00048374548731788813,0.012581961378497254,CRUDEOIL,2024-04-18 00:00:00-04:00
82.62000274658203,86.27999877929688,81.80000305175781,83.13999938964844,76901,0.0,0.0,84.21950035095215,80.99840042114258,79.76400012969971,84.17847192822397,83.29330664527768,0.8851652829462893,1.4153172980261728,-0.5301520150798835,49.68196955898366,87.97725333303141,84.21950035095215,80.46174736887288,8.92371236214959,2.120709583857613,25.85927452082163,21.344261161007594,292916.55,0.2625355241962259,0.004955832419659689,0.004955832419659689,0.012462847510218495,CRUDEOIL,2024-04-19 00:00:00-04:00
83.05000305175781,83.3499984741211,81.8499984741211,82.8499984741211,313914,0.0,0.0,84.3305004119873,81.13100036621094,79.81925010681152,83.97409139682352,83.26046900296978,0.7136223938537398,1.2749783171916862,-0.5613559233379464,48.38254273839293,87.77573247976062,84.3305004119873,80.88526834421398,8.170785305297654,2.076373185010641,21.112942498595242,22.040415391979348,297057.2,1.0567459735027462,-0.003488103411791066,-0.003488103411791066,0.0124149114348441,CRUDEOIL,2024-04-22 00:00:00-04:00
82.12999725341797,83.43000030517578,80.87999725341797,83.36000061035156,355814,0.0,0.0,84.40100059509277,81.26140045166015,79.86675010681152,83.87961589121245,83.26784171462769,0.6117741765847597,1.1423374890703009,-0.5305633124855411,50.81872680909774,87.70323582631971,84.40100059509277,81.09876536386582,7.8251091999943485,2.110203889778296,36.52434495645403,27.832187325290292,299829.9,1.1867195366439436,0.00615572897553851,0.00615572897553851,0.011970139065973006,CRUDEOIL,2024-04-23 00:00:00-04:00
83.4000015258789,83.70999908447266,82.44000244140625,82.80999755859375,329077,0.0,0.0,84.46050033569335,81.37920043945313,79.91585010528564,83.71505922465572,83.23392733269925,0.48113189195646555,1.0100963696475338,-0.5289644776910682,48.17790446565701,87.59898165180402,84.46050033569335,81.32201901958268,7.431832166839143,2.0501890864417325,28.424153828348757,28.687147094466003,304491.5,1.080742812196728,-0.006597925236693336,-0.006597925236693336,0.012039687119137252,CRUDEOIL,2024-04-24 00:00:00-04:00
82.83000183105469,83.83000183105469,81.98999786376953,83.56999969482422,314116,0.0,0.0,84.57150039672851,81.49320037841797,79.9595500946045,83.69274237391241,83.25882158174555,0.43392079216685886,0.8948612541513989,-0.4609404619845401,51.89767278272683,87.40422608579289,84.57150039672851,81.73877470766413,6.69900776449735,2.035175863644834,39.617114561130094,34.85520444864429,307699.1,1.0208544646376931,0.009177661618607225,0.009177661618607225,0.01213913302159161,CRUDEOIL,2024-04-25 00:00:00-04:00
83.80999755859375,84.45999908447266,83.3499984741211,83.8499984741211,244090,0.0,0.0,84.60550041198731,81.63740036010742,80.0000500869751,83.71693562009837,83.30261246266225,0.41432315743611525,0.7987536348083422,-0.3844304773722269,53.22965224287722,87.38596478530768,84.60550041198731,81.82503603866694,6.572774488138176,1.9690919169810288,43.740807367364845,37.26069191894789,305214.9,0.7997315989488062,0.00335047002895017,0.00335047002895017,0.011112687145177543,CRUDEOIL,2024-04-26 00:00:00-04:00
83.69000244140625,83.91000366210938,82.4000015258789,82.62999725341797,336984,0.0,0.0,84.55150032043457,81.72940032958985,80.02875007629395,83.54971433291676,83.25278911382934,0.2969252190874272,0.6983879516641592,-0.40146273257673204,47.10867032787906,87.43931196805642,84.55150032043457,81.66368867281273,6.830893920693476,1.9362997897845602,25.773192401169016,36.37703810988797,306011.15,1.1012147759975413,-0.014549806116927466,-0.014549806116927466,0.011501424266036212,CRUDEOIL,2024-04-29 00:00:00-04:00
82.76000213623047,83.30000305175781,80.94999694824219,81.93000030517578,400680,0.0,0.0,84.39050025939942,81.78420028686523,80.0613000869751,83.30052755941816,83.15480475763277,0.14572280178538222,0.5878549216884039,-0.4421321199030217,43.98347228203411,87.47896003102409,84.39050025939942,81.30204048777475,7.319448900365246,1.9658502407653504,15.463960385582132,28.32598671803866,308843.15,1.2973575745487635,-0.008471462804184426,-0.008471462804184426,0.01082439825751968,CRUDEOIL,2024-04-30 00:00:00-04:00
81.4800033569336,81.56999969482422,78.83000183105469,79.0,441978,0.0,0.0,84.06900024414062,81.80060028076171,80.08555007934571,82.63890793489229,82.84704144225256,-0.20813350736027303,0.42865723587866855,-0.6367907432389416,33.85837847554761,87.90573339383735,84.06900024414062,80.2322670944439,9.127581245297696,2.0468608288621892,1.9230570064452877,14.386736597732137,314814.6,1.4039310756235577,-0.035762239646796146,-0.035762239646796146,0.013123009928793988,CRUDEOIL,2024-05-01 00:00:00-04:00
79.1500015258789,79.9000015258789,78.41000366210938,78.94999694824219,359652,0.0,0.0,83.6870002746582,81.82140014648438,80.10155006408691,82.07138316771535,82.55837147973327,-0.4869883120179139,0.2455281262993521,-0.732516438317266,33.715733759780434,87.94218300199047,83.6870002746582,79.43181754732593,10.169280087389648,2.0070849027841424,6.86141831210932,8.082811901378903,314820.5,1.14240336953915,-0.0006329500222508333,-0.0006329500222508333,0.012501274319132887,CRUDEOIL,2024-05-02 00:00:00-04:00
79.06999969482422,79.62999725341797,77.95999908447266,78.11000061035156,324438,0.0,0.0,83.24700012207032,81.81140014648437,80.11535007476806,81.4619396973517,82.22886252644572,-0.7669228290940282,0.04303793522067603,-0.8099607643147042,31.327990456089722,87.88113589801696,83.24700012207032,78.61286434612367,11.133460110637792,1.9830072789385118,1.8029030214054043,3.5291261133199945,313382.1,1.035279296424397,-0.01063959937124892,-0.01063959937124892,0.01241533992712695,CRUDEOIL,2024-05-03 00:00:00-04:00
78.16000366210938,79.08999633789062,77.91000366210938,78.4800033569336,297369,0.0,0.0,82.8495002746582,81.85120025634765,80.12960010528565,81.00318026036429,81.95116925463002,-0.947988994265728,-0.15516745067660478,-0.7928215435891233,33.56000415267546,87.68289902437594,82.8495002746582,78.01610152494045,11.667900792869775,1.9256490929987073,6.810036169002581,5.15811916750576,308563.85,0.9637195024627805,0.004736944612608207,0.004736944612608207,0.012613818604839507,CRUDEOIL,2024-05-06 00:00:00-04:00
78.72000122070312,79.16999816894531,77.55000305175781,78.37999725341797,327593,0.0,0.0,82.50699996948242,81.86720016479492,80.13615009307861,80.59961364391101,81.68663799528098,-1.087024351369962,-0.34153883081527625,-0.7454855205546858,33.24547860277953,87.58188421486396,82.50699996948242,77.43211572410088,12.301705909216507,1.9038166661550497,9.507383824277392,6.040107671561782,309193.8,1.059507014694344,-0.0012742877069052971,-0.0012742877069052971,0.012446548602064358,CRUDEOIL,2024-05-07 00:00:00-04:00
78.33999633789062,79.2699966430664,76.88999938964844,78.98999786376953,355449,0.0,0.0,82.14599990844727,81.86960006713868,80.13740009307861,80.35198044696617,81.48688687442828,-1.1349064274621128,-0.5002123501446436,-0.6346940773174692,37.11678133277694,87.14245727351569,82.14599990844727,77.14954254337884,12.164822074445588,1.9378295652452582,22.364202456031446,12.893874149770463,308269.3,1.1530470273880662,0.007782605661228903,0.007782605661228903,0.01222717454826762,CRUDEOIL,2024-05-08 00:00:00-04:00
79.2300033569336,79.80000305175781,78.91000366210938,79.26000213623047,272712,0.0,0.0,81.85800018310547,81.88400009155274,80.13555011749267,80.18398378377606,81.32193244937659,-1.1379486656005326,-0.6277596132358214,-0.5101890523647112,38.80836527143574,86.82253802825144,81.85800018310547,76.8934623379595,12.12963383918727,1.862984552702628,31.30783146797821,21.059805916095673,302498.5,0.9015317431326105,0.0034182083778075967,0.0034182083778075967,0.012128061773165777,CRUDEOIL,2024-05-09 00:00:00-04:00
79.58999633789062,79.95999908447266,78.13999938964844,78.26000213623047,281169,0.0,0.0,81.48800010681153,81.88400009155274,80.13295013427734,79.88798660723059,81.09512279655095,-1.2071361893203658,-0.7436349284527303,-0.46350126086763555,35.04795273742579,86.36622803181139,81.48800010681153,76.60977218181166,11.972874333903539,1.8599142057113132,18.09779130531185,23.923275076440493,298059.05,0.9433332086376844,-0.01261670417673244,-0.01261670417673244,0.012005963825205312,CRUDEOIL,2024-05-10 00:00:00-04:00
78.18000030517578,79.48999786376953,77.77999877929688,79.12000274658203,287701,0.0,0.0,81.17350006103516,81.86700012207031,80.1281001663208,79.7698352440539,80.94881760766437,-1.1789823636104728,-0.8307044154842789,-0.34827794812619395,40.39683351435764,85.8045395226606,81.17350006103516,76.54246059940971,11.4102249087284,1.8492059827656948,29.458433907973575,26.288018893754536,295249.4,0.9744338176470468,0.010989018488071656,0.010989018488071656,0.0124915265362811,CRUDEOIL,2024-05-13 00:00:00-04:00
79.2300033569336,79.37999725341797,77.68000030517578,78.0199966430664,307410,0.0,0.0,80.8064998626709,81.85260009765625,80.11530014038085,79.50062930544043,80.73186790658303,-1.231238601142607,-0.9108112526159446,-0.32042734852666244,36.28123370343832,85.21005857174673,80.8064998626709,76.40294115359508,10.899021035583987,1.8385481945854443,14.92730910135404,20.82784477154648,298552.75,1.0296672866017815,-0.013903008914684878,-0.013903008914684878,0.012668092499297488,CRUDEOIL,2024-05-14 00:00:00-04:00
78.44000244140625,78.91999816894531,76.69999694824219,78.62999725341797,321267,0.0,0.0,80.60349960327149,81.86220001220703,80.09945011138916,79.36668591282158,80.57617378412637,-1.2094878713047876,-0.9705465763537133,-0.2389412949510743,39.935685177198444,85.0153483327509,80.60349960327149,76.19165087379207,10.947040143900528,1.8657948393081356,24.871131106586347,23.085624705304642,301639.1,1.0650708081279914,0.007818516234270767,0.007818516234270767,0.011239361760037514,CRUDEOIL,2024-05-15 00:00:00-04:00
78.83999633789062,79.8499984741211,78.19999694824219,79.2300033569336,230277,0.0,0.0,80.42849960327149,81.86420013427734,80.08875011444091,79.34565782730036,80.47645745618617,-1.1307996288858106,-1.0025971868601329,-0.12820244202567777,43.37575567067776,84.76610308407541,80.42849960327149,76.09089612246757,10.786234984364885,1.8503810312060478,35.09020877644096,24.962882994793773,308929.55,0.7454029567582642,0.00763075320455453,0.00763075320455453,0.011449317787855868,CRUDEOIL,2024-05-16 00:00:00-04:00
79.37999725341797,80.13999938964844,79.0,80.05999755859375,94152,0.0,0.0,80.27449951171874,81.8868000793457,80.09160011291505,79.45555624749933,80.44560857488302,-0.9900523273836939,-1.0000882149648451,0.01003588758115126,47.8271819340737,84.43101877391051,80.27449951171874,76.11798024952698,10.355765000029633,1.7996394853805042,50.909053077417475,36.95679765348158,309792.1,0.3039199514771358,0.01047575623493291,0.01047575623493291,0.011692210872659408,CRUDEOIL,2024-05-17 00:00:00-04:00
80.01000213623047,80.5999984741211,79.16999816894531,79.80000305175781,85072,0.0,0.0,80.12199974060059,81.92260009765624,80.08285011291504,79.50854806353911,80.39778594354041,-0.8892378800013034,-0.9779181479721368,0.08868026797083339,46.591581605403526,84.10973318871906,80.12199974060059,76.13426629248211,9.954153568380681,1.7732366867944527,63.65512022947702,49.884794027778476,298350.0,0.2851416122004357,-0.0032474958126954556,-0.0032474958126954556,0.011690527874325028,CRUDEOIL,2024-05-20 00:00:00-04:00
79.69999694824219,79.72000122070312,78.08000183105469,79.26000213623047,371672,0.0,0.0,79.91699981689453,81.94920013427735,80.06505012512207,79.47031022856855,80.31350566151745,-0.8431954329489031,-0.9509736049674902,0.10777817201858708,44.046345300734465,83.62989575212507,79.91699981689453,76.204103881664,9.291880185035737,1.7694341535022151,65.64113298420716,60.06843543036721,299142.9,1.2424563645000433,-0.0067669285072220475,-0.0067669285072220475,0.011583838273636555,CRUDEOIL,2024-05-21 00:00:00-04:00
78.20999908447266,78.41000366210938,77.25,77.56999969482422,314145,0.0,0.0,79.65499992370606,81.94940017700195,80.04320011138915,79.17795476183866,80.11028299731795,-0.9323282354792894,-0.9472445310698501,0.014916295590560624,37.197572302655104,83.25205638387355,79.65499992370606,76.05794346353856,9.031589890434427,1.7866175808399476,22.307754004941497,50.534669072875225,298396.3,1.0527777991885288,-0.021322260861178277,-0.021322260861178277,0.012306429812429959,CRUDEOIL,2024-05-22 00:00:00-04:00
77.29000091552734,78.66000366210938,76.43000030517578,76.87000274658203,330273,0.0,0.0,79.32000007629395,81.89240020751953,80.01295013427735,78.82288522102995,79.87026223800417,-1.0473770169742238,-0.9672710282507249,-0.08010598872349894,34.78495812522394,82.63296141025411,79.32000007629395,76.00703874233379,8.353407288889532,1.8182879934180654,10.551621933146714,32.833502974098444,299204.15,1.103838299034288,-0.009024067951477588,-0.009024067951477588,0.012013185370971222,CRUDEOIL,2024-05-23 00:00:00-04:00
77.04000091552734,78.05000305175781,76.1500015258789,77.72000122070312,299075,0.0,0.0,79.01350021362305,81.82160018920898,79.97955013275147,78.65321075944121,79.71098364413001,-1.0577728846888022,-0.9853713995383404,-0.07240148515046174,39.88379933531045,81.66071881203182,79.01350021362305,76.36628161521428,6.700674166444159,1.8241246743081254,35.28091621376035,22.713430717282847,301953.4,0.9904674032483157,0.01105760951932444,0.01105760951932444,0.012382704483707364,CRUDEOIL,2024-05-24 00:00:00-04:00
77.80999755859375,80.29000091552734,77.69000244140625,79.83000183105469,334074,0.0,0.0,78.87350044250488,81.79740020751953,79.96460014343262,78.83425553968944,79.71979980612443,-0.8855442664349908,-0.9654059729176706,0.07986170648267976,50.27662073753535,80.98226580986878,78.87350044250488,76.76473507514098,5.34720877235845,1.8795442314376232,82.69669278378795,42.843076976898324,301807.9,1.1069093950158362,0.027148746490105458,0.027148746490105458,0.013882099855539601,CRUDEOIL,2024-05-28 00:00:00-04:00
80.26000213623047,80.62000274658203,78.98999786376953,79.2300033569336,259594,0.0,0.0,78.73850059509277,81.72760025024414,79.94480014801026,78.89513981926547,79.68351858766584,-0.7883787684003778,-0.9300005320142121,0.14162176361383427,47.74874264065572,80.32940352201388,78.73850059509277,77.14759766817167,4.040978466435906,1.8617199922501144,68.90382527837895,62.29381142530908,294753.6,0.8807152821882414,-0.007515952152811867,-0.007515952152811867,0.013858941011088014,CRUDEOIL,2024-05-29 00:00:00-04:00
79.27999877929688,79.41999816894531,77.62999725341797,77.91000366210938,373779,0.0,0.0,78.68400077819824,81.61640029907227,79.92180015563964,78.74358041047222,79.5521471116987,-0.8085667012264821,-0.9057137658566661,0.09714706463018397,42.666185887915645,80.30963796052374,78.68400077819824,77.05836359587273,4.132065391306174,1.8565972010556309,39.37363882763376,63.65805229660021,291343.65,1.2829488475207884,-0.016660351368124715,-0.016660351368124715,0.011899076650656105,CRUDEOIL,2024-05-30 00:00:00-04:00
77.91000366210938,78.62000274658203,76.66999816894531,76.98999786376953,345120,0.0,0.0,78.58600082397462,81.52260025024414,79.90180015563965,78.47379848021026,79.36235827851877,-0.8885597983085063,-0.9022829723470341,0.013723174038527852,39.50955466116441,80.36478093033148,78.58600082397462,76.80722071761775,4.526964313507097,1.8632691565257087,18.79185925051033,42.356441118841,290617.05,1.1875421624436695,-0.011808570852208544,-0.011808570852208544,0.012158923851696549,CRUDEOIL,2024-05-31 00:00:00-04:00
76.97000122070312,77.5199966430664,73.9800033569336,74.22000122070312,443271,0.0,0.0,78.3915008544922,81.38560028076172,79.87600017547608,77.81936813259378,78.9814429409028,-1.1620748083090149,-0.9542413395394304,-0.20783346876958453,31.865353182272102,80.99530825534501,78.3915008544922,75.78769345363938,6.643085978634137,1.9830351657833591,3.6144259914192283,20.59330802318776,296558.7,1.494715885927474,-0.035978655928368686,-0.035978655928368686,0.014323336540033595,CRUDEOIL,2024-06-03 00:00:00-04:00
74.0199966430664,74.12999725341797,72.4800033569336,73.25,408721,0.0,0.0,78.1300006866455,81.23800033569336,79.84030017852783,77.11638841988704,78.55689161194704,-1.4405031920599924,-1.0514937100435429,-0.3890094820164496,29.698440753701192,81.5639085622825,78.1300006866455,74.6960928110085,8.790241508916179,1.965675358496657,9.459418928772942,10.621901390234152,302126.3,1.3528150313296128,-0.013069269802606143,-0.013069269802606143,0.014406062351872341,CRUDEOIL,2024-06-04 00:00:00-04:00
72.9000015258789,74.33000183105469,72.81999969482422,74.06999969482422,307701,0.0,0.0,77.91450080871581,81.080400390625,79.80440017700195,76.64771323141584,78.22452924771571,-1.5768160162998726,-1.1565581712948088,-0.4202578450050638,33.79695707658746,81.7732809868096,77.91450080871581,74.05572063062203,9.905165631664095,1.9331272711919294,19.533126008739124,10.868990309643749,301131.7,1.0218153718123997,0.011194535082924562,0.011194535082924562,0.014765629900651368,CRUDEOIL,2024-06-05 00:00:00-04:00
74.30000305175781,75.79000091552734,74.05999755859375,75.55000305175781,291082,0.0,0.0,77.74250106811523,80.95900039672851,79.77855018615723,76.47883474223768,78.02641619616327,-1.5475814539255879,-1.2347628278209646,-0.3128186261046233,40.53532129180827,81.69960606611932,77.74250106811523,73.78539607011115,10.180030082996709,1.9186184201734768,37.71498679383575,22.23584391044926,297913.35,0.9770693391215937,0.019981144363863335,0.019981144363863335,0.015458001989213922,CRUDEOIL,2024-06-06 00:00:00-04:00
75.66999816894531,76.25,75.20999908447266,75.52999877929688,280253,0.0,0.0,77.55600090026856,80.84260040283203,79.7544501876831,76.33285997870833,77.8414963875065,-1.5086364087981678,-1.2895375440164054,-0.21909886478176244,40.47535434558737,81.5607508415334,77.55600090026856,73.55125095900371,10.327376076068358,1.8558600269844674,37.469234042473424,31.572448948349418,298290.4,0.9395307391722965,-0.0002647818881917896,-0.0002647818881917896,0.015410544206207842,CRUDEOIL,2024-06-07 00:00:00-04:00
75.3499984741211,78.29000091552734,75.2300033569336,77.73999786376953,317031,0.0,0.0,77.53000068664551,80.73400039672852,79.74870018005372,76.5493427302562,77.8339779783408,-1.284635248084598,-1.288557084830044,0.003921836745446106,49.38414767361303,81.52286500641588,77.53000068664551,73.53713636687513,10.300178729285488,1.9418698506708447,64.6191019808309,46.601107605713345,300083.5,1.0564759475279382,0.029259885081295955,0.029259885081295955,0.016723176214818117,CRUDEOIL,2024-06-10 00:00:00-04:00
78.12000274658203,78.36000061035156,77.22000122070312,77.9000015258789,314874,0.0,0.0,77.46900062561035,80.61780044555664,79.74295017242432,76.75713639112122,77.83886861149178,-1.0817322203705544,-1.2471921119381462,0.16545989156759178,49.96798594941596,81.39962910721434,77.46900062561035,73.53837214400636,10.14761633650033,1.8845933891692443,66.58474908287923,56.224361702061174,301442.15,1.0445586325601777,0.0020581896900713215,0.0020581896900713215,0.016526757137454443,CRUDEOIL,2024-06-11 00:00:00-04:00
78.22000122070312,79.31999969482422,77.87999725341797,78.5,322285,0.0,0.0,77.49300079345703,80.48480041503906,79.73630016326905,77.02526925402564,77.88784130693682,-0.862572052911176,-1.1702681001327522,0.3076960472215762,52.194810298931806,81.44260948900114,77.49300079345703,73.54339209791291,10.193459164321307,1.852836892900459,73.95573826113527,68.38652977494844,302185.9,1.0665123687107836,0.007702162546450841,0.007702162546450841,0.016319474493172496,CRUDEOIL,2024-06-12 00:00:00-04:00
78.37000274658203,78.88999938964844,77.66999816894531,78.62000274658203,307638,0.0,0.0,77.49250106811523,80.34860046386719,79.72890018463134,77.27061286826509,77.94207548765128,-0.6714626193861903,-1.07050700398344,0.39904438459724956,52.64874687350621,81.44153668956672,77.49250106811523,73.54346544666375,10.192045854811987,1.8076343448863637,75.4299735876715,71.99015364389531,301504.45,1.0203431491641333,0.0015286974086883287,0.0015286974086883287,0.01623002733146572,CRUDEOIL,2024-06-13 00:00:00-04:00
77.95999908447266,79.1500015258789,77.7300033569336,78.44999694824219,245827,0.0,0.0,77.45350074768066,80.18580047607422,79.71535015106201,77.45205657287696,77.9796992995469,-0.5276427266699386,-0.9619341485207397,0.43429142185080105,51.896918122652814,81.34816056220606,77.45350074768066,73.55884093315527,10.05676896958598,1.77994604660486,73.34145010994202,74.24238731958292,302281.95,0.8132374427252438,-0.0021623733452137417,-0.0021623733452137417,0.016138942899529,CRUDEOIL,2024-06-14 00:00:00-04:00
78.4800033569336,80.66000366210938,77.9800033569336,80.33000183105469,126733,0.0,0.0,77.46700096130371,80.05420043945313,79.7088501739502,77.89481738182738,78.15379578336228,-0.2589784015349039,-0.8213429991235726,0.5623645975886686,58.888482008428355,81.39939623890207,77.46700096130371,73.53460568370535,10.152439693806318,1.8442356365027828,95.96574793712558,81.5790572115797,303911.0,0.4170069526933872,0.02396437165004417,0.02396437165004417,0.016880847163556555,CRUDEOIL,2024-06-17 00:00:00-04:00
80.43000030517578,81.66999816894531,79.7699966430664,81.56999969482422,140709,0.0,0.0,77.55550079345703,79.9570004272461,79.69855018615722,78.46023004536536,78.40684792495205,0.05338212041331758,-0.6463979752161946,0.6997800956295122,62.73565378420915,81.763914236639,77.55550079345703,73.34708735027506,10.852649780161077,1.848218914315363,98.91187670758647,89.40635825155135,306692.85,0.45879452357627515,0.015436298213678867,0.015436298213678867,0.017188163252506557,CRUDEOIL,2024-06-18 00:00:00-04:00
81.5199966430664,82.41000366210938,81.12999725341797,82.16999816894531,420499,0.0,0.0,77.70100059509278,79.89580032348633,79.68165016174316,79.0309636028392,78.68559979487748,0.34536380796171784,-0.4480456185806121,0.7934094265423299,64.46829258071662,82.31659537581442,77.70100059509278,73.08540581437114,11.880399854241093,1.8076323067707947,97.5830263264044,97.4868836570388,309134.2,1.3602474265222029,0.007355626779034674,0.007355626779034674,0.01713199919731801,CRUDEOIL,2024-06-20 00:00:00-04:00
81.2699966430664,81.79000091552734,80.3499984741211,80.7300033569336,290500,0.0,0.0,77.85900077819824,79.78620040893554,79.6518501663208,79.29235433423834,78.83703709577053,0.45531723846781347,-0.267373047170927,0.7226902856387405,57.552041841281685,82.65852140503723,77.85900077819824,73.05948015135924,12.328749608569188,1.8085156916317537,83.08156844365735,93.19215715921605,307951.95,0.9433289836287772,-0.017524581283925866,-0.017524581283925866,0.016879741524106814,CRUDEOIL,2024-06-21 00:00:00-04:00
80.44999694824219,81.77999877929688,80.2300033569336,81.62999725341797,271745,0.0,0.0,78.09700050354004,79.71840042114258,79.62230014801025,79.65199170641982,79.04392303337404,0.6080686730457785,-0.09228470312758594,0.7003533761733645,60.410721359471395,83.14252151056375,78.09700050354004,73.05147949651634,12.921164640106763,1.7900499581125773,92.14495080846226,90.93651519284133,305025.55,0.8908925826049654,0.011148195950211992,0.011148195950211992,0.016780310736262447,CRUDEOIL,2024-06-24 00:00:00-04:00
81.69999694824219,81.9000015258789,80.55000305175781,80.83000183105469,286038,0.0,0.0,78.25250053405762,79.62180038452148,79.59210014343262,79.83322403328673,79.17622516653557,0.6569988667511524,0.05757201084816173,0.5994268559029906,56.75205443443592,83.43188223014268,78.25250053405762,73.07311883797256,13.237613266635107,1.7586177092560429,83.52449241476204,86.25033722229387,304373.7,0.9397592498957695,-0.009800262762226009,-0.009800262762226009,0.016910154655329926,CRUDEOIL,2024-06-25 00:00:00-04:00
80.72000122070312,81.62999725341797,80.18000030517578,80.9000015258789,308410,0.0,0.0,78.30600051879883,79.53160034179687,79.55905014038086,79.99734364753168,79.30391230426471,0.6934313432669654,0.1847438773319225,0.5086874659350429,56.99746667576153,83.57085531187766,78.30600051879883,73.04114572571999,13.446874462232081,1.7365733691836245,81.91615529963855,85.86186617428761,303090.5,1.0175508635209616,0.000866011298261915,0.000866011298261915,0.01584902278489468,CRUDEOIL,2024-06-26 00:00:00-04:00
80.86000061035156,82.04000091552734,80.51000213623047,81.73999786376953,306342,0.0,0.0,78.43150024414062,79.45920028686524,79.53130012512207,80.26544429618366,79.48436308645024,0.781081209733415,0.304011343812221,0.477069865921194,59.935497978566616,83.89441215740067,78.43150024414062,72.96858833088058,13.930402698546269,1.721818041334571,90.69436982830695,85.3783391809025,305427.9,1.0029928503584642,0.010383143659421501,0.010383143659421501,0.01586094200676823,CRUDEOIL,2024-06-27 00:00:00-04:00
81.86000061035156,82.72000122070312,80.97000122070312,81.54000091552734,260252,0.0,0.0,78.61300010681153,79.43620025634766,79.49480014801026,80.46152992992884,79.63663255527077,0.8248973746580788,0.4081885499813926,0.4167088246766862,58.90360440493277,84.23348063068389,78.61300010681153,72.99251958293917,14.299112147445866,1.7238310383821016,84.24565231341847,85.61872581378798,299751.55,0.8682257022524154,-0.0024467452100440656,-0.0024467452100440656,0.015304569272693913,CRUDEOIL,2024-06-28 00:00:00-04:00
81.44999694824219,83.63999938964844,81.37999725341797,83.37999725341797,345780,0.0,0.0,78.93250007629395,79.44920013427735,79.46910015106201,80.91052490277332,79.91391882920759,0.9966060735657294,0.52587205469826,0.47073401886746935,64.8922906119619,84.86541719186182,78.93250007629395,72.99958296072607,15.032887872126901,1.7621289739426993,95.95012133355199,90.29671449175912,299784.55,1.1534283537960845,0.02256556680440558,0.02256556680440558,0.015554087049592802,CRUDEOIL,2024-07-01 00:00:00-04:00
83.43000030517578,84.37999725341797,82.72000122070312,82.80999755859375,367787,0.0,0.0,79.36199989318848,79.44260009765625,79.43235012054443,81.20275146520723,80.1284431795325,1.0743082856747321,0.6355593008935545,0.43874898478117763,61.88381000458916,85.10892023208369,79.36199989318848,73.61507955429327,14.482801206194043,1.7548337638549953,76.60208779376299,85.59928714691114,296010.35,1.2424802038171978,-0.00683616830895073,-0.00683616830895073,0.01270500351840357,CRUDEOIL,2024-07-02 00:00:00-04:00
83.19999694824219,83.93000030517578,82.45999908447266,83.87999725341797,289685,0.0,0.0,79.89349975585938,79.46320007324219,79.39790012359619,81.61463543262427,80.40633607389438,1.2082993587298887,0.7501073124608213,0.4581920462690674,65.15006301574248,85.23281398673879,79.89349975585938,74.55418552497997,13.366079210938123,1.7344885822012903,92.54843415467775,88.36688109399756,290058.55,0.9987121565628733,0.01292114148496526,0.01292114148496526,0.012008601883607346,CRUDEOIL,2024-07-03 00:00:00-04:00
83.5999984741211,84.5199966430664,83.0199966430664,83.16000366210938,361357,0.0,0.0,80.34799995422364,79.45920013427734,79.35630012512208,81.85238439100658,80.6103114507992,1.242072940207379,0.8485004380101329,0.39357250219724604,61.340977748725585,85.1473096646458,80.34799995422364,75.54869024380147,11.94630784377074,1.717739397758341,79.97062848744575,83.04038347862881,292741.35,1.2343900169894004,-0.00858361486509529,-0.00858361486509529,0.012440044378914952,CRUDEOIL,2024-07-05 00:00:00-04:00
83.1500015258789,83.31999969482422,82.08000183105469,82.33000183105469,251774,0.0,0.0,80.68699989318847,79.44960021972656,79.31195014953613,81.92586399716782,80.73769592341073,1.1881680737570974,0.9164339651595259,0.2717341085975715,57.18990510675867,85.01772746425752,80.68699989318847,76.35627232211942,10.734635261695097,1.683615002473426,66.51380641849721,79.6776230202069,290775.95,0.8658694090759569,-0.009980781559691843,-0.009980781559691843,0.012456305849286243,CRUDEOIL,2024-07-08 00:00:00-04:00
82.22000122070312,82.4800033569336,81.25,81.41000366210938,297325,0.0,0.0,80.9810001373291,79.40640029907226,79.2676001739502,81.84650086869729,80.78749649664766,1.0590043720496283,0.9449480465375465,0.11405632551208178,52.91541385808393,84.61350223820081,80.9810001373291,77.3484980364574,8.971245340787688,1.6512141706491523,34.52646355879934,60.33696615491409,291629.55,1.019529742442081,-0.011174518990454962,-0.011174518990454962,0.012901322997785568,CRUDEOIL,2024-07-09 00:00:00-04:00
81.80999755859375,82.66000366210938,80.80999755859375,82.0999984741211,334380,0.0,0.0,81.19900016784668,79.37140029907226,79.2299501800537,81.88550050030095,80.8847188653494,1.0007816349515508,0.9561147642203474,0.044666870731203456,55.59600540180082,84.5388486326306,81.19900016784668,77.85915170306275,8.226329038239676,1.665413594425329,44.23962647577929,48.42663215102527,292497.0,1.1431912122175611,0.008475553138107328,0.008475553138107328,0.011507224355662402,CRUDEOIL,2024-07-10 00:00:00-04:00
82.4000015258789,83.12999725341797,81.62999725341797,82.62000274658203,324170,0.0,0.0,81.43500022888183,79.37120040893555,79.19290019989013,81.99850084588266,81.01325841210736,0.9852424337752979,0.9619402981313375,0.02330213564396033,57.55711796640121,84.46138006464247,81.43500022888183,78.4086203931212,7.432626824472696,1.6535983376806627,56.22130185004184,44.995797294873476,292961.8,1.1065265164263738,0.006333791499701924,0.006333791499701924,0.011532507601745387,CRUDEOIL,2024-07-11 00:00:00-04:00
82.86000061035156,83.73999786376953,82.0999984741211,82.20999908447266,370062,0.0,0.0,81.62050018310546,79.37680038452149,79.15555019378662,82.03103903643496,81.10190586931961,0.9291331671153529,0.9553788719281406,-0.026245704812787762,55.476672241100424,84.34421333884647,81.62050018310546,78.89678702736445,6.674090821866313,1.6526269842497894,46.77420488984833,49.07837773855647,295350.65,1.2529581363711235,-0.004962522978448347,-0.004962522978448347,0.011608673807754639,CRUDEOIL,2024-07-12 00:00:00-04:00
82.16000366210938,82.58000183105469,81.47000122070312,81.91000366210938,296520,0.0,0.0,81.78500022888184,79.43500045776368,79.11315021514892,82.01241820961565,81.16176496508182,0.8506532445338308,0.9344337464492788,-0.08378050191544795,53.94034873234277,84.13585917277219,81.78500022888184,79.4341412849915,5.748875557403626,1.6138679575427732,39.861862136372906,47.61912295875434,294794.75,1.0058523769504035,-0.003649135454374952,-0.003649135454374952,0.011686028234125302,CRUDEOIL,2024-07-15 00:00:00-04:00
81.91999816894531,81.93000030517578,80.22000122070312,80.76000213623047,308186,0.0,0.0,81.90050048828125,79.47120056152343,79.0485502243042,81.81973881371023,81.13200475553728,0.6877340581729499,0.885093808794013,-0.19735975062106315,48.40630394494632,83.76029923438153,81.90050048828125,80.04070174218097,4.541605326005038,1.6207344666091934,13.364108766427822,33.333391930883,297912.7,1.034484263342919,-0.014039817781266728,-0.014039817781266728,0.01220518619682962,CRUDEOIL,2024-07-16 00:00:00-04:00
80.8499984741211,83.0999984741211,80.44999694824219,82.8499984741211,257437,0.0,0.0,82.02650032043456,79.56600051879883,79.00425022125245,81.97824029992728,81.25926354950646,0.718976750420822,0.8518703971193748,-0.13289364669855286,57.03384777641107,83.78216646857838,82.02650032043456,80.27083417229075,4.280729133354097,1.6942535422713156,61.162791935543964,38.12958761278155,304447.9,0.8455863876873514,0.025879102062987824,0.025879102062987824,0.012396492895652634,CRUDEOIL,2024-07-17 00:00:00-04:00
83.11000061035156,83.81999969482422,82.04000091552734,82.81999969482422,95704,0.0,0.0,82.08900032043456,79.65280044555664,78.96440021514893,82.10774174529604,81.37487363434481,0.7328681109512303,0.828069939885746,-0.09520182893451568,56.88680462076967,83.86410265859227,82.08900032043456,80.31389798227686,4.3248238648993,1.7003782020588556,60.46514516269258,44.99734862155477,302197.65,0.3166933958619466,-0.0003620854538246565,-0.0003620854538246565,0.011965506426367031,CRUDEOIL,2024-07-18 00:00:00-04:00
82.47000122070312,82.87999725341797,80.06999969482422,80.12999725341797,83795,0.0,0.0,81.9870002746582,79.68780044555665,78.9209502029419,81.80347336193017,81.28266056909098,0.5208127928391946,0.7666185104764358,-0.24580571763724124,45.546997450693596,83.95565431907609,81.9870002746582,80.01834623024031,4.80235656341336,1.779636727525634,1.3482606683011298,40.992065922179215,285362.45,0.2936441006866881,-0.03248010687416558,-0.03248010687416558,0.013969517166648316,CRUDEOIL,2024-07-19 00:00:00-04:00
80.38999938964844,80.69000244140625,79.16999816894531,79.77999877929688,345235,0.0,0.0,81.93950004577637,79.70360046386719,78.87370018005372,81.49216957998658,81.17135228836548,0.32081729162109696,0.6774582667053681,-0.3566409750842712,44.30937573400092,84.06664285468676,81.93950004577637,79.81235723686598,5.191983860585045,1.76109155216387,11.40188381926173,24.405096550085133,288099.2,1.1983198842620875,-0.004367883266165551,-0.004367883266165551,0.013458955336236703,CRUDEOIL,2024-07-22 00:00:00-04:00
78.2699966430664,78.7300033569336,76.4000015258789,76.95999908447266,417941,0.0,0.0,81.7060001373291,79.65760040283203,78.83740016937256,80.79491258067675,80.85940019918823,-0.06448761851147822,0.5290690896619988,-0.593556708173477,35.85556795735748,84.74681832813715,81.7060001373291,78.66518194652105,7.443316734871695,1.8767276736820198,6.896525804657316,6.548890097406711,295409.0,1.4147876334167206,-0.035347201528862615,-0.035347201528862615,0.015238050095516023,CRUDEOIL,2024-07-23 00:00:00-04:00
77.44999694824219,78.19000244140625,76.9800033569336,77.58999633789062,355971,0.0,0.0,81.5439998626709,79.64420028686523,78.81380016326904,80.30184854332504,80.6172221353884,-0.31537359206336646,0.3601805533169258,-0.6755541453802922,38.670701568098714,85.06201375725279,81.5439998626709,78.02598596808902,8.628504612250094,1.8305330796285608,14.655117334896797,10.984508986271933,298905.65,1.1909142567228153,0.00818603509501692,0.00818603509501692,0.015335493948877631,CRUDEOIL,2024-07-24 00:00:00-04:00
77.5,78.47000122070312,76.04000091552734,78.27999877929688,457288,0.0,0.0,81.41299972534179,79.62740020751953,78.79125015258789,79.99079473347454,80.44409447938162,-0.4532997459070742,0.19748449347212577,-0.6507842393792,41.689165292264505,85.20187442127005,81.41299972534179,77.62412502941353,9.30778796681257,1.8733521671676479,28.791750838449016,16.781131326001027,306349.55,1.4927000872043064,0.00889293045460926,0.00889293045460926,0.01551651570969166,CRUDEOIL,2024-07-25 00:00:00-04:00
78.3499984741211,78.5999984741211,76.19000244140625,77.16000366210938,365121,0.0,0.0,81.18400001525879,79.61020034790039,78.74515018463134,79.55528841480297,80.20082849291701,-0.6455400781140384,0.028879579154892948,-0.6744196572689313,38.38662531721039,85.39612745146488,81.18400001525879,76.9718725790527,10.376742795167536,1.9116838718495903,14.395924451330732,19.280930874892167,309288.5,1.1805191592962558,-0.014307551541297592,-0.014307551541297592,0.015501036881826654,CRUDEOIL,2024-07-26 00:00:00-04:00
77.30000305175781,77.69000244140625,75.3499984741211,75.80999755859375,362635,0.0,0.0,80.8974998474121,79.55380035400391,78.6943501663208,78.97908982154001,79.87558175704122,-0.8964919355012029,-0.15619472377632623,-0.7402972117248766,34.80731245291706,85.710432561131,80.8974998474121,76.08456713369321,11.898841676929422,1.9422781643807023,5.430921111891766,16.206198800557157,314407.65,1.1533911468121083,-0.017496190246794496,-0.017496190246794496,0.015846246763227108,CRUDEOIL,2024-07-29 00:00:00-04:00
75.91000366210938,75.97000122070312,74.58999633789062,74.7300033569336,419478,0.0,0.0,80.46500015258789,79.46380035400391,78.65055019378661,78.32538421160056,79.49442780147768,-1.1690435898771199,-0.358764496996485,-0.8102790928806349,32.21908022244298,85.8307378726541,80.46500015258789,75.09926243252168,13.336823985312913,1.9021157871258307,1.5168685603759315,7.114571374532795,318092.55,1.318729407526206,-0.014246065643590433,-0.014246065643590433,0.014757779426591757,CRUDEOIL,2024-07-30 00:00:00-04:00
75.23999786376953,78.66000366210938,75.18000030517578,77.91000366210938,460315,0.0,0.0,80.22000045776367,79.42080047607422,78.62555019378662,78.26147951167884,79.37706305041337,-1.1155835387345263,-0.5101283053440933,-0.6054552333904331,45.15169596218418,85.58254096811156,80.22000045776367,74.85745994741579,13.36958484105543,2.046964681272256,35.96973040887092,14.305840027046193,322718.95,1.4263649531581581,0.04255319366154864,0.04255319366154864,0.018222755331279684,CRUDEOIL,2024-07-31 00:00:00-04:00
78.58999633789062,78.87999725341797,76.23999786376953,76.30999755859375,383014,0.0,0.0,79.84150047302246,79.35100036621094,78.56865016937256,77.96125151889652,79.14987301398229,-1.1886214950857692,-0.6458269432924285,-0.5427945517933407,40.92106622255413,85.18587143664291,79.84150047302246,74.49712950940201,13.387451217618965,2.089324303299126,18.634892688430686,18.7071638858925,327385.4,1.169917778862466,-0.02053659386867379,-0.02053659386867379,0.018230822114183576,CRUDEOIL,2024-08-01 00:00:00-04:00
76.87000274658203,77.29000091552734,72.97000122070312,73.5199966430664,467786,0.0,0.0,79.35950012207032,79.23620025634766,78.50295013427734,77.27798153799958,78.73284513465518,-1.4548635966555992,-0.8076342739650626,-0.6472293226905366,34.79819581278976,85.14074506539795,79.35950012207032,73.57825517874268,14.569761489008773,2.248658259836633,5.069082946648375,19.891235347983315,332706.85,1.4060005076541107,-0.03656140747986625,-0.03656140747986625,0.019579285125729234,CRUDEOIL,2024-08-02 00:00:00-04:00
74.20999908447266,74.45999908447266,71.66999816894531,72.94000244140625,500151,0.0,0.0,78.89000015258789,79.1436003112793,78.43435012817383,76.61060013852368,78.303745675896,-1.6931455373723168,-0.9847365266465136,-0.7084090107258032,33.67032483292988,85.13646204898733,78.89000015258789,72.64353825618845,15.835877511262828,2.287325592385969,10.452708748685264,11.385561461254762,345125.7,1.4491850360607743,-0.007888931285946366,-0.007888931285946366,0.019562253106400113,CRUDEOIL,2024-08-05 00:00:00-04:00
73.86000061035156,74.55999755859375,72.19999694824219,73.19999694824219,352250,0.0,0.0,78.47949981689453,79.0702001953125,78.35875011444092,76.08589195540345,77.9256902145883,-1.839798259184846,-1.15574887315418,-0.684049386030666,34.69218866526883,85.07869581915462,78.47949981689453,71.88030381463444,16.81763012673905,2.2925166650977973,12.592580964192084,9.371457553175228,347871.95,1.0125852343081987,0.0035644981921243435,0.0035644981921243435,0.019628818828067714,CRUDEOIL,2024-08-06 00:00:00-04:00
72.83999633789062,75.83999633789062,72.58000183105469,75.2300033569336,427995,0.0,0.0,78.13600006103516,79.02040023803711,78.28805011749267,75.95421678640808,77.72600970661387,-1.7717929202057832,-1.2789576825645008,-0.49283523764128234,42.18192769564225,84.66038990916715,78.13600006103516,71.61161021290317,16.700086625974013,2.36162222522195,31.757408374094904,18.26756602899074,352552.7,1.2139887171478192,0.02773232914376722,0.02773232914376722,0.020769840305001973,CRUDEOIL,2024-08-07 00:00:00-04:00
75.47000122070312,76.5199966430664,74.5999984741211,76.19000244140625,327301,0.0,0.0,77.81450004577637,78.94760025024414,78.2252501296997,75.99049150256164,77.61223139067256,-1.6217398881109233,-1.3475141236737853,-0.274225764437138,45.37251654825927,84.05071197141554,77.81450004577637,71.5782881201372,16.028405816321012,2.3300776497736186,50.110888375751735,31.48695923801289,352709.25,0.9279626207705072,0.012760853936399252,0.012760853936399252,0.020989229559582052,CRUDEOIL,2024-08-08 00:00:00-04:00
76.0199966430664,77.08999633789062,75.8499984741211,76.83999633789062,263007,0.0,0.0,77.54599990844727,78.89980010986328,78.1820001220703,76.12118455415072,77.5550287941702,-1.4338442400194822,-1.3647801469429246,-0.06906409307655759,47.48556322528408,83.45597613699522,77.54599990844727,71.63602367989932,15.242504411640603,2.2522148079161837,71.70594764816741,51.191414799338,347356.5,0.7571673482430874,0.008531222938130911,0.008531222938130911,0.02116715908847501,CRUDEOIL,2024-08-09 00:00:00-04:00
76.98999786376953,80.16000366210938,76.69999694824219,80.05999755859375,376747,0.0,0.0,77.45349960327148,78.94279998779297,78.16360012054443,76.72715578560349,77.74058203597934,-1.0134262503758578,-1.2945093676295114,0.28108311725365365,56.468750794280425,83.14109354805731,77.45349960327148,71.76590565848565,14.68647375242835,2.3384856583412557,98.82207256996303,73.54630286462738,351367.85,1.0722295736505205,0.0419052755617495,0.0419052755617495,0.02344054641943251,CRUDEOIL,2024-08-12 00:00:00-04:00
79.73999786376953,80.1500015258789,78.16000366210938,78.3499984741211,370763,0.0,0.0,77.33299942016602,78.97,78.1284001159668,76.97682389152926,77.78572399436021,-0.8089001028309468,-1.1973875146697985,0.3884874118388517,51.43665395736691,82.83434416024956,77.33299942016602,71.83165468008248,14.227677139984204,2.313593673014704,78.6807536291272,83.0695912824192,354496.7,1.0458856175529982,-0.021358969980247,-0.021358969980247,0.023712347703270034,CRUDEOIL,2024-08-13 00:00:00-04:00
78.7300033569336,79.0999984741211,76.83000183105469,76.9800033569336,357636,0.0,0.0,77.03949966430665,79.0252000427246,78.0972501373291,76.977313040053,77.72604098418046,-0.7487279441274524,-1.1076556005613294,0.35892765643387703,47.7642409657115,81.92393320918676,77.03949966430665,72.15506611942654,12.680335584118879,2.310479599446968,62.54419025127561,80.01567215012193,359506.65,0.9947966192002289,-0.017485579372921167,-0.017485579372921167,0.023075438961451086,CRUDEOIL,2024-08-14 00:00:00-04:00
77.5199966430664,78.5999984741211,76.93000030517578,78.16000366210938,195122,0.0,0.0,76.8064998626709,79.1234001159668,78.06035015106201,77.1592654434463,77.75818636773076,-0.5989209242844566,-1.0059086653059548,0.40698774102149815,51.00872283017473,80.95484955204819,76.8064998626709,72.65815017329362,10.802079763547312,2.264730925839707,76.44288921119839,72.55594436386706,364477.55,0.5353471016253265,0.01532866008987388,0.01532866008987388,0.023448437833180152,CRUDEOIL,2024-08-15 00:00:00-04:00
78.16000366210938,78.16000366210938,75.54000091552734,76.6500015258789,100810,0.0,0.0,76.63250007629395,79.17500015258788,78.03205017089844,77.08091714843593,77.67609860166766,-0.5951814532317314,-0.9237632228911101,0.3285817696593787,46.986802542701945,80.4904104961123,76.63250007629395,72.7745896564756,10.068601222660062,2.2901074844641585,58.65724540394428,65.8814416221394,365328.3,0.27594358279936154,-0.01931937135978523,-0.01931937135978523,0.022740677395187328,CRUDEOIL,2024-08-16 00:00:00-04:00
76.58000183105469,76.87000274658203,74.16999816894531,74.37000274658203,118172,0.0,0.0,76.3620002746582,79.15140014648438,77.99880020141602,76.66385339430455,77.43120261240206,-0.7673492180975074,-0.8924804219323896,0.1251312038348822,41.647116930693706,80.0543195258759,76.3620002746582,72.6696810234405,9.670567135321742,2.3193858482621983,31.80215348282983,55.63409603265748,353975.15,0.3338426440387129,-0.029745580351059675,-0.029745580351059675,0.023574079479746973,CRUDEOIL,2024-08-19 00:00:00-04:00
74.33999633789062,75.02999877929688,73.5,74.04000091552734,329276,0.0,0.0,76.21600036621093,79.12160018920899,77.96680019378663,76.26018378218498,77.18000248670765,-0.9198187045226689,-0.8979480784504456,-0.021870626072223343,40.92223781313531,80.03107221996407,76.21600036621093,72.4009285124578,10.011209812695672,2.263001057621818,27.915208635498498,39.45820250742419,349541.9,0.9420215430539228,-0.004437297550992092,-0.004437297550992092,0.02233938708931676,CRUDEOIL,2024-08-20 00:00:00-04:00
73.12000274658203,74.16000366210938,71.45999908447266,71.93000030517578,390527,0.0,0.0,75.9330005645752,79.00540023803711,77.91415019989013,75.59400170879896,76.79111343622381,-1.1971117274248542,-0.9577808082453274,-0.23933091917952676,36.542664760752615,80.11998086271325,75.9330005645752,71.74602026643714,11.028091256784585,2.294215594765739,5.402310039137896,21.706557385822062,351269.7,1.11175828715087,-0.028498117021350078,-0.028498117021350078,0.022982026474427854,CRUDEOIL,2024-08-21 00:00:00-04:00
71.93000030517578,73.5199966430664,71.58000183105469,73.01000213623047,334117,0.0,0.0,75.66950073242188,78.90760025024414,77.87665019989014,75.1964633130192,76.51103111770578,-1.3145678046865896,-1.02913820753358,-0.28542959715300964,40.077651740882466,79.89563125682086,75.66950073242188,71.4433702080229,11.169970684339999,2.2689141102833092,17.81611765747895,17.044545444038434,345111.15,0.9681431619928825,0.0150146229177337,0.0150146229177337,0.023195967353908612,CRUDEOIL,2024-08-22 00:00:00-04:00
72.95999908447266,75.06999969482422,72.83000183105469,74.83000183105469,313764,0.0,0.0,75.55300064086914,78.83420028686524,77.84670021057129,75.14008462348619,76.38651042980571,-1.2464258063195217,-1.0725957272907685,-0.17383007902875325,45.57940121297893,79.73660220033051,75.55300064086914,71.36939908140778,11.074613910697058,2.2668486641037537,38.73564337247123,20.651357023029345,342543.3,0.9159834683673568,0.024928087132886967,0.024928087132886967,0.023858984198336108,CRUDEOIL,2024-08-23 00:00:00-04:00
75.0999984741211,77.5999984741211,75.04000091552734,77.41999816894531,409675,0.0,0.0,75.63350067138671,78.8102001953125,77.8469501876831,75.49084055355682,76.46306507714938,-0.9722245235925584,-1.0525214865511265,0.08029696295856814,52.29233908974697,79.89501770872198,75.63350067138671,71.37198363405145,11.268861019274393,2.3027878054582294,68.50570055782245,41.68582052925753,344895.3,1.187824246952626,0.03461173693057118,0.03461173693057118,0.02481878078990115,CRUDEOIL,2024-08-26 00:00:00-04:00
77.19999694824219,77.4800033569336,75.4000015258789,75.52999877929688,331162,0.0,0.0,75.67350044250489,78.7518002319336,77.84795017242432,75.49686489597836,76.39394905508624,-0.8970841591078766,-1.0214340210624766,0.12434986195459996,47.67116553130818,79.91531710304423,75.67350044250489,71.43168378196555,11.210837706026785,2.2868745215722623,46.78158107279754,51.340975001030394,340479.5,0.972634182087321,-0.0244122892579266,-0.0244122892579266,0.0252551261217309,CRUDEOIL,2024-08-27 00:00:00-04:00
75.75,75.94999694824219,73.81999969482422,74.5199966430664,337361,0.0,0.0,75.50400009155274,78.63560012817383,77.8418501663208,75.34657747245345,76.25513776530698,-0.9085602928535366,-0.9988592754206886,0.09029898256715208,45.36403988733582,79.64450875336486,75.50400009155274,71.36349142974062,10.967653784677703,2.2756690024183843,35.172367224489115,50.15321628503636,334331.8,1.0090604602972257,-0.013372198498000198,-0.013372198498000198,0.023422418936603066,CRUDEOIL,2024-08-28 00:00:00-04:00
74.41999816894531,76.91000366210938,74.05000305175781,75.91000366210938,408147,0.0,0.0,75.48400039672852,78.52240020751952,77.83555019378662,75.4332584247082,76.22957227618124,-0.7963138514730446,-0.9583501906311599,0.16203633915811533,49.02073247685834,79.6125901588452,75.48400039672852,71.35541063461184,10.93897975840615,2.317406974413611,51.149450990812284,44.36779976269963,335588.45,1.2162128940969215,0.018652805712012777,0.018652805712012777,0.02342596958279149,CRUDEOIL,2024-08-29 00:00:00-04:00
75.87000274658203,76.58999633789062,73.36000061035156,73.55000305175781,427273,0.0,0.0,75.48550071716309,78.35000030517578,77.81200019836426,75.14352682886968,76.03108566696469,-0.8875588380950035,-0.9441919201239286,0.05663308202892514,43.67592803744821,79.61125536536989,75.48550071716309,71.3597460689563,10.931250661410061,2.3825918853511436,24.050671807946507,36.79083000774929,333562.8,1.2809372028295722,-0.03108945457118406,-0.03108945457118406,0.023004682235311637,CRUDEOIL,2024-08-30 00:00:00-04:00
73.52999877929688,74.41000366210938,70.0999984741211,70.33999633789062,546617,0.0,0.0,75.35550041198731,78.14220016479493,77.77240016937256,74.40452213794983,75.60952349444068,-1.205001356490854,-0.9963538073973137,-0.20864754909354022,37.66109621145836,79.93300867182289,75.35550041198731,70.77799215215173,12.149101883231358,2.520264264110939,2.6666429307725696,25.95558857651044,335886.1,1.6273879746735576,-0.043643869213822795,-0.043643869213822795,0.024976948747348498,CRUDEOIL,2024-09-03 00:00:00-04:00
70.27999877929688,71.45999908447266,68.81999969482422,69.19999694824219,482025,0.0,0.0,75.1555004119873,77.89360015869141,77.73510013580322,73.60382595491788,75.13474375027783,-1.5309177953599544,-1.1032666049898419,-0.42765119037011257,35.77672981929379,80.39404862793944,75.1555004119873,69.91695219603517,13.940558408194931,2.528816773077903,3.885452973904035,10.200922570874356,342374.85,1.407886706631635,-0.016206986764290554,-0.016206986764290554,0.0251558871153675,CRUDEOIL,2024-09-04 00:00:00-04:00
69.2699966430664,70.81999969482422,68.75,69.1500015258789,405596,0.0,0.0,74.85150032043457,77.66000015258788,77.71635013580322,72.91862219660419,74.69142951143347,-1.7728073148292793,-1.2371747469577294,-0.5356325678715499,35.69238502790171,80.70682408813929,74.85150032043457,68.99617655272985,15.645174091737493,2.4960441246312115,4.250811585648636,3.6009691634417327,341254.9,1.1885426407064044,-0.0007224772336431595,-0.0007224772336431595,0.024139877758646674,CRUDEOIL,2024-09-05 00:00:00-04:00
69.33000183105469,70.12999725341797,67.16999816894531,67.66999816894531,351074,0.0,0.0,74.42550010681153,77.39540008544923,77.6752501296997,72.11114157696436,74.17132348606398,-2.060181909099626,-1.4017761793861088,-0.6584057297135171,33.19734177369638,81.02211960026575,74.42550010681153,67.8288806133573,17.726772366963228,2.5291837646198863,4.793863714000853,4.310042757851161,342443.55,1.025202547981996,-0.021402795723434842,-0.021402795723434842,0.02410551020992345,CRUDEOIL,2024-09-06 00:00:00-04:00
68.12999725341797,68.95999908447266,67.30999755859375,68.70999908447266,351074,0.0,0.0,74.01900024414063,77.13480010986328,77.63080013275146,71.5878888858118,73.76678093779796,-2.1788920519861676,-1.5571993539061206,-0.621692698080047,36.553672163105105,80.96319581780551,74.01900024414063,67.07480467047574,18.763278484606634,2.4663850332812447,14.765109016949252,7.936594772199566,346846.9,1.0121872215089711,0.015368714994359323,0.015368714994359323,0.024364111732264982,CRUDEOIL,2024-09-09 00:00:00-04:00
68.77999877929688,69.08000183105469,65.2699966430664,65.75,442855,0.0,0.0,73.30350036621094,76.81900009155274,77.57070014953614,70.68975213414843,73.17294531277588,-2.4831931786274453,-1.7423981188503856,-0.7407950597770596,31.675696079191297,80.55268205526463,73.30350036621094,66.05431867715726,19.778541687199365,2.5623579014746047,3.8929706865464033,7.817314472498821,350152.3,1.2647496532223264,-0.0430795972043837,-0.0430795972043837,0.02307585201661576,CRUDEOIL,2024-09-10 00:00:00-04:00
66.27999877929688,67.97000122070312,65.62999725341797,67.30999755859375,393311,0.0,0.0,72.75150032043457,76.49760009765625,77.5217501449585,70.16978989175541,72.73865288654017,-2.5688629947847517,-1.907691094037259,-0.6611719007474928,36.486232987904046,80.06059092796694,72.75150032043457,65.4424097129022,20.093305499788787,2.54647547760393,16.545017133649896,11.734365612381836,351279.7,1.1196519468674107,0.02372619860979097,0.02372619860979097,0.024042766365974758,CRUDEOIL,2024-09-11 00:00:00-04:00
67.38999938964844,69.80999755859375,67.23999786376953,68.97000122070312,351976,0.0,0.0,72.35100021362305,76.22080017089844,77.48890014648437,69.98520701928584,72.45949350388557,-2.4742864845997303,-2.0210101721497535,-0.4532763124499768,41.22818595261431,79.56661547978099,72.35100021362305,65.13538494746511,19.946138256148956,2.5481557788339506,30.008142969758396,16.815376929984883,350996.7,1.0027900547213122,0.02466206688931072,0.02466206688931072,0.024932685264434054,CRUDEOIL,2024-09-12 00:00:00-04:00
69.30999755859375,70.31999969482422,68.47000122070312,68.6500015258789,308983,0.0,0.0,71.87550010681153,75.91620025634765,77.45785015106202,69.77979078953092,72.1773089129221,-2.3975181233911798,-2.096311762398039,-0.3012063609931408,40.59892739339683,78.7421788023187,71.87550010681153,65.00882141130435,19.107146900690385,2.498287399925889,27.412849804284093,24.655336635897445,356689.75,0.8662514131678861,-0.004639693912723342,-0.004639693912723342,0.024463520601208984,CRUDEOIL,2024-09-13 00:00:00-04:00
69.16000366210938,70.69999694824219,68.6500015258789,70.08999633789062,295176,0.0,0.0,71.54749984741211,75.65480010986329,77.42625011444092,69.8275147200478,72.02269316662347,-2.1951784465756674,-2.1160850992335645,-0.07909334734210294,44.68997739880124,78.08962271451716,71.54749984741211,65.00537698030706,18.287495387140854,2.466266544385703,39.47581527002793,32.29893601469013,366408.05,0.8055936543970582,0.020975889002258663,0.020975889002258663,0.02497835793290653,CRUDEOIL,2024-09-16 00:00:00-04:00
70.5,71.91999816894531,69.61000061035156,71.19000244140625,251629,0.0,0.0,71.38849983215331,75.4320001220703,77.39290012359619,70.03712821564142,71.96101237216294,-1.923884156521524,-2.0776449106911565,0.15376075416963264,47.65568850412886,77.80180661920048,71.38849983215331,64.97519304510615,17.96733872297626,2.455104473971992,50.85912567453573,39.24926358294923,373080.9,0.6744622949070831,0.015694195477093498,0.015694195477093498,0.024592765662975285,CRUDEOIL,2024-09-17 00:00:00-04:00
71.13999938964844,71.4800033569336,69.7300033569336,70.91000366210938,102907,0.0,0.0,71.23199996948242,75.22200012207031,77.36765014648438,70.17141674586726,71.88315987512195,-1.7117431292546854,-2.0044645544038624,0.292721425149177,46.96537161793792,77.53058990967092,71.23199996948242,64.93341002929391,17.684720190046555,2.4047398686882784,48.45363933042272,46.26286009166211,361762.45,0.2844601478124664,-0.003933119394501139,-0.003933119394501139,0.02459027919919813,CRUDEOIL,2024-09-18 00:00:00-04:00
70.12999725341797,72.48999786376953,70.12999725341797,71.94999694824219,86630,0.0,0.0,71.23299980163574,75.01900009155274,77.35705013275147,70.44504446930955,71.88811076942714,-1.443066300117593,-1.8921849035466085,0.44911860342901555,49.86999973204331,77.53203895650394,71.23299980163574,64.93396064676755,17.685733220303185,2.401544207378513,59.01060499347929,52.7744566661459,346567.6,0.24996566326454062,0.014666383195923283,0.014666383195923283,0.024017587737810136,CRUDEOIL,2024-09-19 00:00:00-04:00
72.0999984741211,72.4000015258789,71.36000061035156,71.91999816894531,306997,0.0,0.0,71.17849960327149,74.805,77.35145011901855,70.67196042309966,71.89047279902108,-1.2185123759214207,-1.7574503980215712,0.5389380221001505,49.7852984756569,77.43380607697698,71.17849960327149,64.923193129566,17.576393176509114,2.3042911151034295,72.75707241825745,60.07377224738647,345211.6,0.8893009389024008,-0.0004169392712893849,-0.0004169392712893849,0.0237662096853844,CRUDEOIL,2024-09-20 00:00:00-04:00
71.30999755859375,71.80999755859375,69.48999786376953,70.37000274658203,338267,0.0,0.0,70.95549964904785,74.56820007324218,77.34170013427735,70.62550539594311,71.7778453877293,-1.1523399917861923,-1.6364283167744955,0.48408832498830323,45.48652317671172,76.9882422170016,70.95549964904785,64.9227570810941,17.0042987444024,2.3132703429657404,70.63719170699748,67.46828970624473,346436.75,0.9764177732298898,-0.021551661037618852,-0.021551661037618852,0.023420742508255408,CRUDEOIL,2024-09-23 00:00:00-04:00
70.76000213623047,72.4000015258789,70.44000244140625,71.55999755859375,318516,0.0,0.0,70.66249961853028,74.36119995117187,77.35260013580323,70.76927342096629,71.76170851149703,-0.9924350905307477,-1.507629671525746,0.5151945809949983,49.11896683387944,75.93181856327502,70.66249961853028,65.39318067378554,14.91404627119342,2.2930366598465355,87.11911152439926,76.83779188321806,341878.8,0.9316635018023932,0.016910540934567786,0.016910540934567786,0.022236874277262005,CRUDEOIL,2024-09-24 00:00:00-04:00
71.54000091552734,71.72000122070312,69.2300033569336,69.69000244140625,476237,0.0,0.0,70.37049980163575,74.13979995727539,77.3543501663208,70.6032317318032,71.60824880260142,-1.0050170707982176,-1.4071071513802405,0.4020900805820229,44.14135781229148,75.1533135242336,70.37049980163575,65.5876860790379,13.593235051846756,2.3071053172696065,61.21890652408226,72.99173658515966,349132.55,1.364057862837481,-0.026131849929932338,-0.026131849929932338,0.022324362464867877,CRUDEOIL,2024-09-25 00:00:00-04:00
69.88999938964844,70.01000213623047,66.94999694824219,67.66999816894531,478069,0.0,0.0,70.02799987792969,73.83619995117188,77.33655014038087,70.15196502982506,71.31652653344172,-1.1645615036166532,-1.358598021827523,0.19403651821086987,39.486401459845325,74.54695543428781,70.02799987792969,65.50904432157157,12.90613915643858,2.360883879463798,33.24101274383414,60.52634359743855,356167.95,1.3422572132051747,-0.02898556753760073,-0.02898556753760073,0.0229420216767074,CRUDEOIL,2024-09-26 00:00:00-04:00
67.44999694824219,68.6500015258789,67.05999755859375,68.18000030517578,341133,0.0,0.0,69.64149971008301,73.5433999633789,77.32085014343262,69.84858584141747,71.08419125727386,-1.2356054158563836,-1.3339995006332952,0.09839408477691158,41.173148363075704,73.32753505746058,69.64149971008301,65.95546436270544,10.585743738209267,2.3058210285938947,40.30475304858719,44.92155743883452,352817.25,0.9668829967922487,0.007536606325260875,0.007536606325260875,0.02248012517461236,CRUDEOIL,2024-09-27 00:00:00-04:00
68.62999725341797,69.31999969482422,67.56999969482422,68.16999816894531,350115,0.0,0.0,69.37249946594238,73.30419998168945,77.31865013122558,69.59034158411407,70.86832510258286,-1.2779835184687869,-1.3227963042003936,0.04481278573160674,41.1489235255099,72.63979127101024,69.37249946594238,66.10520766087453,9.419559134299016,2.2661195265514738,37.026249118615944,36.85733830367908,348959.35,1.0033117037844093,-0.00014670190944121586,-0.00014670190944121586,0.02164764522037365,CRUDEOIL,2024-09-30 00:00:00-04:00
68.41000366210938,71.94000244140625,66.33000183105469,69.83000183105469,668216,0.0,0.0,69.34699974060058,73.1052000427246,77.32045013427734,69.6272123913357,70.79141226765485,-1.1641998763191452,-1.291077018624144,0.1268771423049988,46.74878497608173,72.5915715827493,69.34699974060058,66.10242789845186,9.357497380666395,2.5049681753943367,56.81821841137573,44.71640685952628,355039.3,1.8820902362076537,0.024350941861482678,0.024350941861482678,0.020320782939898016,CRUDEOIL,2024-10-01 00:00:00-04:00
70.80000305175781,72.48999786376953,69.87000274658203,70.0999984741211,429225,0.0,0.0,69.39199981689453,72.96800003051757,77.31305011749268,69.69994871176422,70.74019643109679,-1.0402477193325694,-1.2409111587658292,0.20066343943325982,47.62177177457829,72.65209580715968,69.39199981689453,66.13190382662937,9.39617246618518,2.5160415937743728,61.201283621685825,51.68191705055915,352399.3,1.2180075272567228,0.0038664848344072134,0.0038664848344072134,0.019979677015516454,CRUDEOIL,2024-10-02 00:00:00-04:00
70.9800033569336,74.08999633789062,70.5199966430664,73.70999908447266,460554,0.0,0.0,69.61999969482422,72.89040008544922,77.32445011138915,70.31687953833475,70.96018181282834,-0.6433022744935926,-1.121389381911382,0.4780871074177895,57.6246512213006,73.37999982631214,69.61999969482422,65.85999956333629,10.801494248692043,2.6213241844883126,95.10312471119379,71.04087558141843,355147.2,1.2967974969252185,0.051497870027547465,0.051497870027547465,0.02295563930488001,CRUDEOIL,2024-10-03 00:00:00-04:00
73.94999694824219,75.56999969482422,73.45999908447266,74.37999725341797,428815,0.0,0.0,69.95549964904785,72.81240005493164,77.33400009155274,70.94197457142448,71.21350147509423,-0.2715269036697521,-0.9514168862630561,0.679889982593304,59.182660185229416,74.1338215936843,69.95549964904785,65.7771777044114,11.945656783521583,2.5848010720499732,87.1211827215642,81.1418636848146,359034.25,1.1943568057922052,0.009089651027908596,0.009089651027908596,0.022219027601798554,CRUDEOIL,2024-10-04 00:00:00-04:00
74.4000015258789,77.4000015258789,73.62000274658203,77.13999938964844,419018,0.0,0.0,70.37699966430664,72.81199996948243,77.35250007629395,71.89551685115124,71.65250132061678,0.24301553053446412,-0.7125304029035522,0.9555459334380163,64.90668544032908,75.55009140859693,70.37699966430664,65.20390792001635,14.701086346293746,2.6701723368533234,97.65129048420812,93.29186597232201,362431.45,1.1561303523742215,0.03710677921682293,0.03710677921682293,0.023261555555964205,CRUDEOIL,2024-10-07 00:00:00-04:00
77.33000183105469,78.45999908447266,72.69000244140625,73.56999969482422,496760,0.0,0.0,70.76799964904785,72.76720001220703,77.34925006866455,72.1531295963317,71.79453823722474,0.3585913591069527,-0.49830605050145116,0.8568974096084039,54.29958260024836,75.65743508709711,70.76799964904785,65.87856421099859,13.818210101449566,2.8915883587256865,59.6867230264991,81.48639874409047,365126.7,1.360514035265019,-0.04627948824307726,-0.04627948824307726,0.0236254868337568,CRUDEOIL,2024-10-08 00:00:00-04:00
73.83999633789062,74.44999694824219,71.52999877929688,73.23999786376953,401159,0.0,0.0,71.06449966430664,72.73739990234375,77.34600006103516,72.32034009901444,71.9016093206725,0.4187307783419385,-0.3148986847327732,0.7336294630747118,53.43036533233275,75.79583448757359,71.06449966430664,66.33316484103969,13.315607217715606,2.8936176308842314,56.966179697755145,71.43473106948744,365519.1,1.0975048909892808,-0.004485548897968816,-0.004485548897968816,0.0233456815346181,CRUDEOIL,2024-10-09 00:00:00-04:00
73.38999938964844,76.23999786376953,73.26000213623047,75.8499984741211,321453,0.0,0.0,71.40849952697754,72.69619979858399,77.3574500656128,72.86336446441547,72.19408259129833,0.6692818731171428,-0.11806257316279004,0.7873444462799328,59.01806728519404,76.46962594443478,71.40849952697754,66.34737310952029,14.17513727632715,2.901216371535358,78.48308984887757,65.0453308577106,363992.95,0.8831297419359359,0.035636273709432675,0.035636273709432675,0.023965509148465333,CRUDEOIL,2024-10-10 00:00:00-04:00
75.73999786376953,76.04000091552734,74.52999877929688,75.55999755859375,315302,0.0,0.0,71.75399932861328,72.68119979858399,77.35740005493165,73.27823109428905,72.4434096259128,0.8348214683762478,0.07251423514501754,0.7623072332312303,58.18271848275076,76.9561762862582,71.75399932861328,66.55182237096835,14.500033465230016,2.801843926156437,76.09231506576188,70.51386153746485,364308.9,0.8654798167159792,-0.0038233476778023467,-0.0038233476778023467,0.023948848190027683,CRUDEOIL,2024-10-11 00:00:00-04:00
75.05000305175781,75.08000183105469,71.80999755859375,73.83000183105469,273455,0.0,0.0,71.94099960327148,72.68739990234376,77.35600006103516,73.3631188999453,72.54612015962702,0.816998740318283,0.22141113617967065,0.5955876041386123,53.33307471889885,77.15932737902153,71.94099960327148,66.72267182752142,14.50724289216786,2.869569360002406,61.83018712462333,72.13519734642092,363222.85,0.7528573711703436,-0.02289565621276679,-0.02289565621276679,0.0244206798757566,CRUDEOIL,2024-10-14 00:00:00-04:00
71.51000213623047,72.12000274658203,69.70999908447266,70.58000183105469,328738,0.0,0.0,71.9104995727539,72.64019989013671,77.3500500869751,72.9349470431929,72.40048176491797,0.5344652782749364,0.2840219645987238,0.2504433136762126,45.63720235309757,77.15310268642637,71.9104995727539,66.66789645908145,14.580911396306925,2.958886030472379,35.03710603728655,57.653202742557234,367078.3,0.8955528016774623,-0.044020044960001226,-0.044020044960001226,0.026346652285683253,CRUDEOIL,2024-10-15 00:00:00-04:00
70.98999786376953,71.30999755859375,69.63999938964844,70.38999938964844,222437,0.0,0.0,71.88449935913086,72.58399993896484,77.34375007629394,72.54341663495529,72.25155714452764,0.2918594904276546,0.28558946976450994,0.006270020663144638,45.226324218867546,77.15179174810793,71.88449935913086,66.61720697015379,14.654876742375228,2.8668226117918745,33.47072116978205,43.446004777230634,373054.8,0.5962582440971139,-0.002692015251870572,-0.002692015251870572,0.0263386102520368,CRUDEOIL,2024-10-16 00:00:00-04:00
70.68000030517578,71.11000061035156,69.44000244140625,70.66999816894531,188161,0.0,0.0,71.82049942016602,72.49279983520508,77.34520008087158,72.2551984094153,72.13440462781783,0.12079378159747023,0.252630332131102,-0.13183655053363175,45.99791351882576,77.11409269728718,71.82049942016602,66.52690614304485,14.741176460365319,2.7813351515885487,35.779038092260976,34.76228843310985,378131.35,0.49760751125237307,0.003977820453541003,0.003977820453541003,0.026132167391015163,CRUDEOIL,2024-10-17 00:00:00-04:00
70.75,71.2300033569336,68.69000244140625,69.22000122070312,95768,0.0,0.0,71.68549957275391,72.35339981079102,77.32780010223388,71.78824499576727,71.91852289395749,-0.13027789819021507,0.1760486860668386,-0.30632658425705367,42.64746345851719,77.09842559527236,71.68549957275391,66.27257355023546,15.101871521519767,2.7640969918698914,23.825227073601347,31.02499544521478,367569.9,0.2605436408149851,-0.020517857447453047,-0.020517857447453047,0.02650967276628948,CRUDEOIL,2024-10-18 00:00:00-04:00
69.45999908447266,71.02999877929688,69.0,70.55999755859375,92584,0.0,0.0,71.69499931335449,72.22779983520508,77.31965007781983,71.59928385158673,71.81789138763425,-0.21860753604751437,0.09711744164396802,-0.3157249776914824,46.52401045139741,77.09931719092364,71.69499931335449,66.29068143578533,15.075857254558908,2.711661405257533,19.14018177800094,26.248148981287745,355285.75,0.26059024320564506,0.01935851364142782,0.01935851364142782,0.02646565539164277,CRUDEOIL,2024-10-21 00:00:00-04:00
70.48999786376953,72.66000366210938,70.05000305175781,72.08999633789062,330456,0.0,0.0,71.72149925231933,72.06839981079102,77.31105007171631,71.67477808024887,71.83804730987546,-0.16326922962659296,0.04504010738985583,-0.2083093370164488,50.627468296759254,77.12810652212114,71.72149925231933,66.31489198251752,15.076671085140406,2.704399919907107,34.80035890183535,25.921922584479205,355882.75,0.9285530135978773,0.02168365691943719,0.02168365691943719,0.02664266301053626,CRUDEOIL,2024-10-22 00:00:00-04:00
71.3499984741211,71.72000122070312,70.12999725341797,70.7699966430664,293835,0.0,0.0,71.77549896240234,71.91679977416992,77.31105007171631,71.53558093606695,71.75893244566738,-0.22335150960043393,-0.008638216008202124,-0.2147132935922318,47.25819886402785,77.12109657910064,71.77549896240234,66.42990134570404,14.895326940181764,2.651228431661789,21.28961019793483,25.07671695925703,346762.65,0.8473663469811411,-0.018310441973630964,-0.018310441973630964,0.026282963673114154,CRUDEOIL,2024-10-23 00:00:00-04:00
71.0199966430664,72.33999633789062,69.7699966430664,70.19000244140625,286571,0.0,0.0,71.9014991760254,71.78099975585937,77.3008000946045,71.3285688599653,71.64271540831471,-0.314146548349413,-0.0697398824764443,-0.24440666587296872,45.81543308683846,76.96545436489913,71.9014991760254,66.83754398715166,14.085812526596783,2.645426379030534,15.353127076707068,23.814365392159075,337187.75,0.8498855607892042,-0.00819548154828098,-0.00819548154828098,0.02542776237347589,CRUDEOIL,2024-10-24 00:00:00-04:00
70.33000183105469,71.91999816894531,69.95999908447266,71.77999877929688,287189,0.0,0.0,72.08149909973145,71.65339965820313,77.30285007476806,71.39801961678555,71.65288454690598,-0.25486493012043354,-0.10676489200524215,-0.1481000381151914,50.29537727923459,76.85088941348418,72.08149909973145,67.31210878597871,13.233327201349804,2.596467286562114,31.627404294796158,22.756713856479347,334490.55,0.8585862889101052,0.022652746581935723,0.022652746581935723,0.025818362614594182,CRUDEOIL,2024-10-25 00:00:00-04:00
68.9800033569336,69.0,66.91999816894531,67.37999725341797,419623,0.0,0.0,72.04199905395508,71.46799957275391,77.27965007781982,70.77986233011362,71.33637437701798,-0.5565120469043592,-0.19671432298506558,-0.3597977239192936,40.35255968007522,76.9513471742581,72.04199905395508,67.13265093365206,13.629127966385882,2.7581482382613602,4.935612655954407,17.30538134248587,337965.95,1.2416132453580013,-0.06129843411404423,-0.06129843411404423,0.02954876172829705,CRUDEOIL,2024-10-28 00:00:00-04:00
68.0199966430664,68.5199966430664,66.72000122070312,67.20999908447266,291929,0.0,0.0,71.91099891662597,71.32479949951171,77.2523000717163,70.230652600015,71.03071694794053,-0.8000643479255274,-0.31738432797315796,-0.4826800199523694,40.02335124653549,77.17636815539676,71.91099891662597,66.64562967785518,14.644127652504139,2.6897087514114975,5.14703819907758,13.903351716609373,319151.6,0.9147032319436907,-0.0025229767865074804,-0.0025229767865074804,0.028980830194561134,CRUDEOIL,2024-10-29 00:00:00-04:00
67.47000122070312,69.16999816894531,67.27999877929688,68.61000061035156,284795,0.0,0.0,71.8364990234375,71.2161994934082,77.23335006713867,69.98132152468217,70.85140462663765,-0.8700831019554727,-0.42792408276962096,-0.4421590191858517,44.07015746946417,77.242540618478,71.8364990234375,66.43045742839699,15.0509606356978,2.6375866323444375,20.27896407226314,10.120538309098368,311930.1,0.9130090363193549,0.020830256583091344,0.020830256583091344,0.029391750992443694,CRUDEOIL,2024-10-30 00:00:00-04:00
69.0999984741211,70.80999755859375,68.30000305175781,69.26000213623047,311055,0.0,0.0,71.61399917602539,71.1627995300293,77.21685009002685,69.87034931107422,70.73352296068155,-0.863173649607333,-0.5149739961371633,-0.3481996534701697,45.89545844375539,77.05944936357942,71.61399917602539,66.16854898847136,15.207781300327195,2.6284729090938304,30.38278385269794,18.60292870801288,304455.15,1.0216775771406723,0.009473859788609929,0.009473859788609929,0.02685981529393693,CRUDEOIL,2024-10-31 00:00:00-04:00
70.44000244140625,71.44999694824219,69.31999969482422,69.48999786376953,320572,0.0,0.0,71.36949920654297,71.09239944458008,77.19390007019042,69.81183370379658,70.64140999053993,-0.8295762867433467,-0.5778944542584,-0.2516818324849467,46.560038193493845,76.73475167468365,71.36949920654297,66.00424673840229,15.03514113953264,2.5971530450165368,46.63292095231245,32.43155629242451,299043.0,1.071992990974542,0.003320758308477556,0.003320758308477556,0.026756625301659693,CRUDEOIL,2024-11-01 00:00:00-04:00
70.29000091552734,71.80999755859375,70.25,71.47000122070312,286947,0.0,0.0,71.0859992980957,71.02519943237304,77.1842000579834,70.06693639870528,70.70278711870016,-0.6358507199948775,-0.5894857074056955,-0.04636501258918202,52.02355505109435,75.75576705601016,71.0859992980957,66.41623154018124,13.138361432697913,2.5773563771456574,79.96629709928997,52.32733396810011,292439.45,0.9812185052324507,0.02849335757378002,0.02849335757378002,0.02613842639187677,CRUDEOIL,2024-11-04 00:00:00-05:00
71.62000274658203,72.66999816894531,71.29000091552734,71.98999786376953,247311,0.0,0.0,71.00699920654297,70.91659942626953,77.16820003509521,70.36279200871516,70.79813606277938,-0.43534405406421683,-0.5586573767373998,0.12331332267318296,53.37181597260627,75.55795052930557,71.00699920654297,66.45604788378037,12.8183175563438,2.4918307254508223,88.57141758069852,71.72354521076697,279967.0,0.883357681441027,0.007275732953475611,0.007275732953475611,0.02419404679379846,CRUDEOIL,2024-11-05 00:00:00-05:00
72.0199966430664,72.62999725341797,69.73999786376953,71.69000244140625,388265,0.0,0.0,70.9294994354248,70.83979949951171,77.15480003356933,70.56697822912918,70.86420023897395,-0.29722200984477354,-0.5063703033588746,0.20914829351410102,52.4559344809458,75.37732757589885,70.9294994354248,66.48167129495076,12.541546679103266,2.5202713443220803,83.52947512303206,84.02239660100685,279322.3,1.3900250713960183,-0.00416718198729471,-0.00416718198729471,0.024191600928107765,CRUDEOIL,2024-11-06 00:00:00-05:00
71.87000274658203,72.87999725341797,70.66000366210938,72.36000061035156,353595,0.0,0.0,70.75499954223633,70.79659957885742,77.14115005493164,70.84282782624031,70.9750002664834,-0.13217244024309593,-0.43153073073571885,0.2993582904926229,54.34046201400361,74.65735509761988,70.75499954223633,66.85264398685278,11.030614318791953,2.4988229333925456,91.55849061744878,87.88646110705979,280929.4,1.2586614288144993,0.009345768532968313,0.009345768532968313,0.022781450138648046,CRUDEOIL,2024-11-07 00:00:00-05:00
72.20999908447266,72.25,69.98999786376953,70.37999725341797,362038,0.0,0.0,70.49599952697754,70.6859994506836,77.10625003814697,70.77162312272918,70.9309259692193,-0.15930284649012094,-0.37708515388659924,0.2177823073964783,48.25335819722249,73.71633786400065,70.49599952697754,67.27566118995443,9.136230023352581,2.4896214914775086,59.415558277588765,78.16784133935653,283266.2,1.2780840071988822,-0.02736323024091214,-0.02736323024091214,0.02347269030657618,CRUDEOIL,2024-11-08 00:00:00-05:00
70.25,70.55999755859375,67.91999816894531,68.04000091552734,364506,0.0,0.0,70.20649948120118,70.57579940795898,77.05640003204346,70.35137355239044,70.71678337264952,-0.36540982025907454,-0.37475008716109437,0.009340266902019834,42.232382197195484,73.20959945656887,70.20649948120118,67.20339950583349,8.555048314784058,2.500362769918289,21.42858027527765,57.467543056771724,287818.75,1.266442856832642,-0.03324803110555652,-0.03324803110555652,0.02403545312192174,CRUDEOIL,2024-11-11 00:00:00-05:00
68.1500015258789,69.12999725341797,67.75,68.12000274658203,286926,0.0,0.0,70.08349952697753,70.53139953613281,77.01310005187989,70.00808573611222,70.52442925220006,-0.5163435160878436,-0.4030687729464442,-0.11327474314139935,42.49656380722054,73.21413627223293,70.08349952697753,66.95286278172213,8.934019466451764,2.4203366615968376,22.72731213532771,34.523816896064695,285728.15,1.004192271570022,0.0011758058491799783,0.0011758058491799783,0.02210142114290365,CRUDEOIL,2024-11-12 00:00:00-05:00
67.9800033569336,68.86000061035156,66.94000244140625,68.43000030517578,386027,0.0,0.0,69.98549957275391,70.51599960327148,76.96615005493165,69.765303362122,70.3692863672353,-0.6039830051133066,-0.4432516193798167,-0.16073138573348988,43.57338878944186,73.19337955317219,69.98549957275391,66.77761959233563,9.16727036315147,2.3845981978360142,27.759743275662835,23.971878562089387,293907.65,1.3134295755826702,0.004550756695459901,0.004550756695459901,0.022140791364889733,CRUDEOIL,2024-11-13 00:00:00-05:00
68.12999725341797,69.38999938964844,67.91999816894531,68.69999694824219,232270,0.0,0.0,69.88699951171876,70.50699951171875,76.93040004730224,69.60141006767896,70.24563529916175,-0.6442252314827925,-0.4834463418004119,-0.16077888968238063,44.547386903314774,73.12559189955647,69.88699951171876,66.64840712388104,9.268082505944932,2.319269842326522,32.14280848597293,27.543287965654482,296113.1,0.7843962323855311,0.003945588804067146,0.003945588804067146,0.022140397790096352,CRUDEOIL,2024-11-14 00:00:00-05:00
68.62000274658203,68.69000244140625,66.81999969482422,67.0199966430664,205235,0.0,0.0,69.77699928283691,70.49399948120117,76.89640003204346,69.20426954081549,70.00669910241393,-0.8024295615984443,-0.5472429857600184,-0.25518657583842586,39.928924248044844,73.24038551582808,69.77699928283691,66.31361304984574,9.92701396903739,2.287893228833054,4.870058694357093,21.59087015199761,301586.45,0.6805179741994376,-0.02445415400005735,-0.02445415400005735,0.022337999958781454,CRUDEOIL,2024-11-15 00:00:00-05:00
66.86000061035156,69.38999938964844,66.61000061035156,69.16000366210938,110375,0.0,0.0,69.70699958801269,70.50299957275391,76.88080005645752,69.19745940562993,69.94398092165063,-0.7465215160207066,-0.587098691812156,-0.15942282420855058,47.40856507266796,73.16083279605887,69.70699958801269,66.25316637996652,9.909573582163254,2.3230436252947553,40.669926906224106,25.894264695518032,302476.0,0.36490498419709333,0.0319308732651864,0.0319308732651864,0.023115475641447024,CRUDEOIL,2024-11-18 00:00:00-05:00
69.01000213623047,69.69000244140625,68.44999694824219,69.38999938964844,89360,0.0,0.0,69.57199974060059,70.57579956054687,76.86385005950928,69.22708094163278,69.90294525261343,-0.675864310980657,-0.6048518156458562,-0.07101249533480081,48.15571113146012,72.84925882663029,69.57199974060059,66.29474065457089,9.421201340335111,2.2456837587139917,44.33812229183727,29.959369297472815,290421.2,0.3076910363293038,0.0033255597941077575,0.0033255597941077575,0.02253522177743326,CRUDEOIL,2024-11-19 00:00:00-05:00
69.55000305175781,70.1500015258789,68.75,68.87000274658203,235637,0.0,0.0,69.47700004577636,70.60699966430664,76.84165008544922,69.1721458347019,69.8264309929074,-0.6542851582055107,-0.6147384841577872,-0.039546674047723496,46.54567623726897,72.71981487076347,69.47700004577636,66.23418522078926,9.334930474403071,2.185277884940057,36.04471046614774,40.35091988806969,287511.3,0.8195747436709444,-0.007493826886298849,-0.007493826886298849,0.022242534633698827,CRUDEOIL,2024-11-20 00:00:00-05:00
69.04000091552734,70.37999725341797,68.86000061035156,70.0999984741211,283850,0.0,0.0,69.47249984741211,70.629599609375,76.82285007476807,69.31489239461254,69.84669525077508,-0.5318028561625425,-0.5981513585587382,0.06634850239619572,50.740958546885274,72.71159198983784,69.47249984741211,66.23340770498638,9.324818164136902,2.1377577962347964,55.66187770816273,45.34823682204924,287375.25,0.9877329380313719,0.01785967298513147,0.01785967298513147,0.022567042297468518,CRUDEOIL,2024-11-21 00:00:00-05:00
70.18000030517578,71.51000213623047,69.29000091552734,71.23999786376953,408207,0.0,0.0,69.44549980163575,70.68139953613282,76.7979500579834,69.61106246679054,69.94990285173763,-0.33884038494709046,-0.5462891638364087,0.20744877888931823,54.31941477612375,72.61546848928425,69.44549980163575,66.27553111398724,9.129371080064828,2.1436323265539627,73.8436958899809,55.18342802143045,293426.15,1.3911745766353816,0.01626247381544932,0.01626247381544932,0.022275496845426703,CRUDEOIL,2024-11-22 00:00:00-05:00
71.44000244140625,71.4800033569336,68.73999786376953,68.94000244140625,380922,0.0,0.0,69.52350006103515,70.65839965820312,76.75845008850098,69.50782246288527,69.87509541393531,-0.3672729510500403,-0.5104859212791351,0.14321297022909474,46.91444379534941,72.56030935364927,69.52350006103515,66.48669076842103,8.736065617951017,2.1862304098832555,37.16113362885592,55.55556907566651,291491.1,1.3068049075940913,-0.03228516972672435,-0.03228516972672435,0.01874833767987153,CRUDEOIL,2024-11-25 00:00:00-05:00
69.08000183105469,70.30000305175781,68.05000305175781,68.7699966430664,292138,0.0,0.0,69.60149993896485,70.60999954223632,76.71770008087158,69.39431079829775,69.7932362457228,-0.398925447425043,-0.4881738265083167,0.08924837908327371,46.41081687452943,72.47220906431112,69.60149993896485,66.73079081361858,8.248986380648857,2.19078538060588,34.449715935708625,48.48484848484848,291501.55,1.0021833503115163,-0.002465996407301163,-0.002465996407301163,0.01874772843279648,CRUDEOIL,2024-11-26 00:00:00-05:00
68.91000366210938,69.37000274658203,68.18000030517578,68.72000122070312,227215,0.0,0.0,69.60699996948242,70.5661994934082,76.67195007324219,69.2905708632832,69.7137373549806,-0.42316649169740117,-0.4751723595461336,0.05200586784873246,46.253563940329,72.47050196796867,69.60699996948242,66.74349797099616,8.227626531072142,2.1193008849487636,37.41136238816308,36.340737317575865,288622.55,0.787239250709967,-0.0007269946895994694,-0.0007269946895994694,0.018177756229411396,CRUDEOIL,2024-11-27 00:00:00-05:00
68.7699966430664,69.69000244140625,67.87000274658203,68.0,291408,0.0,0.0,69.5439998626709,70.48719955444336,76.62875007629394,69.09202149970116,69.58679384720426,-0.4947723475031012,-0.4790923571375272,-0.015679990365573993,43.94431921409048,72.48953477548874,69.5439998626709,66.59846494985307,8.470996545020148,2.097922228511296,28.367325648926514,33.40946799093273,287640.2,1.0130990035467922,-0.01047731676241892,-0.01047731676241892,0.018191657012271687,CRUDEOIL,2024-11-29 00:00:00-05:00
68.0,69.11000061035156,67.70999908447266,68.0999984741211,264883,0.0,0.0,69.47449989318848,70.41079956054688,76.57910007476806,68.93940257268883,69.4766608566055,-0.5372582839166711,-0.490725542493356,-0.046532741423315094,44.359806951501795,72.48669173609062,69.47449989318848,66.46230805028634,8.671359556479416,2.04807074975184,30.4081101995631,32.06226607888422,284855.75,0.9298846872495992,0.0014705657958984375,0.0014705657958984375,0.018174510504824787,CRUDEOIL,2024-12-02 00:00:00-05:00
68.16000366210938,70.2300033569336,67.91000366210938,69.94000244140625,303752,0.0,0.0,69.39799995422364,70.40219955444336,76.53285007476806,69.09334101402997,69.51098245547963,-0.41764144144966053,-0.47610872228461687,0.05846728083495634,51.48540126337332,72.27842078296666,69.39799995422364,66.51757912548061,8.301163810608411,2.067494245828438,67.95919987917534,42.244878575888315,285696.0,1.0632000448028673,0.02701914843631581,0.02701914843631581,0.018051804403269905,CRUDEOIL,2024-12-03 00:00:00-05:00
70.0199966430664,70.51000213623047,68.48999786376953,68.54000091552734,325636,0.0,0.0,69.22550010681152,70.34179962158203,76.48465007781982,69.00821176810649,69.43905789696464,-0.43084612885814977,-0.4670562035993235,0.036210074741173714,46.59579770533502,71.86772288293972,69.22550010681152,66.58327733068333,7.633669015179014,2.0641021048736166,39.38774906462095,45.91835304778646,289612.25,1.124386140434322,-0.020017178681853598,-0.020017178681853598,0.018426875186957622,CRUDEOIL,2024-12-04 00:00:00-05:00
68.73999786376953,69.16000366210938,67.9800033569336,68.30000305175781,286701,0.0,0.0,69.05600013732911,70.31399963378907,76.43660007476807,68.89925658097593,69.35468346398636,-0.455426883010432,-0.4647303394815452,0.009303456471113192,45.79291630079596,71.46908423209466,69.05600013732911,66.64291604256356,6.988774588643247,2.0009519763237713,34.489835002717,47.27892798217109,284534.05,1.0076157844728952,-0.003501573687828219,-0.003501573687828219,0.01842390846189243,CRUDEOIL,2024-12-05 00:00:00-05:00
68.44000244140625,68.48999786376953,66.9800033569336,67.19999694824219,341593,0.0,0.0,68.79799995422363,70.304599609375,76.37955005645752,68.63783202209382,69.19507705541272,-0.5572450333189067,-0.4832332782490175,-0.07401175506988922,42.203487135730676,70.81353566785272,68.79799995422363,66.78246424059454,5.859285778569657,1.9658835856460688,12.04073784007237,28.639440635803428,283933.95,1.2030720524967162,-0.01610550592043225,-0.01610550592043225,0.018459226325498377,CRUDEOIL,2024-12-06 00:00:00-05:00
67.1500015258789,68.87999725341797,67.08000183105469,68.37000274658203,297085,0.0,0.0,68.69750022888184,70.30839965820313,76.33895008087158,68.59662751816893,69.13396043994378,-0.5373329217748477,-0.4940532069541836,-0.04327971482066412,46.96522434175736,70.58378670361398,68.69750022888184,66.81121375414969,5.491572381666114,1.9540344311258697,30.68432150580373,25.738298116197694,280686.3,1.05842358533352,0.017410801361211092,0.017410801361211092,0.018128735153407335,CRUDEOIL,2024-12-09 00:00:00-05:00
68.19000244140625,69.05999755859375,67.72000122070312,68.58999633789062,286003,0.0,0.0,68.725,70.31679962158204,76.29400005340577,68.59560733658765,69.09366680275465,-0.4980594661670068,-0.4948544587967483,-0.003205007370258528,47.83547772560771,70.58803571168524,68.725,66.86196428831475,5.421711783732972,1.9101745673233523,35.54069348351848,26.088584276464854,276761.15,1.03339287324106,0.003217691713777171,0.003217691713777171,0.016506737312381923,CRUDEOIL,2024-12-10 00:00:00-05:00
68.5,70.52999877929688,68.44000244140625,70.29000091552734,335892,0.0,0.0,68.83349990844727,70.32599960327148,76.25110004425049,68.85628327180913,69.18228414444152,-0.32600087263239175,-0.461083741563877,0.13508286893148524,54.10297641489546,70.79320763672561,68.83349990844727,66.87379218016892,5.694052259103129,1.923018979506729,73.06839846671024,46.43113781867748,279209.45,1.2030108579777654,0.02478502213736955,0.02478502213736955,0.01737647701404508,CRUDEOIL,2024-12-11 00:00:00-05:00
70.43000030517578,70.72000122070312,69.13999938964844,70.0199966430664,326046,0.0,0.0,68.91299972534179,70.32439956665038,76.20850002288819,69.03531609815641,69.24433692211744,-0.20902082396102628,-0.4106711580433069,0.2016503340822806,53.01351747462494,70.92897740652111,68.91299972534179,66.89702204416247,5.850790675820703,1.8985177546172973,67.10803764509328,58.57237653177399,276210.4,1.1804262258046763,-0.003841289926648672,-0.003841289926648672,0.017405632847676485,CRUDEOIL,2024-12-12 00:00:00-05:00
70.05999755859375,71.41999816894531,69.87000274658203,71.29000091552734,230429,0.0,0.0,69.04249992370606,70.27599960327149,76.17365001678466,69.38219068544424,69.39586758829596,-0.013676902851713635,-0.3312723070049883,0.31759540415327464,57.36261820482176,71.30480797092815,69.04249992370606,66.78019187648397,6.5533781358496785,1.873623302313439,95.77772352430556,78.65138654536968,276118.35,0.8345298311394372,0.01813773683730524,0.01813773683730524,0.017804206190082376,CRUDEOIL,2024-12-13 00:00:00-05:00
71.44000244140625,71.44000244140625,70.37000274658203,70.70999908447266,204296,0.0,0.0,69.22700004577636,70.20259963989258,76.12735000610351,69.58646890067938,69.49321066208682,0.09325823859255422,-0.24636619788547975,0.339624436478034,54.86497397936208,71.39952928759149,69.22700004577636,67.05447080396124,6.276537305902442,1.8162216160642088,83.6322083680448,82.1726565124812,276071.4,0.7400114608032559,-0.008135808999945704,-0.008135808999945704,0.016877766240554988,CRUDEOIL,2024-12-16 00:00:00-05:00
70.61000061035156,70.91999816894531,69.18000030517578,70.08000183105469,99604,0.0,0.0,69.27299995422364,70.0613996887207,76.08405002593994,69.66239704381404,69.53667667460297,0.12572036921106644,-0.17194888446617052,0.29766925367723696,52.20598883398561,71.47664331154938,69.27299995422364,67.06935659689789,6.362199872336804,1.8107770623288746,69.5067065128699,82.97221280174007,275532.85,0.3614959160042079,-0.00890959215917042,-0.00890959215917042,0.01559172689526994,CRUDEOIL,2024-12-17 00:00:00-05:00
70.22000122070312,71.37999725341797,69.98999786376953,70.58000183105469,99386,0.0,0.0,69.33250007629394,70.00159973144531,76.04620002746582,69.80356701108182,69.61396001952532,0.18960699155650218,-0.09963770926163597,0.28924470081813813,54.10699388697043,71.60863627516481,69.33250007629394,67.05636387742307,6.5658564060612195,1.780721514280272,80.71747114600029,77.95212867563832,276034.15,0.3600496532765964,0.0071347030099311315,0.0071347030099311315,0.015647668679982112,CRUDEOIL,2024-12-18 00:00:00-05:00
70.13999938964844,71.26000213623047,69.69999694824219,69.91000366210938,291660,0.0,0.0,69.3845001220703,69.93499984741212,76.00010005950928,69.81994188047068,69.63588917823526,0.18405270223541947,-0.042899626962224886,0.22695232919764435,51.16993310283802,71.66351335132,69.3845001220703,67.10548689282061,6.5692286468596315,1.7649560624022727,65.69508759265183,71.973088417174,278835.3,1.0459938178559172,-0.009492747967746795,-0.009492747967746795,0.015710810276999502,CRUDEOIL,2024-12-19 00:00:00-05:00
69.2300033569336,69.8499984741211,68.41999816894531,69.45999908447266,231592,0.0,0.0,69.3525001525879,69.80719985961915,75.95275005340577,69.76456606570176,69.62286028240099,0.14170578330076467,-0.005978544909626977,0.14768432821039165,49.23673322724274,71.60828333082443,69.3525001525879,67.09671697435135,6.5052685145406866,1.745316736028115,55.60529678521881,67.33928517462363,276222.4,0.838425848157137,-0.006436912517008175,-0.006436912517008175,0.015260610337608812,CRUDEOIL,2024-12-20 00:00:00-05:00
69.4000015258789,69.94000244140625,68.58999633789062,69.23999786376953,188843,0.0,0.0,69.25250015258788,69.68079986572266,75.90890003204346,69.68386326540448,69.5945001032431,0.08936316216137641,0.0130897965045737,0.0762733656568027,48.276470086122394,71.33542107721985,69.25250015258788,67.16957922795592,6.0154389229054495,1.717080262277223,50.6725329766106,57.32430578482707,265254.2,0.7119321767572389,-0.0031673081428574834,-0.0031673081428574834,0.014757704785952709,CRUDEOIL,2024-12-23 00:00:00-05:00
69.55999755859375,70.43000030517578,69.36000061035156,70.0999984741211,122602,0.0,0.0,69.31049995422363,69.60619979858399,75.86975002288818,69.7478840667455,69.63194442701185,0.11593963973365362,0.03365976515038969,0.08227987458326394,52.200921068107064,71.4198181823277,69.31049995422363,67.20118172611956,6.086576289298676,1.679431846500725,69.9550618306103,58.74429719747989,252338.2,0.4858638129304243,0.01242057534495622,0.01242057534495622,0.013114844507017463,CRUDEOIL,2024-12-24 00:00:00-05:00
70.19999694824219,70.75,69.33000183105469,69.62000274658203,144877,0.0,0.0,69.35300025939941,69.58699981689453,75.83005004882813,69.72821001748957,69.63105985809112,0.09715015939845273,0.0463578440000023,0.05079231539845043,49.92412310611449,71.45126809584762,69.35300025939941,67.2547324229512,6.050979275878803,1.6609008695324812,59.19282357791307,59.94013946171131,244975.15,0.5913946781949108,-0.006847300113940302,-0.006847300113940302,0.013210550114522684,CRUDEOIL,2024-12-26 00:00:00-05:00
69.68000030517578,70.75,69.44000244140625,70.5999984741211,172641,0.0,0.0,69.4470001220703,69.59119979858399,75.78445003509522,69.8623313185098,69.70283308890815,0.1594982296016525,0.06898592112033235,0.09051230848132015,54.306154925445604,71.59135255804024,69.4470001220703,67.30264768610037,6.175507746052975,1.6358363473225719,80.73385665839565,69.960580688973,242246.45,0.7126667903698898,0.014076352899701217,0.014076352899701217,0.013537241581698905,CRUDEOIL,2024-12-27 00:00:00-05:00
70.41999816894531,71.55999755859375,70.12000274658203,70.98999786376953,199296,0.0,0.0,69.59650001525878,69.59759979248047,75.73310001373291,70.03581847931899,69.79817862778677,0.23763985153222222,0.10271670720271034,0.13492314432951188,55.95788676775799,71.73337928955581,69.59650001525878,67.45962074096175,6.140766486327695,1.6218476662289396,85.15624379117692,75.0276413424952,237640.85,0.8386436927826171,0.005524070794298952,0.005524070794298952,0.013266166238138007,CRUDEOIL,2024-12-30 00:00:00-05:00
71.1500015258789,72.0199966430664,70.87000274658203,71.72000122070312,151155,0.0,0.0,69.77750015258789,69.64759979248046,75.68650001525879,70.29492351645501,69.94053585689169,0.3543876595633293,0.15305089767483415,0.20133676188849514,58.949117714179486,71.98864395963591,69.77750015258789,67.56635634553987,6.337698548135824,1.5881438255328992,91.66679029116749,85.85229691358002,231954.45,0.6516581164965793,0.010283186067063577,0.010283186067063577,0.013385187145570174,CRUDEOIL,2024-12-31 00:00:00-05:00
71.8499984741211,73.7300033569336,71.79000091552734,73.12999725341797,306498,0.0,0.0,69.93699989318847,69.69899978637696,75.63854999542237,70.731088706757,70.17679225663439,0.5542964501226209,0.2333000081643915,0.32099644195822935,64.03062348220706,72.58840748725633,69.93699989318847,67.28559229912061,7.58227432722946,1.618276562011297,88.70046106785557,88.50783171673332,232091.75,1.3205898098489068,0.01965973241377794,0.01965973241377794,0.012767715820327995,CRUDEOIL,2025-01-02 00:00:00-05:00
73.12999725341797,74.3499984741211,72.69999694824219,73.95999908447266,296040,0.0,0.0,70.20799980163574,69.7363998413086,75.59099998474122,71.2278441494825,70.45702979943721,0.7708143500452849,0.3408028765405702,0.4300114735047147,66.64784046608176,73.30360664008671,70.20799980163574,67.11239296318476,8.81838778258102,1.6205426308589834,93.42328213190747,91.2635111636435,230611.95,1.2837149159009322,0.011349676770511463,0.011349676770511463,0.011768182823886105,CRUDEOIL,2025-01-03 00:00:00-05:00
74.05000305175781,74.98999786376953,73.19999694824219,73.55999755859375,306042,0.0,0.0,70.47099952697754,69.79219985961915,75.5503999710083,71.58663698165346,70.68687926307844,0.8997577185750174,0.45259384494745963,0.4471638736275578,64.22256137124184,73.76116574605621,70.47099952697754,67.18083330789887,9.33764595695606,1.6326467940495806,78.23439312634487,86.78604544203597,231579.0,1.321544699648932,-0.005408349524478107,-0.005408349524478107,0.011838627877531586,CRUDEOIL,2025-01-06 00:00:00-05:00
73.44000244140625,74.52999877929688,73.11000061035156,74.25,277328,0.0,0.0,70.82349967956543,69.87339981079101,75.51629997253418,71.99638513832215,70.95081413248003,1.0455710058421204,0.5711892771263918,0.4743817287157286,66.48798705169239,74.14681815059264,70.82349967956543,67.50018120853822,9.38479031977596,1.6174576065421327,88.73671387911183,86.79812971245472,228365.75,1.2144027727450373,0.009380131379920664,0.009380131379920664,0.010921301824937068,CRUDEOIL,2025-01-07 00:00:00-05:00
74.5199966430664,75.29000091552734,73.16000366210938,73.31999969482422,328617,0.0,0.0,71.07099952697754,69.90419982910156,75.4797499847412,72.20001814701479,71.12630935932035,1.073708787694443,0.671693179240002,0.40201560845444084,60.891513097377796,74.36371785492487,71.07099952697754,67.77828119903022,9.265996960398617,1.654067581318978,71.32459340451878,79.43190013665848,229942.35,1.4291277792020478,-0.01252525663536408,-0.01252525663536408,0.011187243466359229,CRUDEOIL,2025-01-08 00:00:00-05:00
73.31999969482422,74.31999969482422,72.83999633789062,73.91999816894531,213421,0.0,0.0,71.33749961853027,70.03499984741211,75.43959999084473,72.46463045808102,71.33324927114441,1.1313811869366077,0.7636307807793232,0.3677504061572845,63.052292997813524,74.64660645868287,71.33749961853027,68.02839277837768,9.277327794912054,1.6416344224343078,80.05819215627481,80.03983314663513,226313.25,0.9430336049701022,0.008183285278483776,0.008183285278483776,0.011234243949258012,CRUDEOIL,2025-01-09 00:00:00-05:00
74.29000091552734,77.86000061035156,74.0199966430664,76.56999969482422,478432,0.0,0.0,71.65149955749511,70.22219985961914,75.41434997558594,73.09622572527229,71.7211567099355,1.3750690153367913,0.885918427690817,0.4891505876459743,70.74136938462274,75.62795085683096,71.65149955749511,67.67504825815926,11.099422409561816,1.8058035666465895,86.33473959848705,79.23917505309353,233440.25,2.049483754408248,0.03584958862988996,0.03584958862988996,0.01252040914100053,CRUDEOIL,2025-01-10 00:00:00-05:00
76.54000091552734,79.2699966430664,76.54000091552734,78.81999969482422,460942,0.0,0.0,72.09149971008301,70.4263998413086,75.40169998168945,73.97680633597258,72.24699693103837,1.7298094049342154,1.0546966231394967,0.6751127817947187,75.41883156400546,77.06974065349867,72.09149971008301,67.11325876666736,13.810895773942066,1.8718172924246232,95.78654554884135,87.39315910120105,240185.05,1.9191119513891477,0.029384876700634166,0.029384876700634166,0.01353770971857764,CRUDEOIL,2025-01-13 00:00:00-05:00
78.81999969482422,79.08999633789062,77.41000366210938,77.5,326729,0.0,0.0,72.40199966430664,70.59119979858399,75.37334999084473,74.51883613043834,72.63610826947996,1.8827278609583828,1.2203028707032741,0.6624249902551087,68.50014327675574,77.89009013532478,72.40199966430664,66.9139091932885,15.160052198734245,1.8581155340929538,82.19318343177099,88.10482285969978,245000.05,1.3335874829413301,-0.016747014716252284,-0.016747014716252284,0.014129073728183917,CRUDEOIL,2025-01-14 00:00:00-05:00
78.02999877929688,80.7699966430664,77.23999786376953,80.04000091552734,321422,0.0,0.0,72.86849975585938,70.80219985961914,75.355,75.3682460973751,73.18454476177978,2.1837013355953303,1.4129825636816855,0.7707187719136448,73.53182038197015,79.2201835567663,72.86849975585938,66.51681595495245,17.43327726572602,1.977535765893234,93.61891557177469,90.53288151746233,250856.35,1.2812990382742953,0.032774205361643105,0.032774205361643105,0.015160836607866624,CRUDEOIL,2025-01-15 00:00:00-05:00
80.4000015258789,80.58999633789062,77.87000274658203,78.68000030517578,159948,0.0,0.0,73.29849967956542,70.94639984130859,75.32264999389649,75.87774674472905,73.59161554277208,2.2861312019569766,1.5876122913367439,0.6985189106202327,67.33021536574819,79.99206755931145,73.29849967956542,66.6049317998194,18.263860540141717,2.030568467708617,81.5534209401062,85.78850664788395,253873.55,0.6300301862876223,-0.01699151167910251,-0.01699151167910251,0.015686833266424588,CRUDEOIL,2025-01-16 00:00:00-05:00
78.75,79.44000244140625,77.76000213623047,77.87999725341797,112409,0.0,0.0,73.66349945068359,71.06419982910157,75.2848999786377,76.18578528452734,73.90927344726437,2.276511837262973,1.72539220052199,0.551119636740983,63.91536795884053,80.51849248660086,73.66349945068359,66.80850641476631,18.61164100819449,2.005527884670557,72.86383994452389,82.67872548546825,254524.7,0.44164279537506573,-0.010167806922405265,-0.010167806922405265,0.01608830581921334,CRUDEOIL,2025-01-17 00:00:00-05:00
78.19000244140625,78.47000122070312,75.48999786376953,75.88999938964844,568807,0.0,0.0,73.96249923706054,71.1481997680664,75.23139999389649,76.14027976223828,74.05599388744098,2.0842858747973025,1.7971709353770526,0.2871149394202499,56.27022516953563,80.65630535183065,73.96249923706054,67.26869312229043,18.10054063564156,2.0751332755464884,50.70706806040635,68.37477631501213,268382.05,2.1193928580544044,-0.025552104955707255,-0.025552104955707255,0.017213983330928124,CRUDEOIL,2025-01-21 00:00:00-05:00
75.87999725341797,76.44999694824219,75.27999877929688,75.44000244140625,315333,0.0,0.0,74.26149940490723,71.2097998046875,75.17404998779297,76.03254478980259,74.15851303958655,1.8740317502160337,1.812543098344849,0.061488651871184796,54.67753650680222,80.65145539220511,74.26149940490723,67.87154341760935,17.209337378059004,2.0104807679321186,40.64591606302665,54.73894135598562,272569.1,1.156891958773023,-0.0059295948328017545,-0.0059295948328017545,0.01719776954149176,CRUDEOIL,2025-01-22 00:00:00-05:00
75.38999938964844,76.0,74.13999938964844,74.62000274658203,350688,0.0,0.0,74.53049964904785,71.29459991455079,75.115,75.81523062930712,74.19269746232695,1.6225331669801761,1.7745411120719146,-0.15200794509173843,51.80031409617283,80.49075990996616,74.53049964904785,68.57023938812955,15.994150821433402,1.9997321852477932,23.7918943116102,38.38162614501439,280661.35,1.2495058546536602,-0.010869560820350066,-0.010869560820350066,0.017457533254612863,CRUDEOIL,2025-01-23 00:00:00-05:00
74.30000305175781,75.20999908447266,74.01000213623047,74.66000366210938,319679,0.0,0.0,74.75849990844726,71.42699996948242,75.06215000152588,75.63750340358439,74.2273127363849,1.4101906671994868,1.701671023097429,-0.2914803558979422,51.93319136943994,80.3615572908423,74.75849990844726,69.15544252605223,14.989753377226137,1.942608239747393,22.950911149787235,29.129573841474684,290515.2,1.1003864858017756,0.0005360615660010559,0.0005360615660010559,0.01735392577479575,CRUDEOIL,2025-01-24 00:00:00-05:00
74.54000091552734,75.1500015258789,72.37999725341797,73.16999816894531,334418,0.0,0.0,74.93599967956543,71.52799987792969,74.99694999694825,75.2578872136399,74.14899313879678,1.1088940748431213,1.5831156334465675,-0.47422155860344617,46.761875753316325,80.08304390846071,74.93599967956543,69.78895545067014,13.737173723990095,2.001707956369789,9.415982991632218,18.719596151009874,299992.25,1.1147554645161666,-0.01995721162709041,-0.01995721162709041,0.017993132926715553,CRUDEOIL,2025-01-27 00:00:00-05:00
73.1500015258789,74.30999755859375,72.93000030517578,73.7699966430664,326075,0.0,0.0,75.0944995880127,71.6347998046875,74.94069999694824,75.02898097201322,74.12091932429823,0.9080616477149874,1.4481048363002516,-0.5400431885852641,48.965642591434076,79.88023952409313,75.0944995880127,70.30875965193226,12.745913382035182,1.9573000490160875,16.5673360043794,16.31141004859961,307663.95,1.0598414276355743,0.008200061352136911,0.008200061352136911,0.017843961669777014,CRUDEOIL,2025-01-28 00:00:00-05:00
73.94999694824219,74.08000183105469,72.33000183105469,72.62000274658203,312733,0.0,0.0,75.17599983215332,71.71319992065429,74.8754999923706,74.6583689373315,74.00974031854147,0.6486286187900276,1.288209592798207,-0.6395809740081793,45.11123459290465,79.72923797872575,75.17599983215332,70.6227616855809,12.11354197280652,1.9424929026577955,3.4360319169227127,9.806450304311433,313335.8,0.9980761853576898,-0.015588910787790566,-0.015588910787790566,0.018265764061724005,CRUDEOIL,2025-01-29 00:00:00-05:00
73.0,73.83999633789062,72.0199966430664,72.7300033569336,336475,0.0,0.0,75.22649993896485,71.82740005493164,74.81209999084473,74.36169730957798,73.914944988052,0.44675232152597744,1.119918138543761,-0.6731658170177837,45.552730390841155,79.64572736546586,75.22649993896485,70.80727251246384,11.749124125372196,1.9337433878125398,8.114362444196429,9.372576788499503,322601.8,1.0430040997911358,0.0015147425804351577,0.0015147425804351577,0.018143447558235975,CRUDEOIL,2025-01-30 00:00:00-05:00
73.19999694824219,73.83999633789062,71.94000244140625,72.52999877929688,376335,0.0,0.0,75.19650001525879,71.8947999572754,74.74794998168946,74.07989753568857,73.81235637999606,0.2675411556925127,0.9494427419735115,-0.6819015862809988,44.84641228144318,79.67992839811117,75.19650001525879,70.71307163240641,11.924566653880456,1.9313327098605282,6.6817296185732244,6.077374659897445,326093.65,1.1540703107834205,-0.0027499596920842473,-0.0027499596920842473,0.017604972441462835,CRUDEOIL,2025-01-31 00:00:00-05:00
74.13999938964844,75.18000030517578,72.05000305175781,73.16000366210938,517853,0.0,0.0,75.15650024414063,71.97020004272461,74.70029998779297,73.93837540129178,73.7640339564489,0.17434144484288083,0.7944224825473855,-0.6200810377045046,47.60245250126455,79.69724981952128,75.15650024414063,70.61575066875999,12.08345135984336,2.016951605828917,13.816557438664553,9.537549833811392,337184.3,1.5358158728030933,0.00868612840777172,0.00868612840777172,0.017522360743737357,CRUDEOIL,2025-02-03 00:00:00-05:00
72.3499984741211,73.3499984741211,70.66999816894531,72.69999694824219,452961,0.0,0.0,75.11350021362304,72.04679992675781,74.65014995574951,73.74785563928415,73.68521640028544,0.06263923899871315,0.648065833837651,-0.5854265948389379,45.802719877433155,79.72957302710657,75.11350021362304,70.49742740013951,12.290927197788415,2.0643122272108356,20.099000851319698,13.532429302852483,344530.25,1.3147205506628228,-0.006287680301271359,-0.006287680301271359,0.017536689156313824,CRUDEOIL,2025-02-04 00:00:00-05:00
72.76000213623047,72.97000122070312,70.95999908447266,71.02999877929688,289902,0.0,0.0,74.95250015258789,72.06539993286133,74.58959995269775,73.32972381467073,73.48853361354554,-0.15880979887481317,0.4866907072951582,-0.6455005061699713,39.904309687992985,79.89115527415811,74.95250015258789,70.01384503101767,13.17809308966648,2.0604329349979524,3.6290390806577895,12.514865790214003,345158.95,0.8399086855490782,-0.022971089945632905,-0.022971089945632905,0.01806694087695424,CRUDEOIL,2025-02-05 00:00:00-05:00
71.18000030517578,71.8499984741211,70.43000030517578,70.61000061035156,299037,0.0,0.0,74.81700019836425,72.05279998779297,74.5283999633789,72.91130486016009,73.2753089466423,-0.36400408648221116,0.3165517485396843,-0.6805558350218954,38.55940917529741,80.06631656960519,74.81700019836425,69.56768382712332,14.03241604801927,2.014687594565621,1.9977831575863345,8.57527436318793,343679.95,0.8701031293795288,-0.005912968832370691,-0.005912968832370691,0.017925307224874697,CRUDEOIL,2025-02-06 00:00:00-05:00
70.55999755859375,71.41000366210938,70.47000122070312,71.0,273766,0.0,0.0,74.67100028991699,72.09399993896484,74.46659996032714,72.617257958597,73.1067675431873,-0.4895095845903086,0.15533948191368574,-0.6448490665039943,40.56264039102943,80.1685482930742,74.67100028991699,69.17345228675978,14.724720391617826,1.9379243693399517,7.089547635789447,4.238789958011179,346697.2,0.7896400663172359,0.0055232882917048975,0.0055232882917048975,0.017857624451690163,CRUDEOIL,2025-02-07 00:00:00-05:00
71.0,72.54000091552734,70.83999633789062,72.31999969482422,255941,0.0,0.0,74.458500289917,72.165,74.4141499710083,72.57152591801656,73.04848844330856,-0.4769625252919951,0.02887908047254957,-0.5058416057645447,46.87600679730818,79.9745323836122,74.458500289917,68.9424681962218,14.816393218282883,1.9209300985040065,31.39535620547669,13.494228999617482,335572.65,0.7626992247431368,0.018591544997524245,0.018591544997524245,0.016287327075454213,CRUDEOIL,2025-02-10 00:00:00-05:00
72.48999786376953,73.68000030517578,72.30999755859375,73.31999969482422,266819,0.0,0.0,74.18350028991699,72.25699996948242,74.3628999710083,72.68667572983313,73.06860038786527,-0.3819246580321476,-0.05328166722838987,-0.3286429908037577,51.11253280328442,79.33896451420169,74.18350028991699,69.02803606563229,13.899220727349338,1.881578144795294,51.88509062817178,30.12333148981263,325866.5,0.8187984957029949,0.0138274336866675,0.0138274336866675,0.01499311781093218,CRUDEOIL,2025-02-11 00:00:00-05:00
73.19999694824219,73.22000122070312,71.16999816894531,71.37000274658203,318123,0.0,0.0,73.87700042724609,72.32440002441406,74.3004999923706,72.4841106554868,72.9427783403628,-0.45866768487600496,-0.1343588707579129,-0.3243088141180921,43.780585360011855,78.93529681283725,73.87700042724609,68.81870404165493,13.693832603754839,1.9007512434441234,19.665328064048623,34.31525829923236,325436.2,0.9775280070256473,-0.02659570316910187,-0.02659570316910187,0.01560041407130699,CRUDEOIL,2025-02-12 00:00:00-05:00
71.23999786376953,71.5999984741211,70.22000122070312,71.29000091552734,278197,0.0,0.0,73.43950042724609,72.38820007324219,74.24380001068116,72.3004014647238,72.82035038296759,-0.5199489182437844,-0.2114768802550872,-0.3084720379886972,43.504857676665154,77.74794975565882,73.43950042724609,69.13105109883335,11.733329620565605,1.8635545298708267,21.572578474336158,31.040999055518842,323274.95,0.8605584812556617,-0.0011209447663713679,-0.0011209447663713679,0.013023980280652166,CRUDEOIL,2025-02-13 00:00:00-05:00
71.5199966430664,72.0199966430664,70.5199966430664,70.73999786376953,207719,0.0,0.0,73.04250030517578,72.40419998168946,74.18784999847412,72.0603393722693,72.66625019636032,-0.6059108240910263,-0.29036366902227506,-0.3155471550687512,41.56667823307311,76.77039438249768,73.04250030517578,69.31460622785387,10.207465685721463,1.8375863491657678,10.483805222752212,17.240570587045656,325663.5,0.637833223557445,-0.007715009744627688,-0.007715009744627688,0.012762910189753049,CRUDEOIL,2025-02-14 00:00:00-05:00
70.69999694824219,72.06999969482422,70.12000274658203,71.8499984741211,130937,0.0,0.0,72.74100036621094,72.47039993286133,74.15209999084473,72.02797923409265,72.60578710582409,-0.5778078717314372,-0.3478525095641075,-0.2299553621673297,46.72515227716919,75.76386691594676,72.74100036621094,69.71813381647512,8.311314209365701,1.8456156776712263,34.1896553803843,22.082013025824214,326589.9,0.40092176763580256,0.015691272884813978,0.015691272884813978,0.013523219355779522,CRUDEOIL,2025-02-18 00:00:00-05:00
71.77999877929688,73.04000091552734,71.70999908447266,72.25,69012,0.0,0.0,72.55900039672852,72.54939987182617,74.11860000610352,72.06213627500148,72.57943250539267,-0.5172962303911959,-0.3817412537295252,-0.13555497666167066,48.489874662365715,75.21798582804385,72.55900039672852,69.90001496541319,7.329167758036578,1.8087861171986164,42.094827690192155,28.922762764442883,301600.15,0.22881951484440574,0.005567175147860093,0.005567175147860093,0.012668198478039683,CRUDEOIL,2025-02-19 00:00:00-05:00
72.18000030517578,73.25,71.8499984741211,72.56999969482422,240060,0.0,0.0,72.41550025939941,72.65679992675781,74.09090000152588,72.14026910882036,72.5787337786839,-0.43846466986353505,-0.3930859369563272,-0.04537873290720784,49.91909422539733,74.72370822379895,72.41550025939941,70.10729229499987,6.374900279998939,1.7795872178186372,48.418935382314274,41.56780615096357,297836.5,0.8060126948846095,0.004429061520058397,0.004429061520058397,0.012726970806566552,CRUDEOIL,2025-02-20 00:00:00-05:00
72.58000183105469,72.7699966430664,70.16999816894531,70.4000015258789,268470,0.0,0.0,72.20450019836426,72.69739990234375,74.0504999923706,71.87253563452168,72.41734620440205,-0.5448105698803687,-0.4234308635411355,-0.12137970633923317,41.50831978792921,74.43838038531605,72.20450019836426,69.97062001141246,6.187648085132513,1.838188021840241,5.5335753832792545,32.01577948526188,293725.6,0.9140163472302041,-0.02990213832259503,-0.02990213832259503,0.014076133213333779,CRUDEOIL,2025-02-21 00:00:00-05:00
69.80000305175781,70.94000244140625,69.80000305175781,70.69999694824219,205468,0.0,0.0,72.00649986267089,72.73959991455078,74.01209999084473,71.69214506740175,72.2901351483902,-0.5979900809884526,-0.458342707030599,-0.13964737395785365,42.93966230205371,74.02645300860021,72.00649986267089,69.98654671674157,5.610474470448441,1.7883174052551123,23.195735401398853,25.716082055664117,288015.05,0.7133932758027749,0.004261298520753742,0.004261298520753742,0.0141472319126953,CRUDEOIL,2025-02-24 00:00:00-05:00
70.91999816894531,71.26000213623047,68.68000030517578,68.93000030517578,267310,0.0,0.0,71.79449996948242,72.71239990234375,73.96180000305176,71.267199719367,72.04123627111505,-0.7740365517480541,-0.52148147597409,-0.2525550757739641,37.1615521433386,74.14453382809272,71.79449996948242,69.44446611087211,6.546556796437689,1.844866292812225,5.0,11.243103594892693,284659.65,0.9390512494482445,-0.02503531427819128,-0.02503531427819128,0.014515439393461303,CRUDEOIL,2025-02-25 00:00:00-05:00
69.11000061035156,69.27999877929688,68.36000061035156,68.62000274658203,255601,0.0,0.0,71.5370002746582,72.68440002441406,73.90860000610351,70.85993864663085,71.78781156559408,-0.9278729189632315,-0.6027597645719184,-0.32511315439131316,36.24172428431962,74.0850198718059,71.5370002746582,68.9889806775105,7.123641157344782,1.7788042839645883,4.887258480172894,11.027664627190573,281135.95,0.9091722349987612,-0.004497280679258475,-0.004497280679258475,0.014281132104130855,CRUDEOIL,2025-02-26 00:00:00-05:00
68.81999969482422,70.54000091552734,68.61000061035156,70.3499984741211,265933,0.0,0.0,71.42350006103516,72.66559997558593,73.86904998779296,70.78148631239858,71.68130689215164,-0.8998205797530545,-0.6621719276081457,-0.23764865214490882,44.49814231906301,73.97067309354313,71.42350006103516,68.87632702852719,7.132590898881394,1.7896039997653879,37.40597702863748,15.764411836270115,278795.95,0.9538624933396629,0.025211245384644476,0.025211245384644476,0.015340329006270031,CRUDEOIL,2025-02-27 00:00:00-05:00
70.16999816894531,70.29000091552734,69.13999938964844,69.76000213623047,250074,0.0,0.0,71.275,72.6466000366211,73.8222499847412,70.62433490068041,71.53898802134266,-0.9146531206622512,-0.7126681662189669,-0.20198495444328435,42.477883778187426,73.84636856202165,71.275,68.70363143797836,7.215344965336083,1.74820364867305,26.31581966519576,22.869685058002034,274475.9,0.9110963840541191,-0.008386586363717696,-0.008386586363717696,0.01539844966341055,CRUDEOIL,2025-02-28 00:00:00-05:00
69.94999694824219,70.5999984741211,67.88999938964844,68.37000274658203,332751,0.0,0.0,71.06700019836425,72.61240005493164,73.77400001525879,70.27751456928065,71.30424837136039,-1.0267338020797325,-0.7754812933911202,-0.2512525086886124,38.09026359285447,73.86193812846163,71.06700019836425,68.27206226826688,7.8656420625496075,1.8169033226587359,8.290212107675908,24.004002933836375,272296.7,1.2220162785667252,-0.01992544935612217,-0.01992544935612217,0.015914568625634957,CRUDEOIL,2025-03-03 00:00:00-05:00
68.45999908447266,68.55999755859375,66.7699966430664,68.26000213623047,386750,0.0,0.0,70.8220001220703,72.56600006103515,73.72215003967285,69.96712804111908,71.07874865023965,-1.111620609120564,-0.8427091565370091,-0.268911452583555,37.757880496087665,73.69798565886906,70.8220001220703,67.94601458527156,8.121729213638815,1.8149817221493507,22.993900019662163,19.199977264177935,265741.55,1.4553614216519772,-0.0016089016517856214,-0.0016089016517856214,0.015687417509591902,CRUDEOIL,2025-03-04 00:00:00-05:00
68.08000183105469,68.0999984741211,65.22000122070312,66.30999755859375,382493,0.0,0.0,70.50250015258788,72.49399993896485,73.65755001068115,69.40449258226903,70.72550782863624,-1.3210152463672102,-0.9383703745030494,-0.38264487186416085,32.36601125159086,73.8535046134354,70.50250015258788,67.15149569174037,9.50605851876167,1.9024830931049217,13.574053593891923,14.952721907076656,262218.15,1.4586823986058934,-0.02856730906256022,-0.02856730906256022,0.01666794761245449,CRUDEOIL,2025-03-05 00:00:00-05:00
66.38999938964844,67.08999633789062,65.58999633789062,66.36000061035156,341632,0.0,0.0,70.26900024414063,72.43199996948242,73.58905002593994,68.93610920197403,70.40213692357811,-1.4660277216040782,-1.0439018439232552,-0.422125877680823,32.63167546361349,74.06209286084406,70.26900024414063,66.4759076274372,10.795920259359942,1.8737343007402845,14.19675669923649,16.921570104263516,264804.65,1.2901284022013964,0.0007540801326924029,0.0007540801326924029,0.01611605953024987,CRUDEOIL,2025-03-06 00:00:00-05:00
66.33999633789062,68.22000122070312,66.12000274658203,67.04000091552734,329710,0.0,0.0,70.09050025939942,72.38800003051757,73.52525001525879,68.64440023482838,70.15308981187066,-1.5086895770422757,-1.1368593905470594,-0.37183018649521626,36.29630403498373,74.13056631128093,70.09050025939942,66.05043420751791,11.528141579613624,1.8898960274103422,22.665005871689335,16.81193872160591,266338.3,1.2379368645065318,0.010247141333957543,0.010247141333957543,0.016379558179412602,CRUDEOIL,2025-03-07 00:00:00-05:00
67.11000061035156,67.5999984741211,65.80000305175781,66.02999877929688,249633,0.0,0.0,69.84200019836426,72.30660003662109,73.45909999847412,68.24218462628508,69.84767566130964,-1.6054910350245564,-1.230585719442559,-0.37490531558199747,33.39093892968799,74.22460457026231,69.84200019836426,65.4593958264662,12.55005400604405,1.8834745556212664,10.087144230732688,15.649635600552827,265131.65,0.9415435690156191,-0.015065664117503652,-0.015065664117503652,0.016497811696137763,CRUDEOIL,2025-03-10 00:00:00-04:00
65.94999694824219,67.16999816894531,65.29000091552734,66.25,222511,0.0,0.0,69.53850021362305,72.23919998168945,73.4025,67.93569468377969,69.5811811678793,-1.6454864840996066,-1.3135658723739685,-0.33192061172563814,34.618604231532444,74.03195867028501,69.53850021362305,65.0450417569611,12.92365651504706,1.8832261768924596,12.826885876401889,15.193011992941294,263460.15,0.8445717502248442,0.0033318374189050814,0.0033318374189050814,0.015759068926306553,CRUDEOIL,2025-03-11 00:00:00-04:00
66.62000274658203,67.87999725341797,66.1500015258789,67.68000030517578,246675,0.0,0.0,69.25650024414062,72.18080001831055,73.35654998779297,67.8963570870714,69.44035295582718,-1.5439958687557862,-1.359651871650332,-0.18434399710545413,42.08991185515512,73.46410403813897,69.25650024414062,65.04889645014228,12.150783765179716,1.8722811447957886,32.58278908601819,18.49893973105091,262452.95,0.9398827485078753,0.021584910266804203,0.021584910266804203,0.016313272377829854,CRUDEOIL,2025-03-12 00:00:00-04:00
67.69000244140625,67.94000244140625,66.37000274658203,66.55000305175781,268590,0.0,0.0,69.01550025939942,72.09200012207032,73.30069999694824,67.68922569702315,69.22625296293315,-1.5370272659099982,-1.3951269505022654,-0.14190031540773274,38.359621126388895,73.26323525132136,69.01550025939942,64.76776526747747,12.309510112819718,1.8506896126549621,22.019894527426025,22.476523163282025,259976.3,1.0331326355517791,-0.016696176836919374,-0.016696176836919374,0.015726997092295216,CRUDEOIL,2025-03-13 00:00:00-04:00
66.77999877929688,67.4800033569336,66.58999633789062,67.18000030517578,180495,0.0,0.0,68.81000022888183,72.00120010375977,73.23744998931885,67.61088332904663,69.07467869198817,-1.4637953629415392,-1.40886063299012,-0.054934729951419126,41.473918393898344,72.99491036900109,68.81000022888183,64.62509008876258,12.163668438305605,1.7849260906921636,32.450311049357374,29.017664887600517,255091.2,0.7075704689146469,0.009466524786302388,0.009466524786302388,0.015982867424381278,CRUDEOIL,2025-03-14 00:00:00-04:00
67.3499984741211,68.37000274658203,67.25,67.58000183105469,161298,0.0,0.0,68.6520004272461,71.8902001953125,73.17919998168945,67.60613232935556,68.96396188747457,-1.3578295581190076,-1.3986544180158977,0.04082485989689011,43.428266522283096,72.77161426463452,68.6520004272461,64.53238658985767,12.001438593924691,1.7424315443145983,43.86620474298996,32.778803439924445,252770.15,0.6381212338561337,0.005954175707976184,0.005954175707976184,0.01605564995358291,CRUDEOIL,2025-03-17 00:00:00-04:00
67.4000015258789,68.72000122070312,66.55999755859375,66.9000015258789,110338,0.0,0.0,68.40450057983398,71.74900024414063,73.12414997100831,67.49749682112838,68.81107593476378,-1.3135791136353987,-1.381639357139798,0.06806024350439932,40.92626953841912,72.31533875084557,68.40450057983398,64.49366240882239,11.434446967264394,1.7722581241570823,31.226787413477943,35.84776773527508,251740.2,0.43830107388490197,-0.010062152807804536,-0.010062152807804536,0.015574175563865212,CRUDEOIL,2025-03-18 00:00:00-04:00
66.72000122070312,67.62999725341797,66.20999908447266,67.16000366210938,73077,0.0,0.0,68.15000076293946,71.62100036621094,73.075,67.44557479666392,68.68877428493752,-1.2431994882736035,-1.3539513833665593,0.1107518950929558,42.29519178493766,71.66962516480248,68.15000076293946,64.63037636107643,10.329051687339168,1.7470966987848129,36.05954334221539,37.05084516622775,251943.45,0.29005318455391477,0.003886429451423812,0.003886429451423812,0.015527440250856063,CRUDEOIL,2025-03-19 00:00:00-04:00
67.29000091552734,68.47000122070312,66.87999725341797,68.26000213623047,283376,0.0,0.0,67.93450088500977,71.50120040893555,73.04520000457764,67.5708713104434,68.6570133850333,-1.086142074589901,-1.3003895216112276,0.21424744702132648,47.80587969804253,70.81497603496184,67.93450088500977,65.05402573505769,8.480154008425705,1.73587578939198,56.50562207250197,41.263984276065095,254109.25,1.1151738868223018,0.01637877328975934,0.01637877328975934,0.016070279282286028,CRUDEOIL,2025-03-20 00:00:00-04:00
68.3499984741211,68.6500015258789,67.6500015258789,68.27999877929688,198964,0.0,0.0,67.82850074768066,71.400400390625,73.02034999847412,67.67996784411316,68.62908637720096,-0.9491185330877983,-1.2301353239065418,0.28101679081874353,47.90327856453595,70.48562852970441,67.82850074768066,65.17137296565691,7.834841556967801,1.6833132330068385,87.42850167410714,59.99788902960816,250633.95,0.7938429729890942,0.000292948175221186,0.000292948175221186,0.01476899434064181,CRUDEOIL,2025-03-21 00:00:00-04:00
68.3499984741211,69.33000183105469,67.94999694824219,69.11000061035156,247024,0.0,0.0,67.74900093078614,71.30420043945313,72.99555000305176,67.89997288507293,68.66470965373064,-0.7647367686577127,-1.1370556128567761,0.37231884419906347,51.91429931219794,70.13948152265353,67.74900093078614,65.35852033891875,7.056873338426215,1.6616483508501,94.64717304058243,79.52709892906384,252711.75,0.9774931319972261,0.012155855973833951,0.012155855973833951,0.015032089840145422,CRUDEOIL,2025-03-24 00:00:00-04:00
69.16000366210938,69.68000030517578,68.5199966430664,69.0,258411,0.0,0.0,67.75250091552735,71.15280044555664,72.96279998779296,68.06920782583094,68.68954597567652,-0.6203381498455798,-1.033712120254537,0.4133739704089572,51.350030625755615,70.15008225727468,67.75250091552735,65.35491957378002,7.07746964126561,1.6258165873686197,84.51024146428783,88.86197205965912,252266.8,1.0243559596427274,-0.0015916742783979032,-0.0015916742783979032,0.013935653214023928,CRUDEOIL,2025-03-25 00:00:00-04:00
69.16000366210938,70.22000122070312,69.05999755859375,69.6500015258789,262413,0.0,0.0,67.80400085449219,70.96940048217773,72.93340000152588,68.31240685660755,68.76069083124708,-0.44828397463952285,-0.9166264911315342,0.4683425164920113,54.49734181809972,70.31545006626646,67.80400085449219,65.29255164271791,7.407967612896067,1.5968297754639416,88.43814078011715,89.19851842832912,252607.4,1.0388175484962041,0.00942031196925952,0.00942031196925952,0.01403884409670741,CRUDEOIL,2025-03-26 00:00:00-04:00
69.95999908447266,69.97000122070312,69.12000274658203,69.91999816894531,211825,0.0,0.0,67.78250083923339,70.81780044555664,72.89430000305175,68.5597285969672,68.84656544885435,-0.2868368518871449,-0.7906685632826563,0.5038317113955114,55.77711457929048,70.21243834703488,67.78250083923339,65.35256333143191,7.169807775504807,1.543484682510881,93.91474577713812,88.95437600718101,249902.0,0.8476322718505654,0.0038764772024604266,0.0038764772024604266,0.012849648193678512,CRUDEOIL,2025-03-27 00:00:00-04:00
69.91000366210938,70.08999633789062,68.87000274658203,69.36000061035156,246650,0.0,0.0,67.76250076293945,70.60420043945312,72.85159999847411,68.68284736825711,68.88459768303933,-0.20175031478221683,-0.6728849135825685,0.4711345988003517,52.48022619080296,70.13285835395057,67.76250076293945,65.39214317192834,6.996074714844366,1.5203781759964319,82.55576963253557,88.30288539659693,249730.8,0.9876635160741086,-0.008009118610681987,-0.008009118610681987,0.012837305130110492,CRUDEOIL,2025-03-28 00:00:00-04:00
69.43000030517578,71.83000183105469,68.80999755859375,71.4800033569336,313087,0.0,0.0,67.91800079345703,70.46020050048828,72.81650001525878,69.11317905882272,69.07684995517965,0.036329103643069516,-0.531042110137441,0.5673712137805105,61.707902133750146,70.783664319858,67.91800079345703,65.05233726705605,8.438597994412836,1.6274943257438965,93.8380553641491,90.1028569246076,248747.6,1.2586533498212646,0.030565206573334835,0.030565206573334835,0.013692034780545327,CRUDEOIL,2025-03-31 00:00:00-04:00
71.38999938964844,72.0999984741211,71.02999877929688,71.19999694824219,272832,0.0,0.0,68.06500053405762,70.32660049438476,72.7793999862671,69.43422796488726,69.23412010281392,0.20010786207333808,-0.3848121156952852,0.5849199777686233,60.04930025846916,71.26757739026442,68.06500053405762,64.86242367785081,9.41034843481514,1.5876732806782052,84.71983668689946,87.03788722786136,243051.7,1.1225266064791977,-0.003917269103824728,-0.003917269103824728,0.01373651571325529,CRUDEOIL,2025-04-01 00:00:00-04:00
71.19999694824219,72.27999877929688,70.58999633789062,71.70999908447266,286501,0.0,0.0,68.33500061035156,70.24300048828125,72.74569999694825,69.78434659866963,69.41751854589975,0.3668280527698755,-0.23448408200225307,0.6013121347721286,62.050087266684635,71.79998172903673,68.33500061035156,64.87001949166638,10.14116071628538,1.594982506444494,90.60955974494945,89.72248393199932,238252.1,1.202511961069808,0.007162951658568284,0.007162951658568284,0.011696372484924264,CRUDEOIL,2025-04-02 00:00:00-04:00
70.37999725341797,70.41000366210938,65.9800033569336,66.94999694824219,459238,0.0,0.0,68.3645004272461,70.07320037841797,72.67879997253418,69.34829280629617,69.23473916829549,0.11355363800068119,-0.16487653800166624,0.27843017600234743,41.273710330198426,71.77127826339404,68.3645004272461,64.95772259109816,9.966511317590776,1.8903405936655346,15.396734858971145,63.57537709694,244132.4,1.8811022215814042,-0.06637849947011298,-0.06637849947011298,0.019621122194830056,CRUDEOIL,2025-04-03 00:00:00-04:00
66.63999938964844,66.9000015258789,60.45000076293945,61.9900016784668,559638,0.0,0.0,68.11200046539307,69.82060035705567,72.5808999824524,68.21624801739935,68.6980919468267,-0.4818439294273418,-0.22827001628680138,-0.2535739131405404,30.001120729975227,72.4854541773071,68.11200046539307,63.73854675347902,12.841947621656317,2.219601707353906,13.017761401125965,39.67468533501551,255628.8,2.1892603650292926,-0.0740850708867078,-0.0740850708867078,0.02559714396090372,CRUDEOIL,2025-04-04 00:00:00-04:00
61.119998931884766,63.900001525878906,58.95000076293945,60.70000076293945,597617,0.0,0.0,67.84550056457519,69.54140029907227,72.47354999542236,67.05990228594399,68.10564074802024,-1.045738462076244,-0.3917637054446899,-0.6539747566315541,27.869213345394385,73.22728561187724,67.84550056457519,62.46371551727314,15.864825235329139,2.414630211324302,13.128284024142774,13.847593428079952,273028.0,2.1888487627642585,-0.02080982223905059,-0.02080982223905059,0.02576440230709116,CRUDEOIL,2025-04-07 00:00:00-04:00
61.029998779296875,61.75,57.880001068115234,59.58000183105469,557655,0.0,0.0,67.51200065612792,69.26960037231446,72.36779998779296,65.90914836980718,67.47411193935612,-1.5649635695489366,-0.6264036782655393,-0.9385598912833972,26.132890133019586,73.96748599745435,67.51200065612792,61.0565153148015,19.12396397259032,2.5185851199357634,11.805562730189862,12.650536051819524,289785.2,1.92437363950954,-0.01845138250094691,-0.01845138250094691,0.025903819134614037,CRUDEOIL,2025-04-08 00:00:00-04:00
58.31999969482422,62.93000030517578,55.119998931884766,62.349998474121094,592250,0.0,0.0,67.2455005645752,69.04120040893555,72.27139999389648,65.36158684739394,67.09454797896834,-1.732961131574399,-0.8477151689273112,-0.8852459626470877,36.64589652027679,74.08017761077734,67.2455005645752,60.41082351837305,20.327537125369073,2.8965434237468526,42.13286483989498,22.355570531409196,307063.95,1.928751323624932,0.04649205367467135,0.04649205367467135,0.02777821308779082,CRUDEOIL,2025-04-09 00:00:00-04:00
62.709999084472656,63.34000015258789,58.7599983215332,60.06999969482422,391826,0.0,0.0,66.92150039672852,68.7902003479004,72.16759998321533,64.54749651622937,66.57421106903173,-2.0267145528023605,-1.0835150457023213,-0.9431995071000392,32.54062600758394,74.4377311727968,66.92150039672852,59.405269620660235,22.46282803436881,3.016790452840269,28.846158548689964,27.59486203959159,313225.75,1.2509380215387784,-0.03656774394698992,-0.03656774394698992,0.028609809614270936,CRUDEOIL,2025-04-10 00:00:00-04:00
60.20000076293945,61.869998931884766,59.43000030517578,61.5,306231,0.0,0.0,66.63750038146972,68.56560028076171,72.07059997558594,64.07865089834793,66.19834358243679,-2.119692684088861,-1.2907505733796292,-0.8289421107092316,37.285966314659554,74.51381106060497,66.63750038146972,58.76118970233447,23.639274084552724,2.9755910366880345,37.17949373453753,36.05283904104081,319512.55,0.958431836245556,0.023805565381066485,0.023805565381066485,0.02915820393288118,CRUDEOIL,2025-04-11 00:00:00-04:00
61.70000076293945,62.68000030517578,60.59000015258789,61.529998779296875,238068,0.0,0.0,66.33500022888184,68.34560028076172,71.96954998016358,63.68655057234008,65.85254026368568,-2.165989691345601,-1.4657983969728237,-0.7001912943727773,37.38547300839544,74.50261293222073,66.33500022888184,58.16738752554295,24.62534913743096,2.9123345449665954,37.35431179726262,34.459988026830025,323351.05,0.7362524414255034,0.00048778502921753564,0.00048778502921753564,0.029085573667745255,CRUDEOIL,2025-04-14 00:00:00-04:00
61.58000183105469,62.060001373291016,60.880001068115234,61.33000183105469,197404,0.0,0.0,66.05650024414062,68.10900024414063,71.8684999847412,63.324004612142325,65.51753741682413,-2.1935328046818015,-1.6113452785146192,-0.5821875261671823,36.964382467375856,74.50314483267802,66.05650024414062,57.609855655603226,25.573999704250554,2.7885963849815374,36.18882840553434,36.90754464577815,327704.35,0.6023844358489596,-0.003250397403054772,-0.003250397403054772,0.02905401204780582,CRUDEOIL,2025-04-15 00:00:00-04:00
61.540000915527344,62.97999954223633,60.439998626708984,62.470001220703125,213194,0.0,0.0,65.8220001220703,67.90440032958985,71.76395000457764,63.192619474997834,65.29179399488923,-2.099174519891399,-1.7089111267899753,-0.39026339310142366,41.040900618913405,74.39258322162625,65.8220001220703,57.25141702251437,26.041697559057315,2.7708395657348093,42.83218155113684,38.79177391797793,334710.2,0.6369510101574436,0.01858795623043985,0.01858795623043985,0.029445434429560116,CRUDEOIL,2025-04-16 00:00:00-04:00
62.630001068115234,64.86000061035156,62.61000061035156,64.68000030517578,111479,0.0,0.0,65.64300003051758,67.77740036010742,71.67330001831054,63.42144729502521,65.24647594379934,-1.8250286487741292,-1.7321346311868062,-0.09289401758732296,48.05425104634574,74.15174802816318,65.64300003051758,57.134252032871984,25.92431178858328,2.7436366960143546,55.7109642092028,44.91065805529132,326115.35,0.3418391682574893,0.03537696560409609,0.03537696560409609,0.030400945812275905,CRUDEOIL,2025-04-17 00:00:00-04:00
64.30000305175781,64.41999816894531,62.45000076293945,63.08000183105469,82671,0.0,0.0,65.38300018310547,67.62680038452149,71.56930004119873,63.368917223645134,65.08599637989234,-1.7170791562472019,-1.7291235361988855,0.012044379951683615,43.97575400979737,73.87131169239268,65.38300018310547,56.89468867381825,25.964888382349084,2.706948327887353,46.38696369435205,48.31003648489722,320300.7,0.25810433758028,-0.024737143886393254,-0.024737143886393254,0.030803640110453324,CRUDEOIL,2025-04-21 00:00:00-04:00
63.43000030517578,65.08999633789062,63.43000030517578,64.30999755859375,297928,0.0,0.0,65.14300003051758,67.49300033569335,71.47505001068116,63.51369881363723,65.02851498572207,-1.514816172084842,-1.6862620633760768,0.17144589129123466,47.65384004616123,73.46605190319218,65.14300003051758,56.81994815784298,25.553173384018223,2.657165912097966,53.554771028129835,51.884232977228216,322845.9,0.9228179760065095,0.01949898053004695,0.01949898053004695,0.031042817775650457,CRUDEOIL,2025-04-22 00:00:00-04:00
64.0,64.87000274658203,61.529998779296875,62.27000045776367,397841,0.0,0.0,64.80650005340576,67.29200035095215,71.3747500038147,63.32236060504129,64.82418057624366,-1.501819971202373,-1.649373644941336,0.1475536737389631,42.65234948637592,73.02208275294316,64.80650005340576,56.59091735386835,25.354193461356832,2.7059400588970512,46.762585440834414,48.90144005443875,329817.4,1.2062462441338753,-0.03172130583540156,-0.03172130583540156,0.031688791097781666,CRUDEOIL,2025-04-23 00:00:00-04:00
62.34000015258789,63.310001373291016,61.9900016784668,62.790000915527344,264908,0.0,0.0,64.46350002288818,67.08140037536621,71.28164999008179,63.240459114346834,64.67350060137579,-1.4330414870289587,-1.6061072133588608,0.17306572632990203,44.25833041064173,72.4099807194633,64.46350002288818,56.51701932631307,24.65420181576759,2.6069443186061347,65.1103590380618,55.14257183567534,329942.15,0.802892264598506,0.008350737978818135,0.008350737978818135,0.03166472012718753,CRUDEOIL,2025-04-24 00:00:00-04:00
62.86000061035156,63.40999984741211,61.79999923706055,63.02000045776367,283758,0.0,0.0,64.11850013732911,66.91440032958984,71.18625,63.20654239794942,64.55101910925637,-1.3444767113069531,-1.5537811129484793,0.2093044016415262,44.992096729362416,71.6771058005593,64.11850013732911,56.55989447409891,23.57698837945729,2.5357340537308084,79.23774906019533,63.70356451303051,333538.8,0.850749597947825,0.0036629963192029713,0.0036629963192029713,0.0316617176224702,CRUDEOIL,2025-04-25 00:00:00-04:00
63.4900016784668,63.91999816894531,61.47999954223633,62.04999923706055,276116,0.0,0.0,63.75300006866455,66.72960029602051,71.08339998245239,63.028612680889594,64.36575837798262,-1.3371456970930211,-1.5104540297773879,0.17330833268436674,42.45389941975591,70.96127532177354,63.75300006866455,56.54472481555555,22.613132700721202,2.528895808943535,69.5085467224013,71.28555160688613,335012.1,0.8241970961645864,-0.015391958325249866,-0.015391958325249866,0.03174529565192148,CRUDEOIL,2025-04-28 00:00:00-04:00
61.869998931884766,62.06999969482422,60.119998931884766,60.41999816894531,312373,0.0,0.0,63.19999980926514,66.52320030212402,70.97444997787476,62.6272873713597,64.07347984397985,-1.4461924726201545,-1.4976017183459414,0.05140924572578687,38.52121239175182,69.60440917674956,63.19999980926514,56.79559044178071,20.26711831269827,2.487546162800386,53.15948461398659,67.30192679886106,334976.4,0.9325224105339958,-0.02626915532888008,-0.02626915532888008,0.03092095120461545,CRUDEOIL,2025-04-29 00:00:00-04:00
60.15999984741211,60.43000030517578,57.90999984741211,58.209999084472656,419549,0.0,0.0,62.55049991607666,66.25040031433106,70.85594995498657,61.94770455799246,63.63914793586821,-1.6914433778757498,-1.536370050251903,-0.15507332762384674,33.931702243541594,68.16379569514194,62.55049991607666,56.93720413701137,17.948044497155372,2.4898643267263347,4.178264396902974,42.28209857776361,342312.25,1.225632445230926,-0.03657727824309254,-0.03657727824309254,0.03155503747241194,CRUDEOIL,2025-04-30 00:00:00-04:00
58.15999984741211,59.5,56.38999938964844,59.2400016784668,364216,0.0,0.0,61.92700004577637,65.99020034790038,70.74834995269775,61.53113488421928,63.31328525013477,-1.7821503659154914,-1.5855261133846208,-0.19662425253087057,37.65962338399348,65.84703523226234,61.92700004577637,58.0069648592904,12.660181128064613,2.5341597755567085,32.758658488888265,30.032135833259265,346198.0,1.052045361325022,0.01769459904129933,0.01769459904129933,0.03193405286584306,CRUDEOIL,2025-05-01 00:00:00-04:00
58.9900016784668,59.869998931884766,57.7400016784668,58.290000915527344,322096,0.0,0.0,61.49400024414062,65.70460037231446,70.62554996490479,61.03249888903591,62.941190114237926,-1.9086912252020198,-1.6501591357481007,-0.25853208945391914,35.660971798653506,64.98916454767081,61.49400024414062,57.998835940610434,11.367496957927113,2.50529102397537,21.839105659258845,19.592009515016684,339340.9,0.9491811921286234,-0.01603647427452337,-0.01603647427452337,0.02902613609055986,CRUDEOIL,2025-05-02 00:00:00-04:00
56.7599983215332,57.70000076293945,55.29999923706055,57.130001068115234,308387,0.0,0.0,61.251000213623044,65.43920036315917,70.49709997177123,60.43211460889427,62.51073166637699,-2.078617057482724,-1.7358507200950255,-0.34276633738769835,33.33462050485575,65.2183257266664,61.251000213623044,57.283674700579695,12.954320743193225,2.5399132135819005,18.692567650500372,24.430110599549153,326778.35,0.9437191906991391,-0.019900494582135275,-0.019900494582135275,0.024572688497946908,CRUDEOIL,2025-05-05 00:00:00-04:00
57.25,59.84000015258789,57.029998779296875,59.09000015258789,343893,0.0,0.0,61.17050018310547,65.2070004272461,70.39189998626709,60.22563546177021,62.257344146837056,-2.031708685066846,-1.7950223130893899,-0.23668637197745612,40.40837482184816,65.24321609274358,61.17050018310547,57.09778427346736,13.315947711550486,2.5592052249896944,38.71299323680081,26.414888848853337,314092.15,1.0948793212437815,0.03430770257006954,0.03430770257006954,0.025631130039388075,CRUDEOIL,2025-05-06 00:00:00-04:00
58.97999954223633,60.2599983215332,57.810001373291016,58.06999969482422,295238,0.0,0.0,61.09500007629394,64.98980041503906,70.28334999084473,59.893999189932366,61.947170483724996,-2.05317129379263,-1.846652109230038,-0.206519184562592,38.14027276478666,65.33538891107034,61.09500007629394,56.854611241517546,13.881295783553819,2.5514046337934437,28.294190787133207,28.56658389147812,300971.3,0.9809506753633985,-0.017261811730068133,-0.017261811730068133,0.0255899267024546,CRUDEOIL,2025-05-07 00:00:00-04:00
57.93000030517578,60.290000915527344,57.7400016784668,59.90999984741211,281000,0.0,0.0,60.9730001449585,64.81560035705566,70.19809999465943,59.89646082954464,61.79626895510923,-1.89980812556459,-1.8572833124969486,-0.04252481306764144,44.2223710396173,65.20232662205778,60.9730001449585,56.74367366785921,13.872784567085086,2.5513042483125226,47.08888636913578,38.03202346435659,285408.8,0.9845526837294436,0.03168589912618658,0.03168589912618658,0.024327557505004996,CRUDEOIL,2025-05-08 00:00:00-04:00
60.25,61.45000076293945,59.88999938964844,61.02000045776367,239640,0.0,0.0,61.02050018310547,64.62900039672851,70.1152500152588,60.069313080039876,61.73876758493548,-1.6694545048956044,-1.8197175509766799,0.15026304608107544,47.5712900599712,65.22948310997621,61.02050018310547,56.81151725623472,13.795307853068278,2.4804969000967003,58.42699606334036,44.60335773986978,277799.5,0.8626365418224294,0.018527801922528564,0.018527801922528564,0.023269363268971516,CRUDEOIL,2025-05-09 00:00:00-04:00
61.38999938964844,63.61000061035156,61.02000045776367,61.95000076293945,325865,0.0,0.0,61.04300022125244,64.4728003692627,70.03360002517701,60.35864964663981,61.754414487009846,-1.3957648403700347,-1.734927008855351,0.33916216848531633,50.2655910754799,65.26678081717891,61.04300022125244,56.81921962532597,13.838705766811046,2.4883185609889282,69.4879737427747,58.33461872508361,278781.2,1.168891589533297,0.015240909508342337,0.015240909508342337,0.02290433693551797,CRUDEOIL,2025-05-12 00:00:00-04:00
62.0,63.900001525878906,61.650001525878906,63.66999816894531,258795,0.0,0.0,61.150000190734865,64.37880027770996,69.96614999771118,60.86808788084066,61.89630957456062,-1.0282216937199564,-1.5935859458282722,0.5653642521083158,54.88346493821852,65.5234789746067,61.150000190734865,56.776521406863026,14.304100638529471,2.4712958066325763,97.099767622067,75.00491247606068,279817.55,0.9248705093729825,0.027764283855099103,0.027764283855099103,0.02369487622370156,CRUDEOIL,2025-05-13 00:00:00-04:00
63.619998931884766,63.68000030517578,62.75,63.150001525878906,225626,0.0,0.0,61.241000175476074,64.27660026550294,69.9028500175476,61.21915151853885,61.98917564502864,-0.7700241264897869,-1.4288735819605751,0.6588494554707882,53.273005699342235,65.7005644629483,61.241000175476074,56.781435888003855,14.563982543374754,2.361203270814234,91.06732321951638,85.88502152811935,281228.65,0.8022866802511052,-0.008167059180473335,-0.008167059180473335,0.023777333191759238,CRUDEOIL,2025-05-14 00:00:00-04:00
62.880001068115234,62.90999984741211,60.470001220703125,61.619998931884766,258404,0.0,0.0,61.198500061035155,64.18280029296875,69.83729999542237,61.2808203513613,61.961829221832794,-0.6810088704714943,-1.279300639662759,0.5982917691912648,48.74110966389678,65.62649372553216,61.198500061035155,56.770506396538146,14.470922196069614,2.3839744875543443,73.31787097382329,87.16165393846889,283489.15,0.9115128392038989,-0.02422806899485419,-0.02422806899485419,0.02410502758532162,CRUDEOIL,2025-05-15 00:00:00-04:00
61.70000076293945,62.709999084472656,61.25,62.4900016784668,121556,0.0,0.0,61.089000129699706,64.10540031433105,69.76019998550414,61.46684824783907,62.00095310750939,-0.5341048596703217,-1.1302614836642715,0.5961566239939498,51.27916229932215,65.26854477577673,61.089000129699706,56.90945548362267,13.683460646608475,2.317976244477081,83.60465730055238,82.66328383129733,283993.0,0.42802463441000305,0.014118837417438801,0.014118837417438801,0.02288164322404156,CRUDEOIL,2025-05-16 00:00:00-04:00
62.75,63.400001525878906,61.56999969482422,62.689998626708984,95570,0.0,0.0,61.06949996948242,64.01840026855469,69.69209999084472,61.655025229203666,62.05199351633899,-0.39696828713532284,-0.9836028443584819,0.586634557223159,51.86914922977344,65.21520788322678,61.06949996948242,56.923792055738055,13.577016074525098,2.2831209292326244,85.93020259142075,80.95091028859879,284637.95,0.33575986617385345,0.003200463160030642,0.003200463160030642,0.022230084229244242,CRUDEOIL,2025-05-19 00:00:00-04:00
62.68000030517578,63.16999816894531,62.189998626708984,62.560001373291016,250414,0.0,0.0,60.98200016021728,63.94900032043457,69.63730001449585,61.79425232829402,62.08962372796506,-0.29537139967104054,-0.8459565554209937,0.5505851557499531,51.4331693750403,64.91905784350574,60.98200016021728,57.044942476928824,12.912195969120965,2.1900408301614602,84.41860702374294,84.651155638572,282262.25,0.8871678731392526,-0.002073652197570497,-0.002073652197570497,0.02174849102129326,CRUDEOIL,2025-05-20 00:00:00-04:00
62.27000045776367,64.19000244140625,61.279998779296875,61.56999969482422,302702,0.0,0.0,60.947000122070314,63.85540031433106,69.58045000076294,61.759751923144826,62.05113305884352,-0.2913811356986926,-0.7350414714765335,0.4436603357778409,48.11624576395078,64.84993272821447,60.947000122070314,57.04406751592616,12.807628261692944,2.2414667467291687,70.52866364208627,80.29249108574997,277505.3,1.090797184774489,-0.01582483466647533,-0.01582483466647533,0.02084424393979088,CRUDEOIL,2025-05-21 00:00:00-04:00
61.33000183105469,61.75,60.25,61.20000076293945,258549,0.0,0.0,60.867500114440915,63.725800323486325,69.52045001983643,61.67363636003631,61.98808622210988,-0.31444986207356607,-0.65092314959594,0.33647328752237393,46.89892701101069,64.6807760555669,60.867500114440915,57.054224173314935,12.529760328439293,2.1885048362485136,66.36669740450495,73.77132269011138,277187.35,0.9327590166001444,-0.006009402853966006,-0.006009402853966006,0.020775655518520286,CRUDEOIL,2025-05-22 00:00:00-04:00
60.810001373291016,61.880001068115234,60.02000045776367,61.529998779296875,273392,0.0,0.0,60.793000030517575,63.62540023803711,69.45194999694824,61.65153827069179,61.95415381893854,-0.30261554824675585,-0.5812616293261031,0.2786460810793473,48.158676528038434,64.49164866261798,60.793000030517575,57.09435139841718,12.168008258331408,2.165040248684446,62.84912986586764,66.58149697081961,276669.05,0.9881553429991538,0.005392124383064578,0.005392124383064578,0.02080000167281459,CRUDEOIL,2025-05-23 00:00:00-04:00
61.70000076293945,62.13999938964844,60.2599983215332,60.88999938964844,291317,0.0,0.0,60.73500003814697,63.49960021972656,69.37544998168946,61.534378442838964,61.87532756491706,-0.3409491220780936,-0.5331991278765013,0.19225000579840767,45.88512033517738,64.38909610713073,60.73500003814697,57.08090396916321,12.032916989178107,2.1446803072152165,48.83716804005609,59.35099843680956,277429.1,1.050059276406116,-0.010401420483430623,-0.010401420483430623,0.020647515790733522,CRUDEOIL,2025-05-27 00:00:00-04:00
61.040000915527344,62.540000915527344,60.849998474121094,61.84000015258789,260374,0.0,0.0,60.8060001373291,63.38480018615723,69.30045000076294,61.58139716741572,61.87271071955934,-0.2913135521436203,-0.4848220127299251,0.19350846058630478,49.682461477410435,64.48793085912303,60.8060001373291,57.12406941553518,12.110419081927299,2.1122033168002905,63.56586029693127,58.41738606761833,274829.15,0.9474031411878979,0.015601917760914796,0.015601917760914796,0.02003655966029476,CRUDEOIL,2025-05-28 00:00:00-04:00
61.83000183105469,63.06999969482422,60.54999923706055,60.939998626708984,299859,0.0,0.0,60.94250011444092,63.26560012817383,69.20485000610351,61.48272046884546,61.80362093490376,-0.3209004660583048,-0.45203770339560106,0.13113723733729626,46.36320834136553,64.42643921994043,60.94250011444092,57.45856100894141,11.433528650636896,2.1413316840119605,24.418569578254466,45.607199305080606,268844.65,1.115361603810974,-0.014553711572739103,-0.014553711572739103,0.018378891569383344,CRUDEOIL,2025-05-29 00:00:00-04:00
60.939998626708984,61.720001220703125,59.7400016784668,60.790000915527344,384927,0.0,0.0,61.02000007629395,63.13820007324219,69.11705001831055,61.376148229873436,61.728537970505506,-0.35238974063206996,-0.43210811084289485,0.0797183702108249,45.81384449266446,64.41687477676714,61.02000007629395,57.62312537582075,11.133643710999836,2.1298079595994155,23.59548442789409,37.19330476769327,269880.2,1.4262884050034053,-0.0024613999764007133,-0.0024613999764007133,0.01804884704458824,CRUDEOIL,2025-05-30 00:00:00-04:00
61.11000061035156,63.880001068115234,61.060001373291016,62.52000045776367,403580,0.0,0.0,61.23150005340576,63.02340003967285,69.0447500038147,61.552125495702704,61.78716482141352,-0.2350393257108152,-0.39269435381647894,0.15765502810566373,52.76555183587813,64.4438589864589,61.23150005340576,58.01914112035261,10.492504447061883,2.198393116241449,62.471871970209364,36.8286419921193,273954.4,1.4731648770744328,0.028458620104979238,0.028458620104979238,0.0185167116837647,CRUDEOIL,2025-06-02 00:00:00-04:00
63.02000045776367,63.88999938964844,62.400001525878906,63.40999984741211,291260,0.0,0.0,61.54549999237061,62.926000061035154,68.97099998474121,61.83795231904261,61.907374823339346,-0.06942250429673891,-0.328039983912531,0.25861747961579207,55.900060935629085,64.28586120091887,61.54549999237061,58.80513878382234,8.905155401736828,2.1477934553505977,82.47185482550549,56.17973707453631,273098.05,1.0665034041802934,0.014235434790978552,0.014235434790978552,0.017788588468883947,CRUDEOIL,2025-06-03 00:00:00-04:00
63.36000061035156,63.959999084472656,62.16999816894531,62.849998474121094,321128,0.0,0.0,61.733499908447264,62.80080001831055,68.90199996948242,61.99365172751622,61.977198797471324,0.016452930044899006,-0.259141401121045,0.275594331165944,53.49456612081502,64.28352952487923,61.733499908447264,59.18347029201529,8.261412750658044,2.1222368453632225,69.88755645965294,71.61042775178926,271959.8,1.1807921611944119,-0.008831436281952154,-0.008831436281952154,0.01667671407959348,CRUDEOIL,2025-06-04 00:00:00-04:00
62.7599983215332,63.97999954223633,62.5,63.369998931884766,232423,0.0,0.0,61.99849987030029,62.68819999694824,68.84699995040893,62.20539745126523,62.08036917779825,0.12502827346698098,-0.18230746620343982,0.3073357396704208,55.4132239573884,64.01669960601801,61.99849987030029,59.98030013458258,6.510479253335973,2.0763627522827304,81.57295800147615,77.9774564288782,268819.05,0.8646076236040564,0.00827367494651221,0.00827367494651221,0.015989372398510213,CRUDEOIL,2025-06-05 00:00:00-04:00
63.33000183105469,64.80000305175781,62.81999969482422,64.58000183105469,310133,0.0,0.0,62.23199996948242,62.586800003051756,68.79969995498658,62.57072120200206,62.26552715211354,0.30519404988852017,-0.08480716298504784,0.39000121287356804,59.59094897708688,64.30937932663745,62.23199996948242,60.154620612327385,6.676241670438837,2.069479938329221,95.65215096848804,82.37088847653905,270275.7,1.1474690473468387,0.019094254687782586,0.019094254687782586,0.015084791933344235,CRUDEOIL,2025-06-06 00:00:00-04:00
64.80000305175781,65.43000030517578,64.19999694824219,65.29000091552734,235900,0.0,0.0,62.44549999237061,62.4942000579834,68.76649995803832,62.9890719271598,62.48956224569975,0.49950968146004726,0.03205620590397118,0.4674534755560761,61.8497954409155,64.83498975973978,62.44549999237061,60.05601022500143,7.653040708012964,2.00951732537239,97.53955319090453,91.58822072028958,270088.7,0.8734167701203345,0.010994101336975204,0.010994101336975204,0.014790643725850048,CRUDEOIL,2025-06-09 00:00:00-04:00
65.45999908447266,66.27999877929688,64.56999969482422,64.9800033569336,279021,0.0,0.0,62.59700012207031,62.40660011291504,68.72634996414185,63.29536907020192,62.674039365050405,0.621329705151517,0.14991090575348034,0.47141879939803666,60.26576365082251,65.21491718624343,62.59700012207031,59.97908305789719,8.364353112985992,1.9881231653081233,80.12238534175678,91.10469650038311,267746.5,1.0421088604332829,-0.004748009714302559,-0.004748009714302559,0.014629368488670875,CRUDEOIL,2025-06-10 00:00:00-04:00
64.76000213623047,68.37000274658203,64.5999984741211,68.1500015258789,378473,0.0,0.0,62.821000289916995,62.34000007629395,68.69294996261597,64.04223560184454,63.07966619177844,0.9625694100660951,0.3124426066160033,0.6501268034500918,69.00702826036627,66.36919495911542,62.821000289916995,59.27280562071857,11.29620557719111,2.11540038724761,97.45073935719486,91.7042259632854,273730.4,1.3826487668158158,0.048784210606031886,0.048784210606031886,0.017088854010592715,CRUDEOIL,2025-06-11 00:00:00-04:00
69.02999877929688,69.29000091552734,66.72000122070312,68.04000091552734,379394,0.0,0.0,63.065500259399414,62.27680015563965,68.64604997634888,64.6572764193342,63.44709839353762,1.2101780257965729,0.49198969045211727,0.7181883353444556,68.44434019415803,67.28172008450247,63.065500259399414,58.84928043429637,13.370923271078485,2.147871766360225,86.91099371873096,88.16137280589419,281418.8,1.34814731638398,-0.0016140954935971452,-0.0016140954935971452,0.01691445393742089,CRUDEOIL,2025-06-12 00:00:00-04:00
68.9000015258789,77.62000274658203,68.48999786376953,72.9800033569336,715652,0.0,0.0,63.633500480651854,62.30220024108887,68.63329999923707,65.93769594819564,64.15323950193732,1.784456446258318,0.7504830416133574,1.0339734046449605,77.3690472417247,69.61075671782746,63.633500480651854,57.65624424347625,18.78650771064535,2.6787381995526864,74.04922196608376,86.13698501400319,304281.2,2.3519428738942794,0.07260438528710988,0.07260438528710988,0.021645335777398654,CRUDEOIL,2025-06-13 00:00:00-04:00
76.54000091552734,77.48999786376953,69.37999725341797,71.7699966430664,367312,0.0,0.0,64.09750022888184,62.39860023498535,68.61954999923707,66.83497297817576,64.71744373461355,2.1175292435622026,1.0238922820031267,1.093636961559076,71.99772995163846,71.01453753668224,64.09750022888184,57.18046292108145,21.58286136932258,3.0666855146097487,67.28184701315409,76.0806875659896,316569.0,1.160290489593106,-0.016579976133314744,-0.016579976133314744,0.022319710611230562,CRUDEOIL,2025-06-16 00:00:00-04:00
71.11000061035156,75.54000091552734,71.0,74.83999633789062,154264,0.0,0.0,64.70500011444092,62.65560012817383,68.61419996261597,68.06651503351651,65.4672624459674,2.5992525875491026,1.338964343112322,1.2602882444367807,76.46258668384897,73.01482640938089,64.70500011444092,56.39517381950096,25.685267847130007,3.1719223289610055,84.45186665201663,75.26097854375149,319503.7,0.48282382958319414,0.042775530701112396,0.042775530701112396,0.023662482474386966,CRUDEOIL,2025-06-17 00:00:00-04:00
75.61000061035156,76.06999969482422,72.94000244140625,75.13999938964844,0,0.0,0.0,65.3340000152588,62.94440010070801,68.62214994430542,69.15474339599834,66.18376147883266,2.9709819171656733,1.665367857922992,1.3056140592426813,76.8510214946372,74.7323130344112,65.3340000152588,55.935686996106384,28.7700523983146,3.1689276807079314,86.1297359687741,79.28781654464827,306983.0,0.0,0.00400859254994268,0.00400859254994268,0.023549378951749633,CRUDEOIL,2025-06-18 00:00:00-04:00
74.5999984741211,77.58000183105469,74.30000305175781,74.93000030517578,678377,0.0,0.0,66.00200004577637,63.25140007019043,68.64509996414185,70.04324445894872,66.83163102152474,3.2116134374239778,1.9746169738231893,1.2369964636007884,75.90670846581524,76.10776553252973,66.00200004577637,55.896234559023014,30.62260379911032,3.176861330607142,83.75602525163524,84.77920929080865,325766.75,2.082400981683981,-0.0027947709100140106,-0.0027947709100140106,0.022986564754995442,CRUDEOIL,2025-06-20 00:00:00-04:00
78.0,78.4000015258789,66.5999984741211,68.51000213623047,728868,0.0,0.0,66.36750011444092,63.374600143432616,68.64164999008179,69.80736102468438,66.95595480779924,2.851406216885138,2.1499748224355795,0.7014313944495587,54.04356827816669,76.27902423271614,66.36750011444092,56.45597599616569,29.868607680519137,3.792800024975047,39.06347908780101,69.64974676940345,349282.7,2.0867566587179955,-0.08567994318427696,-0.08567994318427696,0.03132007712346624,CRUDEOIL,2025-06-23 00:00:00-04:00
67.73999786376953,67.83000183105469,64.0,64.37000274658203,541475,0.0,0.0,66.50950031280517,63.460600204467774,68.6177499961853,68.9708443665148,66.76440280326463,2.2064415632501664,2.161268170598497,0.04517339265166953,45.03540051534872,76.2190507367551,66.50950031280517,56.79994988885525,29.19748420386351,3.8440287472075774,13.555170194692895,45.45822484470971,362686.85,1.4929545970580407,-0.060429123639729965,-0.060429123639729965,0.03467948895833885,CRUDEOIL,2025-06-24 00:00:00-04:00
65.12000274658203,66.02999877929688,64.51000213623047,64.91999816894531,278504,0.0,0.0,66.71100025177002,63.52900016784668,68.60399999618531,68.34763725919642,66.6277802377595,1.7198570214369227,2.0729859407661824,-0.3531289193292597,46.3156183870948,76.10794155315155,66.71100025177002,57.314058950388485,28.172089358327995,3.688026410458096,15.220112809464286,22.612920697319392,362046.2,0.7692498913122138,0.008544281480436622,0.008544281480436622,0.03455738814544572,CRUDEOIL,2025-06-25 00:00:00-04:00
64.9800033569336,66.41999816894531,64.66000366210938,65.23999786376953,233771,0.0,0.0,66.8810001373291,63.603200149536136,68.58664999008178,67.8695388906692,66.52498154338987,1.3445573472793342,1.927300222068813,-0.5827428747894787,47.08782164935652,76.03929403898479,66.8810001373291,57.7227062356734,27.386832980519582,3.5503098459136564,15.532720696615547,14.769334566924238,360716.05,0.6480748500101395,0.004929138999533844,0.004929138999533844,0.0344475221736046,CRUDEOIL,2025-06-26 00:00:00-04:00
65.30000305175781,66.08999633789062,64.80000305175781,65.5199966430664,236284,0.0,0.0,67.11000003814698,63.687000045776365,68.58549997329712,67.50807085257647,66.45053821743998,1.0575326351364822,1.7533467046823468,-0.6958140695458646,47.795414741046194,75.88359392453394,67.11000003814698,58.336406151760016,26.1469047277599,3.3888586630721673,10.555531125012385,13.769454877030734,357537.3,0.6608653139127023,0.004291826923133124,0.004291826923133124,0.034191674152029033,CRUDEOIL,2025-06-27 00:00:00-04:00
65.1500015258789,65.81999969482422,64.5,65.11000061035156,193289,0.0,0.0,67.32600002288818,63.73980003356934,68.57449998855591,67.13913696915725,66.35123913543343,0.787897833723818,1.5602569304906413,-0.7723590967668232,46.80831920202887,75.66871225991684,67.32600002288818,58.98328778585952,24.783032511043196,3.241083022483028,7.708336755081096,11.26552952556967,347955.4,0.555499354227582,-0.00625757102748925,-0.00625757102748925,0.03424105884811836,CRUDEOIL,2025-06-30 00:00:00-04:00
64.95999908447266,65.9800033569336,64.66999816894531,65.44999694824219,193162,0.0,0.0,67.47249984741211,63.755199966430666,68.5568999671936,66.87926927363185,66.28448045490074,0.5947888187311037,1.3671633081387338,-0.7723744894076301,47.771613157497306,75.57184240213509,67.47249984741211,59.37315729268913,24.007833037280385,3.103148891447689,10.06942218468749,9.444430021593652,337434.5,0.5724429481869815,0.005221875820971444,0.005221875820971444,0.033758399397892984,CRUDEOIL,2025-07-01 00:00:00-04:00
65.55999755859375,67.58000183105469,65.2300033569336,67.44999694824219,265200,0.0,0.0,67.67449970245362,63.842599868774414,68.55089994430541,66.9670735312642,66.37081500996307,0.596258521301138,1.2129823507712147,-0.6167238294700768,53.14681392349824,75.55710422628289,67.67449970245362,59.791895178624344,23.295641810392222,3.049352433067218,23.95830960185691,13.912022847208496,336131.5,0.7889769331347999,0.030557679041323782,0.030557679041323782,0.03424218508668674,CRUDEOIL,2025-07-02 00:00:00-04:00
67.5,67.58000183105469,66.52999877929688,67.0,0,0.0,0.0,67.88199977874756,63.89639991760254,68.53544996261597,66.97213914183895,66.41742130552136,0.5547178363175931,1.0813294478804905,-0.5266116115628974,51.853713662977164,75.45821628184008,67.88199977874756,60.30578327565503,22.321724544904995,2.906541762973689,20.833331125754132,18.28702097076617,320075.1,0.0,-0.006671563656073909,-0.006671563656073909,0.03420410985269726,CRUDEOIL,2025-07-03 00:00:00-04:00
67.12999725341797,67.18000030517578,66.04000091552734,66.5,0,0.0,0.0,68.03849983215332,63.98099990844727,68.51199995040893,66.8995023507868,66.42353824585311,0.4759641049336949,0.9602563792911314,-0.4842922743574365,50.38675960222743,75.36048329185473,68.03849983215332,60.716516372451906,21.523059672874282,2.780360164879028,17.361109271461775,20.717583333024265,308453.95,0.0,-0.007462686567164201,-0.007462686567164201,0.03427586208127667,CRUDEOIL,2025-07-04 00:00:00-04:00
65.69999694824219,68.31999969482422,65.4000015258789,67.93000030517578,332949,0.0,0.0,68.20599975585938,64.08379989624024,68.49709993362427,67.05804049761588,66.53512802802516,0.5229124695907217,0.8727875973510495,-0.3498751277603278,54.36326876801036,75.35507869171715,68.20599975585938,61.05692082000161,20.963196673159583,2.79033430802662,27.291665894013946,21.82870209707661,309594.75,1.0754349032081454,0.021503763987605673,0.021503763987605673,0.034339663828815516,CRUDEOIL,2025-07-07 00:00:00-04:00
67.95999908447266,68.91000366210938,67.33000183105469,68.33000183105469,219882,0.0,0.0,68.35799980163574,64.18999992370605,68.47899995803833,67.25372685660646,66.66808164306438,0.5856452135420795,0.8153591205892556,-0.2297139070471761,55.43915902446735,75.38077553712868,68.35799980163574,61.33522406614281,20.547048643529475,2.70388198824291,30.069453973828,24.907409713101234,308793.85,0.7120672902002421,0.005888436980449052,0.005888436980449052,0.03429683234345097,CRUDEOIL,2025-07-08 00:00:00-04:00
68.18000030517578,68.94000244140625,67.69999694824219,68.37999725341797,223945,0.0,0.0,68.52799949645996,64.31659988403321,68.4612999534607,67.42699922534669,66.79489020679428,0.6321090185524127,0.7787091001818871,-0.14660008162947435,55.58011521338903,75.37794141063412,68.52799949645996,61.67805758228579,19.991658780373484,2.599319381451564,30.416644370116725,29.259254745986222,306040.05,0.7317506319842779,0.0007316759991737865,0.0007316759991737865,0.034254855832568556,CRUDEOIL,2025-07-09 00:00:00-04:00
68.29000091552734,68.6500015258789,66.44999694824219,66.56999969482422,258654,0.0,0.0,68.44899940490723,64.43959991455078,68.4422999382019,67.29515314372784,66.77823165035205,0.51692149337579,0.7263515788206677,-0.20943008544487773,49.478063360717286,75.35080469926226,68.44899940490723,61.5471941105522,20.166270812894386,2.570796895464789,17.84721821178667,26.11110551857713,300049.1,0.8620389129645782,-0.02646969335032079,-0.02646969335032079,0.03308785467621777,CRUDEOIL,2025-07-10 00:00:00-04:00
66.8499984741211,68.7699966430664,66.5,68.44999694824219,226297,0.0,0.0,68.46949920654296,64.64439987182617,68.42674993515014,67.47282142134544,66.90206611686243,0.5707553044830149,0.6952323239531372,-0.12447701947012224,55.00386817684321,75.36875855808746,68.46949920654296,61.57023985499846,20.152796300532035,2.549311163150619,90.08086536441924,46.114909315440876,292394.25,0.7739447680657194,0.028240908247505025,0.028240908247505025,0.03370945016441294,CRUDEOIL,2025-07-11 00:00:00-04:00
68.68000030517578,69.6500015258789,66.80000305175781,66.9800033569336,263877,0.0,0.0,68.16949920654297,64.79919990539551,68.41319993972779,67.39700325758977,66.90783924575659,0.48916401183318214,0.6540186615291461,-0.16485464969596397,50.36524189003886,74.77363197617566,68.16949920654297,61.56536643691026,19.375623545724487,2.5707888282199387,48.15539072117756,52.027824765794485,269805.5,0.9780267637242384,-0.021475436915214363,-0.021475436915214363,0.029466262504364547,CRUDEOIL,2025-07-14 00:00:00-04:00
66.86000061035156,67.12999725341797,66.22000122070312,66.5199966430664,252724,0.0,0.0,67.90699920654296,64.96379981994629,68.40744993209839,67.26207916304772,66.87911016407584,0.38296899897187586,0.5998087290176921,-0.21683973004581625,48.973400257261666,74.33275986363542,67.90699920654296,61.48123854945051,18.925179236821055,2.452160771398146,39.223224166359266,59.15316008398535,264076.1,0.9570120128250911,-0.006867821600662349,-0.006867821600662349,0.029325230692827477,CRUDEOIL,2025-07-15 00:00:00-04:00
66.7300033569336,67.01000213623047,65.41999816894531,66.37999725341797,248346,0.0,0.0,67.48399925231934,65.14879974365235,68.3984499168396,67.1263742538739,66.84213883736045,0.28423541651345374,0.5366940665168445,-0.25245865000339074,48.53380811277244,73.09004432219335,67.48399925231934,61.87795418244532,16.61444233295448,2.390578142532932,36.50479022134126,41.294468369626024,268780.2,0.923974310607701,-0.0021046211171603657,-0.0021046211171603657,0.02725206593353404,CRUDEOIL,2025-07-16 00:00:00-04:00
66.5999984741211,67.69000244140625,66.29000091552734,67.54000091552734,188802,0.0,0.0,67.10399932861328,65.31779975891114,68.3952999305725,67.19000912489751,66.89383232463207,0.29617680026544235,0.4885906132665641,-0.19241381300112176,52.350327606493984,71.47754493533695,67.10399932861328,62.73045372188962,13.035126521464358,2.3198226699147875,59.02912650124959,44.91904696298337,278220.3,0.6786061261525489,0.01747519900732808,0.01747519900732808,0.027665574726557986,CRUDEOIL,2025-07-17 00:00:00-04:00
67.5999984741211,68.95999908447266,67.19999694824219,67.33999633789062,107628,0.0,0.0,66.72449913024903,65.50319969177247,68.38284990310669,67.2130840807426,66.92688151079938,0.286202569943228,0.4481130046018969,-0.1619104346586689,51.63929258340888,69.23720687937222,66.72449913024903,64.21179138112583,7.531589691571257,2.2798354889373362,53.614384922610725,49.716100548400526,249682.85,0.4310588412460047,-0.0029612759094698182,-0.0029612759094698182,0.02766491979252998,CRUDEOIL,2025-07-18 00:00:00-04:00
67.31999969482422,67.76000213623047,66.45999908447266,67.19999694824219,81194,0.0,0.0,66.65899887084962,65.64899963378906,68.3683498954773,67.21107067574255,66.94711228394328,0.26395839179926384,0.4112820820413703,-0.14732369024210645,51.11593468158727,69.04733606117422,66.65899887084962,64.27066168052501,7.165835763456208,2.2098474577102274,44.57000921741712,52.40450688042581,217299.15,0.3736507943082152,-0.002078993128332929,-0.002078993128332929,0.020108951597101552,CRUDEOIL,2025-07-21 00:00:00-04:00
67.12000274658203,67.12999725341797,65.98999786376953,66.20999908447266,269991,0.0,0.0,66.75099868774414,65.75279960632324,68.3308498954773,67.05705966170103,66.89251130620472,0.16454835549630786,0.36193533673235784,-0.19738698123604997,47.45342435633082,68.91033149667011,66.75099868774414,64.59166587881818,6.469814239116194,2.1384297167646866,19.058766084558822,39.08105340819555,203724.95,1.325272137752396,-0.014732111737029263,-0.014732111737029263,0.014893163429720552,CRUDEOIL,2025-07-22 00:00:00-04:00
65.48999786376953,65.77999877929688,64.70999908447266,65.25,251825,0.0,0.0,66.76749877929687,65.81879959106445,68.2851999092102,66.7790504829778,66.77084380204141,0.008206680936382327,0.29118960557316276,-0.28298292463678043,44.14992825825038,68.87503667925805,66.76749877929687,64.6599608793357,6.313065304206584,2.0928275941386376,10.931187219689388,24.853320840555103,202391.0,1.2442499913533704,-0.01449930671722044,-0.01449930671722044,0.015208764500706285,CRUDEOIL,2025-07-23 00:00:00-04:00
65.41999816894531,66.38999938964844,65.33000183105469,66.02999877929688,281209,0.0,0.0,66.80699882507324,65.86599960327149,68.22964990615844,66.66381175933458,66.71596639294923,-0.05215463361464856,0.22252075773560048,-0.27467539135024904,47.35662403902727,68.82630673272874,66.80699882507324,64.78769091741773,6.04519868627189,2.024768436675052,26.72062838998233,18.903527231410177,204762.9,1.3733396040005295,0.011954004280411823,0.011954004280411823,0.01539968994649102,CRUDEOIL,2025-07-24 00:00:00-04:00
66.1500015258789,66.73999786376953,65.0,65.16000366210938,234283,0.0,0.0,66.78899917602538,65.9061996459961,68.18759992599487,66.43245666745378,66.60070989436849,-0.16825322691471456,0.14436596080553749,-0.31261918772025205,44.30129477403589,68.85963969686038,66.78899917602538,64.71835865519039,6.200543641559094,2.0044276814675146,9.109399903628749,15.587071837766816,204662.85,1.1447265588258935,-0.013175755463746608,-0.013175755463746608,0.01567890753649684,CRUDEOIL,2025-07-25 00:00:00-04:00
65.1500015258789,67.13999938964844,65.05000305175781,66.70999908447266,262038,0.0,0.0,66.86899909973144,66.00799964904785,68.15494993209839,66.4751555008413,66.60880538993176,-0.1336498890904636,0.08876279082633727,-0.22241267991680086,50.43660611432791,68.79237976448246,66.86899909973144,64.94561843498042,5.7526826800036455,2.0105397283548796,40.4858099509495,25.438612748186856,208100.3,1.2591908805513496,0.023787528165297056,0.023787528165297056,0.01648261097876914,CRUDEOIL,2025-07-28 00:00:00-04:00
67.04000091552734,69.76000213623047,66.52999877929688,69.20999908447266,329112,0.0,0.0,67.05699920654297,66.14239959716797,68.12174993515015,66.89590066755382,66.8014864043422,0.09441426321161828,0.08989308530339347,0.004521177908224802,58.396628819842846,69.118881789383,67.05699920654297,64.99511662370294,6.149641669735925,2.0976442732533593,89.10885704185135,46.23468896547653,214897.8,1.5314814763110651,0.03747564134777348,0.03747564134777348,0.0183537660404447,CRUDEOIL,2025-07-29 00:00:00-04:00
69.33999633789062,70.51000213623047,68.44999694824219,70.0,345336,0.0,0.0,67.18449935913085,66.28859962463379,68.09394994735717,67.37345441100707,67.03841333735389,0.335041073653187,0.1389226829733522,0.19611839067983483,60.552604571806995,69.61095684255005,67.18449935913085,64.75804187571165,7.223265802573629,2.0949557671629964,91.20686434680579,73.60051044653555,218904.6,1.5775639251071014,0.011414548850999573,0.011414548850999573,0.017307918391479507,CRUDEOIL,2025-07-30 00:00:00-04:00
70.30000305175781,70.41000366210938,68.55999755859375,69.26000213623047,247031,0.0,0.0,67.29749946594238,66.42259963989258,68.07109994888306,67.66369252257991,67.202975470604,0.4607170519759052,0.20328155677386278,0.2574354952020424,57.544409199007355,69.88426466114838,67.29749946594238,64.71073427073638,7.687552184654639,2.0774593626167555,78.44828720182895,86.25466953016202,231256.15,1.0682137534504488,-0.010571398053850434,-0.010571398053850434,0.017432259254457388,CRUDEOIL,2025-07-31 00:00:00-04:00
69.3499984741211,69.58000183105469,67.05000305175781,67.33000183105469,355819,0.0,0.0,67.33899955749511,66.53779968261719,68.05484994888306,67.61235549311449,67.21238483063739,0.3999706624771022,0.2426193779145107,0.15735128456259154,50.49812638203331,69.89975634911855,67.33899955749511,64.77824276587168,7.605568269356357,2.1097836066653355,45.172437379804215,71.60919630947964,249047.1,1.4287217156915297,-0.02786601567495739,-0.02786601567495739,0.018563402115970806,CRUDEOIL,2025-08-01 00:00:00-04:00
66.8499984741211,67.73999786376953,65.45999908447266,66.29000091552734,277375,0.0,0.0,67.25699958801269,66.63959968566894,68.03434995651246,67.40891632733185,67.1440600961848,0.2648562311470499,0.24706674856101854,0.017789482586031385,47.14785562069135,69.84172445137497,67.25699958801269,64.6722747246504,7.686114097254382,2.1219418332818742,27.241396546780003,50.28737370947105,246268.4,1.1263117801553102,-0.01544632240077648,-0.01544632240077648,0.01822838697824891,CRUDEOIL,2025-08-04 00:00:00-04:00
66.20999908447266,66.38999938964844,65.02999877929688,65.16000366210938,279030,0.0,0.0,67.09849967956544,66.71219978332519,68.00679998397827,67.06292976345146,66.99709295291996,0.0658368105315077,0.21082076095511637,-0.14498395042360868,43.751407241760646,69.78727734893647,67.09849967956544,64.4097220101944,8.014419643394472,2.067517460215423,7.758695532071064,26.724176486218422,249225.8,1.1195871374472466,-0.017046269992633034,-0.017046269992633034,0.018487552603173786,CRUDEOIL,2025-08-05 00:00:00-04:00
65.1500015258789,66.75,63.63999938964844,64.3499984741211,353827,0.0,0.0,66.89699974060059,66.78139976501465,67.98244997024536,66.64555571893911,66.80101188041634,-0.1554561614772325,0.1375653764686466,-0.29302153794587915,41.44653731054102,69.76919768339712,66.89699974060059,64.02480179780406,8.586926032359447,2.1419805423680045,10.334771479180201,15.111621186010417,255719.9,1.38365062711193,-0.012431018147092243,-0.012431018147092243,0.01861116660957279,CRUDEOIL,2025-08-06 00:00:00-04:00
64.36000061035156,65.11000061035156,63.70000076293945,63.880001068115234,300518,0.0,0.0,66.76249980926514,66.82219978332519,67.94904998779298,66.2200857726585,66.58464070913477,-0.36455493647626724,0.03714131387966384,-0.4016962503559311,40.12564101239733,69.92101694369003,66.76249980926514,63.60398267484023,9.461949877396801,2.089696207014012,3.4934728168224196,7.19564660935789,257813.1,1.165642862988731,-0.007303767166286335,-0.007303767166286335,0.01780809883110062,CRUDEOIL,2025-08-07 00:00:00-04:00
63.849998474121094,64.58000183105469,62.77000045776367,63.880001068115234,322939,0.0,0.0,66.53400001525878,66.88099983215332,67.90800001144409,65.86007274119031,66.38429703202222,-0.5242242908319099,-0.07513180706265092,-0.449092483769259,40.12564101239734,69.82939260867566,66.53400001525878,63.23860742184191,9.9058905000785,2.069718004605227,14.341090047042995,9.389778114348534,262645.2,1.2295636851539644,0.0,0.0,0.016351561958257592,CRUDEOIL,2025-08-08 00:00:00-04:00
63.47999954223633,64.44000244140625,63.02000045776367,63.959999084472656,234807,0.0,0.0,66.38299980163575,66.94439979553222,67.87395002365112,65.5677537170799,66.2047194062778,-0.6369656891979076,-0.18749858348970228,-0.44946710570820536,40.49996770385128,69.85484663709241,66.38299980163575,62.91115296617909,10.460048041911808,2.023309717393609,15.374655925716919,11.069739596527441,261191.7,0.8989833903604134,0.0012523170792080318,0.0012523170792080318,0.015804192546924264,CRUDEOIL,2025-08-11 00:00:00-04:00
64.0,64.33999633789062,63.060001373291016,63.16999816894531,304441,0.0,0.0,66.21549987792969,66.95739974975587,67.83885000228882,65.19886824813611,65.97992524054948,-0.7810569924133688,-0.3062102652744356,-0.47484672713893317,37.97508213388623,69.95748034588058,66.21549987792969,62.473519409978785,11.302430623794596,1.9702158064797521,5.167927964337024,11.62789131236564,263777.55,1.1541581154271847,-0.012351484159403792,-0.012351484159403792,0.015936698204993032,CRUDEOIL,2025-08-12 00:00:00-04:00
63.06999969482422,63.380001068115234,61.939998626708984,62.650001525878906,298939,0.0,0.0,66.02900009155273,66.9421997833252,67.79320001602173,64.80673490625038,65.73326422464795,-0.92652931839757,-0.4302740758990625,-0.4962552424985075,36.367907866356084,70.0787448938382,66.02900009155273,61.979255289267265,12.266564075391974,1.9323434232602161,8.284744555601304,9.609109481885078,266307.2,1.1225344264067962,-0.008231702677522601,-0.008231702677522601,0.01598830537886698,CRUDEOIL,2025-08-13 00:00:00-04:00
62.790000915527344,64.0999984741211,62.58000183105469,63.959999084472656,251652,0.0,0.0,65.85,66.96439979553223,67.776100025177,64.67646785674611,65.60191125130163,-0.9254433945555149,-0.529307939630353,-0.3961354549251619,42.921662709047254,69.93311121180696,65.85,61.76688878819302,12.401248934873104,1.9028900818178012,23.570590788199816,12.341087769379376,269449.7,0.9339479687674546,0.0209097769622979,0.0209097769622979,0.01623372754176164,CRUDEOIL,2025-08-14 00:00:00-04:00
63.90999984741211,64.1500015258789,62.68000030517578,62.79999923706055,197390,0.0,0.0,65.6230001449585,66.95299980163574,67.75405002593995,64.3877803767945,65.39436221320969,-1.0065818364151937,-0.6247627189873213,-0.38181911742787245,39.083047828850745,69.85173098820555,65.6230001449585,61.39426930171145,12.88795341238882,1.8719694488810386,10.03500884680013,13.963448063533745,273937.8,0.7205650333761898,-0.018136333083433653,-0.018136333083433653,0.016602198033230434,CRUDEOIL,2025-08-15 00:00:00-04:00
63.0,63.790000915527344,62.18000030517578,63.41999816894531,95113,0.0,0.0,65.43400020599366,66.92979972839356,67.72810001373291,64.23889080635615,65.24811302474566,-1.0092222183895103,-0.7016546188677592,-0.30756759952175117,42.06536593900356,69.70161551136786,65.43400020599366,61.166384900619455,13.04402999033917,1.853257388986076,17.26953251059947,16.958377381866466,274633.75,0.34632669873968513,0.009872594576703086,0.009872594576703086,0.01686353549825696,CRUDEOIL,2025-08-18 00:00:00-04:00
63.27000045776367,63.38999938964844,62.25,62.349998474121094,99484,0.0,0.0,65.24100017547607,66.87099967956543,67.69354999542236,63.94829198601229,65.03343787284754,-1.0851458868352495,-0.7783528724612572,-0.3067930143739923,38.55706260692169,69.69580913121182,65.24100017547607,60.78619121974034,13.656470451874803,1.8044531589831643,4.840609252279246,10.715050203226276,266108.4,0.37384765005539095,-0.016871644997116464,-0.016871644997116464,0.016950069051458714,CRUDEOIL,2025-08-19 00:00:00-04:00
62.599998474121094,63.54999923706055,62.38999938964844,63.209999084472656,280663,0.0,0.0,65.13900012969971,66.83559959411622,67.66215000152587,63.8347084626985,64.89836833296792,-1.0636598702694187,-0.8354142720228895,-0.22824559824652912,42.69394136931001,69.68088120274784,65.13900012969971,60.59711905665158,13.945197390210751,1.761277987837185,16.623035668902393,12.911059143927028,267550.3,1.0490102234981609,0.013793113574950722,0.013793113574950722,0.017107715163703612,CRUDEOIL,2025-08-20 00:00:00-04:00
62.849998474121094,63.66999816894531,62.52000045776367,63.52000045776367,250166,0.0,0.0,65.01350021362305,66.7429995727539,67.62239999771118,63.78629184655468,64.79626700887871,-1.0099751623240323,-0.8703264500831182,-0.13964871224091413,44.15358116145053,69.58855639194488,65.01350021362305,60.43844403530122,14.074172789617515,1.7176151109332174,27.241414463623897,16.235019794935173,265998.15,0.9404802251444229,0.004904309093197945,0.004904309093197945,0.016888253555354206,CRUDEOIL,2025-08-21 00:00:00-04:00
63.5,63.93000030517578,63.310001373291016,63.65999984741211,223169,0.0,0.0,64.93850002288818,66.6553995513916,67.58075000762939,63.76686230822506,64.7120990709923,-0.9452367627672373,-0.885308512619942,-0.0599282501472953,44.836927404473336,69.55052115429496,64.93850002288818,60.3264788914814,14.204273673648846,1.6392139552868994,35.75885092785941,26.5411003534619,265442.45,0.8407434455189816,0.002204020602007528,0.002204020602007528,0.016692072184043952,CRUDEOIL,2025-08-22 00:00:00-04:00
63.880001068115234,65.0999984741211,63.529998779296875,64.80000305175781,185270,0.0,0.0,64.84300022125244,66.49179954528809,67.54630001068115,63.92580703799933,64.71861047697492,-0.7928034389755894,-0.8668074978910716,0.07400405891548223,50.18247546361035,69.38287385002849,64.84300022125244,60.30312659247639,14.00266370552082,1.634270079539565,59.459534480174284,40.81993329055253,261604.05,0.7082076902096891,0.017907684685488423,0.017907684685488423,0.01627858298091719,CRUDEOIL,2025-08-25 00:00:00-04:00
64.75,64.76000213623047,63.130001068115234,63.25,199101,0.0,0.0,64.54500026702881,66.32139961242676,67.50075000762939,63.82183672446097,64.60982451571752,-0.7879877912565476,-0.8510435565641669,0.06305576530761925,43.94681625108223,68.6618717492463,64.54500026702881,60.42812878481133,12.756592966722744,1.636822358404066,41.32493859785294,45.514441335295544,255103.5,0.7804714557032734,-0.023919799054944124,-0.023919799054944124,0.014237244380168757,CRUDEOIL,2025-08-26 00:00:00-04:00
63.310001373291016,64.2300033569336,62.95000076293945,64.1500015258789,193476,0.0,0.0,64.25250034332275,66.10759971618653,67.46960002899169,63.872323616986804,64.57576355350724,-0.7034399365204393,-0.8215228325554214,0.11808289603498201,47.98817807184313,67.52147669126136,64.25250034332275,60.98352399538414,10.175405876725003,1.6113352323747858,69.93680398370303,56.90709235391008,247510.5,0.7816880495978958,0.014229273136425302,0.014229273136425302,0.01441456481885225,CRUDEOIL,2025-08-27 00:00:00-04:00
63.869998931884766,64.69999694824219,63.349998474121094,64.5999984741211,208931,0.0,0.0,64.01950016021729,65.89679969787598,67.45240001678467,63.984273595007465,64.57755873281197,-0.5932851378045001,-0.7758752936052371,0.182590155800737,49.93192340393042,66.3600526956371,64.01950016021729,61.67894762479749,7.311998780253705,1.5926683210709507,84.17721442583371,65.14631900246322,245605.5,0.850677203889978,0.007014761302237105,0.007014761302237105,0.014544786681776573,CRUDEOIL,2025-08-28 00:00:00-04:00
64.26000213623047,64.55000305175781,63.880001068115234,64.01000213623047,0,0.0,0.0,63.85350017547607,65.67839973449708,67.43185001373291,63.98823183211869,64.53551750343556,-0.5472856713168639,-0.7301573691475625,0.18287169783069857,47.42922916620403,65.6356606540223,63.85350017547607,62.07133969692985,5.582029093624202,1.5303346842805872,65.50644333786026,73.20682058246565,227814.55,0.0,-0.009133070461711856,-0.009133070461711856,0.013446376656971093,CRUDEOIL,2025-08-29 00:00:00-04:00
63.95000076293945,66.02999877929688,63.65999984741211,65.58999633789062,320218,0.0,0.0,63.81849994659424,65.61999961853027,67.41764999389649,64.23465714069899,64.61362704672852,-0.37896990602953906,-0.6599198765239579,0.28094997049441883,54.06864161136905,65.42690677335386,63.81849994659424,62.21009311983461,5.040566068163943,1.5903107019665998,89.24199449900156,79.64188408756517,229956.7,1.3925143298716671,0.024683551772073153,0.024683551772073153,0.014365954248847653,CRUDEOIL,2025-09-02 00:00:00-04:00
65.62000274658203,65.72000122070312,63.720001220703125,63.970001220703125,298737,0.0,0.0,63.758999824523926,65.6119995880127,67.39400001525878,64.19394084531501,64.56595105961553,-0.3720102143005164,-0.6023379440792697,0.23032772977875327,47.45139682882541,65.24811887474273,63.758999824523926,62.26988077430512,4.671086605238864,1.6195742232547,46.493548700327175,67.080662179063,230942.05,1.293558275766583,-0.024698813960013055,-0.024698813960013055,0.014922850607885178,CRUDEOIL,2025-09-03 00:00:00-04:00
63.81999969482422,63.84000015258789,62.720001220703125,63.47999954223633,251689,0.0,0.0,63.71549987792969,65.58319961547852,67.37630002975465,64.08410372176445,64.48551020647633,-0.40140648471188456,-0.5621516522057927,0.1607451674939081,45.63223220992645,65.1837024916884,63.71549987792969,62.24729726417098,4.608619932580249,1.5931760644507929,33.7662273322672,56.50059017719864,225835.15,1.11448107170208,-0.007659866642432012,-0.007659866642432012,0.014764685883148302,CRUDEOIL,2025-09-04 00:00:00-04:00
63.33000183105469,63.4900016784668,61.45000076293945,61.869998931884766,294540,0.0,0.0,63.614999771118164,65.51579963684082,67.33985000610352,63.74347221562911,64.29176863058066,-0.548296414951551,-0.5593806047549443,0.011084189803393318,40.18141760935305,65.28562254398682,63.614999771118164,61.9443769982495,5.252292003079239,1.6250921252419752,9.170269669228956,29.8100152339411,225536.25,1.3059541426267396,-0.025362328638335097,-0.025362328638335097,0.01571906227662912,CRUDEOIL,2025-09-05 00:00:00-04:00
62.0,63.34000015258789,61.849998474121094,62.2599983215332,237288,0.0,0.0,63.533999633789065,65.45059967041016,67.30420000076293,63.51524546269128,64.14126712620677,-0.6260216635154876,-0.572708816507053,-0.05331284700843464,41.989098961208626,65.29975641444472,63.533999633789065,61.76824285313341,5.558462526626695,1.6154428076151768,17.685543873618524,20.20734695837155,221253.7,1.072470200498342,0.00630352992373262,0.00630352992373262,0.015813205113697004,CRUDEOIL,2025-09-08 00:00:00-04:00
62.43000030517578,63.66999816894531,62.369998931884766,62.630001068115234,268529,0.0,0.0,63.46749973297119,65.40099967956543,67.2729999923706,63.37905401737189,64.02932149227406,-0.6502674749021722,-0.5882205481860768,-0.06204692671609535,43.72655943662723,65.26398397619398,63.46749973297119,61.6710154897484,5.661115534033001,1.6007683104578148,25.76420996169476,17.540007834847405,222939.8,1.2044910778604807,0.005942864705379636,0.005942864705379636,0.01588555332079379,CRUDEOIL,2025-09-09 00:00:00-04:00
62.7400016784668,64.08000183105469,62.720001220703125,63.66999816894531,260684,0.0,0.0,63.49249973297119,65.36539970397949,67.24084999084472,63.42381465607549,64.00270494980526,-0.5788902937297706,-0.5863544972948156,0.007464203565044958,48.40424632105396,65.28564092187479,63.49249973297119,61.69935854406759,5.64835593635458,1.5899991999207888,48.47158007661048,30.640444637307912,220751.95,1.180891040826593,0.016605414068235458,0.016605414068235458,0.01610782641714046,CRUDEOIL,2025-09-10 00:00:00-04:00
63.79999923706055,63.79999923706055,62.209999084472656,62.369998931884766,222661,0.0,0.0,63.47849960327149,65.26379974365234,67.19649999618531,63.26168916004615,63.88176376329263,-0.6200746032464792,-0.5930985184851484,-0.026976084761330843,43.5329814688008,65.3018515365837,63.47849960327149,61.655147669959284,5.744785855708023,1.589999267968439,20.08730496518879,31.441031667831336,216938.05,1.026380572702668,-0.02041776777833515,-0.02041776777833515,0.01667664642621897,CRUDEOIL,2025-09-11 00:00:00-04:00
62.27000045776367,63.97999954223633,61.689998626708984,62.689998626708984,313265,0.0,0.0,63.4149995803833,65.17759971618652,67.16524997711181,63.17373677030197,63.793484864286434,-0.6197480939844624,-0.5984284335850112,-0.021319660399451212,45.0002517865043,65.25523371467565,63.4149995803833,61.57476544609095,5.80378190166103,1.6399993856512178,27.074200891373533,31.877695311057593,220018.7,1.4238107942643057,0.0051306669922135395,0.0051306669922135395,0.015989915516978804,CRUDEOIL,2025-09-12 00:00:00-04:00
62.970001220703125,63.66999816894531,62.52000045776367,63.29999923706055,205560,0.0,0.0,63.4399995803833,65.11359970092774,67.13789999008179,63.19316176518791,63.75693037338082,-0.563768608192909,-0.5914964685065908,0.027727860313681796,47.78554799332556,65.25960437273525,63.4399995803833,61.62039478803135,5.7364590302254825,1.604999266046248,40.392997278903636,29.18483437848864,220427.2,0.9325527884036089,0.00973042947382785,0.00973042947382785,0.015616901731234206,CRUDEOIL,2025-09-15 00:00:00-04:00
63.310001373291016,64.76000213623047,62.88999938964844,64.5199966430664,234250,0.0,0.0,63.49499950408936,65.04539962768554,67.1168999671936,63.39729020793845,63.81345380076494,-0.41616359282649285,-0.5564298933705711,0.1402663005440783,52.9207074694365,65.37437715472493,63.49499950408936,61.615621853453796,5.919765856568042,1.6239280860845182,67.03050676359445,44.83256831129052,227384.05,1.03019538969422,0.019273260990682273,0.019273260990682273,0.016048926086985674,CRUDEOIL,2025-09-16 00:00:00-04:00
64.58999633789062,64.66999816894531,63.689998626708984,64.05000305175781,165427,0.0,0.0,63.57999973297119,64.9597996520996,67.0971499824524,63.497707568526046,63.830975967505154,-0.33326839897910787,-0.5117975944922785,0.1785291955131706,50.84608791399948,65.39729456703854,63.57999973297119,61.762704898903834,5.71656131393453,1.5779331900953617,56.76863351321277,54.73071251857027,230681.2,0.7171238921940756,-0.00728446397647331,-0.00728446397647331,0.015625148163061674,CRUDEOIL,2025-09-17 00:00:00-04:00
63.9900016784668,64.55000305175781,63.33000183105469,63.56999969482422,82321,0.0,0.0,63.59799976348877,64.86359970092774,67.07449998855591,63.50882943411038,63.81164439175101,-0.3028149576406278,-0.47000106712194833,0.1671861094813205,48.744370540323466,65.40739314628536,63.59799976348877,61.78860638069218,5.690095253075399,1.552366620853059,46.28820633356627,56.69578220345782,220764.1,0.3728912445456485,-0.007494197253132273,-0.007494197253132273,0.015465196725585632,CRUDEOIL,2025-09-18 00:00:00-04:00
63.59000015258789,63.650001525878906,62.599998474121094,62.68000030517578,87165,0.0,0.0,63.555999755859375,64.78579971313476,67.03819997787475,63.38131726042814,63.727818903856544,-0.34650164342840384,-0.44530118238323946,0.09879953895483562,45.02791671015605,65.40915280779504,63.555999755859375,61.70284670392372,5.831559755347294,1.5164835087748272,26.855896833216864,43.30424555999863,212614.05,0.4099682029480178,-0.014000305079770237,-0.014000305079770237,0.015750368430708775,CRUDEOIL,2025-09-19 00:00:00-04:00
62.7400016784668,63.18000030517578,61.97999954223633,62.63999938964844,223779,0.0,0.0,63.50499973297119,64.66959976196289,67.00869997024536,63.26726835723126,63.64723968058187,-0.3799713233506097,-0.43223521057671355,0.05226388722610387,44.86235828719215,65.39957629646267,63.50499973297119,61.61042316947972,5.966700484868523,1.4938775983580148,27.868817309968687,33.6709734922506,212644.55,1.052361793424755,-0.0006381766964356217,-0.0006381766964356217,0.015737054559080258,CRUDEOIL,2025-09-22 00:00:00-04:00
62.33000183105469,63.88999938964844,61.849998474121094,63.40999984741211,265948,0.0,0.0,63.435499572753905,64.59819969177246,66.98424995422363,63.28922704802831,63.62966635960633,-0.34043931157802376,-0.4138760307769756,0.07343671919895184,48.7673655882086,65.23452640478499,63.435499572753905,61.63647274072283,5.671987591010557,1.5328864067272525,59.21444928356327,37.979721142249595,216678.45,1.2273855568008725,0.012292472306296265,0.012292472306296265,0.015434998031777246,CRUDEOIL,2025-09-23 00:00:00-04:00
63.63999938964844,65.05000305175781,63.25,64.98999786376953,282721,0.0,0.0,63.52249946594238,64.56759971618652,66.97319995880127,63.55088409660388,63.73043165621102,-0.17954755960713698,-0.3670103365430079,0.18746277693587093,55.70040488546476,65.44151811769237,63.52249946594238,61.603480814192395,6.042012414133262,1.551966167086578,98.33319028227682,61.80548562526959,220859.45,1.2800946484291253,0.024917174265249642,0.024917174265249642,0.015476223977193164,CRUDEOIL,2025-09-24 00:00:00-04:00
64.80000305175781,65.33999633789062,64.05999755859375,64.9800033569336,258353,0.0,0.0,63.563999557495116,64.53959983825683,66.95624996185303,63.770748598193066,63.82299252293121,-0.052243924738142766,-0.30405705418203494,0.25181312944389217,55.64910402363333,65.56945594115815,63.563999557495116,61.558543173832085,6.310038379032623,1.5325399251015992,90.13717241919892,82.561603995013,224103.3,1.1528299672517095,-0.00015378530796217316,-0.00015378530796217316,0.01518361333178281,CRUDEOIL,2025-09-25 00:00:00-04:00
65.19999694824219,66.41999816894531,64.66000366210938,65.72000122070312,284990,0.0,0.0,63.619999694824216,64.50319984436035,66.94189998626709,64.07063361704077,63.96351168572913,0.10712193131163872,-0.2218212570833002,0.3289431883949389,58.683313588094144,65.79355004587487,63.619999694824216,61.44644934377356,6.832915314293793,1.5487866809397663,85.20090875291648,91.22375715146406,227906.25,1.2504703139997257,0.011388085957840577,0.011388085957840577,0.01530951380436285,CRUDEOIL,2025-09-26 00:00:00-04:00
65.06999969482422,65.4000015258789,62.97999954223633,63.45000076293945,294292,0.0,0.0,63.59199962615967,64.42539993286132,66.90769998550415,63.975151639486725,63.92547383959656,0.04967779989016208,-0.16752144568860775,0.21719924557876982,47.86536908121384,65.75915090368493,63.59199962615967,61.42484834863441,6.815798497500812,1.6338734664774113,37.20935109009219,70.84914408740252,242620.85,1.2129707731219308,-0.03454048106512475,-0.03454048106512475,0.017137142095094104,CRUDEOIL,2025-09-29 00:00:00-04:00
63.13999938964844,63.2599983215332,62.029998779296875,62.369998931884766,271649,0.0,0.0,63.430999755859375,64.32879997253418,66.86944999694825,63.72820506908643,63.81025347606236,-0.08204840697592886,-0.15042683794607198,0.06837843097014312,43.73453401815966,65.45414576988716,63.430999755859375,61.40785374183159,6.379045015259756,1.618596931989209,14.376329196308534,45.59552967977239,240192.4,1.1309641770513972,-0.017021305249305896,-0.017021305249305896,0.016461250478816573,CRUDEOIL,2025-09-30 00:00:00-04:00
62.459999084472656,62.88999938964844,61.400001525878906,61.779998779296875,274339,0.0,0.0,63.32149963378906,64.24019996643067,66.82189998626708,63.42848102450342,63.65986423926492,-0.23138321476150026,-0.16661811330915766,-0.0647651014523426,41.62131479132929,65.45039958828296,63.32149963378906,61.19259967929516,6.7240983451311,1.609411284259232,7.569671464677551,19.71845058369275,238972.5,1.1479940160478717,-0.009459678734839105,-0.009459678734839105,0.01570952928302277,CRUDEOIL,2025-10-01 00:00:00-04:00
61.779998779296875,62.540000915527344,60.400001525878906,60.47999954223633,290507,0.0,0.0,63.17149963378906,64.1447999572754,66.7707499885559,62.974868488770014,63.424318706151695,-0.4494502173816812,-0.22318453412366238,-0.22626568325801885,37.34006315503813,65.63158400756718,63.17149963378906,60.71141526001093,7.788589436817109,1.6473104346441754,1.3288714446304621,7.758290701872173,240913.4,1.2058565443018114,-0.021042396612934056,-0.021042396612934056,0.01625573088027403,CRUDEOIL,2025-10-02 00:00:00-04:00
60.70000076293945,61.380001068115234,60.54999923706055,60.880001068115234,240044,0.0,0.0,63.121999740600586,64.04180000305176,66.72474998474121,62.65258119328466,63.23585073296381,-0.5832695396791507,-0.29520153523476006,-0.2880680044443907,39.40540562789726,65.7207737762355,63.121999740600586,60.523225704965675,8.2341308777116,1.5939312268752275,7.973418769081418,5.623987226129802,238188.6,1.0077896255320364,0.006613781893294535,0.006613781893294535,0.015418115507413399,CRUDEOIL,2025-10-03 00:00:00-04:00
61.13999938964844,62.119998931884766,61.040000915527344,61.689998626708984,224682,0.0,0.0,63.093499755859376,63.97239990234375,66.68029996871948,62.50449156765763,63.121343169537525,-0.616851601879894,-0.35953154856378683,-0.25732005331610713,43.468870689510034,65.74149779976192,63.093499755859376,60.44550171195684,8.39388543716542,1.5686502723676778,21.42853521880026,10.243608477504036,237558.3,0.9457973053351536,0.013304821688282953,0.013304821688282953,0.015662863420887425,CRUDEOIL,2025-10-06 00:00:00-04:00
61.72999954223633,62.11000061035156,60.720001220703125,61.72999954223633,245121,0.0,0.0,63.04849967956543,63.87279991149902,66.63939994812011,62.38533894836205,63.018280678626326,-0.6329417302642781,-0.4142135849038851,-0.21872814536039303,43.66976844689155,65.7563870429629,63.04849967956543,60.340612316167956,8.58985503908865,1.5558894950305893,22.093002624665264,17.164985537515637,236387.9,1.036943938331869,0.0006484181620654006,0.0006484181620654006,0.01559563564645507,CRUDEOIL,2025-10-07 00:00:00-04:00
62.04999923706055,62.91999816894531,62.04999923706055,62.54999923706055,273318,0.0,0.0,62.99249973297119,63.73959991455078,66.60484994888306,62.41067130046951,62.98359316443627,-0.5729218639667621,-0.44595524071646053,-0.1269666232503016,47.767615305839676,65.69297348039935,62.99249973297119,60.292025985543034,8.573953276582507,1.5297544330076176,35.71426760940013,26.411935150955205,237019.6,1.1531451407394155,0.013283649779766593,0.013283649779766593,0.015419368804823955,CRUDEOIL,2025-10-08 00:00:00-04:00
62.310001373291016,62.869998931884766,61.25,61.5099983215332,259171,0.0,0.0,62.949499702453615,63.56979988098144,66.56619995117188,62.272106226787,62.8744379908879,-0.6023317641008958,-0.47723054539334764,-0.1251012187075482,43.450318863997445,65.71486099667234,62.949499702453615,60.18413840823489,8.78596750503147,1.5362004686416995,18.43849525950728,25.415255164524215,238845.1,1.0851007619582733,-0.01662671348061584,-0.01662671348061584,0.015186715440736718,CRUDEOIL,2025-10-09 00:00:00-04:00
61.4900016784668,61.66999816894531,58.220001220703125,58.900001525878906,339103,0.0,0.0,62.75999984741211,63.36259986877442,66.51019996643066,61.753320888185755,62.58003528977613,-0.8267144015903725,-0.5471273166327526,-0.27958708495761986,34.92034388714201,66.04173738141354,62.75999984741211,59.47826231341068,10.458054627088247,1.6729002171845913,8.292689734738879,20.815150867882085,240137.0,1.4121230797419806,-0.0424320739209092,-0.0424320739209092,0.01775207820484006,CRUDEOIL,2025-10-10 00:00:00-04:00
59.0,60.16999816894531,59.0,59.4900016784668,339103,0.0,0.0,62.56949996948242,63.20579986572265,66.45954996109009,61.40511793284438,62.35114391116062,-0.9460259783162428,-0.6269070489694506,-0.3191189293467922,37.88874070274051,66.1338930685844,62.56949996948242,59.00510687038045,11.39338847470562,1.6441213904618637,15.4878162245648,14.073000406270308,246814.15,1.373920417447703,0.010016980259816455,0.010016980259816455,0.017762973658686815,CRUDEOIL,2025-10-13 00:00:00-04:00
59.58000183105469,59.81999969482422,57.68000030517578,58.70000076293945,259200,0.0,0.0,62.278500175476076,63.0539998626709,66.40004997253418,60.988946060551314,62.08068886314424,-1.0917428025929254,-0.7198741996941456,-0.3718686028987799,35.55053355005866,66.09948067943492,62.278500175476076,58.45751967151724,12.270624672054833,1.679541247546619,11.670488639270092,11.816998199524578,248061.65,1.0449015395971122,-0.013279557795226826,-0.013279557795226826,0.017098676886679837,CRUDEOIL,2025-10-14 00:00:00-04:00
58.599998474121094,59.41999816894531,58.20000076293945,58.27000045776367,224919,0.0,0.0,61.98950004577637,62.91619979858398,66.33644998550415,60.57064673704552,61.79841564793086,-1.227768910885338,-0.8214531419323841,-0.40631576895295396,34.30941855052575,66.09459166728894,61.98950004577637,57.88440842426379,13.244474043123933,1.6467166874365646,6.750575478212137,11.302960114015663,251036.25,0.8959622365295848,-0.007325388408636391,-0.007325388408636391,0.017099020593873745,CRUDEOIL,2025-10-15 00:00:00-04:00
58.77000045776367,59.11000061035156,57.2599983215332,57.459999084472656,203866,0.0,0.0,61.68400001525879,62.778399810791015,66.265149974823,60.09208555972661,61.47705145804507,-1.3849658983184554,-0.9341556932095983,-0.45081020510885705,32.04026602271949,66.16530965753857,61.68400001525879,57.202690372979006,14.529893136538616,1.6612370875352642,2.4570108625102103,6.959358326664135,257113.5,0.7929027452856423,-0.013900830048527935,-0.013900830048527935,0.017216148419976984,CRUDEOIL,2025-10-16 00:00:00-04:00
57.5,57.720001220703125,56.599998474121094,57.540000915527344,108748,0.0,0.0,61.42700004577637,62.65159980773926,66.18719999313355,59.699457152926726,61.18541808452524,-1.4859609315985125,-1.0445167408873812,-0.4414441907111313,32.515006646337326,66.22846675553765,61.42700004577637,56.62553333601509,15.633082215257636,1.6225774917528903,14.114151095236268,7.773912478652861,258192.65,0.42118937157971,0.0013923047742669947,0.0013923047742669947,0.017131659971740352,CRUDEOIL,2025-10-17 00:00:00-04:00
57.72999954223633,57.810001373291016,56.349998474121094,57.52000045776367,108146,0.0,0.0,61.17100009918213,62.524399795532226,66.105,59.36415612290164,60.91390566772809,-1.5497495448264473,-1.1455633016751945,-0.40418624315125284,32.453969076274106,66.22575967297198,61.17100009918213,56.116240525392286,16.52665336709912,1.6109650208541069,17.808250197702357,11.459804051816269,252411.0,0.4284520088268736,-0.00034759223923253035,-0.00034759223923253035,0.01713489847150513,CRUDEOIL,2025-10-20 00:00:00-04:00
57.369998931884766,58.279998779296875,56.9900016784668,57.81999969482422,314207,0.0,0.0,60.891500091552736,62.40159980773926,66.02630001068115,59.12659359550511,60.68472744751299,-1.5581338520078774,-1.2280774117417312,-0.3300564402661461,34.4419149069863,66.03750146147553,60.891500091552736,55.74549872162995,16.902199361768314,1.5880387408523904,22.374448842991235,18.098950045309945,254823.95,1.2330355918272202,0.005215563885136554,0.005215563885136554,0.016848957558047273,CRUDEOIL,2025-10-21 00:00:00-04:00
57.59000015258789,59.83000183105469,57.34000015258789,58.5,378637,0.0,0.0,60.567000198364255,62.30819984436035,65.94755001068116,59.030194580812015,60.52289578473425,-1.4927012039222376,-1.2810021701778327,-0.2116990337444049,38.8360544585159,65.45007782587908,60.567000198364255,55.68392257084943,16.12454838946011,1.6524646649677053,32.724530072241194,24.302409704311586,259619.75,1.4584291064142847,0.011760641798077565,0.011760641798077565,0.015869699892246326,CRUDEOIL,2025-10-22 00:00:00-04:00
59.939998626708984,62.20000076293945,59.63999938964844,61.790000915527344,735186,0.0,0.0,60.40750007629394,62.29099983215332,65.88990001678467,59.45478017076822,60.616755424052265,-1.161975253284048,-1.2571967867990756,0.09522153351502771,54.66772368643164,64.89603132113358,60.40750007629394,55.91896883145431,14.860840919325163,1.7987172433942589,82.8006498339997,45.9665429164107,283461.4,2.5936018096291065,0.05623933188935637,0.05623933188935637,0.020984945120586653,CRUDEOIL,2025-10-23 00:00:00-04:00
61.790000915527344,62.59000015258789,61.209999084472656,61.5,373744,0.0,0.0,60.19650001525879,62.24179985046387,65.82780002593994,59.76942937526541,60.682180948196546,-0.9127515729311355,-1.1883077440254877,0.27555617109435215,53.35670686071393,64.01265071559335,60.19650001525879,56.38034931492424,12.678978676059996,1.7688089451600428,78.38663264986187,64.63727085203425,287899.1,1.2981770349403663,-0.004693330817777452,-0.004693330817777452,0.020739288210553482,CRUDEOIL,2025-10-24 00:00:00-04:00
61.81999969482422,62.16999816894531,60.66999816894531,61.310001373291016,272191,0.0,0.0,60.08950004577637,62.21199989318848,65.75150003433228,60.00644045188473,60.728686164870204,-0.722245712985476,-1.0950953378174855,0.37284962483200945,52.46890700808342,63.64592153733542,60.08950004577637,56.53307855421732,11.837081316535357,1.7496083062200398,75.4947203890643,78.89400095764195,286794.05,0.949081753962469,-0.0030894085643736746,-0.0030894085643736746,0.01937835321205576,CRUDEOIL,2025-10-27 00:00:00-04:00
61.5,61.5,59.7599983215332,60.150001525878906,307568,0.0,0.0,59.97850017547607,62.14659996032715,65.65815004348755,60.02852677096076,60.685820636056036,-0.6572938650952764,-1.0075350432730437,0.35024117817776723,47.29484089693068,63.37841884990152,59.97850017547607,56.57858150105062,11.337124684606916,1.7489221185233796,58.282251303111025,70.72120144734572,288590.0,1.0657611143837278,-0.018920238483593477,-0.018920238483593477,0.019462681343549896,CRUDEOIL,2025-10-28 00:00:00-04:00
60.18000030517578,61.02000045776367,59.70000076293945,60.47999954223633,276875,0.0,0.0,59.913500213623045,62.10919998168945,65.57305004119873,60.097984120387764,60.670574629106426,-0.5725905087186618,-0.9205461363621673,0.3479556276435055,48.84043302315455,63.22163683286987,59.913500213623045,56.60536359437622,11.043042410981105,1.7182848025448683,66.18589675011111,66.65428948076213,288716.8,0.9589847213601703,0.005486251171838097,0.005486251171838097,0.01943322413325546,CRUDEOIL,2025-10-29 00:00:00-04:00
60.38999938964844,60.790000915527344,59.63999938964844,60.56999969482422,247917,0.0,0.0,59.91800022125244,62.056399993896484,65.47570003509522,60.1706019010703,60.66312463397441,-0.4925227329041135,-0.8349414556705567,0.34241872276644314,49.27731148319587,63.229450191767896,59.91800022125244,56.60655025073699,11.053272666936936,1.677693139925871,67.62820649977778,64.0321181843333,286587.3,0.8650662468295002,0.001488097772306407,0.001488097772306407,0.018847412364023403,CRUDEOIL,2025-10-30 00:00:00-04:00
60.29999923706055,61.380001068115234,59.9900016784668,60.97999954223633,278598,0.0,0.0,59.92300014495849,62.00559997558594,65.38720003128051,60.295124615095844,60.68659684940122,-0.39147223430537537,-0.7462476113975205,0.3547753770921451,51.31687553539185,63.24054144778497,59.92300014495849,56.605458842132016,11.072680923188363,1.6571435863346256,74.19871510760316,69.33760611916401,288515.0,0.9656274370483338,0.0067690250863108314,0.0067690250863108314,0.018850206522203504,CRUDEOIL,2025-10-31 00:00:00-04:00
61.400001525878906,61.5,60.5099983215332,61.04999923706055,0,0.0,0.0,59.89100017547607,61.95339996337891,65.30305004119873,60.41125917232118,60.71351554478339,-0.30225637246221027,-0.6574493636104585,0.3551929911482482,51.674157956610706,63.15160640248205,59.89100017547607,56.63039394847009,10.888468108572745,1.609490592915495,75.32050478701585,72.38247546479892,277280.9,0.0,0.0011479123540454328,0.0011479123540454328,0.01860143114623578,CRUDEOIL,2025-11-03 00:00:00-05:00
61.029998779296875,61.029998779296875,59.939998626708984,60.560001373291016,219300,0.0,0.0,59.832500267028806,61.86859992980957,65.22640005111694,60.434142587855,60.70214412467285,-0.2680015368178488,-0.5795597982519366,0.3115582614340878,48.96519292567741,62.999674527593484,59.832500267028806,56.66532600646413,10.58680231121806,1.5738127370180712,67.46797703112706,72.32906564191535,275989.85,0.7945944388896912,-0.008026173135020742,-0.008026173135020742,0.018677697245245335,CRUDEOIL,2025-11-04 00:00:00-05:00
60.43000030517578,61.09000015258789,59.52000045776367,59.599998474121094,292518,0.0,0.0,59.68500022888183,61.79559989929199,65.14720003128052,60.30581272420363,60.62050370611346,-0.3146909819098269,-0.5265860349835146,0.21189505307368772,44.08857132809803,62.596669687815364,59.68500022888183,56.7733307699483,9.756787962696736,1.5735403768613676,52.08331932369837,64.95726704728041,276949.85,1.0562128847515173,-0.01585209506935903,-0.01585209506935903,0.01865829090176667,CRUDEOIL,2025-11-05 00:00:00-05:00
59.68000030517578,60.5099983215332,58.83000183105469,59.43000030517578,277768,0.0,0.0,59.581000328063965,61.70119987487793,65.07125001907349,60.171072352045506,60.532318269006964,-0.36124591696145814,-0.4935180113791034,0.13227209441764526,43.26681529776298,62.370522958405495,59.581000328063965,56.791477697722435,9.3637992480217,1.5811443849768783,49.3589904259683,56.30342892693124,277879.7,0.9995980274917526,-0.0028523183439195243,-0.0028523183439195243,0.018351336520065625,CRUDEOIL,2025-11-06 00:00:00-05:00
59.650001525878906,60.459999084472656,59.31999969482422,59.75,259446,0.0,0.0,59.62350025177002,61.60419990539551,64.99670000076294,60.106291990192354,60.47436876759904,-0.3680767774066851,-0.46842976458461977,0.10035298717793467,45.332371939590224,62.396075198500014,59.62350025177002,56.85092530504002,9.300275679966266,1.549634028167704,49.2856977423798,50.24266916401549,273896.85,0.9472398094392105,0.005384480787161472,0.005384480787161472,0.015664326866501287,CRUDEOIL,2025-11-07 00:00:00-05:00
59.869998931884766,60.47999954223633,59.40999984741211,60.130001068115234,222879,0.0,0.0,59.65550022125244,61.5265998840332,64.93150001525879,60.109939540642024,60.44886004911876,-0.3389205084767326,-0.44252791336304237,0.10360740488630976,47.764495718082955,62.435935454201456,59.65550022125244,56.87506498830342,9.321639153596365,1.5153744329288834,53.142874581473215,50.59585424994043,268085.65,0.8313723617806472,0.006359850512388965,0.006359850512388965,0.015572523867414083,CRUDEOIL,2025-11-10 00:00:00-05:00
60.06999969482422,61.279998779296875,59.65999984741211,61.040000915527344,264427,0.0,0.0,59.77250022888184,61.43559997558594,64.86785003662109,60.25302590600899,60.49264826144532,-0.2396223554363246,-0.40194680177769887,0.16232444634137427,53.14088504208272,62.57907049684333,59.77250022888184,56.96592996092035,9.390841129999666,1.522847611425732,58.776597633466274,53.73505665243976,268347.0,0.9853920483553011,0.015133873794235697,0.015133873794235697,0.015531078992510007,CRUDEOIL,2025-11-11 00:00:00-05:00
61.04999923706055,61.060001373291016,58.29999923706055,58.4900016784668,329517,0.0,0.0,59.783500289916994,61.32599998474121,64.79720003128051,59.981791409464044,60.34430407011357,-0.3625126606495286,-0.39405997355206485,0.03154731290253626,40.54683770388063,62.568067052908255,59.783500289916994,56.99893352692573,9.315502603519862,1.6112157917689276,4.428960392958195,38.78281086929922,273576.9,1.204476693755942,-0.04177587154019646,-0.04177587154019646,0.01829267285504341,CRUDEOIL,2025-11-12 00:00:00-05:00
58.470001220703125,59.209999084472656,58.119998931884766,58.689998626708984,247349,0.0,0.0,59.84500026702881,61.23019996643066,64.7270000076294,59.78305405827096,60.22176292615768,-0.43870886788671726,-0.4029897524189954,-0.035719115467721885,41.71357204426845,62.471423819307475,59.84500026702881,57.21857671475014,8.777420137219638,1.5739861032559965,14.074069190144327,25.759875738856255,275751.05,0.8970011174934783,0.0034193356557179477,0.0034193356557179477,0.01799018804262312,CRUDEOIL,2025-11-13 00:00:00-05:00
58.709999084472656,60.650001525878906,58.709999084472656,60.09000015258789,334116,0.0,0.0,59.972500228881835,61.19459999084473,64.66480001449585,59.83027653431972,60.21200272070807,-0.38172618638834876,-0.3987370392128661,0.01701085282451731,49.22521501395044,62.37717823260175,59.972500228881835,57.56782222516192,8.019268813348088,1.6015587315355628,58.28404136575148,25.595690316284657,287019.45,1.1640883570782399,0.023854175475168438,0.023854175475168438,0.018689569388710445,CRUDEOIL,2025-11-14 00:00:00-05:00
59.79999923706055,60.439998626708984,59.31999969482422,59.90999984741211,189638,0.0,0.0,60.09200019836426,61.14760002136231,64.59854999542236,59.842541659410855,60.189632137500965,-0.3470904780901094,-0.38840772698831477,0.04131724889820537,48.36223004544549,62.21877841078301,60.09200019836426,57.96522198594551,7.078407127065946,1.5671616029890774,52.95859023279804,41.772233596231274,291094.05,0.6514664246830192,-0.0029955118109286083,-0.0029955118109286083,0.018718929282634158,CRUDEOIL,2025-11-17 00:00:00-05:00
59.7400016784668,60.93000030517578,59.310001373291016,60.7400016784668,105325,0.0,0.0,60.238000297546385,61.109800033569336,64.53875001907349,59.980612431573306,60.230400251646586,-0.24978782007327993,-0.36068374560530786,0.11089592553202793,52.4976638233761,62.10602207873635,60.238000297546385,58.36997851635642,6.202137428078119,1.5709356979101978,77.51484966373116,62.919160420760214,280649.95,0.3752895733635441,0.01385414510380012,0.01385414510380012,0.018890983477663985,CRUDEOIL,2025-11-18 00:00:00-05:00
60.619998931884766,60.790000915527344,58.77000045776367,59.439998626708984,79622,0.0,0.0,60.285000228881835,61.025200042724606,64.48080001831055,59.897441076978794,60.17185198313269,-0.2744109061538964,-0.34342917771502557,0.06901827156112916,46.25002938690039,62.018177002120964,60.285000228881835,58.551823455642705,5.749943656494456,1.6030117521854461,39.0532330677718,56.508890988100326,265699.2,0.29966970167768664,-0.021402749684458433,-0.021402749684458433,0.019493636570846875,CRUDEOIL,2025-11-19 00:00:00-05:00
59.630001068115234,60.33000183105469,58.86000061035156,59.13999938964844,324282,0.0,0.0,60.15250015258789,60.96060005187988,64.42345001220703,59.78091158662028,60.09541845768941,-0.3145068710691348,-0.3376447163858474,0.023137845316712646,44.92144301575836,61.808663374445054,60.15250015258789,58.49633693073073,5.506548248721168,1.593510999936709,30.177518799792786,48.91520051043191,245154.0,1.3227685454856948,-0.005047093606858621,-0.005047093606858621,0.014535853674028008,CRUDEOIL,2025-11-20 00:00:00-05:00
58.79999923706055,58.79999923706055,57.380001068115234,58.060001373291016,345014,0.0,0.0,59.98050022125244,60.86800010681152,64.35875001907348,59.51615616918501,59.94464682180805,-0.4284906526230401,-0.35581390363328597,-0.07267674898975413,40.41990838285596,61.75168620031599,59.98050022125244,58.209314242188896,5.90587265037838,1.6054029514793158,17.43591549364657,28.888889120403714,243717.5,1.4156308020556587,-0.018261718422446616,-0.018261718422446616,0.014973888427340133,CRUDEOIL,2025-11-21 00:00:00-05:00
58.04999923706055,59.060001373291016,57.41999816894531,58.84000015258789,238138,0.0,0.0,59.85700016021728,60.77880012512207,64.2913500213623,59.41213216663161,59.862821142606556,-0.4506889759749484,-0.3747889181016185,-0.07590005787332987,44.72784167195617,61.58405665344467,59.85700016021728,58.129943666989895,5.7706082449993525,1.6078743981126293,37.43589593108501,28.349776741508112,242014.85,0.9839809416653564,0.013434356886799836,0.013434356886799836,0.015404774639834045,CRUDEOIL,2025-11-24 00:00:00-05:00
58.88999938964844,58.959999084472656,57.099998474121094,57.95000076293945,334442,0.0,0.0,59.74700012207031,60.64740020751953,64.21450002670288,59.18718887375589,59.72113074411269,-0.5339418703567986,-0.40661950855265455,-0.12732236180414408,41.078127064289504,61.656053153658796,59.74700012207031,57.837947090481826,6.390456517274708,1.6258834132725533,20.334981501457435,25.06893097539633,243358.55,1.3742767615931308,-0.015125754373562672,-0.015125754373562672,0.01520673522173265,CRUDEOIL,2025-11-25 00:00:00-05:00
58.04999923706055,58.720001220703125,57.65999984741211,58.650001525878906,228285,0.0,0.0,59.65550022125244,60.53940017700195,64.15090002059937,59.104544666390204,59.64178783905834,-0.5372431726681342,-0.4327442413757505,-0.10449893129238363,44.88726266931899,61.59049843934848,59.65550022125244,57.7205020031564,6.487241615339577,1.5854632675595863,37.08141001421841,31.61742914892028,240929.05,0.947519612101571,0.012079391781252946,0.012079391781252946,0.015441522162516597,CRUDEOIL,2025-11-26 00:00:00-05:00
58.58000183105469,59.63999938964844,58.27000045776367,58.54999923706055,153758,0.0,0.0,59.55450019836426,60.43900016784668,64.08720001220703,59.019229984954876,59.56091460928072,-0.5416846243258462,-0.45453231796576965,-0.08715230636007654,44.445213078069145,61.49887123119683,59.55450019836426,57.61012916553169,6.5297199249637075,1.5700729578685277,34.68901093485629,30.70180081684404,236221.1,0.6509071374233716,-0.001705068818697919,-0.001705068818697919,0.015426363742673843,CRUDEOIL,2025-11-28 00:00:00-05:00
58.959999084472656,59.970001220703125,58.83000183105469,59.31999969482422,232770,0.0,0.0,59.47150020599365,60.37180015563965,64.0301000213623,59.0655022480117,59.54306906006172,-0.4775668120500214,-0.45913921678262004,-0.018427595267401342,48.639363437506645,61.30387875305767,59.47150020599365,57.63912165892963,6.162207244536087,1.559353602566674,53.11007317282402,41.62683137396624,233929.7,0.9950425277337592,0.013151160850507493,0.013151160850507493,0.015672219048432606,CRUDEOIL,2025-12-01 00:00:00-05:00
59.52000045776367,59.66999816894531,58.279998779296875,58.63999938964844,255513,0.0,0.0,59.351000213623045,60.29180015563965,63.96405002593994,59.000040269801964,59.47617501040148,-0.47613474059951244,-0.46253832154599855,-0.013596419053513886,45.381001015221294,61.06549052575544,59.351000213623045,57.63650990149065,5.777460551503443,1.5472568730725145,38.88888353718508,42.22932254828846,246705.35,1.0357010903898112,-0.011463255372118786,-0.011463255372118786,0.015823158367873343,CRUDEOIL,2025-12-02 00:00:00-05:00
58.650001525878906,59.63999938964844,58.369998931884766,58.95000076293945,260974,0.0,0.0,59.27050018310547,60.202600173950195,63.89755002975464,58.99234188413081,59.43719914021911,-0.44485725608829796,-0.45900210845445844,0.014144852366160476,47.12016599852753,60.899419874746684,59.27050018310547,57.641580491464254,5.496561313331128,1.5274528434075971,48.302908730174536,46.76728848006121,248789.05,1.0489770349619487,0.005286517334884833,0.005286517334884833,0.015831534006464896,CRUDEOIL,2025-12-03 00:00:00-05:00
59.09000015258789,60.02000045776367,58.810001373291016,59.66999816894531,264993,0.0,0.0,59.27400016784668,60.096200180053714,63.83305002212524,59.096596697179194,59.45444351271734,-0.3578468155381458,-0.438771049871196,0.08092423433305018,51.02101237976336,60.906034562590044,59.27400016784668,57.641965773103315,5.506746263528424,1.5047775749122443,67.10178762803632,51.4311932984653,247412.8,1.0710561458420906,0.012213696296650589,0.012213696296650589,0.015710274717660972,CRUDEOIL,2025-12-04 00:00:00-05:00
59.70000076293945,60.5,59.41999816894531,60.08000183105469,255075,0.0,0.0,59.30650024414062,59.99820014953613,63.781450023651125,59.247889794698494,59.50078116592751,-0.25289137122901906,-0.4015951141427606,0.14870374291374155,53.14085963515859,60.9751439369158,59.30650024414062,57.637856551365445,5.627186517181264,1.4744364503509904,77.80683896208411,64.40384510676499,246278.15,1.0357191655045321,0.0068711861017412,0.0068711861017412,0.015761960097674593,CRUDEOIL,2025-12-05 00:00:00-05:00
60.150001525878906,60.29999923706055,58.68000030517578,58.880001068115234,263009,0.0,0.0,59.263000297546384,59.86140014648438,63.72235004425049,59.1912915290703,59.454797454978454,-0.2635059259081558,-0.37397727649583967,0.11047135058768387,46.76169927860819,60.928486621346174,59.263000297546384,57.597513973746594,5.620661510344575,1.4848337704605457,46.475241331776914,63.79462264063244,246456.3,1.0671628195343354,-0.019973380931542994,-0.019973380931542994,0.016370348945644767,CRUDEOIL,2025-12-08 00:00:00-05:00
58.869998931884766,59.16999816894531,58.119998931884766,58.25,260206,0.0,0.0,59.169000244140626,59.75740013122559,63.66895004272461,59.04647744767487,59.365553199054126,-0.31907575137925903,-0.3629969714725236,0.043921220093264546,43.78968294693916,60.84034596179912,59.169000244140626,57.49765452648213,5.649396510883268,1.4537741609319743,31.16533238500091,51.8158042262873,248322.65,1.0478544748133125,-0.010699746207314398,-0.010699746207314398,0.016432691841621314,CRUDEOIL,2025-12-09 00:00:00-05:00
58.369998931884766,59.04999923706055,57.65999984741211,58.459999084472656,256508,0.0,0.0,59.04000015258789,59.679200134277345,63.618150024414064,58.95625000718222,59.29847511649254,-0.3422251093103199,-0.35884259904008287,0.016617489729762958,45.043518628620255,60.49850631982514,59.04000015258789,57.58149398535065,4.940739036137403,1.4492188201260074,40.0,39.21352457225927,247926.7,1.0346122462808562,0.0036051344973846433,0.0036051344973846433,0.016017001147471333,CRUDEOIL,2025-12-10 00:00:00-05:00
58.90999984741211,58.939998626708984,57.0099983215332,57.599998474121094,286808,0.0,0.0,58.995499992370604,59.59560012817383,63.554400024414065,58.74759592517282,59.172662031872434,-0.4250661066996173,-0.37208730057198974,-0.052978806127627565,41.009185343219414,60.56824933200548,58.995499992370604,57.42275065273573,5.331760354055023,1.4835603547724199,16.905440367784735,29.35692425092854,245791.25,1.166876363580884,-0.014710924115973634,-0.014710924115973634,0.013414461002799027,CRUDEOIL,2025-12-11 00:00:00-05:00
57.88999938964844,58.189998626708984,57.150001525878906,57.439998626708984,212806,0.0,0.0,58.932999992370604,59.53480010986328,63.49280000686645,58.54642711002454,59.044316594452916,-0.4978894844283772,-0.39724773734326724,-0.10064174708510998,40.28624616791943,60.64272692031925,58.932999992370604,57.22327306442196,5.802273524748386,1.4518772652051097,12.32091972416145,23.075453363982053,244064.1,0.8719266782783703,-0.0027777752022684066,-0.0027777752022684066,0.0133863116167573,CRUDEOIL,2025-12-12 00:00:00-05:00
57.5,57.79999923706055,56.400001525878906,56.81999969482422,229310,0.0,0.0,58.769499969482425,59.45360008239746,63.43504999160766,58.28082289230141,58.879552379665604,-0.5987294873641957,-0.437544087347453,-0.16118540001674275,37.52563806136394,60.62461757102486,58.769499969482425,56.91438236793999,6.313198521361418,1.4481715827748618,10.243861591566725,13.156740561170961,238823.8,0.9601639367600717,-0.010793853529036723,-0.010793853529036723,0.012190345282318908,CRUDEOIL,2025-12-15 00:00:00-05:00
56.68000030517578,56.70000076293945,54.97999954223633,55.27000045776367,230933,0.0,0.0,58.5375,59.325200119018554,63.37009998321533,57.817619440834065,58.61217816322842,-0.7945587223943562,-0.5089470143568336,-0.28561170803752256,31.680835902798947,60.8645833127298,58.5375,56.210416687270204,7.950743754788974,1.4761593377615068,5.253639338371221,9.27280688469979,240888.55,0.9586715516366386,-0.027279113787143094,-0.027279113787143094,0.013371073689011883,CRUDEOIL,2025-12-16 00:00:00-05:00
55.22999954223633,56.97999954223633,55.20000076293945,55.939998626708984,125608,0.0,0.0,58.29749984741211,59.20940010070801,63.318249988555905,57.528754700199435,58.414238938301054,-0.8854842381016184,-0.5842544591057905,-0.3012297789958278,36.299450494891964,60.65633778155182,58.29749984741211,55.938661913272405,8.092415421977718,1.4978621550140332,17.391286319957707,10.962929083298542,241902.7,0.5192500951828979,0.012122275436876606,0.012122275436876606,0.01325489243547325,CRUDEOIL,2025-12-17 00:00:00-05:00
56.900001525878906,57.029998779296875,55.880001068115234,56.150001525878906,85735,0.0,0.0,58.13299999237061,59.08140014648438,63.267199993133545,57.31663882722705,58.246517648492,-0.9298788212649498,-0.6533793315376224,-0.2764994897273274,37.72063259825132,60.60629025159218,58.13299999237061,55.659709733149036,8.509074912859017,1.473014694740291,21.195686351746847,14.613537336691914,242208.35,0.3539721070722789,0.003754074085186909,0.003754074085186909,0.01270096813230494,CRUDEOIL,2025-12-18 00:00:00-05:00
56.029998779296875,56.900001525878906,55.81999969482422,56.65999984741211,209264,0.0,0.0,58.00900001525879,58.98440017700195,63.21529998779297,57.21561744571706,58.12899781137497,-0.9133803656579147,-0.7053795383616809,-0.20800082729623381,41.1542342524754,60.51634862629223,58.00900001525879,55.501651404225356,8.644688273798543,1.4449423473341765,30.43478561334038,23.007252761681638,236457.45,0.884996433819277,0.009082783751985346,0.009082783751985346,0.01295779525842807,CRUDEOIL,2025-12-19 00:00:00-05:00
56.630001068115234,58.130001068115234,56.599998474121094,58.0099983215332,221576,0.0,0.0,58.0064998626709,58.96660011291504,63.17519998550415,57.33782988815031,58.12018303434966,-0.7823531461993483,-0.7207742599292144,-0.06157888627013386,49.14659325493253,60.513739784540824,58.0064998626709,55.499259940800975,8.644686122437173,1.4510180792384595,54.89127768160411,35.50724988223044,230285.55,0.9621793464678962,0.023826305643429135,0.023826305643429135,0.013590201041376012,CRUDEOIL,2025-12-22 00:00:00-05:00
57.95000076293945,58.560001373291016,57.7400016784668,58.380001068115234,183633,0.0,0.0,57.983499908447264,58.94440010070801,63.135849990844726,57.498163915837225,58.13942881462859,-0.6412648987913627,-0.7048723877016441,0.06360748891028134,51.10663814683416,60.468070720011404,57.983499908447264,55.498929096883124,8.569923566142574,1.405945337494585,61.5942254333862,48.97342957611022,227560.3,0.8069641321443152,0.006378258184584151,0.006378258184584151,0.013313076621699524,CRUDEOIL,2025-12-23 00:00:00-05:00
58.470001220703125,58.75,58.130001068115234,58.349998474121094,111762,0.0,0.0,58.003499794006345,58.93740005493164,63.089199981689454,57.62921538634244,58.15502656718359,-0.5258111808411527,-0.6690601463295458,0.14324896548839305,50.93520194399518,60.49310456930005,58.003499794006345,55.51389501871264,8.58432606354889,1.349806308522455,61.05070022494273,59.17873444664434,216426.3,0.5163974988252352,-0.0005139190381160397,-0.0005139190381160397,0.012849985975240103,CRUDEOIL,2025-12-24 00:00:00-05:00
58.349998474121094,58.880001068115234,56.650001525878906,56.7400016784668,166669,0.0,0.0,57.90799980163574,58.9068000793457,63.040149974822995,57.49241327743849,58.050209908760124,-0.5577966313216365,-0.6468074433279639,0.08901081200632743,42.66449353025146,60.43729684680967,57.90799980163574,55.378702756461806,8.735570400766935,1.4126772537877315,33.08274881937981,51.9092248259029,213345.5,0.7812163837531141,-0.027592062343726576,-0.027592062343726576,0.013969095363372392,CRUDEOIL,2025-12-26 00:00:00-05:00
57.040000915527344,58.29999923706055,56.90999984741211,58.08000183105469,178590,0.0,0.0,57.88449993133545,58.91920013427735,62.994649982452394,57.58281151645636,58.05241671781898,-0.46960520136261863,-0.611366994934895,0.14176179357227636,49.949026687847365,60.39818623867707,57.88449993133545,55.370813623993826,8.685179315096242,1.423200132702447,73.98575906582677,56.03973603671643,214587.1,0.8322494688636921,0.023616498289537935,0.023616498289537935,0.01506022585030173,CRUDEOIL,2025-12-29 00:00:00-05:00
57.810001373291016,58.470001220703125,57.599998474121094,57.95000076293945,143802,0.0,0.0,57.81599998474121,58.92740013122559,62.94649997711181,57.63930216976145,58.04483035079086,-0.40552818102941046,-0.5701992321537981,0.16467105112438762,49.29468450447071,60.24263882036879,57.81599998474121,55.38936114911363,8.39435047830364,1.3836860336938461,72.97300843732367,60.01383877417674,210138.7,0.6843194518667908,-0.002238310330867188,-0.002238310330867188,0.014726522820183096,CRUDEOIL,2025-12-30 00:00:00-05:00
57.95000076293945,58.54999923706055,57.20000076293945,57.41999816894531,157160,0.0,0.0,57.75499992370605,58.92540008544922,62.89909996032715,57.60556309271281,57.99854648546897,-0.39298339275615746,-0.53475606427427,0.14177267151811257,46.61362458054646,60.15692841817795,57.75499992370605,55.353071429234156,8.317646948817686,1.3812797794386495,61.61614118236376,69.52496956183806,205221.05,0.7658083807679573,-0.009145860000283057,-0.009145860000283057,0.01464931064687356,CRUDEOIL,2025-12-31 00:00:00-05:00
57.40999984741211,57.93000030517578,56.599998474121094,57.31999969482422,189503,0.0,0.0,57.67349987030029,58.91540008544922,62.84989994049072,57.561630262268416,57.94828376023602,-0.3866534979676075,-0.5051355510129376,0.1184820530453301,46.10412216395441,60.01762680722311,57.67349987030029,55.32937293337747,8.12895677284866,1.377617068839795,59.99998043745757,64.86304335238167,201647.5,0.9397736148476922,-0.0017415269472296213,-0.0017415269472296213,0.01457598742758514,CRUDEOIL,2026-01-02 00:00:00-05:00
57.470001220703125,58.5099983215332,56.310001373291016,58.31999969482422,301483,0.0,0.0,57.60599994659424,58.9118000793457,62.80019992828369,57.67830248266162,57.975818273909226,-0.29751579124760497,-0.46361159905987115,0.16609580781226618,51.780220425527666,59.78845211123136,57.60599994659424,55.42354778195712,7.577169623512975,1.436358488797109,85.64099604641018,69.08570588874383,203472.0,1.4816928127703075,0.017445917748152073,0.017445917748152073,0.014875177948648852,CRUDEOIL,2026-01-05 00:00:00-05:00
58.34000015258789,58.869998931884766,56.84000015258789,57.130001068115234,292067,0.0,0.0,57.458499908447266,58.81860008239746,62.74444993972779,57.593948418885255,57.91316514755412,-0.31921672866886297,-0.43473262498166954,0.11551589631280657,45.62269223827788,59.32859357656008,57.458499908447266,55.58840624033445,6.509371706858234,1.4787613666899495,55.12822268433295,66.92306638940023,205321.6,1.4224855056652588,-0.020404640482441505,-0.020404640482441505,0.01535449436723168,CRUDEOIL,2026-01-06 00:00:00-05:00
57.0,57.16999816894531,55.7599983215332,55.9900016784668,383128,0.0,0.0,57.31399993896484,58.708400115966796,62.67884994506836,57.3471873818978,57.770708594288394,-0.4235212123905967,-0.432490342463455,0.008969130072858322,40.637188879002075,59.16896453800645,57.31399993896484,55.45903533992323,6.472989500007007,1.4738498295986753,21.467414402554187,54.078877711099096,211327.55,1.8129581306365403,-0.01995447870356648,-0.01995447870356648,0.015353356414927369,CRUDEOIL,2026-01-07 00:00:00-05:00
56.41999816894531,58.7400016784668,55.970001220703125,57.7599983215332,334134,0.0,0.0,57.289499855041505,58.63740005493164,62.62264993667603,57.41069675722632,57.76991524075097,-0.3592184835246499,-0.417835970675694,0.05861748715104409,49.808131462966834,59.10693110156714,57.289499855041505,55.47206860851587,6.344727222699611,1.5664320173247466,64.10250767218085,46.899381586355986,215023.95,1.5539385263827588,0.03161272709422214,0.03161272709422214,0.0169788362972391,CRUDEOIL,2026-01-08 00:00:00-05:00
58.400001525878906,59.77000045776367,57.61000061035156,59.119998931884766,360309,0.0,0.0,57.32249984741211,58.61680000305176,62.56999992370606,57.67366632255839,57.86992144009422,-0.19625511753582714,-0.3735198000477206,0.17726468251189348,55.497165509063876,59.24469443243906,57.32249984741211,55.40030526238516,6.706597200553634,1.608829719473844,83.79049427415197,56.453472116295664,220214.0,1.6361766281889434,0.023545717622442286,0.023545717622442286,0.01778562740328336,CRUDEOIL,2026-01-09 00:00:00-05:00
59.0,59.90999984741211,58.45000076293945,59.5,309700,0.0,0.0,57.41749992370605,58.59720001220703,62.517899932861326,57.954640734472484,57.99066800008723,-0.03602726561474867,-0.30602129316112625,0.2699940275463776,56.964935566887874,59.56030935295134,57.41749992370605,55.27469049446076,7.463959357661216,1.598198959830902,90.12048923704245,79.33783039445841,221358.6,1.399087272868549,0.006427623054476861,0.006427623054476861,0.017445733702096594,CRUDEOIL,2026-01-12 00:00:00-05:00
59.95000076293945,61.5,59.470001220703125,61.150001525878906,411190,0.0,0.0,57.60300006866455,58.60880004882812,62.47684993743896,58.44623470238116,58.22469270570143,0.22154199667973273,-0.20050863519295448,0.4220506318726872,62.71518352502571,60.29376268150525,57.60300006866455,54.91223745582385,9.342439142521147,1.6290418040784718,93.90246739066144,89.27115030061861,231277.8,1.7779051858846808,0.02773111808199835,0.02773111808199835,0.01833829212106777,CRUDEOIL,2026-01-13 00:00:00-05:00
61.119998931884766,62.36000061035156,59.189998626708984,62.02000045776367,410261,0.0,0.0,57.863000106811526,58.629600067138675,62.42954992294312,58.99604481859386,58.5058266132616,0.4902182053322619,-0.062363267087911206,0.5525814724201731,65.34457021980467,61.1415918669563,57.863000106811526,54.584408346666756,11.332256378316687,1.7391103883330508,94.84848432304463,92.95714698358283,240325.35,1.7071066368986876,0.01422729207155582,0.01422729207155582,0.018179418291533477,CRUDEOIL,2026-01-14 00:00:00-05:00
61.060001373291016,61.13999938964844,58.880001068115234,59.189998626708984,113642,0.0,0.0,58.05900001525879,58.59240005493164,62.36949993133545,59.025883865996185,58.55650602166511,0.46937784433107765,0.04398495519588657,0.4253928891351911,52.39955105328927,61.15786362174641,58.05900001525879,54.96013640877117,10.674877644028284,1.839173888427007,51.969683570971554,80.2402117615592,234460.8,0.4846950961525338,-0.045630470979792226,-0.045630470979792226,0.020218933336390764,CRUDEOIL,2026-01-15 00:00:00-05:00
59.2599983215332,60.18000030517578,58.939998626708984,59.439998626708984,113794,0.0,0.0,58.234000015258786,58.57,62.30814992904663,59.08959382918277,58.62194991833503,0.46764391084774104,0.12871674632625746,0.3389271645214836,53.28005934463526,61.22796957215875,58.234000015258786,55.240030458358824,10.28254818874014,1.7963758734298492,55.75756104524981,67.52524297975532,233870.1,0.48656925361557546,0.004223686531514614,0.004223686531514614,0.020121178091429538,CRUDEOIL,2026-01-16 00:00:00-05:00
59.0099983215332,60.68000030517578,58.70000076293945,60.34000015258789,499595,0.0,0.0,58.44349994659424,58.58480003356934,62.27509994506836,59.28196403278355,58.74921289865006,0.5327511341334912,0.2095236238877042,0.323227510245787,56.40637822485781,61.41111349920922,58.44349994659424,55.47588639397925,10.1554956678734,1.8094918497731691,69.39394307202087,59.040395896080746,254563.1,1.9625585954916482,0.015141344997853023,0.015141344997853023,0.02029705522535598,CRUDEOIL,2026-01-20 00:00:00-05:00
59.56999969482422,60.88999938964844,59.220001220703125,60.619998931884766,333062,0.0,0.0,58.64149990081787,58.608600006103515,62.26824993133545,59.48781555572219,58.887789641852635,0.6000259138695583,0.287624081884075,0.31240183198548327,57.362299960100096,61.635021124395806,58.64149990081787,55.647978677239934,10.209565678371012,1.7995280154283222,73.63634734771705,66.26261715499591,260753.0,1.2773084106414883,0.004640350987550779,0.004640350987550779,0.020260497050458626,CRUDEOIL,2026-01-21 00:00:00-05:00
60.68000030517578,60.81999969482422,58.959999084472656,59.36000061035156,333062,0.0,0.0,58.70900001525879,58.600800018310544,62.26154993057251,59.468151717972866,58.922768232111814,0.545383485861052,0.3391759626794704,0.2062075231815816,51.852135699962716,61.70340046596769,58.70900001525879,55.714599564549886,10.20082253123249,1.803847486494268,54.54547030866092,65.85858690946627,266327.3,1.2505740117517055,-0.020785192077436232,-0.020785192077436232,0.02036959514872243,CRUDEOIL,2026-01-22 00:00:00-05:00
59.65999984741211,61.36000061035156,59.52000045776367,61.279998779296875,260445,0.0,0.0,58.85399990081787,58.62379997253418,62.27004991531372,59.746897419715026,59.09737790227367,0.6495195174413553,0.40124467363184735,0.24827484380950793,58.40843515207571,62.04503312838694,58.85399990081787,55.662966673248796,10.843895853966343,1.8178583803161061,83.63634156787471,70.60605307475087,270167.9,0.9640116386883859,0.032344982297902725,0.032344982297902725,0.021503024375261585,CRUDEOIL,2026-01-23 00:00:00-05:00
