Open,High,Low,Close,Volume,Dividends,Stock Splits,sma_20,sma_50,sma_200,ema_12,ema_26,macd,macd_signal,macd_diff,rsi,bb_high,bb_mid,bb_low,bb_width,atr,stoch_k,stoch_d,volume_sma,volume_ratio,returns,log_returns,volatility_20,symbol,timestamp
1967.800048828125,1967.800048828125,1947.699951171875,1951.5,43,0.0,0.0,1964.7549987792968,1922.5799975585937,1934.3819982910156,1970.0790849990017,1951.3736601916476,18.70542480735412,22.110324974695654,-3.404900167341534,50.43686782041112,2027.2070849536944,1964.7549987792968,1902.3029126048991,6.357239066774145,15.743366743156113,6.737672310612537,36.768814947564984,223.35,0.19252294604880232,-0.007779158251110085,-0.007779158251110085,0.008967623504170864,GOLD,2023-11-08 00:00:00-05:00
1951.699951171875,1964.199951171875,1945.300048828125,1964.199951171875,10,0.0,0.0,1969.4999938964843,1922.9779956054688,1934.4969982910156,1969.1746028717514,1952.3237558198125,16.8508470519389,21.058429390144305,-4.207582338205405,54.66129758498812,2014.0862616750167,1969.4999938964843,1924.913726117952,4.527673817385734,15.968833571769961,32.14273109828125,25.003564170189858,221.55,0.045136538027533285,0.00650778948084807,0.00650778948084807,0.008968214900168768,GOLD,2023-11-09 00:00:00-05:00
1959.5999755859375,1959.5999755859375,1932.5999755859375,1932.5999755859375,375,0.0,0.0,1969.759991455078,1922.86599609375,1934.5144982910156,1963.5477371354723,1950.8627350617478,12.68500207372449,19.383743926860344,-6.698741853135854,44.49829378403609,2013.4120894994637,1969.759991455078,1926.1078934106924,4.432225066378718,17.085343715639073,0.0,12.960134469631273,238.15,1.5746378332983413,-0.016087962718400628,-0.016087962718400628,0.0070603528069188935,GOLD,2023-11-10 00:00:00-05:00
1939.9000244140625,1947.199951171875,1934.0,1945.5,191,0.0,0.0,1970.9799926757812,1922.9799951171874,1934.5989984130858,1960.7711621915535,1950.4654954275443,10.305666764009175,17.56812849429011,-7.262461730280936,48.69215802572945,2010.2699667145316,1970.9799926757812,1931.6900186370308,3.9868465620912534,16.90781742066039,18.0419921875,16.728241095260426,245.05,0.7794327688226892,0.006674958386125196,0.006674958386125196,0.007155785302675405,GOLD,2023-11-13 00:00:00-05:00
1965.800048828125,1965.800048828125,1961.800048828125,1961.800048828125,2,0.0,0.0,1972.9349975585938,1923.6919970703125,1934.7934985351562,1960.9294524433337,1951.3050919757354,9.624360467598308,15.979374888951751,-6.355014421353443,53.47591322519221,2005.7842848550301,1972.9349975585938,1940.0857102621574,3.329991848397003,17.150119664050717,40.83926327578671,19.627085154428915,240.0,0.008333333333333333,0.008378334015998412,0.008378334015998412,0.0073615745405579145,GOLD,2023-11-14 00:00:00-05:00
1962.800048828125,1962.800048828125,1960.0,1960.0999755859375,6,0.0,0.0,1973.1749938964845,1924.5319970703124,1934.946498413086,1960.801840619119,1951.9565648357504,8.845275783368606,14.552555067835122,-5.707279284466516,52.921693041165945,2005.5724406689922,1973.1749938964845,1940.7775471239768,3.283788500535529,16.125114604341736,38.46153846153846,32.447597974941736,236.95,0.025321797847647185,-0.0008665884391241274,-0.0008665884391241274,0.0063406079624896625,GOLD,2023-11-15 00:00:00-05:00
1965.300048828125,1983.9000244140625,1964.5999755859375,1983.9000244140625,39,0.0,0.0,1973.9499938964843,1925.8599975585937,1935.2269982910157,1964.3554073568027,1954.3227470267364,10.032660330066392,13.648576120281376,-3.6159157902149843,59.283613767079395,2006.5940936173597,1973.9499938964843,1941.305894175609,3.307490039951565,16.673324191754826,71.74832003933567,50.34970725888695,141.65,0.27532650900105893,0.012142262703212614,0.012142262703212614,0.0067410252844184336,GOLD,2023-11-16 00:00:00-05:00
1982.5,1984.0,1979.800048828125,1981.5999755859375,32,0.0,0.0,1973.9049926757812,1927.1239965820312,1935.5534979248048,1967.0084178535926,1956.343282475566,10.665135378026662,13.051887971830434,-2.386752593803772,58.46140788756864,2006.5042728709443,1973.9049926757812,1941.305712480618,3.3030242403888237,15.782368976049124,71.63740133099425,60.615753277289464,115.4,0.2772963604852686,-0.0011593572255760298,-0.0011593572255760298,0.006556820628579309,GOLD,2023-11-17 00:00:00-05:00
1978.699951171875,1979.4000244140625,1969.699951171875,1977.699951171875,182,0.0,0.0,1973.9749877929687,1928.2119946289063,1936.1274975585939,1968.6532691333284,1957.9252579345516,10.728011198776812,12.58711261721971,-1.8591014184428971,57.01740419558519,2006.6005384424195,1973.9749877929687,1941.349437143518,3.3055687991192113,15.505058650192936,76.57038521561256,73.31870219531417,118.15,1.5404147270418957,-0.0019681189251676834,-0.0019681189251676834,0.006532821147216266,GOLD,2023-11-20 00:00:00-05:00
1990.699951171875,2005.5,1988.5,1999.300048828125,16,0.0,0.0,1975.189990234375,1929.9719946289063,1936.792998046875,1973.3681583171433,1960.9900572600013,12.378101057141976,12.545310305204165,-0.16720924806218918,62.53663869608464,2009.636807862878,1975.189990234375,1940.7431726058721,3.4879497971145015,16.383272234330942,91.49526873041894,79.90101842567526,118.45,0.13507809202195017,0.01092182747107362,0.01092182747107362,0.006965086301586825,GOLD,2023-11-21 00:00:00-05:00
1999.0999755859375,1999.4000244140625,1991.0,1991.4000244140625,6075,0.0,0.0,1975.5549926757812,1931.6179956054686,1937.3914984130859,1976.1422915628232,1963.2426474195615,12.89964414326164,12.61617707281566,0.28346707044597963,59.52605496749504,2010.5224891751122,1975.5549926757812,1940.5874961764503,3.540017527122283,15.81304024716891,80.65847618122663,82.90804337575271,417.35,14.556127950161734,-0.003951395098846233,-0.003951395098846233,0.0069710746807637065,GOLD,2023-11-22 00:00:00-05:00
1991.9000244140625,2002.199951171875,1991.5,2002.199951171875,63,0.0,0.0,1976.3049926757812,1933.4619946289063,1938.015498046875,1980.151162271908,1966.1283736234368,14.022788648471305,12.89749938794679,1.1252892605245162,62.2047913884148,2012.8473730362243,1976.3049926757812,1939.7626123153382,3.6980507053182317,15.45496071221488,95.47318556523224,89.20897682562595,394.45,0.15971606033717836,0.005423283431459369,0.005423283431459369,0.0070634375686999245,GOLD,2023-11-24 00:00:00-05:00
2011.699951171875,2011.800048828125,2011.699951171875,2011.800048828125,228,0.0,0.0,1977.4649963378906,1935.2239965820313,1938.7434985351563,1985.0202217420951,1969.511460675636,15.508761066459101,13.419751723649252,2.089009342809849,64.45670465440205,2016.8567417894728,1977.4649963378906,1938.0732508863084,3.9840650048959265,15.036756208217389,100.0,92.04388724881964,387.25,0.5887669464170433,0.004794774693022585,0.004794774693022585,0.007131609942515851,GOLD,2023-11-27 00:00:00-05:00
2040.5999755859375,2042.699951171875,2039.699951171875,2039.699951171875,174665,0.0,0.0,1979.6399963378906,1937.3879956054689,1939.627998046875,1993.432487808215,1974.710608119802,18.721879688413082,14.48017731660202,4.241702371811062,70.0430114335213,2026.9393126525433,1979.6399963378906,1932.3406800232378,4.778577559773606,16.169838075041145,97.27520375546462,97.5827964402323,9112.65,19.167311374847053,0.013868128872947194,0.013868128872947194,0.007701222692519666,GOLD,2023-11-28 00:00:00-05:00
2041.699951171875,2052.10009765625,2036.0,2047.0999755859375,15290,0.0,0.0,1982.7349975585937,1939.6899951171874,1940.6039978027343,2001.6890243894031,1980.0727834876639,21.616240901739275,15.907390033629472,5.708850868109803,71.33009997181952,2038.4386449623962,1982.7349975585937,1927.0313501547912,5.618869639401355,16.16485661655606,95.8158017048966,97.69700182012042,9872.95,1.548675927660932,0.00362799656381374,0.00362799656381374,0.00755772032782973,GOLD,2023-11-29 00:00:00-05:00
2046.0999755859375,2047.0999755859375,2033.0999755859375,2038.0999755859375,2506,0.0,0.0,1985.6999938964843,1941.5399951171876,1941.5244976806641,2007.29070918887,1984.371094013462,22.919615175408126,17.309835061985204,5.6097801134229215,67.52994998864793,2046.3439623933075,1985.6999938964843,1925.0560253996612,6.108069565717546,16.01022400108777,88.28442864512307,93.79181136849478,9996.2,0.2506952642003961,-0.004396463341964529,-0.004396463341964529,0.007601238819583543,GOLD,2023-11-30 00:00:00-05:00
2038.300048828125,2073.199951171875,2036.0,2071.0,614,0.0,0.0,1989.9699951171874,1944.57599609375,1942.7084979248048,2017.0921385444285,1990.7880500124647,26.30408853196377,19.10868575598092,7.195402775982853,73.15932019435795,2061.103499746609,1989.9699951171874,1918.836490487766,7.149203737138008,17.523775941858286,98.41957475318462,94.17326836773476,10024.95,0.06124718826527813,0.016142497820600843,0.016142497820600843,0.008272509289970233,GOLD,2023-12-01 00:00:00-05:00
2075.300048828125,2130.199951171875,2021.0,2024.0999755859375,1071,0.0,0.0,1991.5999938964844,1946.5499951171876,1943.6189978027344,2018.1702673200452,1993.2556000549444,24.91466726510089,20.269882057804914,4.644785207295975,57.78059338298204,2064.276336864145,1991.5999938964844,1918.9236509288237,7.2982871249635135,24.072074172573764,37.661571078364574,74.78852482555743,10077.9,0.10627214002917275,-0.022646076491580125,-0.022646076491580125,0.00995016699987034,GOLD,2023-12-04 00:00:00-05:00
2035.0999755859375,2037.0,2010.199951171875,2018.5,289,0.0,0.0,1993.4449951171875,1948.5879956054687,1944.509497680664,2018.2209954246537,1995.12555560643,23.095439818223667,20.834993609888667,2.2604462083350008,56.259880332002076,2066.881748187888,1993.4449951171875,1920.008242046487,7.36782336614043,24.266929505113136,34.37133771027012,56.81749451393978,10085.85,0.028654005363950484,-0.0027666496978818733,-0.0027666496978818733,0.009894232604672681,GOLD,2023-12-05 00:00:00-05:00
2019.9000244140625,2035.800048828125,2019.0,2030.5,417,0.0,0.0,1996.6299926757813,1951.1899951171874,1945.496997680664,2020.11007305163,1997.7458848207684,22.3641882308616,21.140832534083252,1.2233556967783485,58.764361633619934,2070.690804908687,1996.6299926757813,1922.569180442876,7.4185815603874605,23.769295171042554,39.794706599980096,37.27587179620494,10105.7,0.04126384119853152,0.005945008669804297,0.005945008669804297,0.009745648388769863,GOLD,2023-12-06 00:00:00-05:00
2029.199951171875,2034.9000244140625,2024.0,2029.9000244140625,67,0.0,0.0,2000.5499938964845,1954.35599609375,1946.4864978027344,2021.6162194150813,2000.12767293879,21.488546476291276,21.210375322524857,0.27817115376641866,58.58374739233978,2072.9210794549203,2000.5499938964845,1928.1789083380486,7.2351189202203585,22.85006154554398,37.50783379575545,37.224626035335234,10106.9,0.006629134551642937,-0.0002954816970881513,-0.0002954816970881513,0.00950566881754332,GOLD,2023-12-07 00:00:00-05:00
2031.699951171875,2033.0999755859375,1995.0,1998.300048828125,449,0.0,0.0,2002.2549987792968,1957.1139965820312,1947.387998046875,2018.0291162478575,1999.9922933750372,18.036822872820267,20.57566483258394,-2.5388419597636727,49.88689167165976,2072.701383978615,2002.2549987792968,1931.8086135799786,7.036704639745374,23.939341119857804,17.819375486760123,31.707305294165234,10128.85,0.04432882311417387,-0.015567257109156851,-0.015567257109156851,0.010211854524330396,GOLD,2023-12-08 00:00:00-05:00
2004.0999755859375,2004.199951171875,1977.199951171875,1978.0,651,0.0,0.0,2004.525,1959.7119970703125,1948.2339978027344,2011.870790671264,1998.3632346065158,13.507556064748314,19.16204307901682,-5.654487014268504,45.240580377965294,2068.4732455382946,2004.525,1940.5767544617058,6.3803889238891385,24.15795961129653,0.5229077308006536,18.616705671105418,10142.65,0.06418440939991028,-0.010158659026220707,-0.010158659026220707,0.009768844115008092,GOLD,2023-12-11 00:00:00-05:00
1984.199951171875,1994.199951171875,1977.800048828125,1977.800048828125,95,0.0,0.0,2006.1400024414063,1962.667998046875,1949.037998046875,2006.629138080012,1996.8400356599682,9.789102420043719,17.287454947222198,-7.498352527178479,45.19592921932016,2065.511709961999,2006.1400024414063,1946.7682949208136,5.9189994166248825,23.603812663614633,0.3922206903594771,6.244834635973427,10137.85,0.009370823202158249,-0.00010108754897619754,-0.00010108754897619754,0.00968638443726885,GOLD,2023-12-12 00:00:00-05:00
1978.5,2024.800048828125,1975.0,1982.300048828125,2252,0.0,0.0,2007.1650024414062,1965.8219995117188,1949.8049981689453,2002.8862012720292,1995.7629995983502,7.123201673678977,15.254604292513555,-8.131402618834578,46.47626597215649,2064.0970631302825,2007.1650024414062,1950.23294175253,5.672882958762954,25.47497238965109,4.703641188675773,1.872923203278644,10250.35,0.2196998151282639,0.0022752552780380686,0.0022752552780380686,0.0095322498517175,GOLD,2023-12-13 00:00:00-05:00
2024.699951171875,2040.0999755859375,2024.300048828125,2030.199951171875,236,0.0,0.0,2010.6700012207032,1970.0559985351563,1950.7674981689454,2007.0883166412364,1998.3138849000927,8.774431741143644,13.958569782239573,-5.184138041095929,57.78235077303585,2064.1042401554187,2010.6700012207032,1957.235762285988,5.31506800243449,27.78389770166262,35.56699003773799,13.554283972257755,10261.85,0.022997802540477594,0.02416380021383091,0.02416380021383091,0.010882216838753832,GOLD,2023-12-14 00:00:00-05:00
2032.5999755859375,2043.4000244140625,2018.300048828125,2021.0999755859375,261,0.0,0.0,2012.5299987792969,1974.1459985351562,1951.705498046875,2009.2439564788826,2000.0017434694146,9.24221300946806,13.015298427685272,-3.773085418217212,55.38861281936862,2064.6817971017576,2012.5299987792969,1960.378200456836,5.1827101562802556,27.592188979110826,29.703601861887467,23.32474436276708,10272.95,0.025406528796499545,-0.00448230509545855,-0.00448230509545855,0.010684976205228165,GOLD,2023-12-15 00:00:00-05:00
2024.300048828125,2032.800048828125,2024.0,2026.300048828125,100,0.0,0.0,2014.7650024414063,1978.0680004882813,1952.5984985351563,2011.8679706864584,2001.9497660885781,9.918204597880276,12.395879661724274,-2.477675063843998,56.497654801715036,2065.2270544360404,2014.7650024414063,1964.3029504467725,5.00922459279233,26.457037855044877,33.05416557207106,32.774919157232176,10276.35,0.009731081561060104,0.002572892635199775,0.002572892635199775,0.01067817145019485,GOLD,2023-12-18 00:00:00-05:00
2025.199951171875,2042.699951171875,2025.199951171875,2038.4000244140625,498,0.0,0.0,2017.8000061035157,1981.8460009765624,1953.5509985351562,2015.94982510609,2004.6497852237992,11.300039882290775,12.176711705837576,-0.8766718235468005,59.048763674643624,2066.241031590184,2017.8000061035157,1969.3589806168475,4.801370338005947,25.817249436827385,40.85054404678944,34.536103826916,10292.15,0.04838639157027443,0.005971462909915681,0.005971462909915681,0.010702917475339349,GOLD,2023-12-19 00:00:00-05:00
2037.0999755859375,2037.0999755859375,2030.300048828125,2034.5,258,0.0,0.0,2019.5600036621095,1985.3160009765625,1954.653998413086,2018.8036981666914,2006.8609122442585,11.942785922432904,12.129926549156643,-0.187140626723739,57.87076962658044,2067.741648091968,2019.5600036621095,1971.3783592322513,4.771499172343429,24.551729876049535,38.3376409275459,37.41411684880214,10304.25,0.02503821238809229,-0.0019132772602784565,-0.0019132772602784565,0.010495264441363361,GOLD,2023-12-20 00:00:00-05:00
2035.800048828125,2044.5,2033.0,2039.0999755859375,228,0.0,0.0,2021.945001220703,1988.6419995117187,1955.7859985351563,2021.926202385037,2009.2489910103088,12.677211374728131,12.239383514270942,0.4378278604571886,58.91193767577829,2069.0245426464007,2021.945001220703,1974.8654597950053,4.656856778722913,23.61946345633171,41.301543655094626,40.163242876476666,10011.9,0.022772900248704042,0.002260985788123726,0.002260985788123726,0.010435094827323235,GOLD,2023-12-21 00:00:00-05:00
2055.699951171875,2068.699951171875,2052.199951171875,2057.10009765625,202,0.0,0.0,2024.690008544922,1992.3980004882812,1956.9249987792969,2027.3375708883004,2012.7935174285267,14.54405345977375,12.700317503371505,1.843735956402245,62.78746796427652,2073.22397315535,2024.690008544922,1976.1560439344937,4.79421189471942,24.046642894160698,87.62021391628343,55.753132832974664,10018.85,0.020161994640103403,0.008827483833959704,0.008827483833959704,0.010534282706630448,GOLD,2023-12-22 00:00:00-05:00
2060.0,2060.800048828125,2054.199951171875,2058.199951171875,64,0.0,0.0,2027.0100036621093,1995.0139990234375,1957.9059985351562,2032.0856293934658,2016.156956965071,15.928672428394748,13.345988488376154,2.582683940018594,63.01700965652429,2077.2630558092515,2027.0100036621093,1976.756951514967,4.958342786306156,22.800461091452792,88.79401763962532,72.57192507033447,10010.65,0.0063931912513173475,0.0005346621279529451,0.0005346621279529451,0.010505187764432183,GOLD,2023-12-26 00:00:00-05:00
2067.300048828125,2081.89990234375,2064.800048828125,2081.89990234375,586,0.0,0.0,2029.1200012207032,1998.2299975585938,1958.7569982910156,2039.7493636935096,2021.026804770899,18.722558922610688,14.421302575223061,4.301256347387627,67.64797111412871,2084.5991336329025,2029.1200012207032,1973.640868808504,5.468294864653,22.86471038291152,100.0,92.13807718530292,1306.7,0.4484579475013392,0.01151489249544535,0.01151489249544535,0.010368034891121482,GOLD,2023-12-27 00:00:00-05:00
2081.60009765625,2087.300048828125,2066.5,2073.89990234375,338,0.0,0.0,2030.4599975585938,2001.2539965820313,1959.595498046875,2045.0032927166235,2024.943330517036,20.059962199587517,15.549034500095953,4.510927699491564,64.70274224420504,2088.830741821034,2030.4599975585938,1972.0892532961539,5.749509405023928,22.71723455756963,88.0675506162211,92.28718941861548,559.1,0.6045430155607225,-0.003842643919140354,-0.003842643919140354,0.010405739665517557,GOLD,2023-12-28 00:00:00-05:00
2068.0,2068.89990234375,2062.10009765625,2062.39990234375,47,0.0,0.0,2031.6749938964845,2003.3959936523438,1960.2744976806641,2047.67969419772,2027.7178913930888,19.961802804631134,16.43158816100299,3.5302146436281454,60.61717377039939,2091.621608246522,2031.6749938964845,1971.728379546447,5.90120117933507,21.93741813827894,77.8271276422287,88.63155941948327,436.15,0.10776109136764875,-0.005545108511265995,-0.005545108511265995,0.010438478661479728,GOLD,2023-12-29 00:00:00-05:00
2063.5,2073.699951171875,2057.10009765625,2064.39990234375,61,0.0,0.0,2031.344989013672,2005.3159912109375,1961.0014971923829,2050.252033912494,2030.4350773894341,19.816956523059844,17.10866183341436,2.7082946896454843,61.07748077816974,2090.4893350216335,2031.344989013672,1972.2006430057104,5.823170985513329,21.556163522375083,79.60807076814042,81.83424967553007,408.5,0.14932680538555693,0.0009697440335054708,0.0009697440335054708,0.00978366717080233,GOLD,2024-01-02 00:00:00-05:00
2034.199951171875,2044.0,2034.199951171875,2034.199951171875,54,0.0,0.0,2031.8499877929687,2006.349990234375,1961.3234967041017,2047.7824827216295,2030.713956928874,17.06852579275551,17.10063462528259,-0.03210883252708285,51.322820453279654,2090.9106827390365,2031.8499877929687,1972.7892928469012,5.813489706513267,22.17357692591079,52.7158730469302,70.05035715243311,357.65,0.15098560044736475,-0.01462892491788459,-0.01462892491788459,0.008939738168764682,GOLD,2024-01-03 00:00:00-05:00
2041.5999755859375,2044.5,2038.0,2042.300048828125,88,0.0,0.0,2033.039990234375,2007.669990234375,1961.6389971923827,2046.9390313533981,2031.572185958448,15.366845394950133,16.7538767792161,-1.387031384265967,53.469359360865305,2091.9356401975383,2033.039990234375,1974.1443402712116,5.793850612488314,21.32546777606895,34.78260869565217,55.70218417024095,347.6,0.2531645569620253,0.003981957452896312,0.003981957452896312,0.008945783231974343,GOLD,2024-01-04 00:00:00-05:00
2044.5,2048.10009765625,2042.4000244140625,2042.4000244140625,12,0.0,0.0,2033.634991455078,2009.0179907226564,1962.1609973144532,2046.2407225935003,2032.3742480662713,13.866474527229002,16.176396328818683,-2.309921801589681,53.49661687801625,2092.6562860584986,2033.634991455078,1974.6136968516578,5.804512102851881,20.21650927978724,34.92750084918478,40.80866086392239,327.35,0.03665801130288682,4.895244750890981e-05,4.895244750890981e-05,0.00885792862913467,GOLD,2024-01-05 00:00:00-05:00
2019.0999755859375,2033.699951171875,2019.0999755859375,2026.5999755859375,10,0.0,0.0,2033.469989013672,2009.8679907226563,1962.559996948242,2043.2190692077213,2031.9465241788391,11.272545028882178,15.195626068831382,-3.9230810399492047,48.64654253745184,2092.55054933039,2033.469989013672,1974.3894286969537,5.810812122717871,20.436762104668507,10.997055638586348,26.902388394474443,324.5,0.030816640986132512,-0.007736020681187505,-0.007736020681187505,0.009039932047330041,GOLD,2024-01-08 00:00:00-05:00
2035.800048828125,2035.800048828125,2026.4000244140625,2026.4000244140625,27,0.0,0.0,2034.8749877929688,2010.6519921875,1962.7229968261718,2040.6315238548507,2031.5356723444113,9.095851510439388,13.975671157152984,-4.879819646713596,48.586509821987896,2091.8418945232365,2034.8749877929688,1977.908081062701,5.599057148179329,19.64842369819665,10.703872416971693,18.876142968247617,303.4,0.0889914304548451,-9.866336439545709e-05,-9.866336439545709e-05,0.00827078943720903,GOLD,2024-01-09 00:00:00-05:00
2029.0,2035.5999755859375,2021.699951171875,2021.699951171875,538,0.0,0.0,2037.0599853515625,2011.3139916992188,1962.9209967041015,2037.718974211316,2030.807100405705,6.911873805611094,12.562911686844608,-5.651037881233513,47.114679960611454,2088.186251358324,2037.0599853515625,1985.9337193448011,5.019613204756753,19.237823749329923,3.812276823669444,8.504401626409171,297.75,1.8068849706129304,-0.0023194202455394386,-0.0023194202455394386,0.007905243143606138,GOLD,2024-01-10 00:00:00-05:00
2025.0999755859375,2025.0999755859375,2014.300048828125,2014.300048828125,97,0.0,0.0,2038.8849853515626,2011.6759936523438,1963.230496826172,2034.116062613902,2029.5843558444026,4.531706769499351,10.956670703375558,-6.424963933876207,44.81296453628422,2083.626772335901,2038.8849853515626,1994.143198367224,4.388848542785632,18.635116821364395,0.0,4.838716413547055,297.85,0.3256672821890213,-0.003660237682382439,-0.003660237682382439,0.007974004476432518,GOLD,2024-01-11 00:00:00-05:00
2031.0999755859375,2057.0,2031.0999755859375,2046.699951171875,390,0.0,0.0,2042.10498046875,2012.9059936523438,1963.601996459961,2036.0520454689747,2030.8521777205115,5.199867748463248,9.805310112393096,-4.605442363929848,55.14543994183492,2078.604264820848,2042.10498046875,2005.605696116652,3.57467267365656,20.354033560686585,44.38342786815068,16.065234897273385,204.75,1.9047619047619047,0.016084943433625654,0.016084943433625654,0.008663381391940499,GOLD,2024-01-12 00:00:00-05:00
2051.699951171875,2054.800048828125,2026.0,2026.0,46,0.0,0.0,2041.8949829101562,2013.8499926757813,1963.9014965820313,2034.5055769352862,2030.4927571486219,4.012819786664295,8.646812047247336,-4.633992260583041,48.852361049347074,2078.7127706897704,2041.8949829101562,2005.077195130542,3.606237155952134,20.957320365503616,16.027330372431507,20.136919413527405,195.25,0.235595390524968,-0.01011381817839141,-0.01011381817839141,0.007246731532331672,GOLD,2024-01-16 00:00:00-05:00
2026.5,2026.5,2002.5999755859375,2002.5999755859375,764,0.0,0.0,2040.9699829101562,2014.1899926757812,1964.0129962158203,2029.5970228815402,2028.4266251810157,1.1703977005245179,7.1515291779027725,-5.981131477378255,42.89333772499383,2080.649449277333,2040.9699829101562,2001.290516542979,3.888294947934444,21.16751351182925,0.0,20.136919413527405,220.4,3.4664246823956444,-0.011549863975351626,-0.011549863975351626,0.0076347084404787685,GOLD,2024-01-17 00:00:00-05:00
2012.800048828125,2018.5999755859375,2009.5,2018.5999755859375,1474,0.0,0.0,2040.584979248047,2014.7319921875,1964.26099609375,2027.9051694514474,2027.6987252110098,0.2064442404375768,5.762512190409734,-5.5560679499721575,47.59996154446156,2080.9694959871076,2040.584979248047,2000.2004625089862,3.958131334862844,20.798405403841446,18.890184373572303,11.63917158200128,289.1,5.0985818056035965,0.007989613599849621,0.007989613599849621,0.007840226365829372,GOLD,2024-01-18 00:00:00-05:00
2023.199951171875,2036.0,2019.5,2026.5,50,0.0,0.0,2039.9899780273438,2015.6299926757813,1964.4739959716796,2027.68898953584,2027.609930750935,0.07905878490487339,4.6258215093087625,-4.546762724403889,49.79994802364408,2080.833773259854,2039.9899780273438,1999.1461827948337,4.004313322363055,20.555663904571524,33.61467316563969,17.50161917973734,266.7,0.18747656542932134,0.003913615629451028,0.003913615629451028,0.0077686848416074405,GOLD,2024-01-19 00:00:00-05:00
2021.300048828125,2021.300048828125,2019.800048828125,2019.800048828125,12,0.0,0.0,2039.25498046875,2016.6899926757812,1964.461996459961,2026.4753063500375,2027.031420978875,-0.5561146288375767,3.589434281679495,-4.145548910517071,47.960856984795214,2080.9869034991643,2039.25498046875,1997.523057438336,4.092859738493465,19.56597013795034,24.19139120715734,25.565416248789788,254.4,0.04716981132075471,-0.0033061688486922813,-0.0033061688486922813,0.0077904608693030375,GOLD,2024-01-22 00:00:00-05:00
2030.300048828125,2030.300048828125,2022.5,2023.699951171875,15,0.0,0.0,2038.4849792480468,2018.1339916992188,1964.47599609375,2026.0483286303202,2026.7846454376158,-0.7363168072956796,2.7242840638844603,-3.46060087118014,49.13827904228916,2080.7646288951223,2038.4849792480468,1996.2053296009713,4.14814434028075,18.918400842382457,38.786702420087735,32.197588930961594,243.75,0.06153846153846154,0.0019308358498222322,0.0019308358498222322,0.007785021408382323,GOLD,2024-01-23 00:00:00-05:00
2023.199951171875,2033.199951171875,2013.9000244140625,2013.9000244140625,253,0.0,0.0,2036.3249755859374,2019.1279931640624,1964.48599609375,2024.1793587508957,2025.8302290655006,-1.6508703146048447,1.8492531881865997,-3.5001235027914444,46.303189867855224,2078.992126711431,2036.3249755859374,1993.657824460444,4.190603330710147,18.945652693484607,20.772139258827092,27.9167442953574,246.3,1.027202598457166,-0.004842578936733011,-0.004842578936733011,0.0075328488837375605,GOLD,2024-01-24 00:00:00-05:00
2012.0999755859375,2022.4000244140625,2012.0999755859375,2016.9000244140625,548,0.0,0.0,2034.2599792480469,2020.813994140625,1964.6249963378907,2023.0594611606139,2025.1687324246534,-2.109271264039535,1.0575482977413728,-3.1668195617809074,47.30548427559328,2076.4878347452486,2034.2599792480469,1992.032123750845,4.151667528042424,18.328109560244634,26.286842666247797,28.61522811505422,270.5,2.0258780036968576,0.0014896469356133757,0.0014896469356133757,0.0075463284072353806,GOLD,2024-01-25 00:00:00-05:00
2021.699951171875,2022.4000244140625,2016.800048828125,2016.800048828125,49,0.0,0.0,2031.0049865722656,2022.2399951171874,1964.6849963378907,2022.0964746479233,2024.5488299360215,-2.4523552880982606,0.3555675805734462,-2.8079228686717066,47.27381596708824,2067.718325430994,2031.0049865722656,1994.2916477135373,3.6152879093309913,17.41895713350841,26.103064098104994,24.38734867439331,243.65,0.20110814693207468,-4.9568934864074876e-05,-4.9568934864074876e-05,0.006958194707175213,GOLD,2024-01-26 00:00:00-05:00
2025.199951171875,2025.199951171875,2025.199951171875,2025.199951171875,150708,0.0,0.0,2028.5699890136718,2023.5079931640626,1964.7564959716797,2022.573932574685,2024.5970611386774,-2.0231285639924863,-0.12017164833974037,-1.902956915652746,50.28518620387279,2059.600575941827,2028.5699890136718,1997.5394020855165,3.0593558118488176,16.774738934239952,41.54405412379809,31.311320296050308,7762.15,19.41575465560444,0.004164965361157513,0.004164965361157513,0.007049967165392214,GOLD,2024-01-29 00:00:00-05:00
2032.5,2048.5,2028.0999755859375,2031.5,26907,0.0,0.0,2027.0249938964844,2024.9359936523438,1964.707495727539,2023.947173717041,2025.10838994322,-1.1612162261787944,-0.3283805639075512,-0.8328356622712432,52.47744565140592,2053.9726036448305,2027.0249938964844,2000.0773841481382,2.6588334953429116,17.240832498088885,53.12502103692401,40.25737975294238,9105.15,2.9551407719806924,0.003110828056498649,0.003110828056498649,0.007032515117358609,GOLD,2024-01-30 00:00:00-05:00
2035.4000244140625,2055.0,2030.0,2048.39990234375,2007,0.0,0.0,2026.2249938964844,2026.2259912109375,1964.9384954833984,2027.709131967304,2026.8336871580739,0.8754448092302027,-0.0876154892800004,0.9630602985102031,57.84723406147319,2049.3683354245927,2026.2249938964844,2003.0816523683761,2.2843802240937747,17.795058748225394,84.1910040503091,59.62002640367708,9202.45,0.21809409450744094,0.008318928055008667,0.008318928055008667,0.007312488850741811,GOLD,2024-01-31 00:00:00-05:00
2040.199951171875,2064.5,2029.0,2053.0,947,0.0,0.0,2027.1649963378907,2027.6539916992188,1965.2324957275391,2031.600034741565,2028.771932553772,2.828102187792865,0.49552804613457274,2.3325741416582924,59.19868142503316,2052.908734224745,2027.1649963378907,2001.4212584510365,2.5398759285367225,19.059697409066438,81.42165514657306,72.9125600779354,9247.1,0.10241048544949227,0.002245702926946258,0.002245702926946258,0.006509292795142144,GOLD,2024-02-01 00:00:00-05:00
2054.800048828125,2055.89990234375,2027.699951171875,2036.0999755859375,888,0.0,0.0,2026.8549926757812,2028.8219921875,1965.3759954833984,2032.292333333007,2029.3147505561546,2.977582776852387,0.9919389922781356,1.9856437845742512,52.534829348081395,2052.004713138664,2026.8549926757812,2001.7052722128983,2.4816497039762218,19.712572677838477,54.11952631215674,73.2440618363463,9287.1,0.09561650030687728,-0.008231867712646168,-0.008231867712646168,0.006732581715847119,GOLD,2024-02-02 00:00:00-05:00
2038.9000244140625,2040.800048828125,2013.800048828125,2025.699951171875,412,0.0,0.0,2026.0199890136719,2029.349990234375,1965.5284954833985,2031.278120692833,2029.0469876388006,2.231133054032398,1.2397778046289882,0.9913552494034097,48.88775107484339,2050.137549767706,2026.0199890136719,2001.9024282596379,2.3807821131888405,20.233103200850014,37.31820109054695,57.61979418309226,9307.1,0.044267279818633085,-0.005107816187203462,-0.005107816187203462,0.006823478214239708,GOLD,2024-02-05 00:00:00-05:00
2025.9000244140625,2037.300048828125,2025.9000244140625,2034.5,249,0.0,0.0,2026.414990234375,2030.2119897460936,1965.6629956054687,2031.7737944323972,2029.450914480371,2.322879952026142,1.456398234108419,0.8664817179177229,51.92876523523281,2050.814733537286,2026.414990234375,2002.0152469314642,2.408168457151892,19.6164599476643,45.45454545454545,45.630757619083056,9319.05,0.026719461747710338,0.004344201530455782,0.004344201530455782,0.00667181569390871,GOLD,2024-02-06 00:00:00-05:00
2032.800048828125,2039.5,2032.699951171875,2035.199951171875,71,0.0,0.0,2026.8549865722657,2030.8719897460937,1965.9414953613282,2032.30089546924,2029.876769050112,2.424126419128015,1.6499438711123382,0.774182548015677,52.17251172640222,2051.5533296154344,2026.8549865722657,2002.1566435290972,2.437110025807761,18.70100201055435,44.08390233447716,42.2855496265232,9321.25,0.007617004157167762,0.0003440408807446893,0.0003440408807446893,0.006671452331879635,GOLD,2024-02-07 00:00:00-05:00
2028.0,2036.699951171875,2020.300048828125,2032.199951171875,341,0.0,0.0,2027.3799865722656,2031.2799877929688,1966.1569952392579,2032.2853655773379,2030.048856614687,2.2365089626507597,1.7672568894200225,0.46925207323073725,50.97938686332623,2052.0640806491483,2027.3799865722656,2002.6958924953829,2.4350732709576217,18.536637748639755,38.35871416224628,42.63238731708964,9311.4,0.036621775458040684,-0.0014740566391389098,-0.0014740566391389098,0.006657060341672832,GOLD,2024-02-08 00:00:00-05:00
2032.0,2032.0,2020.0,2023.300048828125,62,0.0,0.0,2027.8299865722656,2030.9519897460937,1966.3034954833984,2030.903009154382,2029.5489449267936,1.3540642275884238,1.6846183570537028,-0.33055412946527896,47.50832362010299,2051.8634366890815,2027.8299865722656,2003.7965364554495,2.3703614480463244,18.084017278870842,21.374175618097148,34.60559737160687,9309.65,0.006659756274403442,-0.00437944225843423,-0.00437944225843423,0.006681363549024729,GOLD,2024-02-09 00:00:00-05:00
2025.5,2025.5,2011.5999755859375,2018.199951171875,317,0.0,0.0,2026.4049865722657,2030.3739892578126,1966.4659954833985,2028.9486925416886,2028.7082787227255,0.24041381896313396,1.3957774494355892,-1.1553636304724553,45.592568850289446,2049.1385878725864,2026.4049865722657,2003.671385271945,2.2437372046518123,17.785160645670246,12.476318601061019,24.069736127134828,9306.0,0.034064044702342575,-0.0025206828118271574,-0.0025206828118271574,0.005561026301963202,GOLD,2024-02-12 00:00:00-05:00
2025.0999755859375,2025.800048828125,1990.0,1992.9000244140625,198,0.0,0.0,2024.7499877929688,2029.469990234375,1966.4809954833984,2023.402743598977,2026.0558154406024,-2.653071841625433,0.5860075912233847,-3.239079432848818,37.511633363790665,2051.7748696477306,2024.7499877929688,1997.725105938207,2.6694537120822166,19.071938372988445,3.892650220218121,12.581048146458771,9313.6,0.021259233808623948,-0.012535887112236854,-0.012535887112236854,0.005798444260103454,GOLD,2024-02-13 00:00:00-05:00
1990.300048828125,1993.5,1984.800048828125,1990.300048828125,1916,0.0,0.0,2024.134991455078,2027.8559912109374,1966.4819958496093,2018.3100213265382,2023.4072401359745,-5.097218809436299,-0.550637688908552,-4.5465811205277475,36.78997482109708,2053.597958177106,2024.134991455078,1994.6720247330502,2.9111661866828484,18.331082144337483,6.900882521419754,7.756617114232974,9371.2,0.20445620624893288,-0.0013046191751149294,-0.0013046191751149294,0.00522349498912947,GOLD,2024-02-14 00:00:00-05:00
1993.5999755859375,2007.199951171875,1993.5999755859375,2002.0999755859375,286,0.0,0.0,2023.309991455078,2027.4159912109376,1966.5754956054689,2015.8161681356764,2021.828924243379,-6.012756107702671,-1.643061372667376,-4.369694735035296,42.22270015703449,2054.2344965085085,2023.309991455078,1992.3854864016473,3.0568232435002236,18.22885501572409,21.706320397241853,10.833284379626585,9311.8,0.03071371807813742,0.005928717514105619,0.005928717514105619,0.005069519373282973,GOLD,2024-02-15 00:00:00-05:00
2005.0,2011.5,1996.5,2011.5,32,0.0,0.0,2022.559991455078,2027.2759912109375,1966.561495361328,2015.1521422686492,2021.0638187438697,-5.9116764752204745,-2.496784393177996,-3.4148920820424786,46.19029017419716,2053.863904333984,2022.559991455078,1991.256078576172,3.095474350442895,17.99822251460094,33.50058661177329,20.702596510144975,9310.9,0.0034368321000118143,0.00469508242779515,0.00469508242779515,0.0051073709677565676,GOLD,2024-02-16 00:00:00-05:00
2015.5999755859375,2029.0,2015.5999755859375,2027.5,1326,0.0,0.0,2022.9449890136718,2027.2159912109375,1966.5559954833984,2017.051812688857,2021.5405729109905,-4.488760222133578,-2.8951795589691125,-1.5935806631644658,52.206390406526076,2054.293024825722,2022.9449890136718,1991.5969532016213,3.0992474814982263,17.962635192129444,53.57588121953984,36.26092940951833,9376.6,0.14141586502570228,0.007954262987819982,0.007954262987819982,0.005378827416040778,GOLD,2024-02-20 00:00:00-05:00
2028.199951171875,2028.199951171875,2022.300048828125,2022.300048828125,15,0.0,0.0,2022.8749938964843,2027.0639916992188,1966.427495727539,2017.8592336333597,2021.5968303863337,-3.7375967529740137,-3.063662997770093,-0.6739337552039206,50.240443242305254,2054.222225799866,2022.8749938964843,1991.5277619931023,3.099275239247528,17.101011417245196,47.05147173695286,44.709313189422005,9376.6,0.0015997269799287587,-0.0025647108122688334,-0.0025647108122688334,0.005396770549973505,GOLD,2024-02-21 00:00:00-05:00
2033.199951171875,2033.199951171875,2019.699951171875,2019.699951171875,964,0.0,0.0,2023.164990234375,2027.4919897460939,1966.4389953613281,2018.1424209469774,2021.4563208148925,-3.3138998679150973,-3.1137103717990944,-0.2001894961160029,49.24191988148174,2054.281203376706,2023.164990234375,1992.0487770920438,3.0759936329984012,16.843796316013396,49.08575843420036,49.90437046356436,9412.15,0.10242080714820738,-0.0012857130957182328,-0.0012857130957182328,0.005286999923624764,GOLD,2024-02-22 00:00:00-05:00
2026.0,2038.5999755859375,2014.9000244140625,2038.5999755859375,22,0.0,0.0,2024.2499877929688,2028.7039892578125,1966.5004949951172,2021.2897370452788,2022.7262211683033,-1.4364841230244565,-2.778265122044167,1.3417809990197105,56.07578176113684,2055.925019548675,2024.2499877929688,1992.5749560372624,3.1295573122607814,17.333521662860655,96.07129778180804,64.06950931765375,9385.85,0.0023439539306509267,0.009357837733815932,0.009357837733815932,0.005670224438390726,GOLD,2024-02-23 00:00:00-05:00
2034.0999755859375,2035.4000244140625,2024.800048828125,2028.5,143,0.0,0.0,2024.8349853515624,2029.71798828125,1966.4619952392577,2022.399008269082,2023.1539084891697,-0.7549002200876203,-2.373592141652858,1.6186919215652376,52.04333388962247,2056.3699017266977,2024.8349853515624,1993.3000689764272,3.1148134641361893,17.081122026785785,79.89029283511343,75.01578301704062,9390.55,0.0152280750328788,-0.004954368540613041,-0.004954368540613041,0.005802078574253246,GOLD,2024-02-26 00:00:00-05:00
2035.9000244140625,2035.9000244140625,2034.0,2034.0,964,0.0,0.0,2025.2749877929687,2030.7519873046874,1966.4794952392579,2024.1837762276848,2023.9573226751572,0.22645355252757327,-1.8535830028167717,2.080036555344345,53.98390788621006,2057.0625545586745,2025.2749877929687,1993.4874210272628,3.1390864902100177,16.389615054448406,89.94514641755671,88.63557901149274,1903.35,0.5064754249087136,0.002711363076164597,0.002711363076164597,0.005760137918393128,GOLD,2024-02-27 00:00:00-05:00
2029.5,2037.0,2024.800048828125,2033.0,581,0.0,0.0,2025.3499877929687,2030.80798828125,1966.5709954833985,2025.5401183465024,2024.6271506251455,0.9129677213568357,-1.3002728579820504,2.213240579338886,53.55954238048491,2057.2029610954473,2025.3499877929687,1993.4970144904898,3.145429036409559,16.090353348550305,89.5911092757681,86.47551617614609,587.05,0.9896942338812709,-0.000491642084562427,-0.000491642084562427,0.005721593247422069,GOLD,2024-02-28 00:00:00-05:00
2034.300048828125,2049.800048828125,2034.300048828125,2045.699951171875,706,0.0,0.0,2025.214990234375,2031.2999877929688,1966.7269952392578,2028.6416310888676,2026.1880988137923,2.453532275075304,-0.5495118313705796,3.0030441064458833,58.06781324585901,2056.6967865711476,2025.214990234375,1993.7331938976024,3.108983143871484,16.14104588280564,93.69215745192308,91.07613771508265,522.0,1.3524904214559388,0.0062469017077595446,0.0062469017077595446,0.005581067304449756,GOLD,2024-02-29 00:00:00-05:00
2043.0999755859375,2086.89990234375,2041.800048828125,2086.89990234375,1210,0.0,0.0,2026.9099853515625,2032.5119848632812,1967.0714947509766,2037.604442051157,2030.685269445641,6.919172605515996,0.9442250560067356,5.9749475495092605,68.68747956423027,2066.7373100125783,2026.9099853515625,1987.0826606905468,3.929856278655391,18.209532142292737,100.0,94.42775557589708,535.15,2.261048304213772,0.020139782057614797,0.020139782057614797,0.007175270722392633,GOLD,2024-03-01 00:00:00-05:00
2083.60009765625,2119.800048828125,2080.699951171875,2117.699951171875,805,0.0,0.0,2030.9899841308593,2034.0979833984375,1967.7179943847657,2049.9268280697293,2037.130801425362,12.796026644367203,3.3145853736788293,9.481441270688373,73.9906161289031,2087.126448431052,2030.9899841308593,1974.8535198306668,5.527990264729497,19.701715393289685,98.44437210648148,97.37884318613486,531.0,1.5160075329566856,0.014758757137097955,0.014758757137097955,0.007479959712295341,GOLD,2024-03-04 00:00:00-05:00
2114.89990234375,2133.5,2111.39990234375,2133.5,1287,0.0,0.0,2036.3799865722656,2036.0779833984375,1968.4819946289062,2062.7842391359245,2044.269260579039,18.51497855688558,6.35466401032018,12.1603145465654,76.21593651879401,2108.0120876150954,2036.3799865722656,1964.747885529436,7.035239151353514,19.873028412072564,100.0,99.48145736882718,574.75,2.2392344497607657,0.00746094781717388,0.00746094781717388,0.00737928036642649,GOLD,2024-03-05 00:00:00-05:00
2125.5,2150.300048828125,2125.5,2150.300048828125,443,0.0,0.0,2042.169989013672,2038.3019848632812,1969.450994873047,2076.2482098578016,2052.1233930419344,24.124816815867234,9.908694571429592,14.216122244437642,78.33817561850297,2129.3015598344577,2042.169989013672,1955.0384181928864,8.533233892333175,20.224958441790594,100.0,99.48145736882718,584.45,0.7579775857643938,0.007874407700082076,0.007874407700082076,0.007464384714342885,GOLD,2024-03-06 00:00:00-05:00
2147.0,2163.0,2147.0,2158.0,152,0.0,0.0,2048.309991455078,2040.3199829101563,1970.3474951171875,2088.8254083412166,2059.966104668458,28.85930367275887,13.698816391695448,15.160487281063421,79.25196748217058,2148.8819264930944,2048.309991455078,1947.7380564170617,9.819991647511527,19.92317569594841,96.996996996997,98.99899899899901,588.5,0.2582837723024639,0.003580872900073251,0.003580872900073251,0.007443437759551027,GOLD,2024-03-07 00:00:00-05:00
2167.300048828125,2194.89990234375,2166.300048828125,2178.60009765625,259,0.0,0.0,2055.629998779297,2042.7279858398438,1971.3664953613281,2102.636899005068,2068.7538078527386,33.88309115232914,17.73567134382219,16.147419808506953,81.50040336128762,2170.7107520075483,2055.629998779297,1940.5492455510453,11.196640766732378,21.135799027934237,90.94454681026666,95.98051460242124,584.4,0.4431895961670089,0.009545921064064045,0.009545921064064045,0.007505557461225643,GOLD,2024-03-08 00:00:00-05:00
2181.0,2184.0,2177.199951171875,2182.5,738,0.0,0.0,2063.5899963378906,2044.7399877929688,1972.4169952392579,2114.923529927365,2077.1794517154985,37.74407821186651,21.737352717431055,16.006725494435454,81.90029670819024,2190.0822404804844,2063.5899963378906,1937.0977521952966,12.259435679284245,20.111816870805004,93.11116069279018,93.6842348333513,618.2,1.193788417987706,0.0017900955517011763,0.0017900955517011763,0.0072878236628550735,GOLD,2024-03-11 00:00:00-04:00
2182.5,2182.699951171875,2160.39990234375,2160.39990234375,550,0.0,0.0,2070.6999938964846,2046.4699877929688,1973.404994506836,2121.919894914501,2083.3439295398134,38.57596537468771,25.105075248882386,13.470890125805326,72.35526836815126,2202.079063413797,2070.6999938964846,1939.320924379172,12.689338861695113,20.268119153470717,80.8333203350968,88.29634261271788,629.85,0.8732237834405017,-0.010126047036082442,-0.010126047036082442,0.007815374029618296,GOLD,2024-03-12 00:00:00-04:00
2162.5,2175.39990234375,2162.5,2175.39990234375,20,0.0,0.0,2079.824987792969,2048.7299877929686,1974.566494140625,2130.1475883651547,2090.162890488253,39.984697876901464,28.0809997744862,11.903698102415262,74.52537602338562,2213.65041500421,2079.824987792969,1945.9995605817276,12.868912336056864,19.891824928222807,89.16665931983732,87.70371344924143,620.95,0.03220871245671954,0.006943158988170106,0.006943158988170106,0.006877223972974888,GOLD,2024-03-13 00:00:00-04:00
2163.0,2163.0,2162.300048828125,2163.0,515,0.0,0.0,2088.4599853515624,2050.7019897460937,1975.6609942626953,2135.201805539746,2095.5582319335676,39.64357360617851,30.39351454082466,9.250059065353845,69.65740608150963,2220.337450555894,2088.4599853515624,1956.5825201472308,12.62915891415865,19.406684113037247,81.24636695185646,83.74878220226354,550.9,0.9348339081502995,-0.005700056495539285,-0.005700056495539285,0.007134959056894667,GOLD,2024-03-14 00:00:00-04:00
2161.699951171875,2161.699951171875,2157.300048828125,2157.300048828125,100,0.0,0.0,2096.2199890136717,2053.163991699219,1976.657494506836,2138.60153527642,2100.131699851683,38.46983542473663,32.00877871760706,6.461056707129572,67.47554222054072,2225.0880448379276,2096.2199890136717,1967.351933189416,12.295279741597318,18.427631760097086,77.89542275404067,82.76948300857815,541.6,0.1846381093057607,-0.0026352062745608196,-0.0026352062745608196,0.007280813252913472,GOLD,2024-03-15 00:00:00-04:00
2146.199951171875,2160.699951171875,2146.199951171875,2160.699951171875,21,0.0,0.0,2103.6799865722655,2055.5319897460936,1977.641494140625,2142.001291568028,2104.618236986512,37.38305458151626,33.0836338903889,4.299420691127359,68.11704552938606,2229.3000779347376,2103.6799865722655,1978.0598952097932,11.94288980874486,18.147086634375864,79.89419128527734,79.67866033039151,541.05,0.03881341835320211,0.0015759988257531,0.0015759988257531,0.00729323891371694,GOLD,2024-03-18 00:00:00-04:00
2156.10009765625,2156.300048828125,2156.10009765625,2156.300048828125,12,0.0,0.0,2110.119989013672,2057.809990234375,1978.5329943847655,2144.2011003772736,2108.4465193451497,35.75458103212395,33.617823318735915,2.136757713388036,66.29470736097404,2232.625535613271,2110.119989013672,1987.6144424140728,11.611239857204671,17.17942712589366,75.96520004803767,77.9182713624519,475.35,0.025244556642473964,-0.002036331949451742,-0.002036331949451742,0.007322049493866304,GOLD,2024-03-19 00:00:00-04:00
2157.300048828125,2185.89990234375,2150.89990234375,2157.89990234375,17,0.0,0.0,2116.899981689453,2060.4359887695314,1979.560493774414,2146.3086083721164,2112.1097329006016,34.19887547151484,33.7340337492917,0.4648417222231416,66.64414295315888,2234.108562389243,2116.899981689453,1999.6914009896627,11.073605906146641,18.45232518832983,75.83276590383944,77.2307190790515,475.45,0.03575559995793459,0.0007419438294287151,0.0007419438294287151,0.00722385329386923,GOLD,2024-03-20 00:00:00-04:00
2207.0,2211.60009765625,2182.39990234375,2182.39990234375,63,0.0,0.0,2125.034979248047,2063.555986328125,1980.6824932861327,2151.8611151369832,2117.3164121186123,34.54470301837091,33.89616760310754,0.6485354152633676,71.5145251915109,2236.576977540915,2125.034979248047,2013.492980955179,10.497897623533476,20.970030197199126,77.69277109557284,76.49691234915,430.4,0.14637546468401488,0.011353631358614003,0.011353631358614003,0.007355539772812885,GOLD,2024-03-21 00:00:00-04:00
2179.199951171875,2179.60009765625,2157.5,2158.10009765625,19,0.0,0.0,2131.0099853515626,2066.2839892578127,1981.645493774414,2152.820958601486,2120.337425862141,32.48353273934481,33.613640630355,-1.1301078910101907,61.86593413372961,2236.0017613669906,2131.0099853515626,2026.0182093361345,9.853710375562326,21.250735350524188,46.60689050241216,66.71080916727483,430.25,0.044160371876815804,-0.0111344417956597,-0.0111344417956597,0.007958801283671203,GOLD,2024-03-22 00:00:00-04:00
2166.199951171875,2179.39990234375,2166.199951171875,2174.800048828125,79,0.0,0.0,2138.324987792969,2069.4939892578127,1982.8059942626953,2156.2023570978918,2124.3716942299916,31.830662867900173,33.257045077864035,-1.4263822099638617,65.32807472660534,2233.6721980327206,2138.324987792969,2042.977777553217,8.917934437848253,21.254240303165318,57.258992928152985,60.519551508712674,427.05,0.18499004800374663,0.007738265333480765,0.007738265333480765,0.007805598913514723,GOLD,2024-03-25 00:00:00-04:00
2182.699951171875,2182.699951171875,2175.60009765625,2175.60009765625,202373,0.0,0.0,2145.404992675781,2072.0719921875,1983.865994873047,2159.1866248761007,2128.166390780085,31.020234096015884,32.8096828814944,-1.7894487854785197,65.4897211247283,2229.021562632962,2145.404992675781,2061.7884227186005,7.794945033002169,20.300359020349937,44.954251733058584,49.60671172120792,10497.5,19.278209097404144,0.0003678723607516421,0.0003678723607516421,0.00783585912687293,GOLD,2024-03-26 00:00:00-04:00
2179.39990234375,2196.199951171875,2172.10009765625,2190.60009765625,31200,0.0,0.0,2153.2849975585937,2075.363994140625,1985.0079956054688,2164.0194668422773,2132.791109807949,31.228357034328383,32.4934177120612,-1.2650606777328193,68.4588249947172,2221.2915846714764,2153.2849975585937,2085.278410445711,6.316543066987318,20.571751484298154,67.8899801776175,56.70107494627636,12028.45,2.5938504129792284,0.006894649442312106,0.006894649442312106,0.007816839872753755,GOLD,2024-03-27 00:00:00-04:00
2193.60009765625,2234.10009765625,2187.10009765625,2217.39990234375,2040,0.0,0.0,2161.8699951171875,2079.6599926757813,1986.3184948730468,2172.231841534812,2139.058427773564,33.17341376124796,32.62941692189855,0.5439968393494041,72.93856490055722,2215.136522320801,2161.8699951171875,2108.603467913574,4.927819649092817,22.459483521134,81.00094711961759,64.61505967676457,12095.15,0.16866264577123888,0.012234001411838502,0.012234001411838502,0.00802850198437576,GOLD,2024-03-28 00:00:00-04:00
2235.699951171875,2264.199951171875,2230.0,2236.5,400,0.0,0.0,2169.35,2084.0179931640623,1987.7779949951173,2182.119250529456,2146.276322012559,35.842928516897246,33.27211924089829,2.570809275998954,75.59855002109377,2220.3729908160603,2169.35,2118.3270091839395,4.703988827626748,24.198095328776215,76.5254651085805,75.1387974686052,12054.65,0.03318221599133944,0.008613736131250604,0.008613736131250604,0.007183345382709131,GOLD,2024-04-01 00:00:00-04:00
2252.0,2279.199951171875,2247.60009765625,2261.0,435,0.0,0.0,2176.515002441406,2088.7079931640624,1989.3064947509765,2194.2547504480012,2154.774372233851,39.48037821415028,34.513771035548686,4.966607178601592,78.51573556303615,2236.0498287457194,2176.515002441406,2116.9801761370927,5.470656185464643,25.519656460426127,86.31582618656014,81.28074613825275,12036.15,0.03614112486135517,0.010954616588419341,0.010954616588419341,0.006914655109744044,GOLD,2024-04-02 00:00:00-04:00
2281.699951171875,2298.800048828125,2267.89990234375,2294.39990234375,285,0.0,0.0,2184.5599975585938,2094.199990234375,1990.9894940185548,2209.661696893501,2165.1170040938437,44.54469279965724,36.5199553883704,8.024737411286843,81.72351745083007,2260.024026044573,2184.5599975585938,2109.0959690726145,6.908853825970985,26.39682734383319,97.11655067594593,86.65261399036221,11986.05,0.023777641508253344,0.014772181487726632,0.014772181487726632,0.007327071634774998,GOLD,2024-04-03 00:00:00-04:00
2301.699951171875,2302.89990234375,2280.0,2288.800048828125,251,0.0,0.0,2191.484997558594,2099.5019921875,1992.641494140625,2221.8368279603665,2174.278711111198,47.55811684916853,38.72758768053003,8.830529168638499,79.57818537399432,2277.7488134703926,2191.484997558594,2105.2211816467952,7.8726357705300485,26.14704698668439,91.00200516325644,91.47812734192085,11976.45,0.020957796341987817,-0.0024406615036484114,-0.0024406615036484114,0.00737821963409245,GOLD,2024-04-04 00:00:00-04:00
2289.199951171875,2328.39990234375,2267.39990234375,2325.699951171875,344,0.0,0.0,2199.8699951171875,2105.7379907226564,1994.5924938964845,2237.815769992906,2185.4950992638405,52.32067072906557,41.44620429023714,10.874466438828428,82.78508639938137,2302.528141125273,2199.8699951171875,2097.211849109102,9.333110250691611,28.636543630492646,98.5181383669373,95.5455647353799,11986.05,0.028700030452067198,0.016121942308871873,0.016121942308871873,0.007928971521513693,GOLD,2024-04-05 00:00:00-04:00
2325.60009765625,2341.800048828125,2319.0,2331.699951171875,202,0.0,0.0,2207.5249877929687,2112.0339892578127,1996.5844934082031,2252.259490174286,2196.325088294065,55.934401880220776,44.34384380823387,11.590558071986905,83.24579443113058,2324.527744364892,2207.5249877929687,2090.5222312210453,10.600356255889988,28.21965114460924,94.70922477417969,94.74312276812448,11983.2,0.016856933039588757,0.0025798684808746586,0.0025798684808746586,0.00781447424436002,GOLD,2024-04-08 00:00:00-04:00
2337.800048828125,2364.699951171875,2337.800048828125,2343.5,211,0.0,0.0,2215.574987792969,2118.56798828125,1998.7384936523438,2266.296491685934,2207.2269336056156,59.06955808031853,47.28898666265081,11.780571417667723,84.14450133704642,2345.970638915089,2215.574987792969,2085.179336670849,11.770818125367335,28.56110463428001,90.08421593536784,94.43719302549495,11956.85,0.01764678824272279,0.005060706383852809,0.005060706383852809,0.007812561423802654,GOLD,2024-04-09 00:00:00-04:00
2346.60009765625,2358.10009765625,2327.699951171875,2329.60009765625,377,0.0,0.0,2224.0349975585937,2124.6559912109374,2000.7909942626952,2276.0355079890596,2216.291612424181,59.743895564878585,49.779968443096365,9.96392712178222,78.78354366134185,2360.8130144166566,2224.0349975585937,2087.2569807005307,12.2999878156782,28.69246476642965,83.05991226488793,89.28445099147848,11948.2,0.03155286988835138,-0.00593125766748448,-0.00593125766748448,0.007473804450361534,GOLD,2024-04-10 00:00:00-04:00
2341.5,2376.300048828125,2330.60009765625,2354.800048828125,283,0.0,0.0,2233.0050048828125,2131.1219921875,2002.9464947509766,2288.153129656608,2226.551496602251,61.60163305435708,52.14430136534851,9.45733168900857,81.13071462419897,2379.063921075668,2233.0050048828125,2086.946088689957,13.081826137735925,29.978713795390036,90.17367678153994,87.77260166059857,11961.35,0.023659536757974643,0.010817286278974603,0.010817286278974603,0.0076084468772508445,GOLD,2024-04-11 00:00:00-04:00
2377.300048828125,2429.0,2334.300048828125,2356.199951171875,584,0.0,0.0,2242.665002441406,2137.2779931640625,2005.157494506836,2298.6218714281877,2236.1550858296305,62.46678559855718,54.20879821199024,8.257987386566938,81.25477845249803,2394.37262784174,2242.665002441406,2090.9573770410725,13.529227524858323,34.60165932228182,72.29831228998847,81.8439671121388,11964.8,0.04880984220379781,0.000594488837575291,0.000594488837575291,0.007310549054160753,GOLD,2024-04-12 00:00:00-04:00
2362.10009765625,2384.699951171875,2326.0,2365.800048828125,1801,0.0,0.0,2253.0900024414063,2143.533994140625,2007.424994506836,2308.9569756435626,2245.7584164221116,63.19855922145098,56.00675041388239,7.191808807568584,82.1228406243593,2408.510380684609,2253.0900024414063,2097.6696241982036,13.796197939256057,36.32296588296705,75.39899758805316,79.2903288865272,12049.85,0.14946244144117976,0.00407439854647107,0.00407439854647107,0.007126592358377429,GOLD,2024-04-15 00:00:00-04:00
2384.0,2390.800048828125,2371.39990234375,2390.800048828125,41,0.0,0.0,2264.595007324219,2150.6279956054686,2009.8329949951171,2321.548217671957,2256.502241044779,65.04597662717788,57.81459565654149,7.231380970636387,84.1776866123149,2424.943566670086,2264.595007324219,2104.2464479783516,14.16134530256079,35.514182605612255,85.13041428845668,77.60924138883279,12050.85,0.0034022496338432556,0.010567249760766284,0.010567249760766284,0.007205782179745024,GOLD,2024-04-16 00:00:00-04:00
2384.199951171875,2391.39990234375,2369.300048828125,2371.699951171875,37,0.0,0.0,2275.3650024414064,2157.5479956054687,2012.085994873047,2329.2638689796368,2265.0354047578976,64.22846422173916,59.097369369581024,5.131094852158135,76.90468284127486,2434.098815780549,2275.3650024414064,2116.6311891022638,13.952382423815562,34.556016242041736,76.3124960891058,78.94730265520523,12052.1,0.0030700043975738665,-0.007988998354593546,-0.007988998354593546,0.0076265889586427695,GOLD,2024-04-17 00:00:00-04:00
2368.39990234375,2384.39990234375,2368.39990234375,2382.300048828125,128,0.0,0.0,2286.585009765625,2164.503996582031,2014.3889953613282,2337.4232812640194,2273.7216746890253,63.701606574994,60.018216810663624,3.6833897643303786,78.03873527651436,2442.213670752986,2286.585009765625,2130.9563487782634,13.612322334196826,33.230586510467326,76.53268785332915,79.32519941029722,12057.65,0.010615667232006238,0.004469409231556698,0.004469409231556698,0.007567528520578254,GOLD,2024-04-18 00:00:00-04:00
2379.300048828125,2399.800048828125,2377.300048828125,2398.39990234375,160,0.0,0.0,2297.385009765625,2171.767995605469,2016.7829949951172,2346.8042998916703,2282.957098959746,63.84720093192436,60.78401363491578,3.0631872970085823,79.67145709806427,2452.5730468028564,2297.385009765625,2142.1969727283936,13.50997210981745,32.46411604543395,83.1311388479894,78.6587742634748,12062.5,0.013264248704663213,0.006758113245871167,0.006758113245871167,0.007432572347038996,GOLD,2024-04-19 00:00:00-04:00
2383.300048828125,2383.300048828125,2326.89990234375,2332.199951171875,53,0.0,0.0,2306.0900024414063,2177.767995605469,2018.9004949951172,2344.557477011702,2286.6047176421257,57.95275936957614,60.21776278184786,-2.2650034122717173,59.93887681082276,2448.0145525738208,2306.0900024414063,2164.165452308992,12.308673987759546,35.25239347076009,40.09901588423874,66.58761419518576,12064.2,0.004393163243314932,-0.027601715254901182,-0.027601715254901182,0.009815621775647558,GOLD,2024-04-22 00:00:00-04:00
2327.699951171875,2330.800048828125,2294.199951171875,2327.699951171875,171,0.0,0.0,2313.734997558594,2183.855993652344,2020.9079949951172,2341.9640114978824,2289.6488090146995,52.31520248318293,58.63725072211488,-6.322048238931949,58.87148072516742,2442.4003842085867,2313.734997558594,2185.069610908601,11.121877551729813,35.448651079991514,37.31436410168088,53.51483961130302,12068.8,0.014168765743073049,-0.0019295086588689836,-0.0019295086588689836,0.00985632080839814,GOLD,2024-04-23 00:00:00-04:00
2321.300048828125,2328.699951171875,2314.60009765625,2324.5,95,0.0,0.0,2321.1799926757812,2189.9819946289062,2022.9054949951171,2339.2772404982084,2292.2303787173146,47.04686178089378,56.31917293387066,-9.272311152976883,58.0794266247077,2433.162120061891,2321.1799926757812,2209.1978652896714,9.648724160940269,33.92373696825105,35.334197493934255,37.58252582661797,1954.9,0.04859583610414855,-0.0013747266567858407,-0.0013747266567858407,0.009892630847412019,GOLD,2024-04-24 00:00:00-04:00
2315.0,2329.800048828125,2305.0,2329.800048828125,1024,0.0,0.0,2328.139990234375,2196.7199951171874,2024.8979949951172,2337.8192110105033,2295.0133172440414,42.80589376646185,53.616517100388904,-10.810623333927055,59.06185135998751,2422.749027153731,2328.139990234375,2233.5309533150194,8.127435404761153,33.27204495824204,26.409558428010236,33.01937334120847,446.1,2.2954494507957857,0.0022800812338674703,0.0022800812338674703,0.00985966703816436,GOLD,2024-04-25 00:00:00-04:00
2347.89990234375,2347.89990234375,2332.800048828125,2334.800048828125,717,0.0,0.0,2334.0099975585936,2203.6099951171873,2026.7909954833985,2337.3547245209065,2297.960482546566,39.39424197434073,50.77206207517928,-11.377820100838548,60.013893152864874,2413.817514659129,2334.0099975585936,2254.2024804580583,6.838661118334115,32.18831699805511,30.1187558974972,30.62083727314724,379.95,1.8870904066324516,0.002146106916992796,0.002146106916992796,0.009624738020378193,GOLD,2024-04-26 00:00:00-04:00
2334.800048828125,2345.5,2327.89990234375,2345.39990234375,405,0.0,0.0,2339.4549926757813,2210.4759936523437,2028.721995239258,2338.5924441859593,2301.4745136426536,37.11793054330565,48.041235768804555,-10.923305225498908,62.02986515842241,2405.598427420849,2339.4549926757813,2273.3115579307137,5.654602029288479,31.146301330783313,37.98214586491494,31.503486730140803,380.2,1.065228826933193,0.004539940591891556,0.004539940591891556,0.00953405516630998,GOLD,2024-04-29 00:00:00-04:00
2322.5,2322.5,2291.39990234375,2291.39990234375,113,0.0,0.0,2340.974987792969,2216.073991699219,2030.378494873047,2331.3320531333115,2300.728246139031,30.603806994280603,44.55375001389977,-13.94994301961917,48.5898559545968,2400.946094048086,2340.974987792969,2281.003881537852,5.123600770434254,32.778708378584504,0.0,22.700300587470725,364.1,0.3103542982697061,-0.02302379220960915,-0.02302379220960915,0.010867921030184224,GOLD,2024-04-30 00:00:00-04:00
2287.699951171875,2327.300048828125,2283.800048828125,2299.89990234375,42,0.0,0.0,2341.2499877929686,2221.521989746094,2032.1159942626953,2326.4963376272253,2300.6668873393805,25.829450287844793,40.808890068688775,-14.979439780843983,50.411200756438085,2400.4092296531735,2341.2499877929686,2282.0907459327636,5.053645887338388,33.544514922971324,11.088057114129056,16.356734326348008,351.95,0.1193351328313681,0.0037095227207202264,0.0037095227207202264,0.010386168835812837,GOLD,2024-05-01 00:00:00-04:00
2321.699951171875,2324.699951171875,2292.300048828125,2299.199951171875,56,0.0,0.0,2341.769982910156,2227.059987792969,2033.7259942626954,2322.2968935571716,2300.558225401047,21.73866815612473,36.99484568617597,-15.25617753005124,50.25331550158481,2399.234547767732,2341.769982910156,2284.3054180525805,4.907789003782811,33.462756881598374,13.275777882543103,8.121278332224064,342.2,0.1636469900642899,-0.00030433984155642246,-0.00030433984155642246,0.010368862118917544,GOLD,2024-05-02 00:00:00-04:00
2300.0,2301.0,2277.60009765625,2299.0,194,0.0,0.0,2340.4349853515623,2232.6459887695314,2035.3334942626952,2318.7127560868375,2300.4428012972653,18.26995478957224,33.249867506855225,-14.979912717282986,50.20494262685532,2400.512039573269,2340.4349853515623,2280.357931129856,5.133836624193357,32.74398155746635,17.512202041431998,13.958679012701396,334.7,0.5796235434717658,-8.696554285025915e-05,-8.696554285025915e-05,0.009675597981406173,GOLD,2024-05-03 00:00:00-04:00
2322.800048828125,2325.5,2314.199951171875,2321.60009765625,9,0.0,0.0,2339.9299926757812,2238.3059912109375,2037.0999945068359,2319.156962482132,2302.010008434968,17.146954047163945,30.02928481491697,-12.882330767753025,55.42741385512555,2400.4603388504265,2339.9299926757812,2279.399646501136,5.173688645738241,32.29798287479018,36.00656103218382,22.264846985386317,325.05,0.02768804799261652,0.009830403504240914,0.009830403504240914,0.009930805059813386,GOLD,2024-05-06 00:00:00-04:00
2324.300048828125,2324.300048828125,2315.199951171875,2315.199951171875,25,0.0,0.0,2338.514990234375,2244.039990234375,2038.8544940185548,2318.5481915113232,2302.9870412302944,15.561150281028858,27.135657908139347,-11.574507627110489,53.70948532817001,2399.961551411415,2338.514990234375,2277.0684290573354,5.2551778743040085,30.64099107346588,30.769123191170976,28.095962088262272,315.75,0.0791765637371338,-0.002756782484130804,-0.002756782484130804,0.009867750228609364,GOLD,2024-05-07 00:00:00-04:00
2313.60009765625,2313.60009765625,2313.60009765625,2313.60009765625,4,0.0,0.0,2337.714990234375,2249.6319921875,2040.6209942626954,2317.78694630285,2303.773193558143,14.01375274470729,24.511276875452936,-10.497524130745646,53.265060929807646,2400.015673962434,2337.714990234375,2275.414306506316,5.330049555939489,28.566624105048675,29.459913571786764,32.07853259838053,297.1,0.013463480309660046,-0.0006910217473075075,-0.0006910217473075075,0.009786878864540742,GOLD,2024-05-08 00:00:00-04:00
2310.699951171875,2339.5,2310.699951171875,2332.10009765625,5,0.0,0.0,2336.5799926757813,2255.613994140625,2042.470994873047,2319.988969587989,2305.871482750595,14.117486837393699,22.43251886784109,-8.31503203044739,57.63094201371263,2398.419687641507,2336.5799926757813,2274.7402977100555,5.293180217203593,28.583297299554125,51.56104557832714,37.26336078042831,283.2,0.01765536723163842,0.007996196066356154,0.007996196066356154,0.009637427237077771,GOLD,2024-05-09 00:00:00-04:00
2367.300048828125,2367.300048828125,2367.300048828125,2367.300048828125,126,0.0,0.0,2337.1349975585936,2262.04599609375,2044.4629949951172,2327.2675971633944,2310.421746904486,16.845850258908285,21.31518514605453,-4.469334887146246,64.43815740922948,2399.861958010198,2337.1349975585936,2274.408037106989,5.367850853042729,29.05591543329133,100.0,60.34031971670464,260.3,0.4840568574721475,0.01509367081080737,0.01509367081080737,0.010245465833734672,GOLD,2024-05-10 00:00:00-04:00
2358.300048828125,2358.300048828125,2336.10009765625,2336.10009765625,14,0.0,0.0,2335.65,2267.03,2046.416495361328,2328.6264433930646,2312.3238469601724,16.302596432892187,20.31266740342206,-4.010070970529874,55.8698553505743,2396.9829264523196,2335.65,2274.3170735476806,5.251893601551559,29.209060843190162,65.2174268054032,72.25949079457679,170.95,0.08189529102076631,-0.013179550765995973,-0.013179550765995973,0.010628868275641194,GOLD,2024-05-13 00:00:00-04:00
2336.0,2358.0,2336.0,2353.39990234375,6,0.0,0.0,2333.779992675781,2271.7439990234375,2048.3814947509763,2332.437744770093,2315.3665177293265,17.071227040766644,19.66437933089098,-2.593152290124337,59.116063260001496,2390.370154251171,2333.779992675781,2277.1898311003915,4.849656930215305,28.694127925819437,84.50373015505797,83.24038565348707,169.2,0.03546099290780142,0.007405420985537647,0.007405420985537647,0.010476808319787716,GOLD,2024-05-14 00:00:00-04:00
2361.60009765625,2388.699951171875,2356.0,2388.699951171875,29,0.0,0.0,2334.629992675781,2276.847998046875,2050.472494506836,2341.0934688319057,2320.798623910256,20.294844921649656,19.790472449042717,0.5043724726069385,64.80510865111896,2393.919216864517,2334.629992675781,2275.3407684870454,5.079110983302564,29.165979418841264,100.0,83.24038565348707,168.8,0.17180094786729858,0.014999596453186603,0.014999596453186603,0.01089195652334108,GOLD,2024-05-15 00:00:00-04:00
2389.5,2392.199951171875,2380.0,2380.0,7,0.0,0.0,2334.514990234375,2281.4419970703125,2052.6689947509767,2347.0790890116123,2325.183911028015,21.895177983597478,20.21141355595367,1.6837644276438084,62.49691898978692,2393.441723258211,2334.514990234375,2275.5882572105393,5.0483062452231104,27.95412025834367,89.35430474157491,91.28601163221099,162.75,0.043010752688172046,-0.0036421280821004043,-0.0036421280821004043,0.010884019303685504,GOLD,2024-05-16 00:00:00-04:00
2380.699951171875,2415.800048828125,2380.699951171875,2412.199951171875,213,0.0,0.0,2335.2049926757813,2286.52599609375,2055.0429943847657,2357.0976831901144,2331.629543631264,25.468139558850453,21.262758756533028,4.205380802317425,67.15920574756208,2397.3434645230477,2335.2049926757813,2273.066520828515,5.321885833762745,28.514543727613766,97.39500801141914,95.58310425099803,165.4,1.2877871825876661,0.013529391248686906,0.013529391248686906,0.011205593903883267,GOLD,2024-05-17 00:00:00-04:00
2415.800048828125,2435.800048828125,2409.699951171875,2433.89990234375,40,0.0,0.0,2340.289990234375,2291.6319921875,2057.5524938964845,2368.9134092137506,2339.2051257581147,29.708283455635865,22.9518636963536,6.756419759282267,69.87701094302562,2415.81542877541,2340.289990234375,2264.7645516933403,6.454365814167427,28.342083293944928,98.79889565685731,95.18273613661712,164.75,0.24279210925644917,0.008995917258572517,0.008995917258572517,0.009212251123997966,GOLD,2024-05-20 00:00:00-04:00
2429.5,2429.5,2421.0,2421.699951171875,6,0.0,0.0,2344.989990234375,2296.4159912109376,2059.962993774414,2377.0344156688466,2345.315853566541,31.71856210230544,24.705203377543967,7.013358724761474,66.54282419561251,2428.1136715656644,2344.989990234375,2261.8663089030856,7.089470034196728,27.239070368931007,91.0871668721749,95.76035684681715,156.5,0.038338658146964855,-0.005012511467758718,-0.005012511467758718,0.009309857450850147,GOLD,2024-05-21 00:00:00-04:00
2417.5,2417.60009765625,2375.800048828125,2389.199951171875,180,0.0,0.0,2348.224987792969,2300.9919921875,2062.2414935302736,2378.9060365154664,2348.5665274632324,30.339509052234007,25.832064512481978,4.507444539752029,58.530674053744754,2432.9281267578704,2348.224987792969,2263.5218488280675,7.214226865417316,28.571986938560936,70.54354485506654,86.80986912803293,160.75,1.119751166407465,-0.013420324835978548,-0.013420324835978548,0.009911412009759733,GOLD,2024-05-22 00:00:00-04:00
2371.199951171875,2371.199951171875,2335.0,2335.0,365,0.0,0.0,2348.4849853515625,2304.183994140625,2064.295993652344,2372.151261666933,2347.561599502993,24.58966216393992,25.58358404277357,-0.9939218788336497,48.12404268539073,2432.9920012782814,2348.4849853515625,2263.9779694248436,7.196726098214194,30.402555812369084,19.424484299681897,60.351732008974466,127.8,2.856025039123631,-0.022685397739645285,-0.022685397739645285,0.01127567111435953,GOLD,2024-05-23 00:00:00-04:00
2342.60009765625,2345.39990234375,2332.5,2332.5,25,0.0,0.0,2348.369982910156,2307.573994140625,2066.3814935302735,2366.0510675643277,2346.4459254657345,19.605142098593205,24.3878956539375,-4.782753555344293,47.70273851916839,2432.957400960363,2348.369982910156,2263.782564859949,7.20392601385444,29.15236627889629,17.426084580706856,35.79803791181845,93.2,0.26824034334763946,-0.0010706638115631772,-0.0010706638115631772,0.011268972855747206,GOLD,2024-05-24 00:00:00-04:00
2336.89990234375,2359.699951171875,2336.89990234375,2355.199951171875,26,0.0,0.0,2348.8599853515625,2311.5319921875,2068.5854931640624,2364.381665042412,2347.0943718143376,17.287293228074304,22.96777516876486,-5.680481940690555,51.82665666510634,2433.486436892479,2348.8599853515625,2264.233533810646,7.205746793651496,29.0129080569662,35.571514997755706,24.14069462604817,74.25,0.3501683501683502,0.009732026225884205,0.009732026225884205,0.011437337237533275,GOLD,2024-05-28 00:00:00-04:00
2340.300048828125,2340.300048828125,2340.300048828125,2340.300048828125,119317,0.0,0.0,2351.3049926757812,2315.123994140625,2070.7224932861327,2360.6768010094447,2346.5910886301735,14.085712379271172,21.191362610866122,-7.10565023159495,49.0903163929717,2431.8782285047423,2351.3049926757812,2270.73175684682,6.853490812969257,28.0048362203079,23.661130735153492,25.5529101045387,6034.45,19.7726387657533,-0.006326385297492965,-0.006326385297492965,0.010188696480855136,GOLD,2024-05-29 00:00:00-04:00
2336.89990234375,2349.5,2320.800048828125,2342.89990234375,32587,0.0,0.0,2353.4549926757813,2318.8559912109376,2072.883992919922,2357.941893522415,2346.3176674237716,11.624226098643248,19.27793530842155,-7.653709209778302,49.590442966061396,2430.6507748030353,2353.4549926757813,2276.2592105485273,6.560208915615215,28.05448728827698,19.217263926630434,26.14996988651323,7661.7,4.253233616560293,0.0011109060639156176,0.0011109060639156176,0.010170297869623868,GOLD,2024-05-30 00:00:00-04:00
2344.10009765625,2354.0,2319.0,2322.89990234375,941,0.0,0.0,2354.639990234375,2322.1559912109374,2074.9859924316406,2352.5508179564663,2344.5830181585848,7.967799797881526,17.015908206313547,-9.048108408432022,45.858260172769974,2429.1488669183286,2354.639990234375,2280.1311135504216,6.328685233663861,28.55059533911434,3.3389560902400226,15.405783584007997,7705.95,0.12211343182865189,-0.008536429567474357,-0.008536429567474357,0.010389065111843603,GOLD,2024-05-31 00:00:00-04:00
2322.60009765625,2347.5,2312.0,2346.60009765625,781,0.0,0.0,2357.0199951171876,2325.4399951171877,2077.238493041992,2351.6353225256635,2344.732431454708,6.90289107095532,14.993304779241903,-8.090413708286583,50.602598335738236,2427.1818172401418,2357.0199951171876,2286.8581729942334,5.953434613902443,29.04698138632046,27.94837157478529,16.834863863885264,7735.3,0.10096570268767856,0.010202848296901212,0.010202848296901212,0.010607606278287959,GOLD,2024-06-03 00:00:00-04:00
2347.5,2347.699951171875,2313.89990234375,2325.5,890,0.0,0.0,2357.214990234375,2328.7879931640623,2079.4454931640626,2347.6145036755615,2343.3078069025073,4.306696773054227,12.855983178004369,-8.549286404950141,46.68068599537101,2427.002649476099,2357.214990234375,2287.4273309926507,5.921195947832091,29.386486203592217,10.904680674837552,14.064002779954302,7779.35,0.11440544518500903,-0.00899177396153883,-0.00899177396153883,0.010625231996524695,GOLD,2024-06-04 00:00:00-04:00
2326.39990234375,2354.300048828125,2326.199951171875,2354.10009765625,295,0.0,0.0,2359.1599975585937,2332.373994140625,2081.785493774414,2348.6122873648983,2344.107235847229,4.505051517669472,11.18579684593739,-6.680745328267918,52.099820605564425,2426.2723882040173,2359.1599975585937,2292.04760691317,5.689515820450983,29.344597819630273,34.0065275052506,24.28652658495783,7792.85,0.037855213432826246,0.012298472438722952,0.012298472438722952,0.010938080191089454,GOLD,2024-06-05 00:00:00-04:00
2355.0,2375.800048828125,2355.0,2370.300048828125,179,0.0,0.0,2361.9949951171875,2336.2679931640623,2084.170493774414,2351.9488660515485,2346.0474442161844,5.90142183536409,10.12892184382273,-4.227500008458641,54.89615936626133,2425.8824225669628,2361.9949951171875,2298.1075676674122,5.409615818987421,28.798551630504896,47.09210487393632,30.66777101800817,7801.6,0.022944011484823626,0.006881589779467623,0.006881589779467623,0.011011277494663128,GOLD,2024-06-06 00:00:00-04:00
2379.89990234375,2385.10009765625,2285.39990234375,2305.199951171875,269,0.0,0.0,2360.6499877929687,2338.559990234375,2086.214493408203,2344.7567253008297,2343.02170399068,1.7350213101494774,8.45014173708808,-6.7151204269386024,43.824306356796995,2428.035161472729,2360.6499877929687,2293.264814113208,5.709035564629439,33.862954750647404,13.164913260361763,31.42118187984958,7814.8,0.034421866202589954,-0.027464918497738466,-0.027464918497738466,0.012609995758804601,GOLD,2024-06-07 00:00:00-04:00
2290.60009765625,2309.300048828125,2290.5,2307.699951171875,69,0.0,0.0,2357.6699829101562,2340.3659912109374,2088.1604931640627,2339.055683127144,2340.405277855954,-1.349594728809734,6.490194443908518,-7.839789172718252,44.28899535685625,2428.783529641604,2357.6699829101562,2286.5564361787083,6.0325276435567945,32.787032899038664,15.475387727579232,25.24413528729245,7811.95,0.008832621816575887,0.0010845046212710763,0.0010845046212710763,0.012075749296946967,GOLD,2024-06-10 00:00:00-04:00
2300.0,2314.10009765625,2300.0,2307.5,871,0.0,0.0,2356.2399780273436,2341.7859912109375,2090.106993408203,2334.200962646045,2337.9678498666244,-3.7668872205795196,4.43877811101091,-8.20566533159043,44.257462081521176,2430.1271238643167,2356.2399780273436,2282.3528321903705,6.271614650968769,31.452251810268045,16.717144482282286,15.119148490074442,7854.8,0.11088761012374598,-8.664522082846293e-05,-8.664522082846293e-05,0.011742694209427525,GOLD,2024-06-11 00:00:00-04:00
2314.89990234375,2338.699951171875,2310.300048828125,2336.0,132,0.0,0.0,2355.369982910156,2343.2859912109375,2092.2314935302734,2334.4777376235766,2337.8220832098373,-3.344345586260715,2.8821533715565852,-6.2264989578173005,49.74933702726537,2429.778321757695,2355.369982910156,2280.9616440626173,6.318186899503932,31.434230336097112,50.752255296641295,27.648262502167615,7861.1,0.016791543168258895,0.012351029252437806,0.012351029252437806,0.011968928261498984,GOLD,2024-06-12 00:00:00-04:00
2309.39990234375,2317.699951171875,2296.199951171875,2300.199951171875,298,0.0,0.0,2350.9449829101563,2343.4019921875,2094.1429931640623,2329.2042320156224,2335.0352586144327,-5.83102659881024,1.1395173774832204,-6.9705439762934605,43.898630484233685,2427.396585336693,2350.9449829101563,2274.4933804836196,6.503904003053261,32.03178879981339,14.844553495342481,27.43798442475537,7874.55,0.03784343232311688,-0.015325363368204226,-0.015325363368204226,0.011848604225337251,GOLD,2024-06-13 00:00:00-04:00
2307.0,2331.39990234375,2305.800048828125,2331.39990234375,948,0.0,0.0,2348.5149780273437,2344.2539892578125,2096.1174926757812,2329.542027450719,2334.7659729647526,-5.223945514033403,-0.13317520082010437,-5.090770313213299,49.47535587939492,2424.203755596508,2348.5149780273437,2272.8262004581793,6.4456712669331,31.972371826389217,46.13832486066625,37.24504455088336,7921.6,0.11967279337507573,0.013564016969907167,0.013564016969907167,0.012324350595289978,GOLD,2024-06-14 00:00:00-04:00
2320.199951171875,2320.199951171875,2309.60009765625,2312.39990234375,110,0.0,0.0,2343.5249755859377,2343.98798828125,2097.9579919433595,2326.9047774342625,2333.1092269928263,-6.204449558563738,-1.347430072368831,-4.857019486194907,46.44738669768757,2414.7913430385856,2343.5249755859377,2272.2586081332897,6.081980622786378,31.24575988789713,27.081190679086713,29.354689678365162,7916.45,0.01389511712952144,-0.008149610017955,-0.008149610017955,0.011930097884569666,GOLD,2024-06-17 00:00:00-04:00
2311.800048828125,2330.39990234375,2311.800048828125,2330.39990234375,43,0.0,0.0,2338.3499755859375,2343.9619873046877,2099.9189916992186,2327.442488958799,2332.90853627808,-5.466047319281188,-2.1711535217513025,-3.2948937975298853,49.59471594734931,2396.4249328577457,2338.3499755859375,2280.2750183141293,4.967174108080716,30.342480861306264,45.13531779847786,39.45161111274362,7916.6,0.005431624687365788,0.0077841207231310605,0.0077841207231310605,0.011874031878243858,GOLD,2024-06-18 00:00:00-04:00
2328.89990234375,2354.0,2328.300048828125,2353.800048828125,183,0.0,0.0,2334.95498046875,2344.16798828125,2101.988991699219,2331.4974981694645,2334.456055726232,-2.9585575567675733,-2.3286343287545566,-0.6299232280130167,53.42674550762527,2379.507129253538,2334.95498046875,2290.4028316839617,3.816103450169664,30.01087159777546,68.60582997854897,46.940779485371195,7925.45,0.02309017153600111,0.010041257923518065,0.010041257923518065,0.012153725310663091,GOLD,2024-06-20 00:00:00-04:00
2331.199951171875,2331.199951171875,2316.39990234375,2316.39990234375,76,0.0,0.0,2331.314978027344,2343.903984375,2103.939991455078,2329.1747911193547,2333.118562883085,-3.943771763730183,-2.651661815749682,-1.2921099479805012,47.244535195794334,2368.8948969439207,2331.314978027344,2293.735059110767,3.2239246323013218,30.53867694681828,31.0932189278403,48.278122234955724,7920.25,0.009595656702755594,-0.015889262345370136,-0.015889262345370136,0.01229449748726848,GOLD,2024-06-21 00:00:00-04:00
2323.300048828125,2332.89990234375,2322.699951171875,2330.0,99,0.0,0.0,2331.064978027344,2343.4079833984374,2105.9994915771485,2329.3017463317615,2332.8875582250785,-3.5858118933169862,-2.8384918312631426,-0.7473200620538436,49.53149686837825,2368.610021133341,2331.064978027344,2293.5199349213467,3.221278124796805,29.535914307759832,44.73421292351092,48.144420609966744,7906.95,0.012520630584485801,0.005871221822488115,0.005871221822488115,0.011321105629543428,GOLD,2024-06-24 00:00:00-04:00
2324.39990234375,2333.0,2316.60009765625,2316.60009765625,105,0.0,0.0,2330.269982910156,2342.615986328125,2107.99499206543,2327.347646535529,2331.6810796644245,-4.333433128895649,-3.1374800907896443,-1.1959530381060048,47.353353496623605,2368.3296319902956,2330.269982910156,2292.2103338300167,3.266544165205159,28.597627738901988,31.294016240094816,35.70714936381536,7910.95,0.013272742211744482,-0.005751031048819688,-0.005751031048819688,0.011391556922383578,GOLD,2024-06-25 00:00:00-04:00
2307.89990234375,2314.39990234375,2298.0,2299.199951171875,986,0.0,0.0,2327.4699829101564,2341.283984375,2109.8989916992186,2323.0172318641976,2329.275070146458,-6.257838282260309,-3.761551729083777,-2.4962865531765317,44.61005108565601,2366.0179478245436,2327.4699829101564,2288.9220179957692,3.3124349785331,27.88351844728399,13.841546433154084,29.95659186558662,7958.95,0.1238856884388016,-0.007511070426863498,-0.007511070426863498,0.011245505056603145,GOLD,2024-06-26 00:00:00-04:00
2296.800048828125,2329.0,2295.0,2324.5,1532,0.0,0.0,2326.67998046875,2339.9579833984376,2111.9049914550783,2323.2453500389365,2328.92136124672,-5.676011207783631,-4.144443624823748,-1.531567582959883,49.21681560250803,2364.788919380986,2326.67998046875,2288.5710415565136,3.2758212759933167,28.320409986763707,39.21767408147473,28.11774558490789,2069.7,0.7402038942841959,0.011003848888927692,0.011003848888927692,0.011490035979740734,GOLD,2024-06-27 00:00:00-04:00
2325.39990234375,2338.300048828125,2319.0,2327.699951171875,92,0.0,0.0,2325.9199829101562,2339.0779833984375,2113.986990966797,2323.9306732901578,2328.8308864263613,-4.900213136203547,-4.295597527099708,-0.6046156091038393,49.7856677679085,2363.3040936362536,2325.9199829101562,2288.535872184059,3.2145655053294564,27.676098475432372,58.58260027066929,37.21394026176605,444.95,0.20676480503427352,0.0013766191318025367,0.0013766191318025367,0.011491877030424048,GOLD,2024-06-28 00:00:00-04:00
2323.800048828125,2329.699951171875,2321.699951171875,2327.60009765625,237,0.0,0.0,2326.154992675781,2337.983984375,2116.0794915771485,2324.4952001157108,2328.7397168878347,-4.244516772123916,-4.285381376104549,0.04086460398063352,49.76693400311114,2363.519296445661,2326.154992675781,2288.7906889059013,3.2125377618883064,26.270662870044344,55.25440280720339,51.018225719782485,409.75,0.5784014643075046,-4.289793260281449e-05,-4.289793260281449e-05,0.011325755272120113,GOLD,2024-07-01 00:00:00-04:00
2330.699951171875,2334.60009765625,2323.0,2323.0,30,0.0,0.0,2324.974987792969,2336.475986328125,2118.1444915771485,2324.2651693286784,2328.314552673921,-4.049383345242404,-4.238181769932121,0.18879842468971653,48.854887218487086,2361.1538750386867,2324.974987792969,2288.796100547251,3.112195824528962,25.22276535477332,47.45762711864407,53.76487673217226,372.2,0.08060182697474476,-0.0019763264578318562,-0.0019763264578318562,0.011082294036020542,GOLD,2024-07-02 00:00:00-04:00
2330.89990234375,2361.60009765625,2330.89990234375,2359.800048828125,59,0.0,0.0,2326.689990234375,2337.02798828125,2120.32499206543,2329.732073867055,2330.6468116483065,-0.9147377812514605,-3.573492972195989,2.6587551909445284,55.828868562278394,2365.928348972977,2326.689990234375,2287.4516314957727,3.372891008539515,26.17828909059308,97.29722794489615,66.66975262358122,330.65,0.17843641312566158,0.015841605177841167,0.015841605177841167,0.011459261746018325,GOLD,2024-07-03 00:00:00-04:00
2354.89990234375,2388.5,2354.89990234375,2388.5,72,0.0,0.0,2328.4099853515627,2338.2439892578127,2122.6099920654297,2338.7732932721233,2334.9322330076916,3.8410602644316896,-2.090582324870453,5.931642589302143,60.36769352350065,2374.6879274769017,2328.4099853515627,2282.1320432262237,3.9750681723993355,26.708418273854285,100.0,81.58495168784675,319.5,0.22535211267605634,0.012162026687865923,0.012162026687865923,0.011452091093954628,GOLD,2024-07-05 00:00:00-04:00
2381.699951171875,2383.800048828125,2352.800048828125,2355.199951171875,64,0.0,0.0,2327.65498046875,2338.85798828125,2124.725991821289,2341.3004714105464,2336.433545464298,4.866925946248557,-0.6990806706466512,5.5660066168952085,53.49865194095215,2371.608965134313,2327.65498046875,2283.700995803187,3.7766752404784145,27.350670623712908,64.38497451537434,87.22740082009017,313.75,0.20398406374501993,-0.013941824922807156,-0.013941824922807156,0.011809947665873845,GOLD,2024-07-08 00:00:00-04:00
2363.10009765625,2363.699951171875,2360.10009765625,2360.10009765625,9,0.0,0.0,2330.3999877929687,2339.4639892578125,2126.7984924316406,2344.192721602193,2338.186623404443,6.006098197750362,0.6419551030327515,5.36414309471761,54.32230556448202,2375.249781157687,2330.3999877929687,2285.5501944282505,3.849106900072863,26.004194150590557,69.62577289438502,78.0035824699198,300.75,0.029925187032418952,0.002080564956676856,0.002080564956676856,0.009924262685710951,GOLD,2024-07-09 00:00:00-04:00
2366.300048828125,2377.0,2365.800048828125,2372.199951171875,19,0.0,0.0,2333.6249877929686,2340.2119873046877,2129.0634924316405,2348.501526151375,2340.7061291649934,7.795396986381547,2.072643479702511,5.7227535066790365,56.37701395109149,2380.70248262897,2333.6249877929686,2286.5474929569673,4.034709525503062,25.35388759295909,82.56679269719251,72.19251336898397,298.25,0.06370494551550712,0.005126839123324123,0.005126839123324123,0.009962354761823508,GOLD,2024-07-10 00:00:00-04:00
2378.699951171875,2416.699951171875,2378.699951171875,2415.0,72,0.0,0.0,2338.9999877929686,2341.6039892578124,2131.5114923095703,2358.732060589625,2346.2093788564753,12.522681733149511,4.162651130391911,8.3600306027576,62.75850244266947,2396.346335060568,2338.9999877929686,2281.653640525369,4.903492737655824,26.72146705060487,98.60316199348824,83.59857586168862,258.3,0.2787456445993031,0.01804234453633713,0.01804234453633713,0.010620454447207262,GOLD,2024-07-11 00:00:00-04:00
2399.800048828125,2414.0,2391.300048828125,2414.0,355,0.0,0.0,2342.8999877929687,2344.0559912109375,2133.9984924316404,2367.2348204989135,2351.230906348588,16.003914150325272,6.530903734378583,9.473010415946689,62.52834556521057,2408.8618246821543,2342.8999877929687,2276.938150903783,5.630785542094116,26.50564448783845,97.78146897687584,92.98380788918554,269.45,1.317498608276118,-0.00041407867494824835,-0.00041407867494824835,0.010367263046584231,GOLD,2024-07-12 00:00:00-04:00
2430.0,2436.0,2422.89990234375,2422.89990234375,540,0.0,0.0,2349.0349853515627,2346.5159912109375,2136.610991821289,2375.798679244273,2356.539720866748,19.258958377524777,9.076514663007822,10.182443714516955,63.80073785282264,2420.5594551906165,2349.0349853515627,2277.510515512509,6.089689620212217,26.183812738707132,90.70915059840425,95.69792718958945,281.55,1.9179541822056472,0.003686786389291541,0.003686786389291541,0.009565115834071401,GOLD,2024-07-15 00:00:00-04:00
2427.39990234375,2462.39990234375,2427.39990234375,2462.39990234375,93,0.0,0.0,2355.5849853515624,2349.779990234375,2139.564991455078,2389.1219443365003,2364.3812157909706,24.74072854552969,12.209357439512196,12.531371106017495,68.85545329448382,2441.911467013613,2355.5849853515624,2269.2585036895116,7.329515360208233,27.134968971656626,100.0,96.1635398584267,238.8,0.3894472361809045,0.016302778320222977,0.016302778320222977,0.009747525740664148,GOLD,2024-07-16 00:00:00-04:00
2472.89990234375,2473.10009765625,2454.800048828125,2454.800048828125,10,0.0,0.0,2362.7049926757813,2352.8959912109376,2142.5369915771485,2399.2262681044426,2371.078907127056,28.147360977386597,15.396958147087076,12.750402830299521,66.91929370634762,2456.754016616565,2362.7049926757813,2268.6559687349977,7.961131350069429,26.50390324711865,89.72485188444657,93.47800082761694,233.8,0.0427715996578272,-0.0030863603870319167,-0.0030863603870319167,0.009511557108038355,GOLD,2024-07-17 00:00:00-04:00
2466.0,2466.0,2451.800048828125,2451.800048828125,2,0.0,0.0,2368.775,2355.499990234375,2145.5554919433594,2407.314542061932,2377.058250956765,30.256291105167293,18.36882473870312,11.887466366464174,66.12880764180574,2469.157772338861,2368.775,2268.3922276611393,8.475500825436002,25.62504952745839,86.1777836924939,91.9675451923135,231.75,0.008629989212513484,-0.001222095462085404,-0.001222095462085404,0.009488065137984404,GOLD,2024-07-18 00:00:00-04:00
2418.800048828125,2419.199951171875,2395.5,2395.5,15,0.0,0.0,2370.859997558594,2357.1059912109376,2148.3829919433592,2405.4969202062503,2378.4243064414486,27.072613764801645,20.109582543922826,6.963031220878818,53.38416828134556,2471.643465526501,2370.859997558594,2270.0765295906867,8.50184895537396,27.816120906077433,48.74503132382465,74.88255563358838,223.35,0.0671591672263264,-0.02296274072391602,-0.02296274072391602,0.010889578355851267,GOLD,2024-07-19 00:00:00-04:00
2402.10009765625,2402.10009765625,2392.0,2392.0,18,0.0,0.0,2374.640002441406,2358.6739892578125,2151.21999206543,2403.42047094375,2379.429913371712,23.990557572038142,20.885777549545892,3.1047800224922497,52.70414220886383,2472.600980460536,2374.640002441406,2276.679024422276,8.250596125595008,26.5506906739469,45.96932385615068,60.29737962415643,220.45,0.08165116806532094,-0.001461072844917588,-0.001461072844917588,0.010170536789185038,GOLD,2024-07-22 00:00:00-04:00
2395.800048828125,2404.60009765625,2388.699951171875,2404.60009765625,41,0.0,0.0,2378.370007324219,2360.1239892578124,2154.150492553711,2403.6019519764423,2381.2943714668627,22.307580509579566,21.170138141552627,1.1374423680269388,54.9299696086363,2474.9188393535296,2378.370007324219,2281.8211752949082,8.118907632705374,25.789937517548907,51.828476853028235,48.847610677667866,217.55,0.1884624224316249,0.005267599354619623,0.005267599354619623,0.010158258760691678,GOLD,2024-07-23 00:00:00-04:00
2421.0,2421.0,2411.60009765625,2413.300048828125,6,0.0,0.0,2383.2050048828123,2361.0439892578124,2157.133992919922,2405.093966876701,2383.665162382512,21.42880449418908,21.22187141207992,0.20693308210915973,56.45383253559982,2476.527485413887,2383.2050048828123,2289.8825243517376,7.831678797239146,25.11922071942041,50.29091890597444,49.362906538384465,212.6,0.028222013170272814,0.0036180449216294264,0.0036180449216294264,0.010015176532061352,GOLD,2024-07-24 00:00:00-04:00
2365.5,2365.5,2351.89990234375,2351.89990234375,31,0.0,0.0,2385.8400024414063,2361.3599853515625,2159.7424926757812,2396.9102646408624,2381.3121801574184,15.598084483443927,20.097114026352724,-4.499029542908797,44.912360379432506,2472.2457001883627,2385.8400024414063,2299.43430469445,7.243209742358099,27.710715416917168,0.0,34.039798586334236,164.85,0.18804974218986958,-0.02544240054782676,-0.02544240054782676,0.011597889540977567,GOLD,2024-07-25 00:00:00-04:00
2368.699951171875,2386.89990234375,2368.699951171875,2380.0,95,0.0,0.0,2388.6150024414064,2361.8919873046875,2162.3949926757814,2394.3086854653448,2381.214981627239,13.09370383810574,18.696431988703328,-5.6027281505975886,49.954932962773704,2470.4040240087243,2388.6150024414064,2306.8259808740886,6.848238119891333,28.231378601423085,23.184861694155945,24.49192686671014,93.0,1.021505376344086,0.011947828914082192,0.011947828914082192,0.01164173404185231,GOLD,2024-07-26 00:00:00-04:00
2377.300048828125,2377.300048828125,2377.300048828125,2377.300048828125,126409,0.0,0.0,2391.095007324219,2361.6639892578123,2164.976492919922,2391.6919721365416,2380.9249866050823,10.76698553145934,17.11054269725453,-6.34355716579519,49.48621136654528,2468.2203552513715,2391.095007324219,2313.969659397066,6.4510483850209415,26.407705213598224,20.95718279899121,14.714014831049061,6408.85,19.724131474445493,-0.0011344332654936728,-0.0011344332654936728,0.011653775945240917,GOLD,2024-07-29 00:00:00-04:00
2380.89990234375,2409.300048828125,2373.800048828125,2405.0,25944,0.0,0.0,2394.9650024414063,2362.1639892578123,2167.6374926757812,2393.739361038612,2382.708320930632,11.031040107980061,15.894642179399638,-4.863602071419576,54.23098924303157,2466.524494457282,2394.9650024414063,2323.405510425531,5.9758277839491125,27.05715484119835,43.81189116018983,29.317978551112336,7694.2,3.3718905149333267,0.011651853196036122,0.011651853196036122,0.011883508605400448,GOLD,2024-07-30 00:00:00-04:00
2407.10009765625,2447.60009765625,2402.800048828125,2426.5,1313,0.0,0.0,2400.140002441406,2362.449990234375,2170.4234924316406,2398.779459340364,2385.9521490098446,12.827310330519595,15.28117580962363,-2.453865479104035,57.5629172193406,2464.767684563667,2400.140002441406,2335.512320319145,5.385326027358578,28.324504411693113,61.55113650097898,42.10673682005335,7758.35,0.16923701560254434,0.008939708939708968,0.008939708939708968,0.011956022209569718,GOLD,2024-07-31 00:00:00-04:00
2446.699951171875,2455.10009765625,2430.39990234375,2435.0,690,0.0,0.0,2403.9,2362.4719921875,2172.9614923095705,2404.3518502110774,2389.5853231572637,14.766527053813661,15.178246058461637,-0.41171900464797595,58.83870448747345,2467.4434377759517,2403.9,2340.3565622240485,5.28669560097771,28.344189643447177,68.5643265194305,57.975784726866436,7789.9,0.08857623332777058,0.0035029878425716365,0.0035029878425716365,0.011528483528555532,GOLD,2024-08-01 00:00:00-04:00
2444.0,2477.0,2416.0,2425.699951171875,550,0.0,0.0,2405.7599975585936,2362.5519921875,2175.4844921875,2407.636173435815,2392.2604807879757,15.375692647839514,15.217735376337213,0.1579572715023012,56.8257726106381,2469.568662291007,2405.7599975585936,2341.95133282618,5.3046575549653845,30.67674752605809,58.99279873538768,63.03608725193239,7813.8,0.07038828738897847,-0.0038193219006673607,-0.0038193219006673607,0.011312119525244108,GOLD,2024-08-02 00:00:00-04:00
2442.0,2449.800048828125,2367.39990234375,2401.699951171875,334,0.0,0.0,2408.084997558594,2362.8019921875,2177.8794921875,2406.722908472132,2392.959700816413,13.76320765571927,14.926829832213626,-1.1636221764943553,51.89202125005855,2467.59933475679,2408.084997558594,2348.5706603603976,4.942876788695922,34.371276023080725,39.8081614332273,55.78842889601517,7827.3,0.04267116374739693,-0.00989405140087729,-0.00989405140087729,0.01106740724314291,GOLD,2024-08-05 00:00:00-04:00
2414.5,2421.800048828125,2380.0,2389.10009765625,163,0.0,0.0,2409.5349975585937,2363.883994140625,2180.0484924316406,2404.0117068081504,2392.67380428603,11.337902522120203,14.209044370194942,-2.871141848074739,49.46395950953448,2465.6163803275076,2409.5349975585937,2353.4536147896797,4.654954821219624,34.90190265201246,29.736343943326634,42.84576803731388,7835.0,0.020804084237396298,-0.005246222996955541,-0.005246222996955541,0.01115196838088032,GOLD,2024-08-06 00:00:00-04:00
2392.199951171875,2401.0,2384.5,2390.5,130,0.0,0.0,2410.45,2365.043994140625,2182.1589923095703,2401.93298268382,2392.512781746324,9.420200937495792,13.251275683655113,-3.83107474615932,49.74531321353687,2464.6298640093696,2410.45,2356.27013599063,4.495414881816242,33.58748103401157,30.85536972346363,33.46662503333919,7840.55,0.016580469482370498,0.0005859538263479624,0.0005859538263479624,0.011102574515911047,GOLD,2024-08-07 00:00:00-04:00
2384.300048828125,2422.800048828125,2384.300048828125,2422.199951171875,201,0.0,0.0,2410.8099975585938,2366.383994140625,2184.3574920654296,2405.0509778358282,2394.7118313334017,10.339146502426502,12.66884984740939,-2.329703344982889,55.7526773601082,2465.201274815276,2410.8099975585938,2356.4187203019114,4.512282370801837,33.93837524586788,56.19503912882262,38.92891759853763,7847.0,0.02561488466930037,0.01326080366947302,0.01326080366947302,0.01074952520129769,GOLD,2024-08-08 00:00:00-04:00
2422.300048828125,2432.10009765625,2418.5,2432.10009765625,611,0.0,0.0,2411.7150024414063,2368.2199951171874,2186.6364923095703,2409.212380885124,2397.4813325425016,11.731048342622216,12.481289546451956,-0.7502412038297397,57.462863374251505,2466.885224079352,2411.7150024414063,2356.5447808034605,4.575185839296632,32.48564113232375,64.10881910969731,50.38640932066119,7859.8,0.07773734700628515,0.004087254018639186,0.004087254018639186,0.010782972406096806,GOLD,2024-08-09 00:00:00-04:00
2432.699951171875,2469.800048828125,2432.0,2462.39990234375,566,0.0,0.0,2413.6900024414062,2370.6099951171873,2189.0734918212893,2417.3950764941433,2402.290115490742,15.104961003401058,13.006023837841777,2.0989371655592812,62.26940687912001,2472.993647135785,2413.6900024414062,2354.3863577470274,4.913940450877635,32.865241682023836,88.32926757869674,69.54437527240556,7861.1,0.0720001017669283,0.012458288504120008,0.012458288504120008,0.011096273646628838,GOLD,2024-08-12 00:00:00-04:00
2461.0,2470.0,2456.5,2466.699951171875,510,0.0,0.0,2413.9050048828126,2373.48599609375,2191.4864916992187,2424.9804418291787,2407.0612144300853,17.919227399093415,13.988664550092105,3.9305628490013103,62.90993827676203,2473.940139870751,2413.9050048828126,2353.8698698948742,4.974109160592496,31.48201013330785,91.76655412657833,81.40154693832413,7881.95,0.06470480020807035,0.0017462837064086134,0.0017462837064086134,0.01049148718302697,GOLD,2024-08-13 00:00:00-04:00
2468.0,2472.10009765625,2439.39990234375,2439.39990234375,274,0.0,0.0,2413.1349975585936,2375.3419921875,2193.747491455078,2427.198820369882,2409.4566727940605,17.74214757582149,14.739361155237983,3.002786420583508,56.36735624552935,2471.4218985171583,2413.1349975585936,2354.848096600029,4.8308031682880985,31.569023360393004,65.69337212255135,81.92973127594215,7895.15,0.034704850446159986,-0.011067438021862053,-0.011067438021862053,0.010768779138220849,GOLD,2024-08-14 00:00:00-04:00
2451.800048828125,2467.699951171875,2431.199951171875,2453.10009765625,285,0.0,0.0,2413.2,2377.893994140625,2196.0699920654297,2431.1836322600925,2412.689519080149,18.494113179943724,15.490311560179133,3.003801619764591,58.68924327767997,2471.661872441036,2413.2,2354.7381275589637,4.8451742450717825,31.921235977507788,78.19353918943602,78.55115514618858,7909.3,0.03603353014805356,0.005616215405820579,0.005616215405820579,0.010844887528904227,GOLD,2024-08-15 00:00:00-04:00
2453.5,2508.0,2451.39990234375,2498.60009765625,197,0.0,0.0,2418.3550048828124,2380.783994140625,2198.5819927978514,2441.5553961671935,2419.0532656413416,22.502130525851953,16.8926753533137,5.609455172538254,65.29459561510217,2486.9660212277417,2418.3550048828124,2349.743988537883,5.67418895955303,33.68401181170366,93.3144410989446,79.06711747031066,7918.4,0.024878763386542737,0.018547958986048663,0.018547958986048663,0.010152344639283906,GOLD,2024-08-16 00:00:00-04:00
2508.5,2508.5,2487.199951171875,2501.800048828125,88,0.0,0.0,2423.845007324219,2383.413994140625,2201.164993286133,2450.8238042688754,2425.1826569885106,25.64114728036475,18.64236973872391,6.9987775416408375,65.70985437782159,2500.2688836456277,2423.845007324219,2347.42113100281,6.306003567924198,32.799443027162326,95.25163250545899,88.91987093127987,7921.9,0.011108446206086925,0.001280697609383985,0.001280697609383985,0.010119357261962943,GOLD,2024-08-19 00:00:00-04:00
2503.5,2527.300048828125,2500.699951171875,2511.300048828125,187,0.0,0.0,2429.1800048828127,2387.53599609375,2203.8274932861327,2460.1278418933753,2431.5617230507046,28.566118842670676,20.627119559513265,7.938999283157411,66.9732867193901,2513.9288315617327,2429.1800048828127,2344.4311782038926,6.97756662812713,32.356632643525735,89.99375525802694,92.85327628747685,7929.2,0.02358371588558745,0.0037972658943907778,0.0037972658943907778,0.010101953738641584,GOLD,2024-08-20 00:00:00-04:00
2511.0,2515.39990234375,2503.89990234375,2508.39990234375,96,0.0,0.0,2433.9349975585938,2391.5499951171873,2206.441492919922,2467.5543127318942,2437.2534400353748,30.30087269651949,22.56187018691451,7.73900250960498,66.17172653023772,2525.0209329819686,2433.9349975585938,2342.849062135219,7.484664587570365,30.86687316898818,88.18003178863762,91.14180651737452,7933.7,0.012100281079445907,-0.0011548387002693339,-0.0011548387002693339,0.010123588128160213,GOLD,2024-08-21 00:00:00-04:00
2504.10009765625,2504.10009765625,2471.10009765625,2478.89990234375,210,0.0,0.0,2440.2849975585937,2394.9779931640624,2208.8784924316406,2469.299788056795,2440.3383631693287,28.961424887466364,23.841781127024884,5.11964376044148,58.50181067235143,2525.1011209965177,2440.2849975585937,2355.4688741206696,6.951329334301455,31.32636827745331,69.7310180456248,82.63493503076312,7942.65,0.026439538441200356,-0.011760485229024398,-0.011760485229024398,0.008505783588029732,GOLD,2024-08-22 00:00:00-04:00
2486.5,2508.39990234375,2486.5,2508.39990234375,94,0.0,0.0,2446.7049926757813,2398.4259912109374,2211.51249206543,2475.315190254788,2445.3799586637306,29.935231591057345,25.060471219831378,4.8747603712259675,63.10699339188274,2531.7342894532367,2446.7049926757813,2361.675695898326,6.9505148378730395,31.195913400492355,87.16894757690925,81.69333247039056,7942.6,0.011834915518847732,0.011900440179980043,0.011900440179980043,0.008503068437858693,GOLD,2024-08-23 00:00:00-04:00
2509.89990234375,2523.10009765625,2509.10009765625,2517.699951171875,290,0.0,0.0,2453.724987792969,2402.7759912109377,2214.2669915771485,2481.8359227035708,2450.7369951458154,31.09892755775536,26.268162487416177,4.830765070339183,64.4465092583151,2537.852911605223,2453.724987792969,2369.5970639807147,6.8571599694979755,30.017647822778617,93.28664499562937,83.39553687272115,1636.65,0.17719121375981425,0.003707562266860087,0.003707562266860087,0.008458010230207607,GOLD,2024-08-26 00:00:00-04:00
2515.199951171875,2523.10009765625,2506.89990234375,2516.0,100,0.0,0.0,2459.2749877929687,2406.4679931640626,2217.0894915771482,2487.091934595329,2455.571291801681,31.520642793647767,27.318658548662498,4.201984244985269,63.98916194029207,2544.451910177806,2459.2749877929687,2374.0980654081313,6.926994566091837,29.030686929187286,92.09786795236013,90.85115350829959,344.45,0.2903178980984178,-0.0006752000654739465,-0.0006752000654739465,0.008233384610428763,GOLD,2024-08-27 00:00:00-04:00
2501.0,2501.0,2501.0,2501.0,2353,0.0,0.0,2462.9999877929686,2410.2399951171874,2219.773491821289,2489.2316369652785,2458.9363812978527,30.295255667425863,27.91397797241517,2.3812776950106915,59.946651393966924,2548.6326974938893,2462.9999877929686,2377.367278092048,6.9535290398157095,28.028495005673907,75.8271718520347,87.07056160000808,396.45,5.93517467524278,-0.0059618441971383,-0.0059618441971383,0.00827417023166157,GOLD,2024-08-28 00:00:00-04:00
2504.10009765625,2525.699951171875,2503.89990234375,2525.699951171875,3966,0.0,0.0,2467.5349853515627,2414.14599609375,2222.738991699219,2494.842146843216,2463.8818309181506,30.960315925065515,28.52324556294524,2.4370703621202736,63.981772679375595,2556.3052133424735,2467.5349853515627,2378.764757360652,7.195053242842938,27.790741874688273,98.33496771046627,88.75333583828704,560.25,7.078982597054886,0.009876030056727325,0.009876030056727325,0.008473828702347612,GOLD,2024-08-29 00:00:00-04:00
2519.5,2525.39990234375,2493.800048828125,2493.800048828125,208,0.0,0.0,2470.939990234375,2416.94599609375,2225.4804919433595,2494.6818240716634,2466.0979952077782,28.583828863885174,28.53536222313323,0.0484666407519434,56.11852504932707,2558.242417689016,2470.939990234375,2383.637562779734,7.066333282044633,28.08425333676411,65.14051409205693,79.76755121818597,543.15,0.3829513025867624,-0.012630123514453473,-0.012630123514453473,0.00899769665621717,GOLD,2024-08-30 00:00:00-04:00
2501.60009765625,2501.800048828125,2476.300048828125,2489.89990234375,206,0.0,0.0,2475.349987792969,2420.41599609375,2228.1209912109375,2493.9461438058306,2467.8610994400724,26.085044365758222,28.045298651658232,-1.9602542859000103,55.22489688770784,2556.9403093830288,2475.349987792969,2393.759666202909,6.5922250988682265,27.89966381270953,61.08209315441561,74.85252498564627,536.75,0.38379133674895205,-0.0015639371272799796,-0.0015639371272799796,0.008631572515497891,GOLD,2024-09-03 00:00:00-04:00
2490.89990234375,2493.39990234375,2483.5,2493.39990234375,470,0.0,0.0,2480.564978027344,2423.683994140625,2230.7874908447266,2493.862106657818,2469.7528626181224,24.109244039695568,27.258087729265704,-3.1488436895701355,55.903516436090605,2552.157905456873,2480.564978027344,2408.972050597815,5.772308168799749,26.613966564926706,64.72412899554399,63.648912080672176,552.1,0.8512950552436153,0.0014056789980614326,0.0014056789980614326,0.00847080255767266,GOLD,2024-09-04 00:00:00-04:00
2493.699951171875,2513.300048828125,2493.39990234375,2511.39990234375,54,0.0,0.0,2486.609973144531,2427.579990234375,2233.424990234375,2496.5602290710385,2472.8378285237245,23.72240054731401,26.550950292875367,-2.8285497455613573,59.318407546596355,2546.1683298391968,2486.609973144531,2427.0516164498654,4.790325570788976,26.134407987744442,79.05123083306796,68.28581766100919,548.3,0.09848623016596754,0.007219058596689809,0.007219058596689809,0.008535010834454446,GOLD,2024-09-05 00:00:00-04:00
2510.300048828125,2517.89990234375,2483.699951171875,2493.5,96,0.0,0.0,2490.1749755859373,2431.4659912109373,2235.9844903564453,2496.089424598571,2474.3683597441895,21.72106485438144,25.584973205176585,-3.863908350795146,54.775614040858585,2541.9062542329057,2490.1749755859373,2438.443696938969,4.154830817444545,26.71051821518234,39.85751210929864,61.21095731263686,543.05,0.17677930209004697,-0.007127459998324093,-0.007127459998324093,0.008399165491920286,GOLD,2024-09-06 00:00:00-04:00
2491.300048828125,2504.699951171875,2491.300048828125,2501.800048828125,96,0.0,0.0,2493.6599731445312,2435.0119921875,2238.6049908447267,2496.967982172349,2476.4003367133696,20.567645458979314,24.58150765593713,-4.013862196957817,56.441410704368884,2538.1575521211935,2493.6599731445312,2449.162394167869,3.568856977765923,25.75975993865146,54.62629509763462,57.8450126800004,517.3,0.1855789677169921,0.003328674083868055,0.003328674083868055,0.008388502096343946,GOLD,2024-09-09 00:00:00-04:00
2512.300048828125,2512.300048828125,2512.300048828125,2512.300048828125,5,0.0,0.0,2496.15498046875,2438.703994140625,2241.1699908447267,2499.326761657853,2479.0595746477957,20.267187010057114,23.718643526761127,-3.451456516704013,58.52279433329727,2538.923968855159,2496.15498046875,2453.3859920823415,3.426789499935384,24.66977708589064,75.45798847259671,56.647265226509994,489.25,0.010219724067450179,0.004196978093800263,0.004196978093800263,0.00801274037927966,GOLD,2024-09-10 00:00:00-04:00
2525.800048828125,2525.800048828125,2502.300048828125,2512.10009765625,90,0.0,0.0,2498.4249877929688,2442.393994140625,2243.7734912109377,2501.2918902729907,2481.50702079657,19.78486947642068,22.931888716693038,-3.147019240272357,58.46550188935486,2539.484752001222,2498.4249877929688,2457.3652235847153,3.2868518693870716,24.586221579755595,74.95436306912265,68.34621554645132,468.25,0.19220501868659903,-7.95888898574848e-05,-7.95888898574848e-05,0.008014600091538992,GOLD,2024-09-11 00:00:00-04:00
2529.10009765625,2557.0,2523.39990234375,2551.199951171875,132,0.0,0.0,2504.014990234375,2446.9579931640624,2246.5184912109376,2508.9700534882036,2486.6694600836295,22.3005934045741,22.805629654269254,-0.5050362496951522,65.5647369847137,2541.713251959939,2504.014990234375,2466.316728508811,3.011025243266248,26.037198777183765,92.81282238229359,81.07505797467098,461.15,0.28624091944052915,0.015564608095077315,0.015564608095077315,0.008125760160354607,GOLD,2024-09-12 00:00:00-04:00
2568.800048828125,2581.800048828125,2565.0,2581.300048828125,31,0.0,0.0,2510.4249877929688,2451.3879931640627,2249.3659912109374,2520.0977450789605,2493.6791333239626,26.418611754997983,23.528226074415,2.890385680582984,69.83869436020498,2554.390172444507,2510.4249877929688,2466.4598031414307,3.502608910070631,26.363120125688493,99.5260663507109,89.09775060070905,448.45,0.06912699297580556,0.011798407899162866,0.011798407899162866,0.008373390804884383,GOLD,2024-09-13 00:00:00-04:00
2580.39990234375,2580.39990234375,2580.39990234375,2580.39990234375,28,0.0,0.0,2514.5149780273437,2455.2259912109375,2252.069490966797,2529.3750000427744,2500.102893992095,29.272106050679668,24.677002069667935,4.595103981011732,69.56064598791349,2567.5937638923524,2514.5149780273437,2461.436192162335,4.221791186676443,24.5443362941661,98.6728469342417,97.00391188908206,440.0,0.06363636363636363,-0.00034871826883653423,-0.00034871826883653423,0.0074975059345419575,GOLD,2024-09-16 00:00:00-04:00
2581.199951171875,2581.800048828125,2564.300048828125,2564.300048828125,22,0.0,0.0,2517.6399780273437,2459.4079931640626,2254.655491333008,2534.74808447129,2504.8582387947636,29.88984567652642,25.719570791039633,4.170274885486787,64.60623429650784,2574.5756590975034,2517.6399780273437,2460.704296957184,4.5229406560957734,24.04116941601138,83.41232227488152,93.87041185327804,436.7,0.05037783375314862,-0.006239286205599992,-0.006239286205599992,0.007702172302589507,GOLD,2024-09-17 00:00:00-04:00
2570.699951171875,2570.699951171875,2549.199951171875,2570.699951171875,25,0.0,0.0,2520.609973144531,2463.619990234375,2257.3184912109373,2540.2791408867647,2509.7354026745493,30.54373821221543,26.684404275274794,3.8593339369406365,65.65347706262028,2581.9404020074367,2520.609973144531,2459.2795442816255,4.86631644850585,23.85965731486771,89.47858042061611,90.52124987657977,428.6,0.058329444703686416,0.0024957696922693895,0.0024957696922693895,0.007685109820504286,GOLD,2024-09-18 00:00:00-04:00
2566.0,2588.0,2566.0,2588.0,99,0.0,0.0,2524.589978027344,2467.9359912109376,2259.9034912109373,2547.62081151957,2515.5327802542124,32.088031265357586,27.765129673291355,4.322901592066231,68.37729617633957,2592.240001879248,2524.589978027344,2456.9399541754397,5.359287998502191,23.726824649520015,100.0,90.96363423183254,428.75,0.23090379008746356,0.006729703643647111,0.006729703643647111,0.00775994935149866,GOLD,2024-09-19 00:00:00-04:00
2590.39990234375,2621.800048828125,2590.39990234375,2619.89990234375,17,0.0,0.0,2531.6399780273437,2472.0339892578127,2262.8824908447264,2558.740671646367,2523.263678186771,35.47699345959609,29.307502430552304,6.169491029043783,72.67966992713582,2607.6465268149877,2531.6399780273437,2455.6334292396996,6.004530616305756,24.446340662277514,98.69405739905498,96.05754593989036,419.1,0.04056311142925316,0.012326082822160078,0.012326082822160078,0.0074411798296195346,GOLD,2024-09-20 00:00:00-04:00
2626.5,2626.5,2626.5,2626.5,9,0.0,0.0,2537.5449829101562,2476.2839892578127,2265.922490844727,2569.165183700772,2530.910813135899,38.25437056487317,31.09687605741648,7.15749450745669,73.48351217203202,2623.1556344560886,2537.5449829101562,2451.934331364224,6.747517945297717,23.171609018989834,100.0,99.564685799685,414.85,0.021694588405447753,0.002519217490082548,0.002519217490082548,0.007126082777017472,GOLD,2024-09-23 00:00:00-04:00
2636.800048828125,2662.300048828125,2625.5,2651.199951171875,35,0.0,0.0,2544.2199829101564,2480.849990234375,2269.025990600586,2581.785917157865,2539.8211196570824,41.964797500782424,33.27046034608967,8.694337154692754,76.29453156928611,2642.4833355055916,2544.2199829101564,2445.956630314721,7.724438394123341,24.14506900535663,93.78494312045996,97.49300017317165,402.1,0.0870430241233524,0.009404131418951023,0.009404131418951023,0.007295984591292699,GOLD,2024-09-24 00:00:00-04:00
2656.300048828125,2664.199951171875,2649.300048828125,2659.199951171875,175,0.0,0.0,2551.37998046875,2484.7859912109375,2272.172490234375,2593.695768544636,2548.6639960655853,45.03177247905069,35.622722772681875,9.409049706368812,77.13982213717381,2660.6293710223904,2551.37998046875,2442.13058991511,8.563945111270218,23.48469995809901,97.22991689750693,97.00495333932228,405.85,0.43119379080941234,0.003017501564325231,0.003017501564325231,0.007255031096657995,GOLD,2024-09-25 00:00:00-04:00
2662.300048828125,2669.89990234375,2660.800048828125,2669.89990234375,17216,0.0,0.0,2559.8249755859374,2489.08798828125,2275.530489501953,2605.419481436807,2557.6444335676715,47.775047869135506,38.053187791972604,9.721860077162901,78.2565868715522,2677.943236054289,2559.8249755859374,2441.7067151175856,9.228620049799678,22.57150361622587,100.0,97.00495333932228,1149.0,14.983463881636206,0.004023748258253246,0.004023748258253246,0.006958089224455745,GOLD,2024-09-26 00:00:00-04:00
2670.0,2672.10009765625,2641.699951171875,2644.300048828125,4228,0.0,0.0,2565.75498046875,2492.93798828125,2278.861989746094,2611.4011071893174,2564.0633680314086,47.3377391579088,39.91009806515984,7.4276410927489565,69.50765399700447,2688.2521958086554,2565.75498046875,2443.2577651288448,9.54862925512285,23.130692392522235,83.62777336049841,93.61923008600178,1162.1,3.6382411152224425,-0.009588319582000904,-0.009588319582000904,0.007340027605704908,GOLD,2024-09-27 00:00:00-04:00
2660.89990234375,2662.10009765625,2623.199951171875,2636.10009765625,973,0.0,0.0,2572.869982910156,2497.749990234375,2282.1534899902344,2615.200951876538,2569.399422077693,45.80152979884497,41.08838441189687,4.713145386948099,66.92663248170484,2694.3494436926667,2572.869982910156,2451.3905221276455,9.443109180752773,24.257081970511717,78.79859266916942,87.47545534322262,1200.35,0.8105969092348065,-0.0031009911963315595,-0.0031009911963315595,0.0065892063316474484,GOLD,2024-09-30 00:00:00-04:00
2631.39990234375,2670.89990234375,2631.39990234375,2667.300048828125,153,0.0,0.0,2581.739990234375,2503.2559912109373,2285.578489990234,2623.2161975613976,2576.6513203555032,46.56487720589439,42.183682970696374,4.381194235198016,71.29434274043162,2703.5970864097635,2581.739990234375,2459.8828940589865,9.439920103211175,25.345861829760878,96.77199561302695,86.39945388089825,1197.7,0.12774484428487934,0.011835647363927837,0.011835647363927837,0.006800084387975675,GOLD,2024-10-01 00:00:00-04:00
2650.60009765625,2657.199951171875,2640.0,2647.10009765625,72,0.0,0.0,2589.425,2508.1059912109376,2288.662990722656,2626.8906437298365,2581.8697483037067,45.020895426129755,42.75112546178305,2.2697699643467075,65.28318877128065,2707.3508618397254,2589.425,2471.499138160275,9.108266262952219,25.485446615358317,79.6582829922189,85.0762904248051,1177.8,0.061130922058074376,-0.007573182919840549,-0.007573182919840549,0.007226501212485209,GOLD,2024-10-02 00:00:00-04:00
2642.800048828125,2657.10009765625,2640.0,2657.10009765625,354,0.0,0.0,2596.710009765625,2512.9819921875,2291.842991333008,2631.538252026208,2587.442366774266,44.095885251942036,43.020077419814854,1.0758078321271825,66.77660595235407,2712.436515014872,2596.710009765625,2480.9835045163777,8.9133176068199,24.88649311827915,87.79496979533134,88.07508280019239,1192.8,0.29678068410462777,0.003777718873892999,0.003777718873892999,0.0071619413040344,GOLD,2024-10-03 00:00:00-04:00
2656.0,2667.0,2639.0,2645.800048828125,114,0.0,0.0,2604.3250122070312,2518.8599951171873,2294.9404913330077,2633.732374611118,2591.765158037515,41.967216573602855,42.80950525057246,-0.8422886769696021,63.454825151681696,2711.619821645051,2604.3250122070312,2497.0302027690113,8.239740350002867,25.108886466973498,78.60047397789825,82.01790892181616,1193.7,0.09550138225684845,-0.004252774985064489,-0.004252774985064489,0.006977680543203264,GOLD,2024-10-04 00:00:00-04:00
2648.699951171875,2657.39990234375,2639.0,2644.800048828125,284,0.0,0.0,2611.4750122070313,2524.15599609375,2297.972491455078,2635.4350937214267,2595.693668466449,39.74142525497791,42.19588925145355,-2.4544639964756385,63.155418386575676,2709.1123935067544,2611.4750122070313,2513.8376309073083,7.477565808083836,24.629673315314676,77.78680529758701,81.39408302360555,1203.1,0.23605685312941568,-0.00037795751059988003,-0.00037795751059988003,0.007017373424418689,GOLD,2024-10-07 00:00:00-04:00
2639.0,2639.0,2609.300048828125,2615.0,687,0.0,0.0,2616.610009765625,2528.9099951171875,2300.874991455078,2632.2912331488997,2597.123767098564,35.16746605033586,40.79020461123001,-5.622738560894149,54.84977190214736,2702.998295215141,2616.610009765625,2530.221724316109,6.603069248157,25.406125221363627,46.18280386390726,67.52336104646417,1237.2,0.555286129970902,-0.011267410873396222,-0.011267410873396222,0.0076770650241908605,GOLD,2024-10-08 00:00:00-04:00
2603.0,2607.699951171875,2603.0,2606.0,152,0.0,0.0,2621.3050048828127,2532.9299951171874,2303.7094915771486,2628.246428049069,2597.7812658320036,30.465162217065426,38.725196132397095,-8.260033915331668,52.5998991591727,2693.5048252560578,2621.3050048828127,2549.1051845095676,5.50869282580665,24.44854484840908,19.094321129319514,47.68797676360459,1240.3,0.12255099572684028,-0.0034416826003823564,-0.0034416826003823564,0.00776210295137963,GOLD,2024-10-09 00:00:00-04:00
2602.5,2628.300048828125,2602.5,2620.60009765625,320,0.0,0.0,2624.775012207031,2536.8119970703124,2306.5269915771482,2627.0700695270966,2599.471549670837,27.598519856259827,36.499860877169645,-8.901341020909818,55.76948868467652,2689.4418965164305,2624.775012207031,2560.1081278976317,4.9274230369196115,24.545080846960218,26.005850948148254,30.42765864712501,1249.7,0.25606145474913977,0.005602493344685433,0.005602493344685433,0.007130675818536419,GOLD,2024-10-10 00:00:00-04:00
2638.300048828125,2658.10009765625,2638.199951171875,2657.60009765625,12,0.0,0.0,2628.5900146484373,2541.2639990234375,2309.5239923095705,2631.766996931582,2603.777368040127,27.98962889145514,34.797814480026744,-6.808185588571604,62.59564958778271,2691.5270602620003,2628.5900146484373,2565.6529690348743,4.788654393635483,25.47043221503449,79.16669589802233,41.42228932516337,1248.75,0.00960960960960961,0.014118903541632033,0.014118903541632033,0.007325556312027767,GOLD,2024-10-11 00:00:00-04:00
2655.0,2655.300048828125,2647.800048828125,2647.800048828125,40,0.0,0.0,2631.9600219726562,2545.7060009765623,2312.3534930419924,2634.233620300281,2607.0383073577564,27.19531294252465,33.277314172526324,-6.082001230001673,59.956278656172195,2691.3316617592736,2631.9600219726562,2572.588382186039,4.511591307691542,24.351119115969528,65.08618572901831,56.7529108583963,1249.35,0.0320166486573018,-0.003687555865447112,-0.003687555865447112,0.0074070876190654505,GOLD,2024-10-14 00:00:00-04:00
2661.39990234375,2661.39990234375,2661.39990234375,2661.39990234375,39,0.0,0.0,2636.8150146484377,2550.9,2315.2909930419924,2638.4130483069684,2611.0650921715337,27.347956135434742,32.09144256510801,-4.743486429673268,62.33006601211323,2688.665518151233,2636.8150146484377,2584.9645111456425,3.9328131260439068,23.58317157308778,84.62617773131942,76.29301978612001,1250.2,0.031195008798592223,0.005136284184919404,0.005136284184919404,0.007231051596341472,GOLD,2024-10-15 00:00:00-04:00
2674.0,2674.0,2674.0,2674.0,6,0.0,0.0,2641.980017089844,2556.597998046875,2318.348993530273,2643.88796395205,2615.7269371958646,28.161026756185493,31.305359403323507,-3.1443326471380146,64.43370116157669,2686.5229179387065,2641.980017089844,2597.437116240981,3.371933213781606,22.79866629331365,100.0,83.23745448677924,1249.25,0.004802881729037423,0.004734387209210489,0.004734387209210489,0.007258280325832811,GOLD,2024-10-16 00:00:00-04:00
2677.39990234375,2691.699951171875,2677.199951171875,2691.0,30,0.0,0.0,2647.130017089844,2562.607998046875,2321.481994018555,2651.1359694978887,2621.302719625801,29.83324987208789,31.010937497076384,-1.1776876249884936,67.10296788354974,2689.270298435962,2647.130017089844,2604.9897357437258,3.183846737716769,22.43447235606803,99.21530094727709,94.61382622619884,1245.8,0.02408091186386258,0.006357516828721099,0.006357516828721099,0.007245973759015908,GOLD,2024-10-17 00:00:00-04:00
2713.699951171875,2719.60009765625,2713.699951171875,2713.699951171875,29,0.0,0.0,2651.82001953125,2568.437998046875,2324.879494018555,2660.7611974477327,2628.146958999584,32.614238448148626,31.331597687290834,1.2826407608577917,70.30747416279273,2701.0727779844424,2651.82001953125,2602.567261078058,3.714638104429001,22.874874163223886,94.96145041510127,98.05891712079278,1246.4,0.023267008985879332,0.00843550768185608,0.00843550768185608,0.0070016531847224995,GOLD,2024-10-18 00:00:00-04:00
2721.89990234375,2738.39990234375,2719.5,2723.10009765625,52,0.0,0.0,2656.6500244140625,2574.257998046875,2328.2834942626955,2670.3517974798124,2635.180524826004,35.1712726538085,32.099532680594365,3.071739973214136,71.54364381642918,2713.39918878029,2656.6500244140625,2599.900860047835,4.272234870586219,23.005236806698967,88.74185748213407,94.30620294817082,1248.55,0.041648312041968685,0.003463959410956896,0.003463959410956896,0.0070100586947276404,GOLD,2024-10-21 00:00:00-04:00
2731.699951171875,2746.0,2728.60009765625,2744.199951171875,93,0.0,0.0,2661.3000244140626,2579.8939990234376,2331.7924938964843,2681.7130518939757,2643.256037888661,38.457014005314704,33.371028945538434,5.08598505977627,74.14557235844713,2729.5717969972884,2661.3000244140626,2593.028251830837,5.13070844751953,22.997712916488325,98.74561057273519,94.14963948999018,1251.45,0.0743137959966439,0.007748467834063577,0.007748467834063577,0.00692517997660464,GOLD,2024-10-22 00:00:00-04:00
2742.5,2742.5,2714.199951171875,2714.39990234375,18,0.0,0.0,2664.060021972656,2584.847998046875,2335.2314935302734,2686.741798117018,2648.525953774223,38.21584434279475,34.3399920249897,3.8758523178050552,65.09298941189982,2736.126671202844,2664.060021972656,2591.993372742468,5.410287203426055,23.497876279596305,77.97902602351917,88.48883135946282,1243.6,0.014474107430041815,-0.010859284803718228,-0.010859284803718228,0.007465397755467648,GOLD,2024-10-23 00:00:00-04:00
2729.0,2736.10009765625,2729.0,2734.89990234375,27,0.0,0.0,2667.310021972656,2590.757998046875,2338.773992919922,2694.150737228823,2654.9240240386325,39.22671319019037,35.31733625802983,3.9093769321605336,67.98843719060156,2745.720409173048,2667.310021972656,2588.899634772264,5.879360595841219,23.36947049623228,92.26474030923345,89.6631256351626,384.15,0.07028504490433425,0.007552313858506743,0.007552313858506743,0.007580082339575867,GOLD,2024-10-24 00:00:00-04:00
2725.5,2742.39990234375,2725.5,2740.89990234375,29,0.0,0.0,2672.1400146484375,2596.513994140625,2342.3699926757813,2701.3429164772733,2661.2926076167896,40.05030886048371,36.26393077852061,3.7863780819631003,68.80404877242626,2755.9974879570636,2672.1400146484375,2588.2825413398114,6.276428095004515,22.90735848534069,96.44592497822299,88.8965637703252,174.2,0.16647531572904709,0.0021938645706405246,0.0021938645706405246,0.007140067736802497,GOLD,2024-10-25 00:00:00-04:00
2736.10009765625,2742.89990234375,2729.5,2742.89990234375,56,0.0,0.0,2677.4800048828124,2601.399990234375,2346.0129919433593,2707.7362989182698,2667.3375924113793,40.39870650689045,37.09088592419458,3.307820582695868,69.08678671033968,2764.999323120924,2677.4800048828124,2589.9606866447007,6.537439538559115,22.228254475227068,97.8396532012195,95.51677282955865,128.35,0.436306973120374,0.0007296873549778038,0.0007296873549778038,0.007051954366369621,GOLD,2024-10-28 00:00:00-04:00
2768.39990234375,2768.39990234375,2768.39990234375,2768.39990234375,848,0.0,0.0,2682.5349975585937,2606.7319873046877,2349.621491699219,2717.069160983728,2674.8236894434067,42.24547154032143,38.12180304741995,4.12366849290148,72.50804838634853,2778.3993731673745,2682.5349975585937,2586.670621949813,7.147297291258316,22.461950584139423,100.0,98.09519272648083,163.1,5.199264255058247,0.009296730069591863,0.009296730069591863,0.006886710167070551,GOLD,2024-10-29 00:00:00-04:00
2774.60009765625,2789.0,2774.60009765625,2788.5,231,0.0,0.0,2689.6049926757814,2612.275986328125,2353.433991699219,2728.0585208323855,2683.2441568920435,44.81436394034199,39.46031522600436,5.35404871433763,74.86903725209646,2794.412574029884,2689.6049926757814,2584.7974113216787,7.793529655061637,22.32896108929018,99.6684351206213,99.16936277394693,171.05,1.35048231511254,0.007260547018237196,0.007260547018237196,0.006607666553680268,GOLD,2024-10-30 00:00:00-04:00
2787.39990234375,2787.5,2733.5,2738.300048828125,849,0.0,0.0,2693.664990234375,2616.8739892578124,2357.1124920654297,2729.634140524038,2687.322371109531,42.31176941450667,40.03060606370482,2.2811633508018474,60.82057732422869,2799.408183146654,2693.664990234375,2587.921797322096,7.851250492963368,24.66260672576945,64.09350658332684,87.92064723464938,195.8,4.33605720122574,-0.018002492799668257,-0.018002492799668257,0.008046107270045417,GOLD,2024-10-31 00:00:00-04:00
2745.5,2756.0,2734.199951171875,2738.60009765625,109,0.0,0.0,2698.3049926757812,2622.0679931640625,2360.712492675781,2731.013518544378,2691.120721224103,39.892797320274894,40.00304431501884,-0.11024699474394595,60.867841663834334,2803.381757991891,2698.3049926757812,2593.2282273596716,7.788353473853231,24.458138304509134,60.501674160528076,74.75453862149207,195.55,0.5574021989261059,0.0001095748540242969,0.0001095748540242969,0.007939312211090161,GOLD,2024-11-01 00:00:00-04:00
2736.5,2737.10009765625,2736.10009765625,2736.10009765625,16,0.0,0.0,2702.8699951171875,2626.6219970703123,2364.2604931640626,2731.7960691769736,2694.4525268857437,37.343542291229824,39.471143910261034,-2.1276016190312106,60.21603250809683,2806.1700813175644,2702.8699951171875,2599.5699089168106,7.64373324554947,22.889699854187054,54.00008491847826,59.53175522077773,182.15,0.08783969256107603,-0.0009128751591513939,-0.0009128751591513939,0.00794777307014754,GOLD,2024-11-04 00:00:00-05:00
2743.0,2743.89990234375,2740.300048828125,2740.300048828125,23,0.0,0.0,2709.1349975585936,2631.0739990234374,2367.8629931640626,2733.1043737386894,2697.8486396222165,35.25573411647292,38.62806195150341,-3.3723278350304895,60.97216163537792,2805.3113010975826,2709.1349975585936,2612.9586940196045,7.100148469947845,21.811850199423695,56.44013425544785,56.98063111148473,148.95,0.1544142329640819,0.0015350137136695974,0.0015350137136695974,0.007338165678861431,GOLD,2024-11-05 00:00:00-05:00
2734.5,2734.5,2659.39990234375,2667.60009765625,427,0.0,0.0,2712.2150024414063,2634.1060009765624,2371.0824938964843,2723.02679280293,2695.6080068839965,27.41878591893328,36.38620674498939,-8.967420826056106,45.02139976522484,2798.410128056539,2712.2150024414063,2626.0198768262735,6.356068787875895,26.03244279120593,6.327306430161894,38.922508534696,162.7,2.624462200368777,-0.026529923685898793,-0.026529923685898793,0.009727430832738661,GOLD,2024-11-06 00:00:00-05:00
2662.5,2699.10009765625,2662.5,2698.39990234375,676,0.0,0.0,2716.1049926757814,2638.0539990234374,2374.504993286133,2719.238040424594,2695.8148139550894,23.423226469504698,33.79361068989245,-10.370384220387756,50.883771781262325,2791.792407918326,2716.1049926757814,2640.417577433237,5.573231921935435,26.78727528156622,30.09256991722584,30.953336867611863,180.5,3.7451523545706373,0.01154588527514333,0.01154588527514333,0.009956632890450708,GOLD,2024-11-07 00:00:00-05:00
2688.5,2694.60009765625,2682.89990234375,2687.5,1038,0.0,0.0,2717.599987792969,2641.29,2377.8579931640625,2714.3552649746566,2695.1989018102677,19.15636316438895,30.866161184791757,-11.709798020402808,48.896677937252846,2789.7022024430244,2717.599987792969,2645.4977731429135,5.30631549705087,25.981041332882917,21.682157779527618,19.367344708971785,231.8,4.47799827437446,-0.004039394729551615,-0.004039394729551615,0.009566744799063907,GOLD,2024-11-08 00:00:00-05:00
2671.699951171875,2671.699951171875,2611.199951171875,2611.199951171875,20,0.0,0.0,2715.769982910156,2643.637998046875,2380.8299926757813,2698.4852166973055,2688.9767573185345,9.508459378771022,26.59462082358761,-17.08616144481659,37.77578871242021,2796.2381191421646,2715.769982910156,2635.3018466781477,5.925990546944674,29.57525615397164,0.0,17.258242565584485,230.8,0.08665511265164644,-0.028390715843023218,-0.028390715843023218,0.011540920756683212,GOLD,2024-11-11 00:00:00-05:00
2605.5,2605.5,2592.800048828125,2600.0,118,0.0,0.0,2712.699987792969,2645.84,2383.703992919922,2683.33364489772,2682.3858864060503,0.9477584916699016,21.465248357204068,-20.517489865534166,36.46476782705894,2805.0403263510384,2712.699987792969,2620.3596492348993,6.808002283599148,28.777016596098665,3.669700797003615,8.45061952551041,234.75,0.5026624068157615,-0.004289197066983941,-0.004289197066983941,0.01148529712739,GOLD,2024-11-12 00:00:00-05:00
2611.10009765625,2611.800048828125,2580.800048828125,2580.800048828125,53,0.0,0.0,2708.039990234375,2647.5880029296877,2386.4504931640627,2667.559245502398,2674.8610095484264,-7.301764046028438,15.711845876557568,-23.013609922586006,34.26909615825359,2815.835429770495,2708.039990234375,2600.2445506982554,7.961140893402417,28.93580112494876,0.0,1.2232335990012049,237.1,0.22353437368199072,-0.007384596604567362,-0.007384596604567362,0.011480803911965657,GOLD,2024-11-13 00:00:00-05:00
2555.10009765625,2576.199951171875,2554.199951171875,2568.199951171875,27,0.0,0.0,2701.8999877929687,2648.72400390625,2389.049493408203,2652.2732002207795,2666.9601904094225,-14.686990188642994,9.632078663517456,-24.31906885216045,32.87029489455668,2825.682188922316,2701.8999877929687,2578.1177866636212,9.162604218408408,28.768965162898848,5.962520054775662,3.2107402839264254,236.95,0.11394809031441233,-0.00488224481473154,-0.00488224481473154,0.011339389077341906,GOLD,2024-11-14 00:00:00-05:00
2565.699951171875,2565.699951171875,2565.699951171875,2565.699951171875,20,0.0,0.0,2694.4999877929686,2650.1680029296876,2391.6129931640626,2638.9542388286404,2659.4594319473817,-20.505193118741317,3.604624307065701,-24.10981742580702,32.58608685588621,2831.559228577364,2694.4999877929686,2557.440747008573,10.173259707205201,26.892610508406072,4.897784330708579,3.6201014618280802,236.5,0.08456659619450317,-0.0009734444542992549,-0.0009734444542992549,0.01106364803794478,GOLD,2024-11-15 00:00:00-05:00
2591.699951171875,2610.699951171875,2589.39990234375,2610.60009765625,136,0.0,0.0,2688.8749877929686,2652.34400390625,2394.485493774414,2634.592063263657,2655.84022199989,-21.24815873623311,-1.3659323015940608,-19.882226434639048,42.244743102394146,2829.952689931001,2688.8749877929686,2547.7972856549363,10.49343705293112,28.185995472091353,24.020500321812214,11.626934902432152,240.7,0.5650186954715414,0.017500154865679907,0.017500154865679907,0.011892158729977124,GOLD,2024-11-18 00:00:00-05:00
2621.89990234375,2627.699951171875,2619.300048828125,2627.10009765625,87,0.0,0.0,2683.0199951171876,2654.6400048828127,2397.492494506836,2633.4394531702096,2653.711323900361,-20.271870730151477,-5.147119987305544,-15.124750742845933,45.34378599662593,2824.1470704050953,2683.0199951171876,2541.89291982928,10.520016663665873,27.394128189486615,31.24737729398481,20.0552206488352,240.4,0.36189683860232946,0.006320385881703361,0.006320385881703361,0.011834442323271193,GOLD,2024-11-19 00:00:00-05:00
2638.5,2648.199951171875,2638.5,2648.199951171875,27,0.0,0.0,2679.709997558594,2657.362001953125,2400.560994262695,2635.7102990166195,2653.3030740686213,-17.592775052001798,-7.636251000244795,-9.956524051757004,49.10470421327822,2820.843177287984,2679.709997558594,2538.5768178292037,10.533466670495873,26.944537141353642,46.58076177179753,33.949546462531515,240.85,0.1121029686526884,0.008031613844653007,0.008031613844653007,0.011853321379023665,GOLD,2024-11-20 00:00:00-05:00
2659.300048828125,2672.10009765625,2655.699951171875,2672.10009765625,33,0.0,0.0,2676.5700073242188,2659.7800048828126,2403.745494995117,2641.3087295765627,2654.6954461862233,-13.386716609660652,-8.786344122127968,-4.600372487532685,53.04594739528787,2815.427968072266,2676.5700073242188,2537.7120465761714,10.37581384892409,26.72708066585517,62.150857581166804,46.65966554898305,241.15,0.136844287787684,0.009025053593026078,0.009025053593026078,0.011914751576559126,GOLD,2024-11-21 00:00:00-05:00
2687.5,2710.5,2685.60009765625,2709.89990234375,41,0.0,0.0,2675.0200073242186,2662.352001953125,2407.1339947509764,2651.8612176945912,2658.7846651608547,-6.923447466263497,-8.413764790955074,1.4903173246915777,58.51731756242189,2811.645160809454,2675.0200073242186,2538.394853838983,10.214888345594053,27.560853642847658,82.07695901345026,63.60285945547153,241.75,0.16959669079627715,0.01414610355377599,0.01414610355377599,0.012378981467603495,GOLD,2024-11-22 00:00:00-05:00
2689.39990234375,2689.39990234375,2616.800048828125,2616.800048828125,94,0.0,0.0,2668.7150146484373,2663.0800048828123,2410.1014947509766,2646.467191715135,2655.6746935806527,-9.20750186551777,-8.572512205867614,-0.6349896596501559,44.701192637236765,2803.858632767024,2668.7150146484373,2533.5713965298505,10.127991739604306,32.24221077661747,34.71995601949333,59.6492575380368,243.65,0.3857993022778576,-0.034355458456271526,-0.034355458456271526,0.014500476159288803,GOLD,2024-11-25 00:00:00-05:00
2625.60009765625,2625.60009765625,2620.300048828125,2620.300048828125,177858,0.0,0.0,2661.310021972656,2664.2000048828127,2413.111995239258,2642.4414774248257,2653.05434952491,-10.612872100084132,-8.980584184710919,-1.6322879153732135,45.224780652404185,2789.8629226329676,2661.310021972656,2532.7571213123447,9.660873750065658,30.567770637439434,42.29051631899157,53.029143783978384,9094.15,19.557407784124962,0.0013375114394267307,0.0013375114394267307,0.014274372886168615,GOLD,2024-11-26 00:00:00-05:00
2633.5,2657.89990234375,2627.199951171875,2639.89990234375,61653,0.0,0.0,2653.880017089844,2665.58400390625,2416.346994628906,2642.050465873891,2652.079946030009,-10.029480156118098,-9.190363378992355,-0.8391167771257422,48.183549623652446,2768.60250364035,2653.880017089844,2539.157530539338,8.645642290664423,31.070062271595543,54.830405885614766,43.94695940803322,12165.25,5.067959967941473,0.007480003492115639,0.007480003492115639,0.014282472133899217,GOLD,2024-11-27 00:00:00-05:00
2636.39990234375,2664.300048828125,2620.699951171875,2657.0,3861,0.0,0.0,2649.8150146484377,2666.96400390625,2419.6804943847656,2644.3503942009847,2652.4443944722307,-8.094000271245932,-8.97109075744307,0.8770904861971385,50.686340761169184,2757.850890392886,2649.8150146484377,2541.7791389039894,8.1542202113895,31.96506479907086,65.77096398809756,54.29729539756797,12315.85,0.3134984593024436,0.00647755531983174,0.00647755531983174,0.013941187528176432,GOLD,2024-11-29 00:00:00-05:00
2649.0,2649.800048828125,2621.699951171875,2634.89990234375,695,0.0,0.0,2644.6300048828125,2667.26400390625,2422.8444940185545,2642.896472376795,2651.1448024627134,-8.248330085918496,-8.826538623138156,0.578208537219659,47.493540286656156,2744.7906112351247,2644.6300048828125,2544.4693985305003,7.574640397135668,32.2032779440033,51.63143055739958,57.410933477037304,12345.15,0.05629741234411895,-0.008317688240967236,-0.008317688240967236,0.014019896211406846,GOLD,2024-12-02 00:00:00-05:00
2639.0,2654.699951171875,2636.0,2644.699951171875,1062,0.0,0.0,2640.0599975585938,2667.6280029296877,2426.010493774414,2643.173930652961,2650.6674060707996,-7.493475417838454,-8.559925982078216,1.0664505642397621,49.026888238109976,2731.0284129630054,2640.0599975585938,2549.091582154182,6.8913900054192,31.317333007154847,57.90145344069478,58.43461599539731,12397.45,0.08566277742600292,0.003719324904679633,0.003719324904679633,0.01407406845587574,GOLD,2024-12-03 00:00:00-05:00
2639.199951171875,2658.300048828125,2637.0,2653.800048828125,249,0.0,0.0,2635.734997558594,2667.6800048828127,2429.1419940185547,2644.808718064525,2650.8994536824534,-6.090735617928658,-8.066087909248305,1.9753522913196466,50.47322856505536,2714.656314876945,2635.734997558594,2556.813680240243,5.988562385175575,30.601812708652716,63.72365101803329,57.75217833870922,12408.75,0.02006648534300393,0.0034408809408483787,0.0034408809408483787,0.01410285078528006,GOLD,2024-12-04 00:00:00-05:00
2652.39990234375,2655.0,2625.699951171875,2626.60009765625,573,0.0,0.0,2633.6849975585938,2667.0280078125,2432.163494262695,2642.007391847867,2649.099501384216,-7.092109536349199,-7.871292234668484,0.7791826983192855,46.249079845105605,2711.3082974476238,2633.6849975585938,2556.0616976695637,5.894653305994167,30.508829574329305,42.05809803052094,54.561067496416335,12416.05,0.04614994301730422,-0.010249435025779796,-0.010249435025779796,0.013010007088704947,GOLD,2024-12-05 00:00:00-05:00
2620.199951171875,2643.10009765625,2617.5,2638.60009765625,571,0.0,0.0,2630.6950073242188,2666.40201171875,2435.2579949951173,2641.4831927414643,2648.3217677747375,-6.838575033273173,-7.664748794389422,0.826173761116249,48.30462767628762,2702.506179023191,2630.6950073242188,2558.8838356252463,5.4594828742245065,30.15820586589507,40.62770903138142,48.80315269331188,12410.8,0.04600831533825378,0.004568643704349062,0.004568643704349062,0.01275561278829655,GOLD,2024-12-06 00:00:00-05:00
2632.10009765625,2677.10009765625,2630.800048828125,2664.89990234375,935,0.0,0.0,2629.5650024414062,2666.8140087890624,2438.389494628906,2645.0857634495082,2649.5497777428127,-4.464014293304444,-7.024601894172426,2.560587600867982,52.58438399123214,2698.4153493302847,2629.5650024414062,2560.714655552528,5.236633954662059,31.311194648911492,51.3339152412095,44.67324076770396,12405.65,0.07536888433899071,0.009967332568076914,0.009967332568076914,0.012965159832610096,GOLD,2024-12-09 00:00:00-05:00
2662.300048828125,2698.199951171875,2661.0,2697.60009765625,437,0.0,0.0,2633.885009765625,2668.0440087890624,2441.7349951171873,2653.164891789007,2653.109060699364,0.05583108964310668,-5.60851529740932,5.664346387052427,57.3160539361769,2708.2087625512972,2633.885009765625,2559.5612569799528,5.643659651814937,31.731820114837458,86.23275446527443,59.39812624595512,12426.5,0.03516678067034161,0.012270703032313035,0.012270703032313035,0.011432746998062559,GOLD,2024-12-10 00:00:00-05:00
2701.800048828125,2733.800048828125,2693.10009765625,2733.800048828125,3387,0.0,0.0,2640.5750122070312,2669.3740087890624,2445.233995361328,2665.570300564256,2659.086170931124,6.484129633131943,-3.1899863113010674,9.67411594443301,61.85423385119603,2724.90744918291,2640.5750122070312,2556.2425752311524,6.387429751930627,32.372400904625856,100.0,79.1888899021613,12589.95,0.2690241025579927,0.013419317119437668,0.013419317119437668,0.011629214768819238,GOLD,2024-12-11 00:00:00-05:00
2725.10009765625,2725.10009765625,2677.39990234375,2687.5,2365,0.0,0.0,2645.910009765625,2670.1820068359375,2448.5064953613282,2668.944100477447,2661.1908990102997,7.753201467147392,-1.0013487556113754,8.754550222758766,53.953063840811176,2727.9093559640787,2645.910009765625,2563.9106635671715,6.198196151479629,34.08866844603651,60.427308693910255,82.22002105306156,12705.55,0.18613912817626943,-0.016936150413770057,-0.016936150413770057,0.012239934101725592,GOLD,2024-12-12 00:00:00-05:00
2688.199951171875,2689.300048828125,2647.89990234375,2656.0,1125,0.0,0.0,2650.300012207031,2670.1600048828127,2451.557995605469,2666.9527004039937,2660.8063879725,6.146312431493698,0.4281834818096393,5.718128949684059,49.33567122453661,2724.187732638026,2650.300012207031,2576.4122917760365,5.575800482260488,34.610916877346405,33.504231770833336,64.64384682158119,12760.45,0.08816303500268408,-0.011720930232558158,-0.011720930232558158,0.012537155328925903,GOLD,2024-12-13 00:00:00-05:00
2658.300048828125,2663.300048828125,2651.0,2651.39990234375,877,0.0,0.0,2654.585009765625,2670.272001953125,2454.3804956054687,2664.559962240879,2660.1096112592595,4.450350981619522,1.2326169817716157,3.217733999847906,48.68046711905783,2717.471878827555,2654.585009765625,2591.6981407036947,4.737981178269554,33.01728344525916,29.148657017203195,41.02673249398226,12803.3,0.06849796536830349,-0.0017319644790098065,-0.0017319644790098065,0.012546995153513632,GOLD,2024-12-16 00:00:00-05:00
2651.800048828125,2652.300048828125,2632.5,2644.39990234375,705,0.0,0.0,2656.275,2670.2639990234375,2457.013995361328,2661.4584145643976,2658.94592911737,2.512485447027757,1.4885906748228441,1.0238947722049128,47.64357030572415,2716.084253602,2656.275,2596.465746398,4.503242593632052,32.07319525832101,23.129742949209113,28.594210579081885,12831.75,0.05494184347419487,-0.002640114753648559,-0.002640114753648559,0.012010557343577224,GOLD,2024-12-17 00:00:00-05:00
2644.300048828125,2647.10009765625,2590.199951171875,2636.5,566,0.0,0.0,2656.7449951171875,2670.6939990234373,2459.5289953613283,2657.6186584775674,2657.283267701268,0.3353907762993913,1.2579506951181536,-0.9225599188187623,46.44132316274481,2715.772432588538,2656.7449951171875,2597.717557645837,4.443590753334361,33.84654891732486,32.24235190908998,28.173583958500767,12855.7,0.04402716304829764,-0.0029874083480143643,-0.0029874083480143643,0.011962062738322793,GOLD,2024-12-18 00:00:00-05:00
2582.10009765625,2610.300048828125,2582.10009765625,2592.199951171875,238,0.0,0.0,2653.9449951171873,2670.417998046875,2461.738494873047,2647.5542419689996,2652.462281291683,-4.908039322683635,0.024752691557796025,-4.932792014241431,40.300003493724894,2719.3016119115805,2653.9449951171873,2588.588378322794,4.925242754815067,35.31464559064094,6.657782970662882,20.676625942987325,12866.25,0.01849800835519285,-0.016802597696994104,-0.016802597696994104,0.012392679869704763,GOLD,2024-12-19 00:00:00-05:00
2605.300048828125,2631.60009765625,2604.89990234375,2628.699951171875,592,0.0,0.0,2651.7749877929687,2670.5799951171875,2464.0919946289064,2644.653581846365,2650.702108690216,-6.04852684385105,-1.1899032155239733,-4.858623628327077,46.56933250306992,2717.45750092074,2651.7749877929687,2586.092474665197,4.953852678310238,35.60646708305052,30.71843672700177,23.20619053558488,12894.2,0.0459121155248096,0.014080703914641779,0.014080703914641779,0.012656564277203337,GOLD,2024-12-20 00:00:00-05:00
2620.0,2627.699951171875,2611.10009765625,2612.300048828125,451,0.0,0.0,2646.8949951171876,2669.673994140625,2466.2604943847655,2639.6761152281742,2647.8575116633942,-8.181396435219995,-2.5882018594631777,-5.593194575756817,44.31740621192753,2708.982741409557,2646.8949951171876,2584.807248824818,4.691364516303425,34.320280399662984,19.9076868110911,19.09463550291858,12914.7,0.03492144610405197,-0.006238788240719106,-0.006238788240719106,0.012207371668553674,GOLD,2024-12-23 00:00:00-05:00
2613.0,2620.0,2609.5,2620.0,35,0.0,0.0,2647.0549926757812,2669.1179931640627,2468.4479943847655,2636.6490205776863,2645.7939922809205,-9.144971703234205,-3.8995558282173834,-5.245415875016821,45.64637285909135,2708.8474909003476,2647.0549926757812,2585.262494451215,4.668773289224584,32.61883179968706,24.98346377238426,25.203195770159045,12911.75,0.002710709237709838,0.002947575327470142,0.002947575327470142,0.00951887130480734,GOLD,2024-12-24 00:00:00-05:00
2628.5,2638.800048828125,2627.89990234375,2638.800048828125,84,0.0,0.0,2647.9799926757814,2668.66599609375,2470.8399951171873,2636.9799480008305,2645.275922395528,-8.295974394697623,-4.778839541513432,-3.5171348531841913,48.85593339152309,2708.6871071876767,2647.9799926757814,2587.272878163886,4.585164138687527,31.631775873146914,37.37638063418646,27.422510405887277,4023.05,0.020879680839164316,0.007175591155772931,0.007175591155772931,0.009647329566547813,GOLD,2024-12-26 00:00:00-05:00
2617.699951171875,2617.699951171875,2616.39990234375,2617.199951171875,642,0.0,0.0,2646.8449951171874,2667.5299951171874,2473.0489953613283,2633.936871565607,2643.196220823406,-9.259349257798931,-5.674941484770532,-3.584407773028399,45.5294107020601,2708.946730145848,2646.8449951171874,2584.7432600885268,4.692510150252386,30.97237377394892,23.137682803771707,28.49917573678081,972.5,0.6601542416452442,-0.008185575737669981,-0.008185575737669981,0.009677815669830826,GOLD,2024-12-27 00:00:00-05:00
2620.699951171875,2626.89990234375,2597.0,2606.10009765625,794,0.0,0.0,2644.3,2665.8319970703124,2475.2644958496094,2629.6542909641676,2640.448359848061,-10.794068883893488,-6.698766964595123,-4.095301919298365,43.87612592997965,2708.6593194647867,2644.3,2579.9406805352137,4.86777744316352,30.895768671791853,15.820703839784473,25.444922425914214,819.15,0.9692974424708539,-0.0042411178827413964,-0.0042411178827413964,0.009573886004196614,GOLD,2024-12-30 00:00:00-05:00
2608.39990234375,2629.199951171875,2604.89990234375,2629.199951171875,401,0.0,0.0,2644.015002441406,2664.1419970703123,2477.623995361328,2629.5843925345844,2639.615144390566,-10.030751855981634,-7.365163942872425,-2.665587913109209,48.09989831973533,2708.5884260402036,2644.015002441406,2579.4415788426086,4.884497519051313,30.42464582581565,31.048034723663946,23.335473789073376,804.45,0.49847722046118464,0.008863762959987476,0.008863762959987476,0.009646020971478061,GOLD,2024-12-31 00:00:00-05:00
2633.0,2663.10009765625,2633.0,2658.89990234375,1728,0.0,0.0,2644.725,2662.8579931640625,2480.1149951171874,2634.0944709667638,2641.0436449796907,-6.94917401292696,-7.281965956883333,0.3327919439563729,52.99772014581597,2709.6243749369346,2644.725,2579.825625063065,4.9078354034491065,30.6728958728556,53.70615712412587,33.52496522919143,837.75,2.062667860340197,0.011296193413755873,0.011296193413755873,0.009946538352064306,GOLD,2025-01-02 00:00:00-05:00
2658.699951171875,2658.699951171875,2641.800048828125,2645.0,591,0.0,0.0,2644.2849975585937,2660.873994140625,2482.558494873047,2635.772244664185,2641.3367083145286,-5.564463650343441,-6.938465495575356,1.3740018452319145,50.59140655172135,2709.0514879789066,2644.2849975585937,2579.5185071382807,4.898601359544099,29.70339284733913,58.675308762876035,47.80983353688862,854.85,0.6913493595367608,-0.005227689215189235,-0.005227689215189235,0.009991915196053747,GOLD,2025-01-03 00:00:00-05:00
2645.5,2647.0,2617.300048828125,2638.39990234375,960,0.0,0.0,2644.8749877929686,2659.353994140625,2484.9609948730467,2636.1764996918105,2641.119167131508,-4.942667439697743,-6.539305884399834,1.5966384447020907,49.44344574131205,2709.199801509638,2644.8749877929686,2580.5501740762993,4.8641099495099756,29.70314701337741,69.33477653001398,60.572080805671966,874.2,1.098146877144818,-0.002495311023156921,-0.002495311023156921,0.009725001939535632,GOLD,2025-01-06 00:00:00-05:00
2653.39990234375,2657.5,2653.0,2656.699951171875,643,0.0,0.0,2645.77998046875,2657.7899951171876,2487.3324951171876,2639.3339537656666,2642.2732992826463,-2.939345516979756,-5.819313810915818,2.879968293936062,52.65150967676932,2710.2353659322494,2645.77998046875,2581.324595005251,4.8723163633643995,28.945786345011165,92.09858458719135,73.3695566266938,877.8,0.7325131009341536,0.006936040594857751,0.006936040594857751,0.009794250039028313,GOLD,2025-01-07 00:00:00-05:00
2655.5,2676.89990234375,2653.5,2664.5,999,0.0,0.0,2645.7599853515626,2656.2619970703126,2489.8644946289064,2643.2056531863336,2643.919721558006,-0.7140683716725107,-4.798264723067157,4.084196351394646,53.99159509482763,2710.1918769874464,2645.7599853515626,2581.3280937156787,4.870577224889301,28.54965177349251,86.91990728817925,82.78442280179486,881.0,1.133938706015891,0.002935991633034929,0.002935991633034929,0.009555567877090332,GOLD,2025-01-08 00:00:00-05:00
2669.699951171875,2686.300048828125,2667.89990234375,2683.800048828125,1139,0.0,0.0,2645.0699829101563,2655.08,2492.409494628906,2649.4509448235326,2646.8738198743113,2.577124949221343,-3.323186788609457,5.900311737830799,57.21809898766174,2707.5319239895794,2645.0699829101563,2582.6080418307333,4.722895158388301,28.06753727739483,97.60076663003774,92.20641950180278,916.1,1.2433140486846415,0.007243403575952323,0.007243403575952323,0.009278903075430594,GOLD,2025-01-09 00:00:00-05:00
2686.10009765625,2720.10009765625,2683.699951171875,2708.5,403,0.0,0.0,2643.80498046875,2653.882001953125,2495.073994140625,2658.5354148506813,2651.4387221058437,7.096692744837583,-1.2392108819200494,8.335903626757633,60.98867807120314,2699.708125753648,2643.80498046875,2587.9018351838517,4.2289916009603985,28.662723649321983,90.5766950009718,91.69912297306293,766.9,0.5254922414917199,0.009203349997202626,0.009203349997202626,0.00899643489219799,GOLD,2025-01-10 00:00:00-05:00
2711.10009765625,2711.199951171875,2673.5,2673.5,765,0.0,0.0,2643.10498046875,2651.582001953125,2497.4884936523435,2660.837658719807,2653.072890838744,7.764767881063108,0.5615848706765821,7.2031830103865255,53.75845953961435,2697.120807254697,2643.10498046875,2589.089153682803,4.087300896869207,29.30823990093291,62.144548588110695,83.44067007304007,686.9,1.113699228417528,-0.012922281705741168,-0.012922281705741168,0.008646719574099201,GOLD,2025-01-13 00:00:00-05:00
2673.60009765625,2688.300048828125,2670.800048828125,2677.5,794,0.0,0.0,2644.17998046875,2650.3660009765626,2499.788994140625,2663.401095839837,2654.8823063321706,8.518789507666497,2.153025798074565,6.365763709591932,54.42345734422491,2700.005012589996,2644.17998046875,2588.3549483475035,4.222483532406886,28.464794193723417,65.39393674958053,72.70506011288767,670.35,1.1844558812560602,0.0014961660744343686,0.0014961660744343686,0.008216272706823869,GOLD,2025-01-14 00:00:00-05:00
2690.800048828125,2712.5,2690.800048828125,2712.5,930,0.0,0.0,2647.2349853515625,2649.8439990234374,2502.168994140625,2670.9547734029393,2659.150283640899,11.804489762040248,4.083318590867702,7.721171171172546,59.8625938407927,2710.4979409525777,2647.2349853515625,2583.9720297505473,4.7795496773863935,28.93159460845746,93.82608316244165,73.78818950004428,673.0,1.3818722139673105,0.013071895424836555,0.013071895424836555,0.008665310472597342,GOLD,2025-01-15 00:00:00-05:00
2731.699951171875,2749.800048828125,2731.699951171875,2746.39990234375,1721,0.0,0.0,2652.3349853515624,2650.0499951171873,2504.5959936523436,2682.5617163169104,2665.6132183596287,16.94849795728169,6.6563544641505,10.292143493131189,64.30584417010243,2728.907109291396,2652.3349853515624,2575.762861411729,5.773940649482783,29.52934133843371,97.77477395429395,85.66493128877204,723.8,2.377728654324399,0.012497659850230436,0.012497659850230436,0.008970242036193905,GOLD,2025-01-16 00:00:00-05:00
2736.0,2751.60009765625,2725.5,2744.300048828125,1214,0.0,0.0,2657.724987792969,2650.1299951171877,2506.8454943847655,2692.0599213186356,2671.441872468406,20.61804885022957,9.448693341366315,11.169355508863255,63.834452555551294,2743.6810631292506,2657.724987792969,2571.7689124566873,6.468395016872034,29.284395361134873,95.27810852722972,95.62632188132177,756.2,1.6053953980428457,-0.0007645840337501264,-0.0007645840337501264,0.008919705741457938,GOLD,2025-01-17 00:00:00-05:00
2746.0,2755.0,2724.800048828125,2755.0,1439,0.0,0.0,2665.864990234375,2651.8779931640624,2509.176494140625,2701.7430103465376,2677.631363396672,24.111646949865644,12.381284063066182,11.730362886799462,65.23299660097919,2756.1821416695734,2665.864990234375,2575.5478387991766,6.775823364352595,29.349792204759165,100.0,97.68429416050789,816.25,1.7629402756508423,0.0038989727732010593,0.0038989727732010593,0.007740871314890231,GOLD,2025-01-21 00:00:00-05:00
2754.5,2768.800048828125,2753.5,2767.60009765625,2079,0.0,0.0,2672.8099975585938,2653.2619970703126,2511.385994873047,2711.874869932647,2684.2957140825665,27.579155850080497,15.420858420469045,12.158297429611451,66.85829372771923,2771.5926565993354,2672.8099975585938,2574.027338517852,7.391670873049117,28.346239106428154,99.20795302186468,98.1620205163648,890.6,2.334381315966764,0.0045735381692377786,0.0045735381692377786,0.0073095823410095125,GOLD,2025-01-22 00:00:00-05:00
2760.0,2765.0,2745.39990234375,2763.10009765625,2201,0.0,0.0,2680.35,2654.7739990234377,2513.5429956054686,2719.755674197817,2690.1330758287654,29.622598369051502,18.261206410185537,11.361391958865966,65.67741621448903,2782.4713828536896,2680.35,2578.22861714631,7.6200035707045535,27.90723597829043,96.23765599216172,98.48186967134212,978.1,2.2502811573458747,-0.0016259574509376318,-0.0016259574509376318,0.007085235302159308,GOLD,2025-01-23 00:00:00-05:00
2759.800048828125,2792.0,2759.800048828125,2777.300048828125,1593,0.0,0.0,2688.2150024414063,2658.0960009765627,2515.7119958496096,2728.608654910172,2696.5898886435325,32.01876626663943,21.01271838147632,11.006047885163113,67.62086806684687,2794.6705409346746,2688.2150024414063,2581.759463948138,7.920165492461469,28.2138584921179,91.58560086979489,95.67706996127377,1056.0,1.5085227272727273,0.005139137443453512,0.005139137443453512,0.0071040083542285,GOLD,2025-01-24 00:00:00-05:00
2761.10009765625,2762.199951171875,2737.5,2737.5,984,0.0,0.0,2693.15,2660.8460009765627,2517.751495361328,2729.976554154761,2699.62026726253,30.356286892230855,22.881432083627224,7.474854808603631,57.75054561394673,2799.134902420241,2693.15,2587.1650975797593,7.87070177451986,29.04144351611841,60.79136690647482,82.87154125614381,1101.0,0.8937329700272479,-0.014330482169155112,-0.014330482169155112,0.008000737839725769,GOLD,2025-01-27 00:00:00-05:00
2738.0,2766.800048828125,2738.0,2766.800048828125,2307,0.0,0.0,2700.6300048828125,2664.5660009765625,2519.811495361328,2735.641707181432,2704.5965473785,31.045159802932176,24.514177627488216,6.53098217544396,62.132670048875816,2805.2253279327388,2700.6300048828125,2596.0346818328862,7.745994294724941,29.059915324118883,81.80508940658845,78.06068572761939,1184.25,1.948068397720076,0.010703214183789944,0.010703214183789944,0.00786519896174102,GOLD,2025-01-28 00:00:00-05:00
2769.10009765625,2769.10009765625,2769.10009765625,2769.10009765625,125692,0.0,0.0,2708.7800048828126,2668.58400390625,2521.87599609375,2740.7891518698652,2709.374588139815,31.414563730050304,25.894254848000635,5.520308882049669,62.4618173054256,2807.900848567411,2708.7800048828126,2609.6591611982144,7.318486071657662,27.148496288690747,81.54723261606016,74.71456297637447,7429.15,16.91875921202291,0.0008313028724642457,0.0008313028724642457,0.007705944112275251,GOLD,2025-01-29 00:00:00-05:00
2772.5,2829.5,2770.0,2823.0,40141,0.0,0.0,2718.470007324219,2673.7300048828124,2524.1619958496094,2753.436974659117,2717.7912853146436,35.64568934447334,27.844541747295175,7.801147597178165,69.2148956949596,2822.3545659971787,2718.470007324219,2614.585448651259,7.642869584219773,29.52359672119498,95.90422054197082,86.4188475215398,9416.15,4.262994960785459,0.019464772107505413,0.019464772107505413,0.008453999168590904,GOLD,2025-01-30 00:00:00-05:00
2829.0,2838.0,2804.0,2812.5,3443,0.0,0.0,2726.150012207031,2677.7680029296876,2526.2704956054686,2762.5235939423296,2724.8067456617073,37.716848280622344,29.81900305396061,7.897845226661733,66.69765292050481,2833.921437240387,2726.150012207031,2618.378587173675,7.906492639860761,29.843339812538197,84.74879937387841,87.40008417730314,9501.9,0.36234858291499594,-0.0037194473963868546,-0.0037194473963868546,0.008400780861499526,GOLD,2025-01-31 00:00:00-05:00
2818.199951171875,2848.39990234375,2780.89990234375,2833.89990234375,2649,0.0,0.0,2735.595007324219,2681.9039990234373,2528.581495361328,2773.504564465625,2732.8877202307476,40.61684423487759,31.97857129014401,8.638272944733579,69.15946350341079,2846.3324950658152,2735.595007324219,2624.8575195826224,8.096044001038926,32.533101254499755,91.83557885157585,90.82953292247502,9604.8,0.2757996001999001,0.007608854166666568,0.007608854166666568,0.008240349937740624,GOLD,2025-02-03 00:00:00-05:00
2827.60009765625,2853.300048828125,2816.10009765625,2853.300048828125,2187,0.0,0.0,2746.3400146484373,2686.0060009765625,2530.936495361328,2785.7807928290867,2741.8071519787018,43.97364085038498,34.37758520219221,9.596055648192774,71.23540877171254,2858.956568202453,2746.3400146484373,2633.7234610944215,8.201209824955487,32.86644767716941,100.0,92.19479274181809,9666.15,0.22625347216834005,0.006845741611526401,0.006845741611526401,0.008147613429784074,GOLD,2025-02-04 00:00:00-05:00
2850.0,2880.5,2848.0,2871.60009765625,4519,0.0,0.0,2757.0850219726562,2689.9960009765623,2533.3024963378907,2798.9837628024966,2751.421444251113,47.56231855138367,37.0145318720305,10.547786679353166,73.07642899675295,2874.3523101983283,2757.0850219726562,2639.8177337469842,8.506613854205257,32.840272843085884,94.28394018317609,95.37317301158397,9859.95,0.45831875415189727,0.006413643330515084,0.006413643330515084,0.008138383721568275,GOLD,2025-02-05 00:00:00-05:00
2865.199951171875,2871.699951171875,2836.300048828125,2856.0,3116,0.0,0.0,2766.660021972656,2692.9180029296876,2535.921496582031,2807.755491602112,2759.168003936216,48.58748766589633,39.32912303080367,9.258364635092661,69.02095987055928,2883.396184770211,2766.660021972656,2649.923859175101,8.438779023836917,33.02310352170475,84.26460649756095,92.84951556024566,9965.8,0.31266932910554096,-0.005432545314712378,-0.005432545314712378,0.008402915228608837,GOLD,2025-02-06 00:00:00-05:00
2859.89990234375,2889.5,2857.800048828125,2867.300048828125,1822,0.0,0.0,2775.8350219726562,2697.9280029296874,2538.6194970703127,2816.9161927138066,2767.1777850393205,49.7384076744861,41.41097995954016,8.32742771494594,70.30643537637867,2893.916083857654,2775.8350219726562,2657.7539600876585,8.507786734464002,33.057167555868695,86.52097282730344,88.35650650268015,9999.95,0.18220091100455502,0.003956599729735721,0.003956599729735721,0.008358073622792594,GOLD,2025-02-07 00:00:00-05:00
2864.199951171875,2916.10009765625,2863.800048828125,2914.300048828125,2237,0.0,0.0,2786.1250244140624,2703.8080029296875,2541.568497314453,2831.8983244237015,2778.075730505158,53.82259391854359,43.89330275134084,9.929291167202749,74.96042149692406,2914.3720995094327,2786.1250244140624,2657.877949318692,9.206124920567149,34.43165907531557,98.99213446591192,89.92590459692543,10091.65,0.2216684090312288,0.016391727129920985,0.016391727129920985,0.008767754379004417,GOLD,2025-02-10 00:00:00-05:00
2925.5,2945.39990234375,2890.0,2912.5,2554,0.0,0.0,2798.0750244140627,2709.2600048828126,2544.4819970703124,2844.2985822046703,2788.0330838010723,56.26549840359803,46.367741881792284,9.897756521805746,74.47895350058515,2926.6570991233048,2798.0750244140627,2669.4929497048206,9.190752469989121,35.9293907373466,84.17512371441522,89.89607700254352,10181.1,0.25085698009055996,-0.0006176607754746488,-0.0006176607754746488,0.007931443373004133,GOLD,2025-02-11 00:00:00-05:00
2902.0,2912.300048828125,2868.60009765625,2909.0,2504,0.0,0.0,2809.6500244140625,2714.3000048828126,2547.352996826172,2854.252646480875,2796.9935961121037,57.25905036877111,48.54600357918805,8.71304678958306,73.49054759913693,2934.3521902965804,2809.6500244140625,2684.9478585315446,8.876704557431408,36.49871299494684,82.49162124012692,88.55295980681802,10266.6,0.24389768764732236,-0.001201716738197467,-0.001201716738197467,0.008004604471195406,GOLD,2025-02-12 00:00:00-05:00
2911.300048828125,2937.699951171875,2910.60009765625,2925.89990234375,4670,0.0,0.0,2820.32001953125,2720.1200048828123,2550.255496826172,2865.2753012290095,2806.542211388522,58.73308984048754,50.58342083144795,8.149669009039584,75.2018320161339,2946.456518482151,2820.32001953125,2694.1835205803495,8.944835910632944,35.94165857901314,90.62048621467945,85.76241038974052,10453.6,0.44673605265171806,0.005809522978257098,0.005809522978257098,0.007740626289897659,GOLD,2025-02-13 00:00:00-05:00
2937.300048828125,2944.39990234375,2874.800048828125,2883.60009765625,1992,0.0,0.0,2827.180029296875,2724.8980078125,2553.2164978027345,2868.094500679354,2812.250202963909,55.84429771544501,51.635596208247364,4.208701507197645,64.05583360675945,2951.3984431659596,2827.180029296875,2702.9616154277905,8.78744279330368,38.34581536019971,70.2025873738979,81.10489827623475,10467.15,0.1903096831515742,-0.014457023855674711,-0.014457023855674711,0.008463428077717012,GOLD,2025-02-14 00:00:00-05:00
2879.199951171875,2936.39990234375,2873.800048828125,2931.60009765625,4010,0.0,0.0,2836.545031738281,2730.4540087890623,2556.3749987792967,2877.8645925219535,2821.0909359040825,56.773656617870984,52.66320829017209,4.11044832769889,69.56785268695755,2962.585871008639,2836.545031738281,2710.504192467923,8.886926726710072,40.078246657015804,92.17253546482321,84.33186968446687,10606.95,0.3780540117564427,0.01664585877875835,0.01664585877875835,0.008991652307822345,GOLD,2025-02-18 00:00:00-05:00
2938.699951171875,2946.0,2917.10009765625,2919.39990234375,2630,0.0,0.0,2844.765026855469,2736.3100048828123,2559.475998535156,2884.254640186845,2828.3730815662802,55.88155862056465,53.30687835625061,2.57468026431404,66.76536475239517,2969.9013020175507,2844.765026855469,2719.628751693387,8.797652810039235,39.279793491782534,84.88630814985795,82.42047699619302,10666.5,0.24656635259925935,-0.004161616491367259,-0.004161616491367259,0.009144853580236189,GOLD,2025-02-19 00:00:00-05:00
2949.10009765625,2955.800048828125,2924.199951171875,2940.0,656,0.0,0.0,2853.3850219726564,2742.3380029296877,2562.680998535156,2892.830849388869,2836.6417421910005,56.18910719786845,53.88332412457418,2.305783073294272,69.03372145123976,2979.8165246152444,2853.3850219726564,2726.9535193300685,8.861860679087808,39.07410441982485,90.96624608628528,89.3416965669888,10595.35,0.06191395281892528,0.007056278120620485,0.007056278120620485,0.009184931569783466,GOLD,2025-02-20 00:00:00-05:00
2938.800048828125,2940.0,2917.300048828125,2937.60009765625,570,0.0,0.0,2862.1100219726563,2747.7920068359376,2565.7609985351564,2899.718426045389,2844.12013889213,55.59828715325921,54.22631673031119,1.3719704229480172,68.44759998078273,2986.4827868497687,2862.1100219726563,2737.737257095544,8.690984198531314,37.904522044971294,89.59409037801983,88.48221487138768,10513.8,0.05421446099412201,-0.0008162933142006334,-0.0008162933142006334,0.009164925512573762,GOLD,2025-02-21 00:00:00-05:00
2933.10009765625,2957.89990234375,2933.10009765625,2947.89990234375,415,0.0,0.0,2870.6400146484375,2752.7980029296873,2568.9244982910154,2907.1309608605216,2851.807528777435,55.32343208308657,54.44573980086627,0.8776922822203019,69.6390129783995,2993.9728000254167,2870.6400146484375,2747.3072292714583,8.592703003346355,36.96847080515192,92.94780410873054,91.16938019101188,10454.9,0.03969430601918718,0.0035061970129008913,0.0035061970129008913,0.009153130409451777,GOLD,2025-02-24 00:00:00-05:00
2938.699951171875,2943.199951171875,2890.0,2904.5,1854,0.0,0.0,2878.9900146484374,2756.212001953125,2571.8789978027344,2906.7261976512104,2855.7106747939215,51.01552285728894,53.7596964121508,-2.7441735548618595,59.45212034301499,2986.7681802031007,2878.9900146484374,2771.211849093774,7.487220518743229,38.463573057908924,56.085553724052495,79.54248273693429,10498.4,0.17659833879448297,-0.014722312080286182,-0.014722312080286182,0.009192567527838785,GOLD,2025-02-25 00:00:00-05:00
2913.5,2917.0,2913.0,2916.800048828125,2050,0.0,0.0,2886.4900146484374,2760.7980029296873,2574.8024975585936,2908.2760209091975,2860.23581361127,48.040207297927736,52.615798589306195,-4.575591291378458,61.185088141105204,2982.1965192398684,2886.4900146484374,2790.7835100570064,6.63134146355865,36.609032125201146,66.20073764287564,71.74469849188623,10485.55,0.1955071503163878,0.004234824867662246,0.004234824867662246,0.009019639152017884,GOLD,2025-02-26 00:00:00-05:00
2918.5,2922.800048828125,2870.39990234375,2883.199951171875,3215,0.0,0.0,2892.1950073242188,2765.342001953125,2577.3819970703125,2904.4181640265324,2861.9368608379814,42.48130318855101,50.58889950915516,-8.107596320604152,54.35145156357157,2971.413904291017,2892.1950073242188,2812.9761103574206,5.478115878506365,37.73696886514214,25.3745649485743,49.22028543850081,4361.7,0.737097920535571,-0.011519506683274172,-0.011519506683274172,0.009559647753256089,GOLD,2025-02-27 00:00:00-05:00
2877.10009765625,2877.10009765625,2834.10009765625,2836.800048828125,990,0.0,0.0,2892.885009765625,2769.0500048828126,2579.8854968261717,2894.015377072931,2860.074874763177,33.940502309754265,47.25922006927499,-13.318717759520723,46.6096300457481,2969.8905920359816,2892.885009765625,2815.8794274952684,5.3237914407524585,38.54860348303377,2.1809009947069913,31.25206786205231,2404.15,0.4117879500031196,-0.016093196146486743,-0.016093196146486743,0.009459191725783012,GOLD,2025-02-28 00:00:00-05:00
2872.699951171875,2891.800048828125,2863.39990234375,2890.199951171875,423,0.0,0.0,2896.7700073242186,2773.966005859375,2582.5694970703125,2893.428388472769,2862.306361904562,31.12202656820682,44.031781369061356,-12.909754800854536,54.62081532163804,2964.4352038849465,2896.7700073242186,2829.1048107634906,4.6717686519566755,39.72370323424565,45.31497740019405,24.290147781158442,2253.15,0.1877371679648492,0.018823992323959926,0.018823992323959926,0.010265515077438845,GOLD,2025-03-03 00:00:00-05:00
2886.10009765625,2927.89990234375,2886.10009765625,2909.60009765625,885,0.0,0.0,2900.5550170898437,2779.4280078125,2585.1739978027344,2895.9163437317657,2865.8096015898723,30.106742141893392,41.246773523627766,-11.140031381734374,57.137126560133105,2961.9037404134224,2900.5550170898437,2839.206293766265,4.230136850507357,39.87199619519239,60.98555663361494,36.16047834283865,2164.95,0.40878542229612697,0.006712389043017186,0.006712389043017186,0.010238963116567117,GOLD,2025-03-04 00:00:00-05:00
2916.699951171875,2922.0,2893.0,2915.300048828125,551,0.0,0.0,2903.6550170898436,2785.890009765625,2587.850498046875,2898.8984522081287,2869.4755606445574,29.422891563571284,38.88199713161647,-9.459105568045189,57.87619736582813,2961.2927012950786,2903.6550170898436,2846.0173328846085,3.9700090999792224,39.09542503839293,65.5897247793265,57.29675293771182,2083.15,0.2645032762883134,0.0019590153218878026,0.0019590153218878026,0.010159382162493933,GOLD,2025-03-05 00:00:00-05:00
2904.0,2918.60009765625,2903.800048828125,2916.60009765625,870,0.0,0.0,2905.9050170898436,2791.6480126953124,2590.372498779297,2901.6217822770705,2872.9662670898683,28.655515187202127,36.836700742733605,-8.181185555531478,58.05384936121009,2961.85020536138,2905.9050170898436,2849.959828818307,3.8504485138033626,37.360041023373796,66.63984665262561,64.40504268852234,1900.7,0.45772610091019095,0.0004459399740508463,0.0004459399740508463,0.010083210425330532,GOLD,2025-03-06 00:00:00-05:00
2900.89990234375,2927.300048828125,2900.5,2904.699951171875,531,0.0,0.0,2908.3400146484373,2797.4960107421875,2592.7264990234376,2902.095346722425,2875.3169103552023,26.77843636722264,34.82504786763141,-8.046611500408773,55.73666378308592,2959.4118809636802,2908.3400146484373,2857.2681483331944,3.51209735161702,36.60575586657031,57.02743529671613,63.08566890955607,1771.45,0.29975443845437355,-0.00408014334702167,-0.00408014334702167,0.010043486647133228,GOLD,2025-03-07 00:00:00-05:00
2910.10009765625,2915.10009765625,2880.199951171875,2891.0,55,0.0,0.0,2909.525012207031,2802.9160107421876,2595.0729992675783,2900.3883703035904,2876.4786206992617,23.90974960432868,32.641988214970866,-8.732238610642185,53.1085415192094,2957.753614869369,2909.525012207031,2861.2964095446932,3.315221725882593,36.48392662498493,45.96122141499239,56.54283445477804,1683.1,0.032677796922345674,-0.0047164772273115,-0.0047164772273115,0.010091402026057978,GOLD,2025-03-10 00:00:00-04:00
2884.39990234375,2916.699951171875,2880.39990234375,2912.89990234375,197,0.0,0.0,2909.4550048828123,2808.3980078125,2597.6914990234377,2902.313221386692,2879.176493413668,23.13672797302388,30.74093616658147,-7.604208193557589,56.6290948226602,2957.6597379740797,2909.4550048828123,2861.250271791545,3.3136606691196433,36.47079249663779,63.65099273493149,55.546549815546655,1581.1,0.12459679969641389,0.007575199703822255,0.007575199703822255,0.00953611115862011,GOLD,2025-03-11 00:00:00-04:00
2912.0,2939.10009765625,2910.0,2939.10009765625,213,0.0,0.0,2910.785009765625,2814.8360107421877,2600.7119995117187,2907.9727408127783,2883.615278913119,24.357461899659484,29.464241313197075,-5.106779413537591,60.454370269770486,2960.690245427863,2910.785009765625,2860.8797741033873,3.428988090484647,35.94431429375295,84.81435028515986,64.80885481169457,1464.05,0.145486834466036,0.008994540214519287,0.008994540214519287,0.00974231957889451,GOLD,2025-03-12 00:00:00-04:00
2937.10009765625,2988.0,2935.199951171875,2984.300048828125,2366,0.0,0.0,2914.550012207031,2822.400009765625,2603.9709997558593,2919.71540358437,2891.0734100179343,28.641993566435758,29.299791763844812,-0.6577981974090541,66.0221080984787,2973.829743268059,2914.550012207031,2855.2702811460035,4.067847922509197,37.148295331922384,97.59587165714322,82.02040489241152,1457.15,1.6237175307964176,0.015378840349098422,0.015378840349098422,0.010280510017812033,GOLD,2025-03-13 00:00:00-04:00
2994.39990234375,3004.800048828125,2986.0,2994.5,1800,0.0,0.0,2917.980017089844,2829.7060107421876,2607.1675,2931.2207261098515,2898.7346389054946,32.48608720435686,29.937050851947227,2.5490363524096367,67.14622222915804,2986.6798197757275,2917.980017089844,2849.28021440396,4.708723314315175,35.959131379642216,93.96599193062801,92.12540462431035,1313.65,1.3702279907128991,0.003417870524071498,0.003417870524071498,0.010239475167830067,GOLD,2025-03-14 00:00:00-04:00
2991.0,3001.5,2989.0,3000.0,214,0.0,0.0,2923.800012207031,2836.5280126953126,2610.4659997558592,2941.802152862182,2906.235776764347,35.56637609783502,31.062915901124786,4.503460196710233,67.76549818664458,2999.2535294457084,2923.800012207031,2848.346494968354,5.161332302049013,34.2834791382392,97.1880198001393,96.24996112930351,1224.75,0.17472953664013063,0.0018367006177992806,0.0018367006177992806,0.00955256505202413,GOLD,2025-03-17 00:00:00-04:00
3006.39990234375,3039.199951171875,3004.39990234375,3035.10009765625,428,0.0,0.0,2928.9750122070313,2844.3300146484376,2613.9270007324217,2956.1556828305,2915.781282015599,40.37440081490104,32.925212883880036,7.449187931021001,71.46246596496134,3018.705075738074,2928.9750122070313,2839.244948675989,6.127062413101945,34.634655712070334,98.00104512736151,96.38501895270959,1045.65,0.40931478028020846,0.011700032552083295,0.011700032552083295,0.009212066844506223,GOLD,2025-03-18 00:00:00-04:00
3035.199951171875,3050.89990234375,3030.89990234375,3035.89990234375,175,0.0,0.0,2934.800012207031,2852.2800146484374,2617.4920007324217,2968.424024294077,2924.678957595462,43.745066698614664,35.08918364682697,8.655883051787697,71.54255644370978,3035.715876577585,2934.800012207031,2833.8841478364775,6.877188493308123,33.58932316120816,93.08117457872191,96.09007983540755,922.9,0.18961967710477842,0.000263518388773365,0.000263518388773365,0.009114560714922573,GOLD,2025-03-19 00:00:00-04:00
3047.300048828125,3047.300048828125,3034.39990234375,3040.0,185,0.0,0.0,2939.800012207031,2859.946015625,2620.9590002441405,2979.4357128642187,2933.221257032835,46.214455831383475,37.314238083738275,8.9002177476452,71.97674459865142,3050.6693550993505,2939.800012207031,2828.930669314712,7.5426452433466755,32.11152482714865,94.18671875,95.0896461520278,899.35,0.20570411964196364,0.0013505378267197887,0.0013505378267197887,0.009036862817126554,GOLD,2025-03-20 00:00:00-04:00
3034.5,3037.5,3000.89990234375,3018.199951171875,151,0.0,0.0,2943.8300048828123,2867.0200146484376,2624.4225,2985.3994418346274,2939.5159751172087,45.88346671741874,39.02808381047437,6.855382906944371,66.19382058854072,3059.8273755023197,2943.8300048828123,2827.832634263305,7.880711211388375,32.61070860065589,80.84360836228362,89.3705005636685,878.4,0.17190346083788707,-0.007171068693462179,-0.007171068693462179,0.009239895766480273,GOLD,2025-03-21 00:00:00-04:00
3024.300048828125,3024.300048828125,3006.0,3013.10009765625,137,0.0,0.0,2947.0900146484373,2873.606015625,2627.7175,2989.6610811918003,2944.966650860841,44.69443033095922,40.16135311457134,4.5330772163878805,64.88054849160758,3066.9617614174367,2947.0900146484373,2827.218267879438,8.134922664267455,31.588518616903684,77.85599560632564,84.29544090620307,864.5,0.1584731058415269,-0.0016897003505831343,-0.0016897003505831343,0.00925044677192508,GOLD,2025-03-24 00:00:00-04:00
3026.39990234375,3028.800048828125,3023.699951171875,3023.699951171875,74,0.0,0.0,2953.050012207031,2879.9100146484375,2630.9844995117187,2994.8978304195043,2950.798747180177,44.09908323932723,40.94889913952252,3.1501840998047115,66.37382944203543,3075.680285774089,2953.050012207031,2830.4197386399733,8.305329951077074,30.453620942258777,84.06563623179493,80.92174673346805,775.5,0.09542230818826564,0.003517922794489925,0.003517922794489925,0.008471100691126067,GOLD,2025-03-25 00:00:00-04:00
3033.199951171875,3033.199951171875,3019.5,3020.89990234375,83,0.0,0.0,2958.2550048828125,2886.8580126953125,2634.562999267578,2998.8981491770805,2955.9914253404418,42.906723836638776,41.34046407894577,1.566259757693004,65.58056248899081,3083.1058188546494,2958.2550048828125,2833.4041909109756,8.440841899414465,29.25693024437422,82.42530252993835,81.4489781226863,677.15,0.12257254670309385,-0.000926033956193284,-0.000926033956193284,0.008479550190942178,GOLD,2025-03-26 00:00:00-04:00
3025.5,3065.0,3025.5,3060.199951171875,124359,0.0,0.0,2967.1050048828124,2894.51201171875,2638.325499267578,3008.3291956378184,2963.7105754020295,44.61862023578897,41.996095310314416,2.6225249254745506,70.8470099937491,3094.487648703295,2967.1050048828124,2839.72236106233,8.586325297612001,30.317156488079632,97.40257166674813,87.96450347616046,6734.35,18.466370176780238,0.013009384653107636,0.013009384653107636,0.008223359212431851,GOLD,2025-03-27 00:00:00-04:00
3069.699951171875,3094.89990234375,3066.800048828125,3086.5,31206,0.0,0.0,2979.5900024414063,2901.99201171875,2642.220499267578,3020.3554732320003,2972.8060883352123,47.54938489678807,43.10675322760915,4.4426316691789225,73.74246062515701,3102.3010204791817,2979.5900024414063,2856.878984403631,8.236772034892642,30.63021325120787,96.08396161130536,91.97061193599727,8245.15,3.7847704408045946,0.008594225621777918,0.008594225621777918,0.0069598751692498545,GOLD,2025-03-28 00:00:00-04:00
3091.0,3132.5,3086.0,3122.800048828125,3438,0.0,0.0,2991.220007324219,2909.5200146484376,2646.1544995117188,3036.1161771698658,2983.916752075428,52.19942509443763,44.92528760097484,7.2741374934627885,77.12016263014687,3121.6833091281883,2991.220007324219,2860.7567055202494,8.723082988514426,31.763769447550168,95.64047138342697,96.37566822049348,8395.9,0.4094855822484784,0.011760910036651584,0.011760910036651584,0.006332344728040503,GOLD,2025-03-31 00:00:00-04:00
3129.699951171875,3149.5,3104.0,3118.89990234375,1721,0.0,0.0,3001.6849975585938,2917.01201171875,2650.247999267578,3048.852134888925,2993.9155039471557,54.93663094176918,46.92755626913372,8.009074672635464,75.98912477255692,3137.738950910819,3001.6849975585938,2865.6310442063686,9.065171959275137,32.74492877272515,85.72090962014097,92.48178087162442,8437.7,0.20396553563174796,-0.0012489260994595908,-0.0012489260994595908,0.006395940844079248,GOLD,2025-04-01 00:00:00-04:00
3120.699951171875,3168.60009765625,3117.39990234375,3139.89990234375,5946,0.0,0.0,3012.914990234375,2924.710009765625,2654.290499267578,3062.859483728129,3004.729163087644,58.130320640485024,49.16810914340398,8.962211497081043,77.87101288979223,3155.5138239894163,3012.914990234375,2870.316156479334,9.465838513017479,34.06316209699479,84.28248632893452,88.54795577750082,8707.45,0.6828635249125748,0.006733143306144385,0.006733143306144385,0.006424481641711792,GOLD,2025-04-02 00:00:00-04:00
3150.0,3166.89990234375,3052.0,3097.0,5516,0.0,0.0,3021.9349853515623,2931.2980078125,2658.213499755859,3068.1118708468784,3011.5640398959667,56.5478309509117,50.64405350490553,5.903777446006174,66.41859502276938,3161.8196957656432,3021.9349853515623,2882.0502749374814,9.257956315549732,39.83721497176301,60.133597592307126,76.71233118046086,8939.75,0.6170194915965211,-0.013662824828182485,-0.013662824828182485,0.007490992282355276,GOLD,2025-04-03 00:00:00-04:00
3110.5,3127.699951171875,3011.0,3012.0,3247,0.0,0.0,3027.2999877929688,2936.276005859375,2661.6215002441404,3059.479275331974,3011.5963332370065,47.88294209496735,50.09183122291789,-2.208889127950542,50.554133419583366,3156.619473338693,3027.2999877929688,2897.9805022472447,8.543552741200488,45.327410414628154,6.6190129567622655,50.34503229266796,9075.55,0.3577744599500857,-0.02744591540200192,-0.02744591540200192,0.010045165464850287,GOLD,2025-04-04 00:00:00-04:00
3016.39990234375,3050.800048828125,2949.699951171875,2951.300048828125,4424,0.0,0.0,3030.314990234375,2939.756005859375,2664.6090002441406,3042.836317408305,3007.129941799312,35.70637560899331,47.21474010013298,-11.508364491139666,42.70886537254724,3149.1713286980143,3030.314990234375,2911.4586517707353,7.844487378155152,49.311173789029716,0.7309714872046531,22.49452734542467,9294.0,0.4760060253927265,-0.020152706232362205,-0.020152706232362205,0.01111354771966366,GOLD,2025-04-07 00:00:00-04:00
2994.0,3014.5,2968.39990234375,2968.39990234375,3213,0.0,0.0,3033.089990234375,2944.37400390625,2667.869000244141,3031.3845612445275,3004.2610499877887,27.123511256738766,43.19649433145414,-16.072983074715374,45.28487365157267,3143.114813532626,3033.089990234375,2923.0651669361237,7.254965968863281,50.303229316375806,8.542685545077877,5.297556663014922,9444.8,0.3401871929527359,0.00579400712659317,0.00579400712659317,0.011065892360765085,GOLD,2025-04-08 00:00:00-04:00
2965.800048828125,3090.39990234375,2965.800048828125,3056.5,2175,0.0,0.0,3038.9599853515624,2950.1680029296876,2671.5015002441405,3035.2484748992156,3008.1306018405453,27.117873058670284,39.98077007689737,-12.862897018227088,56.2095367691649,3140.500224179251,3038.9599853515624,2937.419746523874,6.682565043115679,55.610131044893606,48.7893912102742,19.354349414185567,9542.9,0.22791813809219422,0.029679322380616213,0.029679322380616213,0.012698343661676737,GOLD,2025-04-09 00:00:00-04:00
3073.89990234375,3167.0,3072.10009765625,3155.199951171875,3456,0.0,0.0,3047.50498046875,2957.89,2675.6944995117187,3053.7025481719324,3019.0246277169404,34.67792045499209,38.920200152516315,-4.242279697524225,64.71055120143095,3157.610187128586,3047.50498046875,2937.3997738089142,7.225924641009124,59.53083597025835,93.87842050378367,50.40349908637857,9597.4,0.36009752641340365,0.0322918210933667,0.0322918210933667,0.014117475242452828,GOLD,2025-04-10 00:00:00-04:00
3182.10009765625,3235.0,3182.10009765625,3222.199951171875,862,0.0,0.0,3058.8899780273437,2965.8739990234376,2680.309499511719,3079.6252255565387,3034.0746516765653,45.5505738799734,40.246274898007734,5.304298981965665,69.096304320375,3189.8344121315204,3058.8899780273437,2927.945543923167,8.561565472755044,60.97863688867739,95.51347822031526,79.39376331145769,9550.5,0.09025705460447098,0.02123478734687345,0.02123478734687345,0.014703030089489413,GOLD,2025-04-11 00:00:00-04:00
3215.5,3228.800048828125,3194.5,3204.800048828125,263,0.0,0.0,3069.12998046875,2973.72,2684.7109997558596,3098.882890675244,3046.7209773914956,52.16191328374862,42.629402575155915,9.532510708592703,66.77532119412554,3211.5777185085963,3069.12998046875,2926.682242428904,9.28261357103488,59.07302345578079,89.41467017060747,92.93552296490213,9552.95,0.027530762748679726,-0.005400007016144959,-0.005400007016144959,0.014841594645887073,GOLD,2025-04-14 00:00:00-04:00
3216.0,3218.699951171875,3214.0,3218.699951171875,390,0.0,0.0,3078.3099731445313,2981.4160009765624,2689.1659997558595,3117.3162845978027,3059.4601606344863,57.85612396331635,45.674746852788005,12.181377110528345,67.70847940463119,3233.8634933648696,3078.3099731445313,2922.756452924193,10.106423432169073,55.84637194777859,94.28669960097177,93.07161599729817,9551.05,0.04083320682019255,0.004337213595847489,0.004337213595847489,0.014715967177182272,GOLD,2025-04-15 00:00:00-04:00
3238.300048828125,3334.89990234375,3238.300048828125,3326.60009765625,1874,0.0,0.0,3092.8449829101564,2990.882001953125,2694.1609997558594,3149.5137942991023,3079.24830411758,70.26549018152218,50.592895518534846,19.672594662987336,73.84868589205475,3280.7856809570017,3092.8449829101564,2904.904284863311,12.153256893593538,60.157341892356904,97.84532561277594,93.84889846145171,9636.0,0.19447903694479038,0.03352289685936416,0.03352289685936416,0.016190626631019594,GOLD,2025-04-16 00:00:00-04:00
3345.0,3345.0,3287.800048828125,3308.699951171875,824,0.0,0.0,3106.27998046875,2999.6239990234376,2699.0894995117187,3174.0039722795286,3096.2447224178986,77.75924986163,56.02616638715388,21.733083474476118,71.42236660435697,3314.5102961426123,3106.27998046875,2898.049664794888,13.407053902619515,59.94609969803677,90.81708971811736,94.31637164395501,9667.95,0.08523006428456911,-0.005380913232397977,-0.005380913232397977,0.016333399016975687,GOLD,2025-04-17 00:00:00-04:00
3342.199951171875,3418.5,3342.199951171875,3406.199951171875,78,0.0,0.0,3125.67998046875,3010.627998046875,2704.3214990234374,3209.726430570659,3119.2043689922675,90.52206157839146,62.9253454254014,27.596716152990055,76.04004685846807,3367.1198359581886,3125.67998046875,2884.240124979311,15.448789191350976,63.50709606447164,97.37626972120164,95.34622835069831,9664.3,0.008070941506368801,0.029467767231497577,0.029467767231497577,0.017011465175352243,GOLD,2025-04-21 00:00:00-04:00
3422.199951171875,3485.60009765625,3361.699951171875,3400.800048828125,785,0.0,0.0,3145.064978027344,3021.297998046875,2709.3829992675783,3239.1223718410383,3140.063308239368,99.05906360167046,70.15208906065521,28.906974541015245,75.31420755507291,3408.4913542643726,3145.064978027344,2881.638601790315,16.75172869733558,67.82088538017902,84.17614748112454,90.78983564014784,9696.7,0.08095537657141089,-0.0015853157246075167,-0.0015853157246075167,0.017008932398868366,GOLD,2025-04-22 00:00:00-04:00
3321.199951171875,3370.300048828125,3256.199951171875,3276.300048828125,331,0.0,0.0,3157.6949829101563,3028.537998046875,2713.9884997558593,3244.842014454436,3150.15491865335,94.68709580108634,75.05909040874144,19.628005392344903,60.88408504510188,3420.8565728447525,3157.6949829101563,2894.53339297556,16.667955034217037,73.3051148284698,60.94420757277635,80.8322082583675,9709.55,0.034090148359089766,-0.03660903264303972,-0.03660903264303972,0.01952359945908576,GOLD,2025-04-23 00:00:00-04:00
3305.39990234375,3353.89990234375,3304.89990234375,3332.0,560,0.0,0.0,3173.2499877929686,3036.927998046875,2718.847999267578,3258.2509353076,3163.6249246790276,94.6260106285722,78.97247445270759,15.653536175864616,64.18983203940546,3438.994336166347,3173.2499877929686,2907.5056394195904,16.7490332873652,73.6118818775523,71.33792579384405,72.15276028258164,9733.4,0.057533852507859536,0.017000869988021305,0.017000869988021305,0.019686677820436458,GOLD,2025-04-24 00:00:00-04:00
3355.5,3355.5,3266.10009765625,3282.39990234375,162,0.0,0.0,3184.3599853515625,3044.39599609375,2723.3989990234377,3261.966161005469,3172.4230711727105,89.5430898327586,81.08659752871779,8.456492304040808,59.3775528661936,3448.846297138517,3184.3599853515625,2919.873673564608,16.611583677952442,74.73959762513786,62.08245199305527,64.78819511989188,3523.55,0.045976359069688236,-0.014885983690351101,-0.014885983690351101,0.020080821684790858,GOLD,2025-04-25 00:00:00-04:00
3284.5,3332.5,3284.5,3332.5,1300,0.0,0.0,3196.6599853515627,3052.527998046875,2727.9864990234373,3272.8175208507814,3184.2806214562133,88.53689939456808,82.57665790188784,5.96024149268024,62.440536518168656,3464.6555572628768,3196.6599853515627,2928.6644134402486,16.76722411137764,72.97963334164588,70.54634796564372,67.988908584181,2028.25,0.6409466288672501,0.015263252238240987,0.015263252238240987,0.02022121074528581,GOLD,2025-04-28 00:00:00-04:00
3340.0,3340.0,3299.89990234375,3318.800048828125,1278,0.0,0.0,3206.4599853515624,3061.2319970703124,2732.5104992675783,3279.891755924219,3194.2450234837625,85.64673244045662,83.19067280960161,2.456059630855009,61.084184227292006,3477.2551986413005,3206.4599853515624,2935.6647720618244,16.890603003115135,70.63109507840332,67.9107285187504,66.84650949248312,1920.25,0.6655383413618019,-0.0041110131048387455,-0.0041110131048387455,0.020213524217626976,GOLD,2025-04-29 00:00:00-04:00
3318.699951171875,3318.699951171875,3268.0,3305.0,207,0.0,0.0,3215.764990234375,3068.6999951171874,2736.920999755859,3283.7545627051086,3202.4490958182987,81.30546688680988,82.81363162504326,-1.5081647382333756,59.67792343246234,3486.6752859916123,3215.764990234375,2944.854694477138,16.84888644412367,69.214591774812,56.32403926088271,64.92703858175894,1844.55,0.1122224932910466,-0.004158144095784855,-0.004158144095784855,0.02025796258440704,GOLD,2025-04-30 00:00:00-04:00
3272.89990234375,3275.0,3198.60009765625,3210.0,2131,0.0,0.0,3219.2699951171876,3074.5119970703126,2740.6590002441408,3272.4077069043224,3203.00842205398,69.39928485034216,80.13076227010303,-10.731477419760878,50.977450364792645,3487.968325630627,3219.2699951171876,2950.571664603748,16.693121789783795,71.870685386879,9.19271905889621,44.47582894617643,1653.8,1.2885475873745313,-0.02874432677760963,-0.02874432677760963,0.021441484491400507,GOLD,2025-05-01 00:00:00-04:00
3239.89990234375,3257.0,3225.0,3231.89990234375,1349,0.0,0.0,3226.014990234375,3080.3499951171875,2744.5444995117186,3266.1757369719267,3205.1485317050747,61.02720526685198,76.31005086945282,-15.282845602600844,52.68978005683346,3488.805259373674,3226.014990234375,2963.2247210950763,16.29194346181303,70.09420785924479,12.847780761624563,26.121513027134483,1445.45,0.9332733750735065,0.006822399484034181,0.006822399484034181,0.021175585259541815,GOLD,2025-05-02 00:00:00-04:00
3242.699951171875,3315.699951171875,3239.699951171875,3311.300048828125,244,0.0,0.0,3240.9799926757814,3087.823994140625,2748.8419995117188,3273.1179387959573,3213.011607047523,60.10633174843451,73.06930704524916,-12.962975296814648,58.36765905349858,3486.8603403997986,3240.9799926757814,2995.0996449517643,15.17320984885292,71.07319649987909,39.268275669642854,20.436258496721198,1295.3,0.18837334980313442,0.024567637885936522,0.024567637885936522,0.02050746484099014,GOLD,2025-05-05 00:00:00-04:00
3365.5,3430.89990234375,3356.800048828125,3411.39990234375,2357,0.0,0.0,3263.9849853515625,3097.093994140625,2753.9214990234377,3294.3920870340794,3227.707036328725,66.68505070535457,71.79245577727025,-5.107405071915679,64.20078658724802,3481.6221186573566,3263.9849853515625,3046.3478520457684,13.33567000354032,74.53938628671808,74.14627341027875,42.08744328051538,1191.95,1.977431939259197,0.03022977442079,0.03022977442079,0.020355778517599135,GOLD,2025-05-06 00:00:00-04:00
3418.699951171875,3418.699951171875,3364.699951171875,3381.39990234375,1080,0.0,0.0,3284.6349853515626,3106.6319921875,2758.868498535156,3307.7779047740287,3239.0916930705785,68.68621170345023,71.17120696250625,-2.4849952590560207,61.423151240943575,3460.542279346647,3284.6349853515626,3108.7276913564783,10.71091885579831,73.07228726623822,63.693311737804876,59.03595360590882,1085.3,0.995116557633834,-0.008794043752944014,-0.008794043752944014,0.020677695054453788,GOLD,2025-05-07 00:00:00-04:00
3390.0,3390.0,3288.699951171875,3296.60009765625,200,0.0,0.0,3296.639990234375,3114.2279931640624,2763.328498535156,3306.0582421405243,3243.3515748917393,62.706667248784925,69.47829901976199,-6.771631770977066,54.27501074781131,3438.0133044982376,3296.639990234375,3155.2666759705126,8.576812432212932,75.08855594923013,34.146341463414636,57.32864220383274,986.55,0.20272667376210027,-0.025078312869389552,-0.025078312869389552,0.021100969676952557,GOLD,2025-05-08 00:00:00-04:00
3299.0,3335.5,3299.0,3335.39990234375,216,0.0,0.0,3305.6499877929687,3123.2719921875,2767.9389978027343,3310.5723437102515,3250.1699695178145,60.40237419243704,67.663114054297,-7.26073986185996,56.7548188661016,3431.9872467044643,3305.6499877929687,3179.312728881473,7.643716629288101,72.50365212026726,47.66543717334495,48.501696791521475,824.55,0.26196106967436783,0.011769642522029056,0.011769642522029056,0.020129360488601998,GOLD,2025-05-09 00:00:00-04:00
3300.699951171875,3300.699951171875,3205.0,3220.0,886,0.0,0.0,3305.539990234375,3130.9359912109376,2772.2794982910154,3296.638136985597,3247.9351569609394,48.70298002465779,63.871087248369165,-15.168107223711374,48.35505739163767,3432.1711749828146,3305.539990234375,3178.9088054859358,7.661754819034017,76.63909856480174,9.212191276931161,30.341323304563574,825.75,1.0729639721465334,-0.03459852063396052,-0.03459852063396052,0.021301027120761956,GOLD,2025-05-12 00:00:00-04:00
3232.0,3251.39990234375,3223.5,3240.300048828125,2424,0.0,0.0,3307.314990234375,3137.9379931640624,2776.580998535156,3287.9707388075244,3247.369593395546,40.60114541197845,59.217098881091026,-18.615953469112576,49.76356547778502,3429.152575908192,3307.314990234375,3185.4774045605577,7.36776424583514,73.40772740615519,17.950919600630584,24.94284935030222,933.8,2.5958449346755197,0.0063043629901009535,0.0063043629901009535,0.02130038441980497,GOLD,2025-05-13 00:00:00-04:00
3233.0,3233.0,3171.699951171875,3181.39990234375,3518,0.0,0.0,3305.449987792969,3143.3739892578124,2780.6014978027342,3271.575225505405,3242.4829496139314,29.09227589147349,53.19213428316752,-24.099858391694028,45.85578918967266,3433.6329866207775,3305.449987792969,3177.26698896516,7.755857707797041,73.06432528116196,3.742265817574549,10.301792231712088,1090.2,3.226930838378279,-0.01817737419276233,-0.01817737419276233,0.021693097594724715,GOLD,2025-05-14 00:00:00-04:00
3151.0,3228.10009765625,3125.0,3220.699951171875,652,0.0,0.0,3300.15498046875,3149.4819873046877,2784.6799975585936,3263.7482602233235,3240.8693941737793,22.878866049544285,47.12948063644288,-24.250614586898593,48.747750850698395,3433.067662671185,3300.15498046875,3167.242298266315,8.054935782655653,75.20973759366825,31.284727598354625,17.659304338853243,1029.1,0.6335633077446313,0.012353067842610033,0.012353067842610033,0.020432735263265864,GOLD,2025-05-15 00:00:00-04:00
3227.699951171875,3228.10009765625,3173.89990234375,3182.0,199,0.0,0.0,3293.8199829101563,3154.7899853515623,2788.457497558594,3251.1716048043504,3236.508698309055,14.662906495295374,40.63616580821338,-25.973259312918003,46.13457271189226,3436.237569222475,3293.8199829101563,3151.4023965978377,8.647563440093643,73.70905600215623,18.633546321288847,17.886846579072664,997.85,0.19942877185949792,-0.012016006383268829,-0.012016006383268829,0.020553984183866326,GOLD,2025-05-16 00:00:00-04:00
3234.39990234375,3241.0,3228.300048828125,3228.89990234375,266,0.0,0.0,3284.95498046875,3161.273984375,2792.4269970703126,3247.745189041181,3235.9450837931063,11.800105248074942,34.86895369618569,-23.06884844811075,49.65667931703255,3420.1788235465556,3284.95498046875,3149.7311373909442,8.232919104328776,72.65840914485936,33.96532707192374,27.96120033052239,1007.25,0.2640853809878382,0.01473912707220304,0.01473912707220304,0.01961925104368204,GOLD,2025-05-19 00:00:00-04:00
3219.0,3293.199951171875,3207.5,3280.300048828125,356,0.0,0.0,3278.92998046875,3169.0599853515623,2796.6999975585936,3252.753629008403,3239.2306367586634,13.522992249739673,30.599761406896487,-17.076769157156814,53.26350866325322,3403.2706533871847,3278.92998046875,3154.589307550315,7.584222515215731,73.58994786107476,50.76825707960152,34.45571015760469,985.8,0.36112801785352,0.015918779782261305,0.015918779782261305,0.020047271932180293,GOLD,2025-05-20 00:00:00-04:00
3293.39990234375,3317.5,3290.199951171875,3309.300048828125,979,0.0,0.0,3280.57998046875,3176.98798828125,2801.237998046875,3261.453078211437,3244.4209635786233,17.032114632813773,27.886232052079947,-10.854117419266174,55.21314077037262,3405.6111679547244,3280.57998046875,3155.5487929827755,7.622505058883472,70.99066238327478,60.248482400959006,48.327355517494745,1018.2,0.9615006874877234,0.008840654686561367,0.008840654686561367,0.018377599050746554,GOLD,2025-05-21 00:00:00-04:00
3327.300048828125,3328.0,3282.699951171875,3292.300048828125,1210,0.0,0.0,3278.5949829101564,3184.0519873046874,2805.7539978027344,3266.19876599862,3247.9675624859938,18.231203512626053,25.95522634418917,-7.7240228315631185,53.79641591799273,3401.540927543045,3278.5949829101564,3155.6490382772677,7.499916596819721,69.15561855790693,54.69110893671496,55.23594947242515,1050.7,1.1516132102407919,-0.0051370379685032885,-0.0051370379685032885,0.018004627397979703,GOLD,2025-05-22 00:00:00-04:00
3328.0,3363.60009765625,3323.5,3363.60009765625,47,0.0,0.0,3282.654992675781,3191.63798828125,2810.6194982910156,3281.1835862536395,3256.5329354615683,24.650650792071247,25.69431123376559,-1.0436604416943425,58.59508247297283,3411.0763655414594,3282.654992675781,3154.233619810103,7.824238194523055,69.3087921486368,77.9994030165224,64.31299811806544,1044.95,0.04497822862337911,0.021656607165408293,0.021656607165408293,0.01831350886335892,GOLD,2025-05-23 00:00:00-04:00
3332.5,3341.0,3296.300048828125,3299.10009765625,189,0.0,0.0,3280.984997558594,3197.729990234375,2815.0039990234377,3283.939972623272,3259.6860585871,24.253914036171864,25.406231794246846,-1.1523177580749824,53.21112164172993,3407.6265263651953,3280.984997558594,3154.3434687519925,7.719726173745771,69.16531048288596,59.27821811395725,63.98957668906487,989.4,0.1910248635536689,-0.0191758824257805,-0.0191758824257805,0.01855713573760353,GOLD,2025-05-27 00:00:00-04:00
3293.60009765625,3293.60009765625,3293.60009765625,3293.60009765625,127758,0.0,0.0,3279.725,3203.6019921875,2819.3114990234376,3285.4261457052685,3262.198209629259,23.227936076009428,24.970572650599365,-1.7426365745899375,52.76589444598169,3405.333753567074,3279.725,3154.116246432926,7.659712540964502,64.61778830553696,63.62267836084906,66.96676649710956,7313.4,17.4690294527853,-0.0016671212867737095,-0.0016671212867737095,0.018539031010858246,GOLD,2025-05-28 00:00:00-04:00
3283.699951171875,3328.800048828125,3242.39990234375,3317.10009765625,24370,0.0,0.0,3280.3300048828123,3209.2419921875,2823.585,3290.2990613900347,3266.265016149777,24.03404524025791,24.783267168531076,-0.7492219282731654,54.51702292290548,3406.535033740635,3280.3300048828123,3154.12497602499,7.694654420132411,66.17367103259683,80.51132398655078,67.80407348711901,8521.55,2.859808368195927,0.007135049581982633,0.007135049581982633,0.018584609191456006,GOLD,2025-05-29 00:00:00-04:00
3315.10009765625,3318.0,3270.89990234375,3288.89990234375,2213,0.0,0.0,3284.275,3214.3019921875,2827.6959997558592,3290.083806152145,3267.9416743863676,22.14213176577732,24.255040087980326,-2.1129083222030047,52.02449996689752,3406.3032101574886,3284.275,3162.2467898425116,7.431059223572234,64.81127293428634,68.69230312716795,70.94210182485591,8525.65,0.2595696515808179,-0.008501460457109866,-0.008501460457109866,0.01743235104165854,GOLD,2025-05-30 00:00:00-04:00
3296.89990234375,3380.800048828125,3296.89990234375,3370.60009765625,976,0.0,0.0,3291.210009765625,3220.913994140625,2832.352000732422,3302.4709279220074,3275.5460020359887,26.924925886018627,24.789017247587985,2.1359086384306423,58.013717901115385,3416.271118662894,3291.210009765625,3166.1489008683557,7.599703970648476,66.74619247357838,96.01252962280375,81.73871891217415,8507.0,0.11472904666745033,0.024841192416430236,0.024841192416430236,0.018179167858067186,GOLD,2025-06-02 00:00:00-04:00
3385.10009765625,3390.0,3331.300048828125,3350.199951171875,6410,0.0,0.0,3293.1550048828126,3227.553994140625,2836.8375,3309.813854575833,3281.0759241942023,28.737930381630576,25.578799874396505,3.159130507234071,56.129476791013765,3420.5927922070873,3293.1550048828126,3165.717217558538,7.739555965954881,66.17146095202813,84.98111364976415,83.22864879991194,8815.3,0.7271448504305016,-0.006052378179944973,-0.006052378179944973,0.017477470351173433,GOLD,2025-06-03 00:00:00-04:00
3355.0,3380.0,3344.0,3373.5,207,0.0,0.0,3291.260009765625,3234.7619921875,2841.2119995117187,3319.611723102628,3287.9221520316687,31.68957107095912,26.80095411370903,4.88861695725009,57.81476610155934,3412.5889762373504,3291.260009765625,3169.9310432938996,7.372797415684297,64.01635659831183,93.77358490566037,91.58907605940942,8707.8,0.02377179080824089,0.006954823344193173,0.006954823344193173,0.01613296722825503,GOLD,2025-06-04 00:00:00-04:00
3371.5,3400.0,3343.699951171875,3350.699951171875,731,0.0,0.0,3289.7250122070313,3241.3019921875,2845.4564990234376,3324.3945274209736,3292.572359375388,31.82216804558584,27.805196900084393,4.016971145501447,55.565352308498156,3407.168081458282,3289.7250122070313,3172.281942955781,7.139993088508004,63.4651917575842,78.19547654372178,85.65005836638208,8690.35,0.08411628990777126,-0.0067585738337409,-0.0067585738337409,0.016083799841018064,GOLD,2025-06-05 00:00:00-04:00
3364.300048828125,3364.300048828125,3306.0,3322.699951171875,81,0.0,0.0,3291.0300048828126,3247.3379931640625,2849.513498535156,3324.133823382651,3294.804032841794,29.32979054085672,28.110115628238862,1.219674912617858,52.84609431401748,3409.32657478904,3291.0300048828126,3172.733434976585,7.189030165675427,63.096252976908545,59.844130478896105,77.27106397609275,8684.4,0.00932706922758049,-0.008356462950437349,-0.008356462950437349,0.015136450209598666,GOLD,2025-06-06 00:00:00-04:00
3315.60009765625,3334.60009765625,3290.0,3332.10009765625,1887,0.0,0.0,3290.8650146484374,3252.77599609375,2853.6319995117187,3325.3594040401276,3297.566704309532,27.792699730595814,28.046632448710255,-0.2539327181144415,53.665895215543976,3408.9225536216604,3290.8650146484374,3172.8074756752144,7.174863657288907,61.77509902543294,64.72732345779221,67.58897682680335,8767.95,0.21521564333738216,0.002829068715957783,0.002829068715957783,0.014916642434618625,GOLD,2025-06-09 00:00:00-04:00
3302.0,3344.300048828125,3302.0,3320.89990234375,65,0.0,0.0,3295.910009765625,3257.463994140625,2857.8419995117188,3324.6733268560693,3299.2950893491034,25.37823750696589,27.512953460361384,-2.134715953395496,52.49482516888035,3409.979389710611,3295.910009765625,3181.840629820639,6.921874663264699,60.38402401133951,49.809613805710036,58.127022580799434,8726.9,0.007448234768359899,-0.0033613021770798612,-0.0033613021770798612,0.012543681470511436,GOLD,2025-06-10 00:00:00-04:00
3328.0,3356.0,3321.300048828125,3321.300048828125,2106,0.0,0.0,3299.960009765625,3261.433994140625,2861.9065002441407,3324.1543610056165,3300.9250863475495,23.22927465806697,26.656217699902506,-3.4269430418355356,52.53467615161951,3411.569376337873,3299.960009765625,3188.3506431933765,6.764286006009825,58.57802927169026,50.063513701919355,54.86681698847385,8711.0,0.24176328779703823,0.0001204933891842952,0.0001204933891842952,0.012498229592181864,GOLD,2025-06-11 00:00:00-04:00
3363.0,3395.89990234375,3353.39990234375,3380.89990234375,1818,0.0,0.0,3309.935009765625,3266.673994140625,2866.2225,3332.8844442884065,3306.8491467917124,26.035297496694056,26.53203365926082,-0.4967361625667621,58.16403319542941,3412.6852002004493,3309.935009765625,3207.184819330801,6.20859262382314,59.72244528911417,87.88065620497885,62.5845945708694,8626.0,0.2107581729654533,0.01794473628983151,0.01794473628983151,0.012138843047462957,GOLD,2025-06-12 00:00:00-04:00
3407.300048828125,3444.0,3407.300048828125,3431.199951171875,499,0.0,0.0,3320.460009765625,3272.4999951171876,2870.798499755859,3348.009906885863,3316.060317486539,31.94958939932394,27.615544807273444,4.334044592050496,62.23484914977614,3427.5252104650053,3320.460009765625,3213.3948090662443,6.448817355697516,59.96370617248101,93.65077250609745,77.19831413766521,8618.35,0.05789971398237481,0.014877710160320134,0.014877710160320134,0.01225255633943273,GOLD,2025-06-13 00:00:00-04:00
3442.0,3442.0,3385.39990234375,3396.39990234375,480,0.0,0.0,3331.1800048828127,3278.4879931640626,2875.275499267578,3355.454521571692,3322.0113978463323,33.44312372535978,28.78106059089071,4.662063134469072,58.02792366792758,3422.40731776467,3331.1800048828127,3239.9526920009553,5.47717702124396,59.723448421321656,76.38885188567055,85.97342686558227,8632.4,0.05560446689217367,-0.010142238669664128,-0.010142238669664128,0.012136362568983417,GOLD,2025-06-16 00:00:00-04:00
3398.300048828125,3398.300048828125,3376.10009765625,3386.60009765625,1477,0.0,0.0,3339.0650146484377,3285.9799951171876,2879.58,3360.246148661624,3326.7957459804006,33.450402681223295,29.714929008957228,3.7354736722660675,56.862248730292514,3420.279314874144,3339.0650146484377,3257.8507144227315,4.86449349559952,57.043198617789756,71.52784001046317,80.52248813407705,8692.95,0.16990779884849216,-0.002885350656363417,-0.002885350656363417,0.011902349091698336,GOLD,2025-06-17 00:00:00-04:00
3385.300048828125,3391.89990234375,3365.10009765625,3389.800048828125,0,0.0,0.0,3344.5400146484376,3294.7499951171876,2884.06,3364.7929025333933,3331.462731376528,33.33017115686516,30.437977438538816,2.8921937183263466,57.16483657007965,3423.9125826944655,3344.5400146484376,3265.1674466024097,4.746396676277842,54.88295619419763,68.68866516788009,72.20178568800459,8675.15,0.0,0.0009448860448830754,0.0009448860448830754,0.011474045257271586,GOLD,2025-06-18 00:00:00-04:00
3350.0,3372.89990234375,3341.0,3368.10009765625,709,0.0,0.0,3347.480017089844,3302.7439990234375,2888.4510009765627,3365.3017017830634,3334.1766103602113,31.125091422852165,30.57540023540149,0.5496911874506765,54.37918525651822,3425.762036512333,3347.480017089844,3269.1979976673547,4.677071649290633,54.44846281090673,50.714349127435064,63.64361810192609,8661.65,0.08185507380233559,-0.006401543117381503,-0.006401543117381503,0.011481367330766054,GOLD,2025-06-20 00:00:00-04:00
3365.89990234375,3387.89990234375,3350.0,3377.699951171875,30,0.0,0.0,3351.7500122070314,3309.167998046875,2892.8725012207033,3367.2091247659578,3337.4005615314454,29.80856323451235,30.42203283522366,-0.6134696007113121,55.41428932139476,3426.775516106514,3351.7500122070314,3276.724508307549,4.476795920115786,53.26642277753839,56.94802024147727,58.78367817893079,8602.65,0.0034872975187878155,0.00285022809218316,0.00285022809218316,0.011397346853243224,GOLD,2025-06-23 00:00:00-04:00
3358.0,3358.0,3301.0,3317.39990234375,538,0.0,0.0,3349.4400024414062,3312.4119970703123,2896.902501220703,3359.5461674702337,3335.919031221246,23.62713624898788,29.063053517976506,-5.435917268988625,48.040860446886775,3425.6986593886363,3349.4400024414062,3273.181345494176,4.553516820223389,54.94024623427672,17.792144379058442,41.818171249323576,8627.2,0.06236090504451038,-0.017852399472962133,-0.017852399472962133,0.011111477541828103,GOLD,2025-06-24 00:00:00-04:00
3321.60009765625,3331.199951171875,3310.60009765625,3327.10009765625,373,0.0,0.0,3350.8400024414063,3314.51,2901.0705017089845,3354.5544644219285,3335.265776883098,19.288687538830345,27.108180322147277,-7.819492783316932,49.21159859314614,3424.328340467256,3350.8400024414063,3277.3516644155566,4.386263621796714,52.487361040087315,24.090972504058442,32.9437123748647,8636.4,0.043189291834560696,0.0029240355694371,0.0029240355694371,0.010234666953694882,GOLD,2025-06-25 00:00:00-04:00
3332.39990234375,3333.5,3332.39990234375,3333.5,2058,0.0,0.0,3352.834997558594,3317.0839990234376,2905.229001464844,3351.315316049324,3335.1349785954612,16.18033745386265,24.922611748490354,-8.742274294627705,50.01187899732747,3422.040991523726,3352.834997558594,3283.6290035934617,4.128207562586606,49.19539970463465,28.246753246753247,23.37662337662336,2351.4,0.8752232712426639,0.0019235677184039623,0.0019235677184039623,0.01022665527392688,GOLD,2025-06-26 00:00:00-04:00
3318.699951171875,3318.699951171875,3253.800048828125,3273.699951171875,284,0.0,0.0,3350.664990234375,3318.1839990234375,2909.0360009765627,3339.3744906835627,3330.584235823344,8.790254860218738,21.696140370836034,-12.905885510617296,43.16731823517486,3426.6104204634075,3350.664990234375,3274.719560005343,4.533155684043487,51.37429623800897,10.46262221474882,20.933449321853487,1147.1,0.24758085607183333,-0.017939117692552853,-0.017939117692552853,0.010904499979655964,GOLD,2025-06-27 00:00:00-04:00
3265.89990234375,3306.89990234375,3262.0,3294.39990234375,1242,0.0,0.0,3350.939990234375,3317.5399951171876,2912.9475,3332.4553232466687,3327.9039148248557,4.551408421812994,18.267193981031426,-13.715785559218432,45.92607113516609,3426.0237613125078,3350.939990234375,3275.856219156242,4.481355756710006,50.911839531276186,21.345880093805476,20.018418518435833,1098.55,1.1305812207000137,0.006323105807074736,0.006323105807074736,0.010842949758155852,GOLD,2025-06-30 00:00:00-04:00
3310.10009765625,3354.10009765625,3310.10009765625,3336.699951171875,371,0.0,0.0,3349.244982910156,3318.0999951171875,2916.875,3333.10834292747,3328.555473072783,4.552869854686833,15.524329155762508,-10.971459301075676,51.14498397920694,3424.006819817292,3349.244982910156,3274.48314600302,4.464399426653799,51.53957922993503,43.585659109258735,25.131387139271,1068.3,0.34728072638771884,0.012839986061810915,0.012839986061810915,0.009672920138917074,GOLD,2025-07-01 00:00:00-04:00
3329.0,3357.5,3329.0,3348.0,39,0.0,0.0,3349.1349853515626,3316.93599609375,2920.7084997558595,3335.3993670924747,3329.9958084007253,5.403558691749367,13.50017506295988,-8.096616371210512,52.46485376703006,3423.8973519773645,3349.1349853515626,3274.3726187257607,4.464577686644301,49.89389499922538,49.52680092265156,38.152780041905245,749.75,0.05201733911303768,0.00338659423786547,0.00338659423786547,0.009615844837882786,GOLD,2025-07-02 00:00:00-04:00
3362.0,3362.0,3322.300048828125,3331.60009765625,0,0.0,0.0,3347.039990234375,3315.5519970703126,2924.464500732422,3334.8148641022863,3330.114644641875,4.700219460411063,11.740183942450116,-7.0399644820390535,50.33928764943055,3421.300471749515,3347.039990234375,3272.7795087192353,4.437382387531008,49.16575615441464,40.9043474242644,44.67226915205822,739.4,0.0,-0.0048984176653972256,-0.0048984176653972256,0.009530252007750276,GOLD,2025-07-03 00:00:00-04:00
3342.0,3342.0,3332.5,3332.5,0,0.0,0.0,3346.129992675781,3316.67599609375,2928.3055004882813,3334.4587311634727,3330.291337631366,4.167393532106871,10.225625860381468,-6.058232328274597,50.45789712700256,3420.634421624832,3346.129992675781,3271.62556372673,4.453170026994232,46.39676659651002,41.81720063253454,44.082782993150154,702.85,0.0,0.0002701111530112321,0.0002701111530112321,0.009419431041666183,GOLD,2025-07-04 00:00:00-04:00
3305.5,3333.300048828125,3299.199951171875,3332.199951171875,254,0.0,0.0,3346.6049926757814,3316.6799951171874,2932.113000488281,3334.1112265493807,3330.432716412144,3.6785101372365716,8.916202715752489,-5.237692578515917,50.41466122372481,3420.625417392945,3346.6049926757814,3272.5845679586178,4.423612878075614,45.51843310077716,54.25598778114187,45.65917861264692,711.5,0.35699226985242444,-9.003715772692988e-05,-9.003715772692988e-05,0.0092234065815984,GOLD,2025-07-07 00:00:00-04:00
3330.39990234375,3334.5,3287.60009765625,3307.0,909,0.0,0.0,3345.349987792969,3317.1719970703125,2935.7080004882814,3329.940268618707,3328.6969596408744,1.2433089778323847,7.381623968168468,-6.138314990336084,46.7885011608799,3421.1415164709815,3345.349987792969,3269.5584591149563,4.5311569165900405,45.61710947527522,38.52281506283843,44.8653344921716,662.6,1.3718683972230605,-0.007562556731630865,-0.007562556731630865,0.009358222682499594,GOLD,2025-07-08 00:00:00-04:00
3289.39990234375,3314.0,3282.0,3311.60009765625,114,0.0,0.0,3344.8849975585936,3316.7539990234377,2939.166501464844,3327.1187038552516,3327.430525419791,-0.31182156453951393,5.842934861626873,-6.1547564261663865,47.530408784066836,3421.3816683151113,3344.8849975585936,3268.388326802076,4.5739492276925535,44.64445879846985,43.10224605979176,45.29368296792401,665.05,0.17141568303135105,0.0013910183417751298,0.0013910183417751298,0.009337684779358566,GOLD,2025-07-09 00:00:00-04:00
3323.60009765625,3330.5,3311.60009765625,3317.39990234375,209,0.0,0.0,3344.689990234375,3316.72599609375,2942.6210009765623,3325.623503622713,3326.6875163030472,-1.0640126803341445,4.461545353234669,-5.525558033568814,48.50525972224087,3421.4456066795256,3344.689990234375,3267.934373789224,4.58969989262127,42.805561908847,47.42723563692372,43.01743225318463,570.2,0.3665380568221676,0.0017513602235985637,0.0017513602235985637,0.009346816706315441,GOLD,2025-07-10 00:00:00-04:00
3330.5,3370.0,3330.5,3356.0,776,0.0,0.0,3343.4449951171873,3317.74599609375,2946.1450012207033,3330.2968107576803,3328.8588113917103,1.4379993659699721,3.85683615578173,-2.418836789811758,54.55671673959721,3418.6020062451844,3343.4449951171873,3268.2879839891903,4.495782717392234,43.50517160509007,87.95180216617118,59.49376128762887,518.1,1.497780351283536,0.011635648035372315,0.011635648035372315,0.008799114631893755,GOLD,2025-07-11 00:00:00-04:00
3367.0,3375.5,3350.0,3351.5,583,0.0,0.0,3339.459997558594,3320.57599609375,2949.606501464844,3333.5588398718833,3330.5359364738056,3.0229033980776876,3.690049604240922,-0.6671462061632343,53.76349723292182,3403.161219350851,3339.459997558594,3275.758775766337,3.8150612277929707,42.21908791901221,80.27936760130235,71.88613513479908,522.3,1.116216733677963,-0.001340882002383803,-0.001340882002383803,0.00803797769234826,GOLD,2025-07-14 00:00:00-04:00
3341.0,3341.0,3329.800048828125,3329.800048828125,210,0.0,0.0,3336.1300048828125,3322.5339990234374,2952.9060021972655,3332.9805643266895,3330.481426277829,2.499138048860459,3.4518672931648293,-0.9527292443043702,49.989069306623854,3394.299779022394,3336.1300048828125,3277.960230743231,3.487260631596687,40.75343529421669,62.44866926254255,76.89327967667202,508.8,0.41273584905660377,-0.0064746982461211244,-0.0064746982461211244,0.007861783616181431,GOLD,2025-07-15 00:00:00-04:00
3341.199951171875,3352.89990234375,3329.5,3352.5,10,0.0,0.0,3334.425,3323.357998046875,2956.447001953125,3335.983554430276,3332.1124317387307,3.8711226915452244,3.5357183728409085,0.33540431870431586,53.65447681084948,3388.427256915464,3334.425,3280.4227430845363,3.2390746179904437,39.513897226326215,81.10106061791475,74.60969916058654,435.45,0.02296474911011597,0.006817211495886655,0.006817211495886655,0.008034205091416391,GOLD,2025-07-16 00:00:00-04:00
3313.800048828125,3340.800048828125,3313.800048828125,3340.10009765625,667,0.0,0.0,3331.9400024414062,3321.932001953125,2959.967001953125,3336.616868772733,3332.704110695584,3.912758077149192,3.6111263137025653,0.3016317634466268,51.4367459543163,3379.738590711742,3331.9400024414062,3284.1414141710707,2.8691145840148513,39.45575822243684,68.81065872797357,70.7867962028103,468.8,1.4227815699658704,-0.003698703159955241,-0.003698703159955241,0.00805807125694028,GOLD,2025-07-17 00:00:00-04:00
3338.199951171875,3353.0,3338.199951171875,3353.0,602,0.0,0.0,3331.1849975585938,3321.36400390625,2963.3955017089843,3339.1373505000047,3334.2075099033186,4.929840596686063,3.8748691702992653,1.0549714263867975,53.58608022297441,3377.1155877288616,3331.1849975585938,3285.254407388326,2.7576126936168404,37.694636122843136,75.93582887700535,75.28251607429787,463.45,1.2989535009170352,0.0038621304651325072,0.0038621304651325072,0.008002977572869113,GOLD,2025-07-18 00:00:00-04:00
3350.300048828125,3411.699951171875,3350.300048828125,3401.89990234375,53,0.0,0.0,3332.3949951171876,3323.47,2967.169500732422,3348.7931277067346,3339.2217611952024,9.571366511532233,5.0141686385458595,4.557197872986373,60.688717671455,3384.078204255625,3332.3949951171876,3280.71178597875,3.101865728052453,39.387869424336486,92.444061281767,79.06351629558196,464.6,0.11407662505380972,0.014583925542424714,0.014583925542424714,0.008642438910318741,GOLD,2025-07-21 00:00:00-04:00
3411.0,3441.0,3395.60009765625,3439.199951171875,39,0.0,0.0,3338.484997558594,3325.5460009765625,2971.08,3362.701869778295,3346.6275530453263,16.074316732968782,7.226198257430444,8.848118475538339,65.0785664053059,3407.4726106062562,3338.484997558594,3269.4973845109316,4.132869436173136,39.817300347151736,98.86789381878931,89.08259465918722,439.65,0.08870692596383488,0.010964475704422494,0.010964475704422494,0.007801847048437282,GOLD,2025-07-22 00:00:00-04:00
3430.300048828125,3433.89990234375,3388.10009765625,3394.10009765625,63,0.0,0.0,3341.834997558594,3329.0280029296873,2974.8215002441407,3367.532366374903,3350.144037831321,17.388328543582247,9.258624314660805,8.129704228921442,56.81702225602123,3414.6847431767574,3341.834997558594,3268.9852519404303,4.359864904843269,40.62319700204268,70.5032060731132,87.27172039122316,424.15,0.1485323588353177,-0.013113472364483347,-0.013113472364483347,0.00847866725387894,GOLD,2025-07-23 00:00:00-04:00
3367.0,3371.0,3367.0,3371.0,1175,0.0,0.0,3343.709997558594,3331.642001953125,2978.4525,3368.065848471072,3351.68892391789,16.376924553182107,10.682284362365067,5.69464019081704,53.098832173607235,3417.529019316215,3343.709997558594,3269.8909758009727,4.415396180381674,39.65726133448606,55.9748427672956,75.1153142197327,380.0,3.0921052631578947,-0.006805956510299027,-0.006805956510299027,0.008653228696784783,GOLD,2025-07-24 00:00:00-04:00
3344.0,3345.0,3326.5,3334.0,67,0.0,0.0,3346.725,3334.69400390625,2982.0475,3362.8249487062913,3350.3786332573054,12.446315448985843,11.035090579689221,1.4112248692966212,47.712892815246114,3413.444281365051,3346.725,3280.0057186349486,3.9871385527673353,40.003171239165624,32.704402515723274,53.06081711871068,369.15,0.18149803602871462,-0.010975971521803629,-0.010975971521803629,0.007982340252636486,GOLD,2025-07-25 00:00:00-04:00
3326.60009765625,3326.800048828125,3309.10009765625,3309.10009765625,533,0.0,0.0,3347.460009765625,3336.4620068359377,2985.5630004882814,3354.559587006285,3347.3209639535235,7.238623052761341,10.275797074303647,-3.037174021542306,44.44561535819293,3412.1503879897064,3347.460009765625,3282.7696315415433,3.8650426314494433,38.92436631806451,17.04408657625786,35.2411106197589,333.7,1.5972430326640696,-0.007468477007723462,-0.007468477007723462,0.008088136537237235,GOLD,2025-07-28 00:00:00-04:00
3323.39990234375,3323.39990234375,3323.39990234375,3323.39990234375,113144,0.0,0.0,3346.7950073242187,3339.2900048828124,2989.076999511719,3349.765789365895,3345.5490334639103,4.216755901984925,9.063988839839903,-4.847232937854978,46.70282353606328,3412.1838297897493,3346.7950073242187,3281.406184858688,3.907548703905196,37.16546905873847,10.84140657680903,20.196631889596713,5972.35,18.94463653335789,0.00432135754902907,0.00432135754902907,0.007600011717474932,GOLD,2025-07-29 00:00:00-04:00
3325.800048828125,3331.800048828125,3263.89990234375,3295.800048828125,19252,0.0,0.0,3344.185009765625,3340.6280078125,2992.267999267578,3341.4633677447,3341.863923490889,-0.400555746189184,7.171079922634085,-7.571635668823269,43.0657919992732,3413.2375731600364,3344.185009765625,3275.132446371214,4.129709522216339,39.36080316056965,18.012495140625475,15.29932943123078,6933.0,2.776864272320785,-0.008304704316853595,-0.008304704316853595,0.007759815871262982,GOLD,2025-07-30 00:00:00-04:00
3272.89990234375,3312.0,3272.89990234375,3293.199951171875,3704,0.0,0.0,3342.265002441406,3340.886005859375,2995.494998779297,3334.0382267334962,3338.259184800592,-4.22095806709558,4.892672324688153,-9.113630391783733,42.72820466793615,3414.6647955090693,3342.265002441406,3269.865209373743,4.332378971432713,39.34218133883253,16.54434368805159,15.132748468495356,7118.2,0.5203562698434998,-0.0007889124393861691,-0.0007889124393861691,0.007698543948737869,GOLD,2025-07-31 00:00:00-04:00
3286.199951171875,3360.60009765625,3281.0,3347.699951171875,3420,0.0,0.0,3343.025,3341.65400390625,2998.9264990234374,3336.1400304932467,3338.958500828094,-2.8184703348474613,3.3504437927810304,-6.168914127628492,51.33871346331136,3415.3178511686224,3343.025,3270.732148831378,4.3249961438291535,42.21774679007664,47.317900970772065,27.291579933149702,7289.2,0.4691872907863689,0.01654925325156964,0.01654925325156964,0.00859800933471852,GOLD,2025-08-01 00:00:00-04:00
3367.60009765625,3386.5,3347.39990234375,3374.39990234375,351,0.0,0.0,3345.1349975585936,3343.2960009765625,3002.4284985351565,3342.0261646240933,3341.583789829254,0.4423747948394521,2.768829993192715,-2.326455198353263,54.91489648255123,3418.496353423171,3345.1349975585936,3271.773641694016,4.3861521832822525,41.99505756623188,62.39409320624978,42.08544595502447,7294.05,0.04812141402924301,0.007975610586763882,0.007975610586763882,0.008768072956882568,GOLD,2025-08-04 00:00:00-04:00
3378.5,3387.199951171875,3351.199951171875,3381.89990234375,915,0.0,0.0,3348.879992675781,3343.6619970703123,3005.882998046875,3348.1605858117327,3344.5701685340314,3.5904172777013628,2.9331474500944448,0.657269827606918,55.895414049181966,3421.717240136072,3348.879992675781,3276.04274521549,4.349946705739884,41.56683916864389,66.62898641029388,58.780326862438564,7294.35,0.1254395525303831,0.00222261741851959,0.00222261741851959,0.008555182138946224,GOLD,2025-08-05 00:00:00-04:00
3380.699951171875,3383.300048828125,3361.300048828125,3380.0,1492,0.0,0.0,3352.2999877929688,3345.2799951171874,3009.214498291016,3353.0589572253125,3347.1946004944734,5.864356730839063,3.5193893062433688,2.344967424595694,55.5657404933613,3424.2319835099215,3352.2999877929688,3280.367992076016,4.2915011173752475,40.16920779945504,65.5562019404413,64.85976051899497,7363.25,0.20262791566224153,-0.0005617855047789222,-0.0005617855047789222,0.008563488024276476,GOLD,2025-08-06 00:00:00-04:00
3384.89990234375,3422.89990234375,3384.89990234375,3400.300048828125,5464,0.0,0.0,3356.4449951171873,3347.413994140625,3012.600498046875,3360.326817471899,3351.128337408077,9.19848006382199,4.655207457759094,4.543272606062896,58.38970489685778,3429.401733284101,3356.4449951171873,3283.488256950274,4.347262551482169,40.36425740976182,77.01867378363997,69.73462071145838,7626.0,0.7164961972200368,0.006005931605954196,0.006005931605954196,0.008634184411521823,GOLD,2025-08-07 00:00:00-04:00
3438.800048828125,3477.0,3402.5,3439.10009765625,7657,0.0,0.0,3360.6,3349.853994140625,3016.074998779297,3372.445783654107,3357.644764093127,14.801019560979967,6.684369878403269,8.116649682576698,63.20330450205975,3441.9631548839425,3360.6,3279.2368451160573,4.842180258521846,42.95966410705562,82.21497654830453,74.92995075746192,7970.05,0.960721701871381,0.011410772070393316,0.011410772070393316,0.008620110643241165,GOLD,2025-08-08 00:00:00-04:00
3383.89990234375,3383.89990234375,3349.199951171875,3353.10009765625,1488,0.0,0.0,3360.6800048828127,3351.137998046875,3019.2684997558595,3369.469524269821,3357.30812213484,12.161402134981017,7.779776329718819,4.381625805262198,49.52716558046567,3442.01035024404,3360.6800048828127,3279.349659521585,4.840112432189955,46.31255570543558,41.85835496724553,67.03066843306334,8015.3,0.18564495402542636,-0.025006541699268636,-0.025006541699268636,0.010430056032475842,GOLD,2025-08-11 00:00:00-04:00
3356.199951171875,3356.199951171875,3330.10009765625,3348.89990234375,1611,0.0,0.0,3361.6349975585936,3350.703994140625,3022.338499755859,3366.304967050425,3356.6852910392035,9.6196760112216,8.147756266019375,1.471919745202225,48.96984108568068,3441.934542130849,3361.6349975585936,3281.335452986338,4.7774100775707895,44.86879126330625,39.887358539418784,54.65356335165628,8085.35,0.199249259463103,-0.0012526304584333792,-0.0012526304584333792,0.010322251182809508,GOLD,2025-08-12 00:00:00-04:00
3358.800048828125,3363.39990234375,3358.699951171875,3358.699951171875,1011,0.0,0.0,3361.9449951171873,3350.873994140625,3025.4275,3365.134964607571,3356.834525123105,8.300439484466096,8.17829290970872,0.12214657475737667,50.37306050649647,3442.148896069358,3361.9449951171873,3281.7410941650164,4.771279784092674,42.6995918873558,44.486159260727405,42.077290922463895,8135.4,0.12427170145290951,0.002926348685807545,0.002926348685807545,0.01022993970133328,GOLD,2025-08-13 00:00:00-04:00
3346.800048828125,3356.0,3328.89990234375,3335.199951171875,592,0.0,0.0,3361.699987792969,3350.1079931640625,3028.389000244141,3360.5295779251564,3355.2319640896803,5.297613835476113,7.602157094862198,-2.304543259386085,47.03320594803319,3442.198715607149,3361.699987792969,3281.2012599787886,4.789167867834005,41.7781959545536,33.45847778218221,39.27733186077612,8131.65,0.07280195286319505,-0.006996754798475169,-0.006996754798475169,0.0103212870449591,GOLD,2025-08-14 00:00:00-04:00
3346.800048828125,3346.800048828125,3335.89990234375,3336.0,1185,0.0,0.0,3360.849987792969,3349.813994140625,3031.227000732422,3356.755796705902,3353.8073741571116,2.948422548790404,6.67141018564784,-3.722987636857436,47.16164934534346,3442.054144685912,3360.849987792969,3279.645830900026,4.832358313396122,39.62261750467478,33.83391112872884,37.25951605721281,8160.8,0.14520635231840015,0.00023988031897270723,0.00023988031897270723,0.010281234324470277,GOLD,2025-08-15 00:00:00-04:00
3333.5,3347.800048828125,3331.699951171875,3331.699951171875,646,0.0,0.0,3357.339990234375,3349.993994140625,3033.943000488281,3352.9010512391283,3352.169787269316,0.731263969812062,5.483380942480685,-4.752116972668623,46.50884175076331,3437.200872995119,3357.339990234375,3277.479107473631,4.757390254966045,37.94243751550158,31.816057136441437,33.03614868245082,8190.45,0.0788723452313365,-0.0012889834616681695,-0.0012889834616681695,0.009674373836325974,GOLD,2025-08-18 00:00:00-04:00
3330.199951171875,3343.5,3313.39990234375,3313.39990234375,1655,0.0,0.0,3351.0499877929688,3349.619990234375,3036.818499755859,3346.82395140907,3349.2979439414967,-2.473992532426564,3.891906247499236,-6.3658987799258,43.734356028910355,3423.613337331859,3351.0499877929688,3278.4866382540786,4.330782877200889,37.38227038269789,19.843204616301072,28.49772429382378,8271.25,0.20009067553271875,-0.00549270615491293,-0.00549270615491293,0.00929588514706108,GOLD,2025-08-19 00:00:00-04:00
3310.60009765625,3343.5,3310.10009765625,3343.39990234375,1213,0.0,0.0,3348.5149780273437,3350.069990234375,3039.842498779297,3346.2971746297903,3348.8610519712934,-2.56387734150303,2.600749529698783,-5.164626871201813,49.095492914553425,3418.3775357237514,3348.5149780273437,3278.652420330936,4.172748705312033,37.09781552277304,31.836684869260203,27.83198220733423,8328.75,0.14564010205613087,0.009054144046657164,0.009054144046657164,0.00919954753711118,GOLD,2025-08-20 00:00:00-04:00
3349.39990234375,3349.39990234375,3326.5,3336.89990234375,142,0.0,0.0,3346.8099731445313,3350.3819873046873,3042.8464978027346,3344.851440431938,3347.9750408877717,-3.123600455833639,1.4558795325922986,-4.579479988425938,48.02771168413044,3416.056023972627,3346.8099731445313,3277.5639223164358,4.138033015542541,36.08367886712854,16.05741184455737,22.57910044337287,8277.1,0.017155767116502157,-0.0019441287880170854,-0.0019441287880170854,0.009093666328021327,GOLD,2025-08-21 00:00:00-04:00
3349.39990234375,3377.699951171875,3349.39990234375,3374.39990234375,1240,0.0,0.0,3348.829968261719,3350.2519873046876,3046.0169970703123,3349.39735764914,3349.932438032659,-0.5350803835190163,1.0576875493700357,-1.592767932889052,54.214574758261755,3418.8165083279646,3348.829968261719,3278.8434281954733,4.17976073611009,36.420562435771146,38.525969029668445,28.806688581161996,8335.75,0.14875686051045198,0.011237975695243652,0.011237975695243652,0.00909937776990733,GOLD,2025-08-22 00:00:00-04:00
3366.0,3378.0,3366.0,3373.800048828125,1044,0.0,0.0,3352.0649658203124,3349.1039892578124,3049.547996826172,3353.151617830522,3351.700409202693,1.4512086278286915,1.136391765061767,0.31481686276692455,54.10362569001114,3420.3676994014863,3352.0649658203124,3283.7622322391385,4.075263115579801,34.67623654750178,38.16655988250817,30.916646918911322,8361.3,0.12486096659610349,-0.00017776598298513413,-0.00017776598298513413,0.008901243436421258,GOLD,2025-08-25 00:00:00-04:00
3378.89990234375,3396.5,3371.10009765625,3388.60009765625,905,0.0,0.0,3355.3249755859374,3348.9479931640626,3052.9989978027343,3358.6052301114028,3354.4337194585123,4.171510652890447,1.743415542627503,2.428095110262944,56.470596709606866,3424.066366019967,3355.3249755859374,3286.5835851519078,4.097450526205761,34.01364124723379,47.03417970749917,41.24223620655858,2749.35,0.3291687126047975,0.00438675932596122,0.00438675932596122,0.008902537263793808,GOLD,2025-08-26 00:00:00-04:00
3397.0,3404.60009765625,3382.0,3404.60009765625,3222,0.0,0.0,3360.7649780273437,3349.3079931640623,3056.5844982910157,3365.6813635798408,3358.1497474731596,7.531616106681213,2.9010556554382454,4.6305604512429674,58.936157233620754,3426.976520846235,3360.7649780273437,3294.5534352084524,3.940266174622854,33.1983881335921,56.620764106479896,47.27383456549574,1947.85,1.6541314782965835,0.004721713846100206,0.004721713846100206,0.008658382829482988,GOLD,2025-08-27 00:00:00-04:00
3409.0,3434.60009765625,3400.0,3431.800048828125,1035,0.0,0.0,3367.6949829101563,3350.1479931640624,3060.6874987792967,3375.8534690026536,3363.605325351305,12.248143651348528,4.770473254620303,7.477670396728225,62.794275571129056,3433.178249610077,3367.6949829101563,3302.211716210236,3.888907221837165,33.29851024235337,97.75096479668674,67.13530287022193,1814.4,0.5704365079365079,0.007989176523433672,0.007989176523433672,0.008749660372254336,GOLD,2025-08-28 00:00:00-04:00
3432.5,3475.60009765625,3426.60009765625,3473.699951171875,0,0.0,0.0,3373.994982910156,3352.259990234375,3065.055998535156,3390.9067739517645,3371.7604828194953,19.146291132269198,7.645636830150082,11.500654302119116,67.81132745736235,3453.3470378179118,3373.994982910156,3294.6429280024004,4.703744688992545,34.420045225042415,98.85187523602718,84.40786804639794,1643.4,0.0,0.012209307578411543,0.012209307578411543,0.00842005599584297,GOLD,2025-08-29 00:00:00-04:00
3485.699951171875,3559.199951171875,3485.699951171875,3549.39990234375,658,0.0,0.0,3382.744982910156,3355.6939892578125,3069.8989978027344,3415.290332165916,3384.9189583398106,30.371373826105355,12.190784229341137,18.180589596764218,74.501297602079,3492.944088979284,3382.744982910156,3272.545876841028,6.515365871554665,38.06861342325367,96.06581509791603,97.55621837687664,1658.75,0.39668425018839487,0.02179231143620708,0.02179231143620708,0.009450053458116874,GOLD,2025-09-02 00:00:00-04:00
3554.800048828125,3593.699951171875,3553.199951171875,3593.199951171875,72,0.0,0.0,3393.3099853515623,3361.209990234375,3075.0239978027344,3442.6610427822175,3400.3471800310745,42.313862751143006,18.215399933701512,24.098462817441494,77.42487714264828,3536.6818158241576,3393.3099853515623,3249.938154878967,8.450264260648815,38.51371595217305,99.82369525449263,98.24712852947862,1616.6,0.04453791908944699,0.012340127918300414,0.012340127918300414,0.00969782040145291,GOLD,2025-09-03 00:00:00-04:00
3549.89990234375,3573.60009765625,3549.89990234375,3565.800048828125,237,0.0,0.0,3402.599987792969,3365.9839892578125,3080.024498291016,3461.6055052508186,3412.602948090115,49.00255716070342,24.372831379101896,24.629725781601522,71.8732152253769,3564.233519119965,3402.599987792969,3240.966456465973,9.50058966125116,38.855596871883904,90.1622296352093,95.35057999587265,1553.85,0.152524374939666,-0.007625487786955487,-0.007625487786955487,0.009962434509472824,GOLD,2025-09-04 00:00:00-04:00
3567.800048828125,3613.199951171875,3567.800048828125,3613.199951171875,925,0.0,0.0,3413.244982910156,3371.57798828125,3085.0374975585937,3484.927727700212,3427.4619853554304,57.465742344781575,30.991413572237832,26.474328772543743,75.18774441014467,3599.0985428336776,3413.244982910156,3227.3914229866346,10.890138906177283,39.465904405588624,100.0,96.66197496323396,1326.9,0.6971135729896751,0.01329292211977151,0.01329292211977151,0.010218641169876109,GOLD,2025-09-05 00:00:00-04:00
3594.5,3641.0,3590.0,3638.10009765625,97,0.0,0.0,3423.1949829101563,3378.8659912109374,3090.0924975585935,3508.4927076934487,3443.0648084888244,65.42789920462428,37.878710698715125,27.549188505909157,76.73851759827936,3633.251648764956,3423.1949829101563,3213.1383170553568,12.272550462563741,40.28976837661801,99.12363155044467,96.42862039521799,948.9,0.10222362735799347,0.0068914388411576155,0.0068914388411576155,0.010073921048584197,GOLD,2025-09-08 00:00:00-04:00
3647.10009765625,3670.39990234375,3627.800048828125,3643.300048828125,535,0.0,0.0,3437.70498046875,3385.843994140625,3095.067998046875,3529.232298637245,3457.8970485139575,71.33525012328755,44.57001858362961,26.76523153965794,77.06095061082556,3665.7142613636997,3437.70498046875,3209.6956995738,13.265203511667224,40.454774457975645,92.47852672606092,97.20071942550184,901.25,0.5936199722607489,0.0014293040412012292,0.0014293040412012292,0.007672566156555907,GOLD,2025-09-09 00:00:00-04:00
3625.0,3655.39990234375,3620.800048828125,3643.60009765625,136,0.0,0.0,3452.439990234375,3391.9819970703124,3099.925498046875,3546.827344640169,3471.652829931905,75.17451470826381,50.69091780855645,24.483596899707365,77.08069214790507,3693.3155630914684,3452.439990234375,3211.564417377281,13.953932496346816,40.036565819236316,92.20709150981035,94.6030832621053,827.5,0.16435045317220545,8.235633192543723e-05,8.235633192543723e-05,0.0076284354073264,GOLD,2025-09-10 00:00:00-04:00
3632.89990234375,3636.89990234375,3618.39990234375,3636.89990234375,307,0.0,0.0,3466.349987792969,3397.7599951171874,3104.560498046875,3560.6846612099507,3483.8933538142637,76.791307395687,55.91099572598256,20.88031166970444,75.51777856753432,3715.9391348352715,3466.349987792969,3216.7608407506664,14.400689366120032,38.97682506875515,89.56386292834891,91.41649372140671,792.3,0.38747949009213684,-0.001838894261971813,-0.001838894261971813,0.007745583077370315,GOLD,2025-09-11 00:00:00-04:00
3655.5,3656.800048828125,3643.0,3649.39990234375,1300,0.0,0.0,3482.0599853515623,3404.1159912109374,3109.723497314453,3574.33315984592,3496.1530981497813,78.18006169613864,60.36480892001378,17.815252776124858,76.476088797225,3736.1641255193417,3482.0599853515623,3227.955845183783,14.595046681375539,37.61420516987085,93.10118044115359,91.62404495977096,827.7,1.5706173734444846,0.00343699313581447,0.00343699313581447,0.007303627312921325,GOLD,2025-09-12 00:00:00-04:00
3640.0,3686.39990234375,3635.10009765625,3682.199951171875,210,0.0,0.0,3499.369982910156,3411.109990234375,3115.0329968261717,3590.9280508191437,3509.934346521788,80.99370429735563,64.49058799548216,16.503116301873476,78.818976171038,3758.4353555635143,3499.369982910156,3240.304610256798,14.806400804633615,38.591747992558645,98.66794996081978,93.77766444344074,778.95,0.2695936838051223,0.008987792433232666,0.008987792433232666,0.007294690189060187,GOLD,2025-09-15 00:00:00-04:00
3681.39990234375,3698.60009765625,3681.39990234375,3688.89990234375,373,0.0,0.0,3517.22998046875,3418.2439892578127,3120.277996826172,3606.0006433613908,3523.191054360452,82.80958900093856,68.15438819657344,14.655200804365123,79.27308339560874,3776.846273139932,3517.22998046875,3257.613687797568,14.762542916604051,37.06377994398303,96.93613634856423,96.23508891684587,765.3,0.487390565791193,0.0018195511543968035,0.0018195511543968035,0.0071865322729784235,GOLD,2025-09-16 00:00:00-04:00
3669.0,3685.199951171875,3661.60009765625,3681.800048828125,183,0.0,0.0,3535.6499877929687,3425.739990234375,3125.4019970703125,3617.662090356273,3534.939868765465,82.7222215908082,71.0679548754204,11.654266715387806,77.37986011208372,3786.9481256119834,3535.6499877929687,3284.351849973954,14.215102664949065,36.36635313994852,94.37372962701932,96.6592719788011,691.7,0.2645655631053925,-0.0019246533393638687,-0.0019246533393638687,0.006949331320001861,GOLD,2025-09-17 00:00:00-04:00
3654.60009765625,3667.39990234375,3637.0,3643.699951171875,80,0.0,0.0,3550.664990234375,3432.3819873046873,3130.445997314453,3621.6679150971345,3542.99617116594,78.67174393119467,72.58871268657526,6.083031244619406,67.99525359909373,3789.813255384329,3550.664990234375,3311.5167250844215,13.470618366289058,36.968759974818276,79.8161226160386,90.3753295305407,635.05,0.12597433272970632,-0.010348225637178965,-0.010348225637178965,0.0077113516827611904,GOLD,2025-09-18 00:00:00-04:00
3659.0,3685.89990234375,3658.199951171875,3671.5,211,0.0,0.0,3567.3949951171876,3439.4639892578125,3135.5799975585937,3629.3343896975753,3552.514973301796,76.81941639577917,73.43485342841605,3.3845629673631237,70.77992296603753,3790.673829375052,3567.3949951171876,3344.1161608593234,12.517752284985173,37.342416488893754,87.2709821464407,87.1536114631662,638.5,0.33046202036021927,0.007629620770278844,0.007629620770278844,0.007597167431082201,GOLD,2025-09-19 00:00:00-04:00
3688.199951171875,3748.199951171875,3688.0,3740.699951171875,410,0.0,0.0,3585.709997558594,3447.15798828125,3141.0144970703127,3646.4675530013137,3566.4546012921724,80.01295170914136,74.75047308456112,5.26247862458024,76.30626423623073,3802.6643267653035,3585.709997558594,3368.755668351884,12.10105275409487,40.153668966249555,96.21785267108,87.76831914451975,597.0,0.6867671691792295,0.01884786903768898,0.01884786903768898,0.008109022853155772,GOLD,2025-09-22 00:00:00-04:00
3747.0,3786.0,3740.0,3780.60009765625,627,0.0,0.0,3606.05,3455.739990234375,3146.7844970703127,3667.103329102073,3582.3172306524743,84.78609844959874,76.75759815756865,8.028500292030088,78.79638104819925,3815.882273764767,3606.05,3396.2177262352334,11.637790588858547,40.57126404008887,97.71287585335438,93.73390355695835,576.15,1.0882582660765425,0.010666492101799152,0.010666492101799152,0.008093251620747607,GOLD,2025-09-23 00:00:00-04:00
3769.800048828125,3772.5,3732.10009765625,3732.10009765625,588,0.0,0.0,3623.225,3463.7859912109375,3152.2519970703124,3677.102831956562,3593.4122578379393,83.69057411862286,78.1441933497795,5.546380768843363,69.26700392236208,3814.4591340641373,3623.225,3431.9908659358625,10.55601758456278,41.137602322939664,75.29793106997842,89.74288653147092,560.3,1.0494378011779404,-0.012828651205417652,-0.012828651205417652,0.009097817727215886,GOLD,2025-09-24 00:00:00-04:00
3742.800048828125,3756.0,3724.699951171875,3736.89990234375,1899,0.0,0.0,3639.839990234375,3471.4739892578127,3157.6119970703126,3686.3023812468987,3604.040972245777,82.26140900112159,78.96763648004793,3.293772521073663,69.65808583326205,3808.633620235379,3639.839990234375,3471.0463602333707,9.27478298243189,40.4349199304529,74.94892976721938,82.65324556351739,494.15,3.84296266315896,0.0012860868041868478,0.0012860868041868478,0.009133300840088577,GOLD,2025-09-25 00:00:00-04:00
3775.300048828125,3775.300048828125,3775.300048828125,3775.300048828125,19308,0.0,0.0,3657.014990234375,3480.17798828125,3163.000496826172,3699.9943301055487,3616.7268297703954,83.26750033515327,79.82760925106899,3.4398910840842802,72.6559979963246,3806.4309501573252,3657.014990234375,3507.599030311425,8.171471012393864,40.28957897001876,93.61578464362191,81.28754849360656,1407.8,13.715016337547947,0.010275936601965352,0.010275936601965352,0.009190688801456773,GOLD,2025-09-26 00:00:00-04:00
3754.800048828125,3827.60009765625,3754.800048828125,3820.89990234375,8860,0.0,0.0,3674.3749877929686,3489.535986328125,3168.43599609375,3718.5951873729646,3631.8507610721254,86.74442630083922,81.21097266102304,5.533453639816187,75.72345232401472,3814.9823247028216,3674.3749877929686,3533.7676508831155,7.653401592215256,42.61175538845492,96.79723276429482,88.45398239171202,1850.8,4.7871190836395074,0.012078471360118748,0.012078471360118748,0.00918519812347405,GOLD,2025-09-29 00:00:00-04:00
3827.5,3865.5,3793.39990234375,3840.800048828125,1611,0.0,0.0,3688.9449951171873,3498.3139892578124,3174.202496337891,3737.3959352891434,3647.328486091088,90.06744919805533,82.9822679684295,7.085181229625832,76.93926504027206,3835.0168559620215,3688.9449951171873,3542.873134272353,7.919438269650529,44.71806555044028,90.00407065551386,93.47236268781019,1898.45,0.8485870051884432,0.005208235492420998,0.005208235492420998,0.008275356735911529,GOLD,2025-09-30 00:00:00-04:00
3863.5,3891.89990234375,3853.300048828125,3867.5,1778,0.0,0.0,3702.6599975585937,3506.879990234375,3180.2599963378907,3757.41194524466,3663.6374871213775,93.77445812328233,85.14070599940007,8.63375212388226,78.4954091596851,3861.176680051394,3702.6599975585937,3544.143315065793,8.562313720261704,45.173907547953476,90.49847316922913,92.4332588630126,1983.75,0.8962822936357908,0.006951663932628138,0.006951663932628138,0.00807430666459734,GOLD,2025-10-01 00:00:00-04:00
3856.199951171875,3888.60009765625,3823.699951171875,3839.699951171875,3418,0.0,0.0,3716.3549926757814,3515.7919873046876,3186.2014965820313,3770.0716384642315,3676.679151125118,93.39248733911336,86.79106226734274,6.60142507177062,72.97382664006675,3872.5189697237824,3716.3549926757814,3560.1910156277804,8.404147470075927,46.58292461484073,79.67290075029567,86.72514819167954,2142.8,1.5951092029120775,-0.007188118636877849,-0.007188118636877849,0.00804250248802305,GOLD,2025-10-02 00:00:00-04:00
3855.199951171875,3886.800048828125,3853.699951171875,3880.800048828125,392,0.0,0.0,3729.734997558594,3525.98798828125,3192.383497314453,3787.106778520215,3691.799217621637,95.30756089857778,88.49436199358976,6.813198904988013,75.69579294243394,3893.903607182501,3729.734997558594,3565.5663879346866,8.8032318505936,46.619865546369965,95.64540691716073,88.6055936122285,2116.15,0.18524206696122675,0.010703986816393396,0.010703986816393396,0.007900191201327029,GOLD,2025-10-03 00:00:00-04:00
3931.300048828125,3960.0,3926.800048828125,3948.5,1267,0.0,0.0,3745.254992675781,3538.27798828125,3198.943497314453,3811.9365049017206,3710.8140903904045,101.12241451131604,91.01997249713502,10.102442014181023,79.37980569253097,3929.3204312423723,3745.254992675781,3561.18955410919,9.829260700622493,48.947014519620325,96.43962848297214,90.5859787168095,2174.65,0.5826224909755593,0.01744484392910639,0.01744484392910639,0.008463383370259259,GOLD,2025-10-06 00:00:00-04:00
3959.39990234375,3981.5,3940.0,3976.60009765625,2903,0.0,0.0,3761.9199951171877,3551.62798828125,3205.865498046875,3837.269365325494,3730.501942780467,106.76742254502733,94.16946250671349,12.597960038313843,80.68827881983214,3965.3759998305213,3761.9199951171877,3558.463990403854,10.816604551793281,48.415084911076015,98.57767711357039,96.88757083790108,2293.05,1.2659994330694926,0.007116651299544197,0.007116651299544197,0.00846319807266646,GOLD,2025-10-07 00:00:00-04:00
3987.199951171875,4049.199951171875,3987.199951171875,4043.300048828125,2179,0.0,0.0,3781.904992675781,3566.0259912109377,3212.938498535156,3868.9663935566678,3753.672172858071,115.29422069859675,98.39441414509015,16.899806553506593,83.38360447876751,4011.7566244787427,3781.904992675781,3552.0533608728197,12.155336120188275,50.14256838282951,98.4910735693734,97.83612638863865,2395.2,0.9097361389445558,0.016773110077421993,0.016773110077421993,0.008827977230116215,GOLD,2025-10-08 00:00:00-04:00
4011.199951171875,4046.199951171875,3940.0,3946.300048828125,3130,0.0,0.0,3797.375,3579.0359912109375,3219.6084985351563,3880.8638789830457,3767.940904411408,112.9229745716375,101.30012623039963,11.62284834123787,68.42655754093587,4027.753687792653,3797.375,3566.996312207347,12.133575840819153,54.14666715347562,71.51165109244833,89.52680059179737,2536.35,1.234056813925523,-0.02399030465921359,-0.02399030465921359,0.01090909320022658,GOLD,2025-10-09 00:00:00-04:00
3957.0,4012.0,3945.5,3975.89990234375,1697,0.0,0.0,3813.7,3592.689990234375,3226.387998046875,3895.4848056539236,3783.3452746286184,112.13953102530513,103.46800718938073,8.671523835924404,70.18413745343294,4046.0859280058885,3813.7,3581.314071994111,12.186901329726444,55.0290480710845,77.41138710997689,82.47137059059952,2556.2,0.6638760660355215,0.007500659643053353,0.007500659643053353,0.01093298303098835,GOLD,2025-10-10 00:00:00-04:00
4016.0,4111.0,4016.0,4108.60009765625,1697,0.0,0.0,3835.0200073242186,3607.9079931640626,3233.7369982910154,3928.2717736542813,3807.438224482517,120.83354917176439,106.94111558585746,13.892433585906929,76.49994292711264,4092.15773236104,3835.0200073242186,3577.882282287397,13.409980889055767,60.748408755739185,99.37874655956418,82.7672615873298,2630.55,0.6451122388854041,0.033376140891845596,0.033376140891845596,0.012695447857049187,GOLD,2025-10-13 00:00:00-04:00
4131.7001953125,4160.10009765625,4085.800048828125,4138.7001953125,2424,0.0,0.0,3857.5100219726564,3623.1939990234373,3241.344499511719,3960.645376986315,3831.976148247701,128.66922873861404,111.28673821640878,17.38249052220526,77.65611147199051,4137.279071191799,3857.5100219726564,3577.7409727535146,14.505162533632177,61.71638304662389,95.0850034120239,90.62504569385497,2733.1,0.8869049796933884,0.007326120075161535,0.007326120075161535,0.01266951553619954,GOLD,2025-10-14 00:00:00-04:00
4145.0,4210.60009765625,4145.0,4176.89990234375,3287,0.0,0.0,3882.2650146484375,3639.0939990234374,3249.1984985351564,3993.915303964382,3857.5260559585195,136.38924800586256,116.30724017429955,20.082007831563004,79.06386174761292,4182.342775330018,3882.2650146484375,3582.1872539668566,15.458901417050983,62.44377728213289,92.60636426013025,95.69003807723942,2888.3,1.138039677318838,0.009229880210824382,0.009229880210824382,0.012554466502315302,GOLD,2025-10-15 00:00:00-04:00
4198.7998046875,4307.0,4196.60009765625,4280.2001953125,4705,0.0,0.0,3914.0900268554688,3657.0980029296875,3257.4534997558594,4037.959133402554,3888.8352514662215,149.1238819363325,122.87056852670614,26.253313409626372,82.30970879853871,4240.10100910526,3914.0900268554688,3588.0790446056776,16.65832824554138,67.27637159456982,95.14672092407368,94.27936286540927,3119.55,1.508230353736917,0.024731330743833713,0.024731330743833713,0.012541450627104843,GOLD,2025-10-16 00:00:00-04:00
4354.7001953125,4358.0,4182.2001953125,4189.89990234375,4060,0.0,0.0,3940.0100219726564,3672.89,3265.108499755859,4061.3346363165842,3911.1363367164086,150.1982996001757,128.33611474140005,21.862184858775635,71.82662150041226,4267.179716806084,3940.0100219726564,3612.840327139229,16.60755647873314,75.02804538692199,70.22669702785001,85.9932607373513,3312.0,1.2258454106280192,-0.021097212477968474,-0.021097212477968474,0.014147235245765338,GOLD,2025-10-17 00:00:00-04:00
4244.10009765625,4356.60009765625,4214.60009765625,4336.39990234375,1750,0.0,0.0,3969.79501953125,3690.83599609375,3273.565499267578,4103.6523695515325,3942.6373415776934,161.0150279738391,134.87189738788788,26.143130585951212,76.95469021917236,4326.125640565613,3969.79501953125,3613.4643984968866,17.952091696484544,81.57605609589184,95.95730943621935,87.11024246271433,3379.0,0.5179047055341817,0.03496503577998378,0.03496503577998378,0.015287470722406559,GOLD,2025-10-20 00:00:00-04:00
4332.7001953125,4332.7001953125,4087.699951171875,4087.699951171875,2943,0.0,0.0,3985.150012207031,3705.5279931640625,3280.8119995117186,4101.1981513392775,3953.3827200661513,147.81543127312625,137.46060416493557,10.354827108190676,57.740628814895835,4333.933296174053,3985.150012207031,3636.3667282400093,17.504148295479638,93.51347717274778,49.41043905555101,71.86481517320678,3494.8,0.8421082751516539,-0.057351710352510854,-0.057351710352510854,0.02103684704203856,GOLD,2025-10-21 00:00:00-04:00
4109.7001953125,4148.5,4006.0,4044.39990234375,1237,0.0,0.0,4000.765002441406,3719.4379931640624,3287.750499267578,4092.4599591861192,3960.1247335681956,132.3352256179237,136.4355284555332,-4.10030283760949,55.158409165344494,4330.264206598491,4000.765002441406,3671.2657982843207,16.47180996414502,97.01251451755151,37.814779438355586,61.0608426433753,3527.25,0.35069813594159754,-0.010592765943036375,-0.010592765943036375,0.020947758834942088,GOLD,2025-10-22 00:00:00-04:00
4078.39990234375,4136.7998046875,4070.699951171875,4125.5,354,0.0,0.0,4020.1950073242188,3734.773994140625,3295.055499267578,4097.543042388254,3972.374753303885,125.16828908436946,134.18208058130045,-9.013791496930992,58.86865164514633,4330.431096286233,4020.1950073242188,3709.9589183622043,15.433882605038244,96.68304221942283,46.0806989035752,44.435305799160595,3450.0,0.10260869565217391,0.02005244278866991,0.02005244278866991,0.021227043139979765,GOLD,2025-10-23 00:00:00-04:00
4117.5,4120.60009765625,4074.89990234375,4118.39990234375,123,0.0,0.0,4037.35,3750.4379931640624,3302.228498535156,4100.751790073716,3983.1914310105417,117.56035906317402,130.85773627767517,-13.297377214501154,58.41297347403655,4328.903404955971,4037.35,3745.796595044028,14.442810504710849,93.39140332205334,42.67940247458134,42.191626938837366,2490.75,0.04938271604938271,-0.001721027186098678,-0.001721027186098678,0.021244833924743658,GOLD,2025-10-24 00:00:00-04:00
4060.0,4078.60009765625,3971.300048828125,4001.89990234375,220,0.0,0.0,4046.4,3763.7559912109373,3308.695498046875,4085.5438073460286,3984.5772437018904,100.9665636441382,124.87950175096779,-23.912938106829586,51.38462033421457,4321.276319225772,4046.4,3771.523680774229,13.586215857343383,97.22772119302273,14.808589077452153,34.52289681853622,2058.75,0.10686095931997572,-0.028287685208447266,-0.028287685208447266,0.022381582467982605,GOLD,2025-10-27 00:00:00-04:00
3929.699951171875,3966.199951171875,3923.60009765625,3966.199951171875,219,0.0,0.0,4052.6699951171877,3776.4459912109373,3315.1589978027346,4067.1832140884667,3983.215962773741,83.96725131472567,116.69705166371938,-32.729800348993706,49.422197049375,4313.882324646368,4052.6699951171877,3791.4576655880073,12.890875883992479,95.87572715691397,9.806598317767305,22.431529956600258,1989.15,0.11009727773169443,-0.008920750654199727,-0.008920750654199727,0.022516092108793823,GOLD,2025-10-28 00:00:00-04:00
3983.699951171875,3983.699951171875,3983.699951171875,3983.699951171875,1344,0.0,0.0,4058.4799926757814,3789.8519921875,3321.689997558594,4054.3396351782217,3983.2518137661955,71.08782141202619,107.57520561338075,-36.48738420135456,50.421750076268744,4307.860514741081,4058.4799926757814,3809.099470610482,12.289355744778785,90.27746093142011,13.835144343118818,12.81677724611275,1967.45,0.6831177412386592,0.0044122838524138785,0.0044122838524138785,0.02249296408684663,GOLD,2025-10-29 00:00:00-04:00
3960.0,4027.199951171875,3913.699951171875,4001.300048828125,935,0.0,0.0,4066.5599975585938,3803.0099951171874,3328.1339978027345,4046.1796988166684,3984.5887200670795,61.590978749588885,98.37836024062238,-36.7873814910335,51.460715187020476,4296.800017436829,4066.5599975585938,3836.319977680359,11.323576684788236,91.93621372203295,19.71642764552961,14.452723435471901,1843.3,0.5072424456138448,0.00441802793181556,0.00441802793181556,0.022400456588726102,GOLD,2025-10-30 00:00:00-04:00
4034.5,4034.5,3976.60009765625,3982.199951171875,559,0.0,0.0,4071.629992675781,3815.91599609375,3334.312998046875,4036.3366607174694,3984.41177422299,51.924886494479324,89.08766549139378,-37.162778996914454,50.230496178542964,4289.413415200043,4071.629992675781,3853.8465701515192,10.6976038056513,89.50504862358416,15.41750899660577,16.32302699508472,1851.65,0.3018929063267896,-0.004773472977074977,-0.004773472977074977,0.022362322551709564,GOLD,2025-10-31 00:00:00-04:00
3976.199951171875,4020.0,3959.0,4000.300048828125,0,0.0,0.0,4074.2199951171874,3828.4339990234375,3340.592998046875,4030.7925665806474,3985.5886834529997,45.203883127647714,80.31090901864457,-35.10702589099685,51.41580532997122,4287.265013445215,4074.2199951171874,3861.1749767891597,10.458199045871593,87.46897372189957,19.49135452149157,18.20843038787564,1788.3,0.0,0.004545250835765735,0.004545250835765735,0.022063187241824617,GOLD,2025-11-03 00:00:00-05:00
3994.199951171875,3995.39990234375,3927.39990234375,3947.699951171875,657,0.0,0.0,4072.7749877929687,3839.9119970703123,3346.556497802734,4018.00908728699,3982.782110691435,35.22697659555524,71.29412253402671,-36.06714593847147,47.849366080104254,4288.819805082459,4072.7749877929687,3856.730170503478,10.609219411188988,86.42834320493353,7.652486217293375,14.187116578463561,1676.0,0.39200477326968974,-0.013149038075696118,-0.013149038075696118,0.022226715268463558,GOLD,2025-11-04 00:00:00-05:00
3929.89990234375,3983.5,3929.89990234375,3980.300048828125,559,0.0,0.0,4069.6249877929686,3851.74599609375,3352.6199975585937,4012.2076967548574,3982.5982542571155,29.60944249774184,62.95718652676974,-33.3477440290279,50.15696182211397,4289.106744528155,4069.6249877929686,3850.143231057782,10.786338170889573,84.0834685228847,14.989892040730762,14.044577593171894,1595.0,0.3504702194357367,0.008257997836581543,0.008257997836581543,0.021965964125712726,GOLD,2025-11-05 00:00:00-05:00
4004.0,4007.5,3979.89990234375,3979.89990234375,650,0.0,0.0,4071.30498046875,3863.2519921875,3358.7039965820313,4007.2372668454564,3982.3983763376073,24.8388905078491,55.33352732298562,-30.494636815136516,50.12764194131125,4287.47450217715,4071.30498046875,3855.13545876035,10.619176050206441,80.04894203241079,14.946924650477724,12.529767636167279,1471.0,0.4418762746430999,-0.00010053173867952125,-0.00010053173867952125,0.021262705737732944,GOLD,2025-11-06 00:00:00-05:00
3980.800048828125,3999.39990234375,3980.800048828125,3999.39990234375,245,0.0,0.0,4072.47998046875,3874.6039892578124,3364.8144958496096,4006.031518460579,3983.6577486343585,22.37376982622027,48.74157582363255,-26.367805997412283,51.612100365893184,4286.810057409116,4072.47998046875,3858.149903528384,10.525776822391947,75.72401760152431,20.453437049337936,16.7967512468488,1398.4,0.17520022883295194,0.004899620713705977,0.004899620713705977,0.021226464804879903,GOLD,2025-11-07 00:00:00-05:00
4060.0,4111.7998046875,4060.0,4111.7998046875,189,0.0,0.0,4072.6399658203127,3887.365986328125,3371.685994873047,4022.30356249549,3993.149752786443,29.153809709046982,44.824022600715445,-15.670212891668463,59.15829504861365,4287.082397820613,4072.6399658203127,3858.1975338200127,10.530880892983962,78.34372365454043,84.36959638821679,39.923319362677475,1323.0,0.14285714285714285,0.02810419190086022,0.02810419190086022,0.020825806867648608,GOLD,2025-11-10 00:00:00-05:00
4140.10009765625,4140.10009765625,4106.7998046875,4106.7998046875,569,0.0,0.0,4071.0449462890624,3898.513984375,3378.3859936523436,4035.302984371184,4001.568275149484,33.73470922169963,42.60615992491228,-8.871450703212652,58.71959965539801,4283.967393267199,4071.0449462890624,3858.122499310926,10.460333884165294,75.12633574841253,85.2913995481676,63.37147766190744,1230.25,0.46250762040235727,-0.0012160125097286922,-0.0012160125097286922,0.020760482816483766,GOLD,2025-11-11 00:00:00-05:00
4115.60009765625,4204.39990234375,4102.89990234375,4204.39990234375,396,0.0,0.0,4072.4199462890624,3910.7379833984373,3385.5624926757814,4061.3178948285017,4016.5928401268375,44.72505470166425,43.02993888026268,1.695115821401572,64.28684737253643,4288.392306658992,4072.4199462890624,3856.4475859191325,10.606585922786858,77.01016890924019,100.0,89.88699864546146,1085.7,0.364741641337386,0.023765487069725033,0.023765487069725033,0.021353199057137295,GOLD,2025-11-12 00:00:00-05:00
4228.7001953125,4228.7001953125,4163.7001953125,4186.89990234375,167,0.0,0.0,4067.754931640625,3923.15998046875,3392.3819921875,4080.638203677001,4029.208178068831,51.430025608170126,44.70995622584417,6.72006938232596,62.65520022013063,4269.109386987127,4067.754931640625,3866.400476294122,9.900028823284664,76.15229970143731,86.73007600905568,90.67382518574108,858.8,0.1944573823940382,-0.004162306252134762,-0.004162306252134762,0.020594814004361108,GOLD,2025-11-13 00:00:00-05:00
4197.7001953125,4197.89990234375,4047.0,4087.60009765625,483,0.0,0.0,4062.63994140625,3932.6479833984376,3398.757492675781,4081.709264289193,4033.5335054456764,48.17575884351663,45.40311674937867,2.7726420941379644,54.24244244433363,4256.376493292361,4062.63994140625,3868.9033895201383,9.537470939108191,81.49141417588824,55.20635292166347,80.64547631023972,679.95,0.7103463489962497,-0.02371678497303309,-0.02371678497303309,0.02073787358843191,GOLD,2025-11-14 00:00:00-05:00
4070.0,4099.5,4019.39990234375,4068.300048828125,1552,0.0,0.0,4049.2349487304687,3941.251982421875,3404.929493408203,4079.6463080644135,4036.1088049554874,43.5375031089261,45.02999402128816,-1.492490912362058,52.75965829956661,4196.993469103659,4049.2349487304687,3901.4764283572786,7.298095677037258,81.3920344244855,49.07935804241223,63.671928991043785,670.05,2.3162450563390795,-0.004721608857772397,-0.004721608857772397,0.018932671053929668,GOLD,2025-11-17 00:00:00-05:00
4037.39990234375,4063.39990234375,4035.60009765625,4061.300048828125,1375,0.0,0.0,4047.9149536132813,3949.611982421875,3410.969493408203,4076.823806643446,4037.974823020127,38.84898362331887,43.79379194169431,-4.944808318375436,52.20227691705315,4194.744149756101,4047.9149536132813,3901.0857574704614,7.25455933859263,77.91402847787047,46.85713754252112,50.38094950219894,591.65,2.3240091270176624,-0.0017206203859069236,-0.0017206203859069236,0.01396367388438735,GOLD,2025-11-18 00:00:00-05:00
4086.10009765625,4122.7001953125,4072.0,4077.699951171875,486,0.0,0.0,4049.5799560546875,3958.2939794921876,3416.9999926757814,4076.9585981093583,4040.917425105442,36.041173003916356,42.24326815413872,-6.2020951502223625,53.44324633659222,4196.9661223195535,4049.5799560546875,3902.193789789822,7.279084145233526,76.73446547833508,49.88380440895014,48.60676666462783,554.1,0.8770979967514889,0.004038091780114161,0.004038091780114161,0.013774243914928265,GOLD,2025-11-19 00:00:00-05:00
4045.0,4090.39990234375,4040.199951171875,4056.5,202,0.0,0.0,4046.1299560546877,3966.6859814453123,3423.0024926757815,4073.811121477149,4042.071689912446,31.739431564702954,40.14250083625157,-8.403069271548617,51.57899265735389,4189.419449016887,4046.1299560546877,3902.840463092489,7.082792422313496,74.83914302787365,42.84765088815891,46.52953094654338,546.5,0.3696248856358646,-0.005198997333235034,-0.005198997333235034,0.013024620173178694,GOLD,2025-11-20 00:00:00-05:00
4031.800048828125,4085.199951171875,4031.800048828125,4076.699951171875,171,0.0,0.0,4044.044958496094,3975.231982421875,3429.0494921875,4074.255556814799,4044.6367463020333,29.618810512765776,38.03776277155441,-8.418952258788636,53.25228828974848,4184.247689664409,4044.044958496094,3903.8422273277783,6.93378696860256,73.30776869329338,49.55190961052599,47.427788302545004,548.9,0.31153215521953,0.0049796502334216175,0.0049796502334216175,0.013084705868805734,GOLD,2025-11-21 00:00:00-05:00
4060.5,4091.89990234375,4060.5,4091.89990234375,591,0.0,0.0,4048.544958496094,3983.4259814453126,3434.937491455078,4076.970071511561,4048.1377208236418,28.832350687919188,36.196680354827365,-7.364329666908176,54.52573593071363,4188.825334192663,4048.544958496094,3908.264582799525,6.92991566771083,70.314349668326,54.21681431113682,48.872124936607236,567.45,1.0415014538725877,0.003728493966671742,0.003728493966671742,0.011338807749961273,GOLD,2025-11-24 00:00:00-05:00
4139.2001953125,4139.2001953125,4139.2001953125,4139.2001953125,132704,0.0,0.0,4057.194970703125,3992.4319873046875,3441.0709924316407,4086.543936711705,4054.8830893042978,31.660847407407346,35.289513765343365,-3.6286663579360194,58.32983868271961,4197.433436564121,4057.194970703125,3916.9565048421287,6.913075012349839,68.67048847549914,64.02737354845421,55.932032490039,7191.7,18.452382607728353,0.01155949414638835,0.01155949414638835,0.011303953020793749,GOLD,2025-11-25 00:00:00-05:00
4128.60009765625,4171.0,4127.5,4165.2001953125,25088,0.0,0.0,4066.269982910156,4002.099990234375,3447.3519934082033,4098.644899573365,4063.054726786387,35.5901727869782,35.349645569670336,0.2405272173078643,60.295982206685515,4209.762582197433,4066.269982910156,3922.777383622879,7.057701524510292,66.87259644153491,74.38484772980867,64.20967852979989,8378.9,2.994187781212331,0.006281406738781081,0.006281406738781081,0.011330922329884184,GOLD,2025-11-26 00:00:00-05:00
4163.39990234375,4223.89990234375,4140.0,4218.2998046875,3615,0.0,0.0,4077.119970703125,4013.5919873046873,3453.813992919922,4117.0533465140015,4074.5543621864695,42.49898432753207,36.77951332124269,5.719471006289382,64.0288843467129,4231.708560142301,4077.119970703125,3922.5313812639492,7.583224950455225,68.08883257740742,95.03087622215949,77.8143658334741,8512.9,0.4246496493556837,0.012748393086785548,0.012748393086785548,0.011563942762420135,GOLD,2025-11-28 00:00:00-05:00
4218.5,4262.10009765625,4214.89990234375,4239.2998046875,913,0.0,0.0,4089.974963378906,4024.9479833984374,3460.5924914550783,4135.860493925309,4086.7577282976567,49.10276562765239,39.24416378252463,9.858601845127758,65.41381325918609,4253.361395883853,4089.974963378906,3926.588530873959,7.989605509465834,66.59678705848546,90.60557287999195,86.67376561065335,8530.6,0.1070264694159848,0.004978309027884764,0.004978309027884764,0.011436802757665522,GOLD,2025-12-01 00:00:00-05:00
4230.5,4230.5,4167.0,4186.60009765625,366,0.0,0.0,4099.289965820312,4033.865986328125,3466.867491455078,4143.666586806992,4094.1534593612564,49.51312744573579,41.29795651516686,8.21517093056893,59.248893764266164,4262.406533034206,4099.289965820312,3936.1733986064182,7.958283925945829,67.00414546055792,68.89166079871241,84.84270330028795,8548.9,0.04281252558808736,-0.012431229084807538,-0.012431229084807538,0.011949797026939105,GOLD,2025-12-02 00:00:00-05:00
4215.7001953125,4234.10009765625,4195.7001953125,4199.2998046875,1897,0.0,0.0,4111.869958496094,4042.23998046875,3473.266990966797,4152.2255434039935,4101.942077533571,50.28346587042233,43.09505838621796,7.188407484204376,60.22180495901436,4264.770176620788,4111.869958496094,3958.9697403714,7.4370162319343915,65.61099221337521,74.1243335680515,77.87385574891861,8610.9,0.22030217515010048,0.0030334177459079292,0.0030334177459079292,0.011379648478304544,GOLD,2025-12-03 00:00:00-05:00
4211.0,4211.7998046875,4175.0,4211.7998046875,616,0.0,0.0,4123.4449462890625,4051.833974609375,3479.6259899902343,4161.390814370687,4110.07968695238,51.31112741830657,44.73827219263568,6.572855225670892,61.203611875860155,4269.65582802811,4123.4449462890625,3977.2340645500153,7.091685890974787,63.55305024724127,79.27472085303289,74.09690507326559,8613.75,0.07151356842258018,0.0029766867290701438,0.0029766867290701438,0.011316107755686347,GOLD,2025-12-04 00:00:00-05:00
4204.10009765625,4255.7001953125,4194.5,4212.89990234375,533,0.0,0.0,4135.094946289062,4061.353974609375,3486.002489013672,4169.315289443466,4117.695999203593,51.61929023987341,46.11447580208323,5.504814437790181,61.29415666438762,4270.424668978522,4135.094946289062,3999.7652235996015,6.545422750735562,63.384989180474044,79.72799517151192,77.70901653086543,8607.9,0.061919864310691346,0.0002611941942316509,0.0002611941942316509,0.011311362447176366,GOLD,2025-12-05 00:00:00-05:00
4205.5,4215.7998046875,4175.5,4187.2001953125,318,0.0,0.0,4144.4849609375,4069.5919775390626,3492.1989904785155,4172.066813423317,4122.844458174623,49.22235524869484,46.73605169140556,2.4863035572892827,57.8948251061379,4266.229803734677,4144.4849609375,4022.7401181403225,5.8750288127303625,61.736047430975894,67.47725294680747,75.49332299045075,8611.55,0.036927150164604516,-0.006100241550233032,-0.006100241550233032,0.011475725105964603,GOLD,2025-12-08 00:00:00-05:00
4190.7001953125,4219.7001953125,4177.7001953125,4206.7001953125,660,0.0,0.0,4149.22998046875,4077.3079833984375,3498.709991455078,4177.395026021653,4129.05599425891,48.339031762743616,47.05664770567317,1.2823840570704448,59.72020324412258,4272.891733230675,4149.22998046875,4025.568227706825,5.960708533584558,60.326329757334754,75.94446782549514,74.38323864793817,8635.1,0.07643223587451216,0.004657049840088856,0.004657049840088856,0.009779536154935977,GOLD,2025-12-09 00:00:00-05:00
4209.0,4234.5,4183.60009765625,4196.39990234375,692,0.0,0.0,4153.709985351563,4084.41998046875,3505.1079907226563,4180.31885314813,4134.044431894824,46.27442125330617,46.90020241519977,-0.6257811618935989,58.282868457702506,4277.390556435806,4153.709985351563,4030.02941426732,5.955185678365295,59.653013513507275,71.47191429319555,71.63121168849938,8641.25,0.0800810067987849,-0.002448544581386547,-0.002448544581386547,0.009799339300087515,GOLD,2025-12-10 00:00:00-05:00
4224.0,4286.89990234375,4214.2998046875,4285.5,528,0.0,0.0,4157.764990234375,4092.77998046875,3512.119490966797,4196.500568048417,4145.263362865578,51.237205182839716,47.76760296872776,3.4696022141119585,65.92315036657067,4292.63878109308,4157.764990234375,4022.8911993756687,6.487802517722521,61.8563696911139,99.45123357600664,82.28920523156576,8647.85,0.0610556381065814,0.021232508752677903,0.021232508752677903,0.009503227368054219,GOLD,2025-12-11 00:00:00-05:00
4276.39990234375,4355.0,4260.0,4300.10009765625,1531,0.0,0.0,4163.425,4101.987983398438,3519.4359912109376,4212.438957218853,4156.73275062785,55.70620659100314,49.35532369318283,6.350882897820306,66.98999885906724,4311.563059115965,4163.425,4015.2869408840356,7.11616321254567,64.22377185603433,81.35826745543294,84.0938051082117,8716.05,0.17565296206423783,0.0034068597961147695,0.0034068597961147695,0.009437365927038175,GOLD,2025-12-12 00:00:00-05:00
4308.2998046875,4349.2001953125,4292.89990234375,4306.7001953125,854,0.0,0.0,4174.3800048828125,4110.505986328125,3526.5184924316404,4226.9406861563375,4167.84145023412,59.099235922217304,51.30410613898973,7.795129783227573,67.48556183033875,4330.650632916343,4174.3800048828125,4018.1093768492815,7.48712996185012,63.657809078371166,78.76931662087912,86.52627255077289,8734.6,0.09777207885879147,0.001534870702160518,0.001534870702160518,0.00736510012919722,GOLD,2025-12-15 00:00:00-05:00
4270.5,4321.39990234375,4270.5,4304.5,1796,0.0,0.0,4186.190002441406,4117.625986328125,3533.4929919433594,4238.8728882861315,4177.964305772333,60.90858251379814,53.22500141395142,7.6835810998467196,67.123797797603,4344.298371059909,4186.190002441406,4028.0816338229033,7.553807568519029,62.746530025898224,77.8021978021978,79.3099272928366,8746.8,0.2053322357890886,-0.0005108772871849077,-0.0005108772871849077,0.0072019717896690625,GOLD,2025-12-16 00:00:00-05:00
4308.5,4351.39990234375,4308.5,4347.5,2169,0.0,0.0,4200.5,4125.043984375,3540.6539916992188,4255.584751626727,4190.522505344753,65.06224628197378,55.5924503875559,9.469795894417885,70.45699556324723,4362.561207777992,4200.5,4038.438792222008,7.7162817654085085,61.61462804860192,96.51162790697674,84.36104744335121,8786.5,0.24685597223012576,0.009989545824137469,0.009989545824137469,0.00728632017230615,GOLD,2025-12-17 00:00:00-05:00
4331.0,4348.10009765625,4328.2001953125,4339.5,705,0.0,0.0,4213.590002441406,4130.967983398437,3547.7684912109376,4268.494789838,4201.557875319216,66.93691451878385,57.8613432138015,9.075571304982354,69.05425898107475,4376.152827258026,4213.590002441406,4051.0271776247855,7.7161197326948985,58.63500478396964,91.75531914893617,88.68971495270357,8797.45,0.08013685783948757,-0.001840138010350767,-0.001840138010350767,0.007378717287150319,GOLD,2025-12-18 00:00:00-05:00
4350.10009765625,4361.39990234375,4350.10009765625,4361.39990234375,1065,0.0,0.0,4228.834997558593,4139.26998046875,3555.051990966797,4282.787884069653,4213.398025469181,69.3898586004716,60.16704629113552,9.222812309336078,70.76987297656115,4386.730950756535,4228.834997558593,4070.9390443606517,7.467586382022414,56.01106889538253,100.0,96.08898235197097,8840.6,0.12046693663326018,0.005046641858220902,0.005046641858220902,0.007120292997542717,GOLD,2025-12-19 00:00:00-05:00
4371.10009765625,4447.60009765625,4371.10009765625,4444.60009765625,449,0.0,0.0,4247.230004882813,4148.643984375,3562.8199914550783,4307.682070775283,4230.524104890445,77.15796588483772,63.56523020987596,13.592735674961759,76.17411292816881,4415.335709945629,4247.230004882813,4079.124299819997,7.916016079635615,58.16743506803378,98.89948682124721,96.88493532339446,8854.5,0.050708679202665315,0.019076488553088078,0.019076488553088078,0.007912108356807118,GOLD,2025-12-22 00:00:00-05:00
4503.2998046875,4503.7998046875,4450.39990234375,4482.7998046875,694,0.0,0.0,4266.775,4156.127978515625,3570.6694909667967,4334.623260607932,4249.211193764301,85.41206684363078,67.93459753662694,17.477469307003844,78.16975605048896,4448.446788407522,4266.775,4085.1032115924772,8.515648863955677,58.24116877969208,93.61313489223056,97.50420723782592,8859.65,0.07833266551161729,0.008594633081026481,0.008594633081026481,0.007966332570299174,GOLD,2025-12-23 00:00:00-05:00
4500.7001953125,4503.39990234375,4468.39990234375,4480.60009765625,500,0.0,0.0,4283.844995117188,4162.9659765625,3578.3769909667967,4357.081235538442,4266.351112571112,90.73012296733032,72.49370262276761,18.236420344562703,77.76582052198108,4478.082653899707,4283.844995117188,4089.607336334669,9.068379411669422,56.58108529542836,92.93337775411314,95.14866648919697,2249.45,0.22227655649158684,-0.000490699368048908,-0.000490699368048908,0.00786753133758326,GOLD,2025-12-24 00:00:00-05:00
4512.0,4556.2998046875,4502.0,4529.10009765625,263,0.0,0.0,4302.039990234375,4170.00998046875,3586.1009912109375,4383.5456758642595,4285.814000355196,97.73167550906328,77.54129720002675,20.190378309036532,80.1957480383868,4515.625411226086,4302.039990234375,4088.4545692426645,9.929494912950565,57.94670113370133,92.85721612867654,93.13457625834008,1008.2,0.2608609402896251,0.010824442919012078,0.010824442919012078,0.00800131855901653,GOLD,2025-12-26 00:00:00-05:00
4371.5,4379.0,4325.10009765625,4325.10009765625,2044,0.0,0.0,4307.3800048828125,4170.907978515625,3592.7539916992187,4374.554048447642,4288.724081636756,85.82996681088662,79.19903112219873,6.6309356886878845,53.640999807852566,4517.638272283171,4307.3800048828125,4097.121737482454,9.762698771040014,68.37907962415123,38.9329250991782,74.90783966065595,929.65,2.1986769214220407,-0.04504206036549452,-0.04504206036549452,0.013385452126448233,GOLD,2025-12-29 00:00:00-05:00
4346.39990234375,4403.60009765625,4338.0,4370.10009765625,1837,0.0,0.0,4313.92001953125,4174.511982421875,3599.6044921875,4373.8688252489665,4294.751934675237,79.1168905737295,79.1826030125049,-0.06571243877539246,57.02170324710184,4523.436680251986,4313.92001953125,4104.403358810513,9.713516234522245,69.10200250814043,50.040286182559946,60.610142470138214,975.85,1.8824614438694471,0.010404383478751278,0.010404383478751278,0.013517469466229125,GOLD,2025-12-30 00:00:00-05:00
4333.5,4363.7998046875,4285.0,4325.60009765625,785,0.0,0.0,4320.87001953125,4174.295986328125,3606.0569921875,4366.44286715778,4297.036983784941,69.40588337283862,77.22725908457164,-7.821375711733026,52.912448604220515,4522.089386052761,4320.87001953125,4119.6506530097395,9.313835667907464,70.24472359014825,32.5439453125,40.505718864746036,996.8,0.7875200642054575,-0.010182833117224455,-0.010182833117224455,0.013403427105229355,GOLD,2025-12-31 00:00:00-05:00
4350.60009765625,4350.60009765625,4314.39990234375,4314.39990234375,589,0.0,0.0,4326.625024414063,4178.829985351563,3612.4494921875,4358.43625718639,4298.323125900409,60.11313128598158,73.80443352485364,-13.691302238872055,51.89870149375938,4520.039765823207,4326.625024414063,4133.210283004919,8.940675021188706,67.81297157031624,18.359749646519077,33.64799371385967,931.4,0.6323813613914537,-0.0025892812695673673,-0.0025892812695673673,0.013433388341067666,GOLD,2026-01-02 00:00:00-05:00
4386.7001953125,4443.5,4384.7998046875,4436.89990234375,618,0.0,0.0,4337.880029296875,4186.679985351562,3619.433991699219,4370.5075872106,4308.588072303619,61.91951490698102,71.42744980127912,-9.507934894298103,60.75498390861952,4529.446480373645,4337.880029296875,4146.313578220106,8.832261371129718,72.19062343359722,58.22253885921841,36.37541127274582,931.5,0.6634460547504025,0.028393288237711367,0.028393288237711367,0.014726415724142286,GOLD,2026-01-05 00:00:00-05:00
4449.7001953125,4482.2001953125,4449.0,4482.2001953125,459,0.0,0.0,4351.345043945313,4193.813989257813,3626.753992919922,4387.691065380123,4321.448229563536,66.2428358165871,70.39052700434073,-4.147691187753622,63.43599161301144,4543.735621514301,4351.345043945313,4158.9544663763245,8.84280955088544,70.269885543251,74.07289712600672,50.2183952105814,927.8,0.4947186893727097,0.010209897443217208,0.010209897443217208,0.014807119402855291,GOLD,2026-01-06 00:00:00-05:00
4450.0,4450.0,4449.2998046875,4449.2998046875,972,0.0,0.0,4364.450024414063,4200.431987304688,3633.934991455078,4397.169332965874,4330.918716609755,66.25061635611837,69.56254487469626,-3.3119285185778864,60.21842413401041,4545.7163838105525,4364.450024414063,4183.183665017573,8.3064926110971,67.60063590623307,60.560236995655316,64.28522432696015,960.5,1.0119729307652265,-0.00734023229471259,-0.00734023229471259,0.014850678907142563,GOLD,2026-01-07 00:00:00-05:00
4460.2001953125,4461.2998046875,4418.0,4449.7001953125,2423,0.0,0.0,4376.600024414062,4209.387993164062,3641.0649926757815,4405.251004096124,4339.717344661811,65.53365943431345,68.75676778661969,-3.223108352306241,60.244851436794,4546.139163435662,4376.600024414062,4207.060885392462,7.7475272163714735,65.86486224775213,60.70781934480636,65.11365115548945,1048.65,2.3105898059409715,8.998958096251286e-05,8.998958096251286e-05,0.014861335133223809,GOLD,2026-01-08 00:00:00-05:00
4473.0,4490.2998046875,4473.0,4490.2998046875,237,0.0,0.0,4391.29501953125,4219.869990234375,3648.4119921875,4418.335434956336,4350.87160096001,67.46383399632577,68.49818102856091,-1.0343470322351322,62.93373688228297,4546.120273744581,4391.29501953125,4236.469765317918,7.051462200772758,64.06020132826983,75.67266954872197,65.64690862972787,1025.9,0.23101666829125644,0.009124122433634918,0.009124122433634918,0.01486668382714594,GOLD,2026-01-09 00:00:00-05:00
4579.10009765625,4620.0,4577.7998046875,4604.2998046875,156,0.0,0.0,4407.235009765625,4232.281987304687,3656.1324914550783,4446.9453379919,4369.64406049538,77.30127749652002,70.25880032215272,7.042477174367292,69.22748780710805,4579.8334357604845,4407.235009765625,4234.636583770766,7.832503853886285,68.74877232714341,95.31337453358209,77.2312878090368,1007.3,0.15486945299315003,0.02538805980861092,0.02538805980861092,0.015153873539819023,GOLD,2026-01-12 00:00:00-05:00
4578.60009765625,4617.10009765625,4578.60009765625,4589.2001953125,239,0.0,0.0,4421.690014648438,4244.039990234375,3663.6459924316405,4468.830700656607,4385.90747788924,82.9232227673674,72.79168481119567,10.13153795617174,67.59043925300053,4604.121141002848,4421.690014648438,4239.258888294027,8.251647028626692,66.58814573234746,90.80602845149254,87.2640241779322,942.7,0.2535271030020155,-0.0032794583357990126,-0.0032794583357990126,0.015234323411125543,GOLD,2026-01-13 00:00:00-05:00
4610.2998046875,4635.0,4608.2001953125,4626.2998046875,1313,0.0,0.0,4437.669995117188,4256.921987304688,3671.1634912109375,4493.05671666136,4403.714316911333,89.34239975002674,76.10182779896188,13.240571951064865,69.49891475203361,4632.57555759706,4437.669995117188,4242.764432637316,8.784139545947697,65.10326422914406,97.51422991071429,94.54454429859629,965.65,1.3597058975819396,0.00808411221913885,0.00808411221913885,0.015263161014568524,GOLD,2026-01-14 00:00:00-05:00
4612.89990234375,4616.2998046875,4612.89990234375,4616.2998046875,4358,0.0,0.0,4453.259985351562,4269.241982421875,3678.6504907226563,4512.017191742305,4419.461390079938,92.55580166236723,79.39262257164296,13.16317909072427,68.33090633745073,4652.886785549046,4453.259985351562,4253.633185154078,8.965423121674068,61.41016695161591,94.65708705357143,94.32578180525941,1093.75,3.984457142857143,-0.0021615546813174014,-0.0021615546813174014,0.015291551586865437,GOLD,2026-01-15 00:00:00-05:00
4608.0,4608.0,4588.39990234375,4588.39990234375,352,0.0,0.0,4465.30498046875,4282.055981445313,3685.892990722656,4523.768377988681,4431.975353951331,91.79302403734982,81.87270286478434,9.92032117256548,65.04633897530161,4667.012829250625,4465.30498046875,4263.5971316868745,9.03444891957641,59.01657662248264,86.68568638392857,92.95233444940476,1002.9,0.35098215175989633,-0.00604378041378939,-0.00604378041378939,0.015359896913144102,GOLD,2026-01-16 00:00:00-05:00
4662.2001953125,4764.0,4661.7998046875,4759.60009765625,175,0.0,0.0,4486.309985351562,4297.641982421875,3694.2059912109376,4560.0501810144615,4456.243853485029,103.80632752943256,86.259427797714,17.546899731718568,73.47270345180189,4716.6960958652735,4486.309985351562,4255.923874837851,10.270628256449262,67.34397098203745,99.08144001174321,93.4747378164144,976.4,0.17922982384268743,0.03731152448701147,0.03731152448701147,0.01712866559909687,GOLD,2026-01-20 00:00:00-05:00
4863.5,4872.2998046875,4771.5,4831.7998046875,1706,0.0,0.0,4509.82998046875,4314.67998046875,3703.304990234375,4601.857815425698,4484.06281283336,117.79500259233828,92.56654275663885,25.228459835699425,76.09048933221521,4777.443762852873,4509.82998046875,4242.216198084628,11.868020902921357,70.58366641412405,93.10403312298905,92.95705317288694,1008.45,1.6917050919728296,0.01516928009704066,0.01516928009704066,0.017286075508689644,GOLD,2026-01-21 00:00:00-05:00
4791.89990234375,4908.7998046875,4791.89990234375,4908.7998046875,1706,0.0,0.0,4533.039965820312,4332.867978515625,3713.092489013672,4649.079659927514,4515.524812229964,133.55484769755003,100.76420374482109,32.79064395272894,78.52450960711215,4849.973270234566,4533.039965820312,4216.106661406058,13.983256569717927,73.89196898052592,100.0,97.39515771157743,1071.3,1.5924577615980584,0.015936090714126827,0.015936090714126827,0.017167988954694628,GOLD,2026-01-22 00:00:00-05:00
4940.0,4991.39990234375,4901.2001953125,4983.10009765625,273667,0.0,0.0,4558.05498046875,4350.293984375,3723.1659899902343,4700.467419578089,4550.160018557836,150.30740102025266,110.67284319990742,39.634557820345236,80.57902336457722,4929.470819268063,4558.05498046875,4186.639141669437,16.29711973158852,75.05680741272049,98.63175018936391,97.24526110411766,14719.95,18.59157130289165,0.015136142422797372,0.015136142422797372,0.01729947910118114,GOLD,2026-01-23 00:00:00-05:00
