Open,High,Low,Close,Volume,Dividends,Stock Splits,sma_20,sma_50,sma_200,ema_12,ema_26,macd,macd_signal,macd_diff,rsi,bb_high,bb_mid,bb_low,bb_width,atr,stoch_k,stoch_d,volume_sma,volume_ratio,returns,log_returns,volatility_20,symbol,timestamp
19674.75,19806.0,19667.44921875,19731.80078125,236800,0.0,0.0,19337.39248046875,19588.833984375,18708.9170703125,19500.536492207524,19467.23682909956,33.2996631079659,-38.60321959821975,71.90288270618565,60.66424065032468,19840.393068512083,19337.39248046875,18834.391892425414,5.202362092524913,161.59790682525974,84.66193865276664,90.32845649151427,214305.0,1.1049672196169011,-0.0016897597201204206,-0.0016897597201204206,0.007147644718187215,NIFTY,2023-11-17 00:00:00+05:30
19731.150390625,19756.44921875,19670.5,19694.0,173800,0.0,0.0,19340.85751953125,19591.2159765625,18717.92732421875,19530.30010879098,19484.034101018107,46.2660077728724,-21.629374124001323,67.89538189687372,58.86412586959529,19852.60581490116,19340.85751953125,18829.109224161344,5.291888375198683,156.19442910559835,79.89575254444382,84.31876562403515,211480.0,0.8218271231322111,-0.0019157289123818977,-0.0019157289123818977,0.007140049509481639,NIFTY,2023-11-20 00:00:00+05:30
19770.900390625,19829.099609375,19754.05078125,19783.400390625,195000,0.0,0.0,19352.89501953125,19594.66296875,18728.822578125,19569.238613688518,19506.20938172973,63.02923195878975,-4.697652907443111,67.72688486623287,61.7546054255711,19893.571889921815,19352.89501953125,18812.218149140685,5.587555451986958,154.68765626769846,89.81204261753835,84.78991127158295,211315.0,0.9227929867733006,0.0045394734754240496,0.0045394734754240496,0.007124654617515865,NIFTY,2023-11-21 00:00:00+05:30
19784.0,19825.55078125,19703.849609375,19811.849609375,184500,0.0,0.0,19379.4,19596.3589453125,18739.637080078126,19606.56338225567,19528.84939859234,77.71398366332869,11.78467440671125,65.92930925661744,62.65391630908731,19954.410402135174,19379.4,18804.38959786483,5.934243600268043,152.33147881107715,92.18340264349852,87.29706593516026,211740.0,0.8713516576933975,0.0014380348265852216,0.0014380348265852216,0.006318432759017076,NIFTY,2023-11-22 00:00:00+05:30
19828.44921875,19875.150390625,19786.75,19802.0,170000,0.0,0.0,19413.39248046875,19595.9999609375,18750.336328125,19636.630554216335,19549.082776474388,87.54777774194736,26.93729507375847,60.61048266818889,62.10938696045724,20003.7294074395,19413.39248046875,18823.055553497998,6.0817492621619,147.76497251207164,88.97417881092586,90.3232080239876,208975.0,0.8134944371336285,-0.0004971574875239915,-0.0004971574875239915,0.005919758458825266,NIFTY,2023-11-23 00:00:00+05:30
19809.599609375,19832.849609375,19768.849609375,19794.69921875,145900,0.0,0.0,19460.26494140625,19591.966953125,18761.2283203125,19660.948810298436,19567.276587013323,93.67222328511343,40.28428071602947,53.38794256908396,61.681466773891515,20014.277261651278,19460.26494140625,18906.252621161224,5.693779832012836,141.7817601897808,85.75710901292297,88.97156348911581,201250.0,0.7249689440993788,-0.00036868908443588033,-0.00036868908443588033,0.0046868557048524015,NIFTY,2023-11-24 00:00:00+05:30
19844.650390625,19916.849609375,19800.0,19889.69921875,229600,0.0,0.0,19502.38740234375,19589.896953125,18772.624814453124,19696.141180829447,19591.159744919743,104.98143590970358,53.223711754764295,51.75772415493928,65.05531551285108,20052.47733632559,19502.38740234375,18952.297468361907,5.6412573766813185,140.3795195065822,95.38062260740111,90.03730347708331,202470.0,1.133995159776757,0.004799264638990497,0.004799264638990497,0.004372324285751495,NIFTY,2023-11-28 00:00:00+05:30
19976.55078125,20104.650390625,19956.30078125,20096.599609375,236200,0.0,0.0,19550.17236328125,19590.4289453125,18783.83755859375,19757.750169836454,19628.59973487939,129.15043495706414,68.40905639522427,60.741378561839866,71.0365338251487,20131.505643740646,19550.17236328125,18968.839082821854,5.947091101367928,145.70606610432634,98.96145909705898,93.36639690579436,205275.0,1.1506515649738156,0.010402389113554511,0.010402389113554511,0.004712198470619128,NIFTY,2023-11-29 00:00:00+05:30
20108.5,20158.69921875,20015.849609375,20133.150390625,486600,0.0,0.0,19602.84990234375,19591.0299609375,18795.6803125,19815.50404995777,19665.973857527213,149.53019243055678,84.63328360229077,64.896908828266,71.94993677961246,20194.908702812343,19602.84990234375,19010.79110187516,6.040538017870603,145.50203348080302,96.9190439403075,97.0870418815892,219305.0,2.2188276601080688,0.0018187545137213768,0.0018187545137213768,0.004525256248360049,NIFTY,2023-11-30 00:00:00+05:30
20194.099609375,20291.55078125,20183.69921875,20267.900390625,265800,0.0,0.0,19666.78740234375,19592.5409765625,18808.412314453126,19885.1034869835,19710.561008127046,174.54247885645236,102.6151226531231,71.92735620332927,75.07119775910942,20256.121450098653,19666.78740234375,19077.453354588848,5.993190811476103,146.4233447053885,97.54179895898464,97.80743399878372,222890.0,1.1925164879536991,0.0066929416105065975,0.0066929416105065975,0.0042495152700746065,NIFTY,2023-12-01 00:00:00+05:30
20601.94921875,20702.650390625,20507.75,20686.80078125,381100,0.0,0.0,19744.46494140625,19603.6109765625,18822.487822265626,20008.441532255267,19782.875065395416,225.56646685985106,127.2053914944687,98.36107536538236,81.8373541110349,20433.182914333902,19744.46494140625,19055.7469684786,6.976314374398014,167.01810579786076,98.76934509140817,97.74339599690012,229665.0,1.6593734352208651,0.020668169003769332,0.020668169003769332,0.0057056744700170105,NIFTY,2023-12-04 00:00:00+05:30
20808.900390625,20864.05078125,20711.150390625,20855.099609375,421000,0.0,0.0,19825.68994140625,19622.6849609375,18837.29607421875,20138.696621042916,19862.2991056902,276.39751535271716,157.0438162661184,119.35369908659877,83.74612004209645,20626.834623083458,19825.68994140625,19024.545259729042,8.081884504851507,167.74895538372786,99.30308555335736,98.53807653458341,241240.0,1.7451500580334935,0.008135565760247543,0.008135565760247543,0.00577855991521866,NIFTY,2023-12-05 00:00:00+05:30
20950.75,20961.94921875,20852.150390625,20937.69921875,359200,0.0,0.0,19901.98740234375,19646.591953125,18852.7020703125,20261.62009761324,19941.958373324258,319.6617242889806,189.56739787069085,130.09432641828977,84.6014524033365,20813.903660757365,19901.98740234375,18990.071143930138,9.164072310750456,163.60966057953303,98.18345150067155,98.7519607151457,250165.0,1.4358523374572782,0.003960643244200535,0.003960643244200535,0.005640264639031579,NIFTY,2023-12-06 00:00:00+05:30
20932.400390625,20941.25,20850.80078125,20901.150390625,275000,0.0,0.0,19976.7099609375,19671.1299609375,18868.3533203125,20360.009373461202,20013.009633865055,346.99973959614726,221.05386621578214,125.94587338036513,82.53188411111141,20956.434757896634,19976.7099609375,18996.985163978366,9.808670185179535,158.3839147345664,95.30329639822325,97.59661115075073,253980.0,1.0827624222379715,-0.0017455990623970186,-0.0017455990623970186,0.0057060193482196065,NIFTY,2023-12-07 00:00:00+05:30
20934.099609375,21006.099609375,20862.69921875,20969.400390625,292400,0.0,0.0,20053.00498046875,19697.026953125,18883.55107421875,20453.761837640246,20083.85339362505,369.90844401519644,250.82478177566503,119.0836622395314,83.3509256321559,21090.695321131887,20053.00498046875,19015.314639805616,10.349474721357984,157.3136630124545,97.25222899943992,96.91299229944492,258850.0,1.1296117442534286,0.003265370504707432,0.003265370504707432,0.005691036462055916,NIFTY,2023-12-08 00:00:00+05:30
20965.30078125,21026.099609375,20923.69921875,20997.099609375,212900,0.0,0.0,20133.094921875,19723.6749609375,18898.45732421875,20537.352264060977,20151.50126145838,385.8510026025979,277.83002594105164,108.02097666154623,83.68526644006342,21202.156014226457,20133.094921875,19064.03382952354,10.61993793303882,153.3912864133506,97.80676876536207,96.7874313876751,259075.0,0.8217697577921451,0.001320935183362959,0.001320935183362959,0.005531579463952478,NIFTY,2023-12-11 00:00:00+05:30
21018.55078125,21037.900390625,20867.150390625,20906.400390625,244900,0.0,0.0,20207.1474609375,19747.473984375,18912.810078125,20594.128898916977,20207.41971547072,386.70918344625534,299.60585744209243,87.10332600416291,78.15106569525638,21275.03139149357,20207.1474609375,19139.26353038143,10.569368414026755,154.63119452668272,90.1428040185408,95.06726726111428,263710.0,0.9286716468848356,-0.004319607014175553,-0.004319607014175553,0.005816215244303145,NIFTY,2023-12-12 00:00:00+05:30
20929.75,20950.0,20769.5,20926.349609375,260300,0.0,0.0,20281.28740234375,19775.5299609375,18927.720830078124,20645.23977744898,20260.67378168585,384.56599576312874,316.5978851062997,67.96811065682903,78.48803704408968,21332.583523191952,20281.28740234375,19229.99128149555,10.36715372148132,156.4789663462054,91.20990405599657,93.05315894663316,267260.0,0.9739579435755444,0.0009542158562574343,0.0009542158562574343,0.005815786113346794,NIFTY,2023-12-13 00:00:00+05:30
21110.400390625,21210.900390625,21074.44921875,21182.69921875,334400,0.0,0.0,20356.64990234375,19806.4179296875,18944.411328125,20727.925845341448,20328.97196220912,398.95388313232615,333.069084711505,65.88479842082114,82.27176330917753,21439.057487173428,20356.64990234375,19274.242317514072,10.634437297121819,165.6269531250479,98.04437040347813,93.13235949267185,269405.0,1.2412538742785026,0.012250087289956912,0.012250087289956912,0.005840263981501516,NIFTY,2023-12-14 00:00:00+05:30
21287.44921875,21492.30078125,21235.30078125,21456.650390625,508800,0.0,0.0,20441.2224609375,19844.9759375,18962.561083984376,20840.03731384661,20412.503697647335,427.53361619927455,351.9619910090589,75.57162519021563,85.25626809404739,21587.97157981554,20441.2224609375,19294.47334205946,11.219966135288043,175.9108537946873,97.89337740548301,95.71588395498593,280710.0,1.8125467564390296,0.012932779200891975,0.012932779200891975,0.0061935295722706524,NIFTY,2023-12-15 00:00:00+05:30
21434.80078125,21482.80078125,21365.349609375,21418.650390625,249700,0.0,0.0,20525.56494140625,19884.626953125,18981.88283203125,20929.054710274057,20487.033082312344,442.0216279617125,369.97391839958965,72.04770956212286,83.16484622749104,21699.01974378494,20525.56494140625,19352.11013902756,11.434080433142928,171.73516222899534,95.20505269368489,97.0476001675487,281355.0,0.8874908922891009,-0.0017710126840955187,-0.0017710126840955187,0.0061975747464604125,NIFTY,2023-12-18 00:00:00+05:30
21477.650390625,21505.05078125,21337.75,21453.099609375,249800,0.0,0.0,20613.519921875,19922.7739453125,19001.592080078124,21009.677002443434,20558.593565798466,451.08343664496715,386.19582204866515,64.887614596302,83.55860872848315,21788.175582300715,20613.519921875,19438.864261449282,11.396943994792233,171.41842073049565,96.51147387900654,96.5366346593915,285155.0,0.8760147989689818,0.0016083748565725031,0.0016083748565725031,0.006065386332369761,NIFTY,2023-12-19 00:00:00+05:30
21543.5,21593.0,21087.349609375,21150.150390625,363900,0.0,0.0,20681.857421875,19952.706953125,19020.013828125,21031.288292932906,20602.41258985969,428.87570307321585,394.73179825357533,34.14390481964051,68.40602293016127,21813.63064549836,20681.857421875,19550.08419825164,10.944599419066634,195.2921328658174,68.57664344851862,86.76439000707005,293600.0,1.2394414168937329,-0.01412146609423337,-0.01412146609423337,0.007330647068595602,NIFTY,2023-12-20 00:00:00+05:30
21033.94921875,21288.349609375,20976.80078125,21255.05078125,277500,0.0,0.0,20754.01748046875,19987.5609765625,19039.3255859375,21065.713291135537,20650.756159592307,414.9571315432295,398.77686491150615,16.180266631723327,70.40714840053252,21837.71934914386,20754.01748046875,19670.315611793638,10.443297252640015,203.5961825271876,68.85978173231975,77.98263301994832,298250.0,0.9304274937133278,0.004959794076523361,0.004959794076523361,0.0073240616738123095,NIFTY,2023-12-21 00:00:00+05:30
21295.849609375,21390.5,21232.44921875,21349.400390625,284700,0.0,0.0,20831.3875,20020.7519921875,19059.552841796874,21109.35746028776,20702.50758411325,406.8498761745104,400.39146716410704,6.458409010403386,72.11773756265026,21851.237472201057,20831.3875,19811.537527798944,9.79147425682573,200.34293957881707,72.37628652490437,69.93757056858094,303985.0,0.936559369705742,0.004438926556610712,0.004438926556610712,0.007263517147210681,NIFTY,2023-12-22 00:00:00+05:30
21365.19921875,21477.150390625,21329.44921875,21441.349609375,219500,0.0,0.0,20913.72001953125,20053.3519921875,19079.505087890626,21160.43317553195,20757.236623021527,403.1965525104242,400.9524842333705,2.2440682770537137,73.71251664635679,21847.76799859201,20913.72001953125,19979.67204047049,8.932394410831323,196.5828133142587,81.5846520188221,74.27357342534876,307665.0,0.7134383176506915,0.004306875934107168,0.004306875934107168,0.007197426814988979,NIFTY,2023-12-26 00:00:00+05:30
21497.650390625,21675.75,21495.80078125,21654.75,256500,0.0,0.0,21001.97255859375,20090.5669921875,19101.1693359375,21236.481917757803,20823.7190953903,412.76282236750194,403.31455186019684,9.448270507305097,77.0004546587299,21863.01434090618,21001.97255859375,20140.93077628132,8.199627724588204,199.28406883645448,97.68275862068965,83.88123238813871,309010.0,0.8300702242645869,0.0099527499207277,0.0099527499207277,0.007317740997995383,NIFTY,2023-12-27 00:00:00+05:30
21715.0,21801.44921875,21678.0,21778.69921875,393100,0.0,0.0,21086.0775390625,20131.1199609375,19122.091083984375,21319.899964064294,20894.45836378732,425.4416002769758,407.7399615435527,17.701638733423124,78.66928893291103,21904.50235870892,21086.0775390625,20267.652719416077,7.762703311037991,195.52800811599346,97.79543415638639,92.35428159863272,316855.0,1.2406305723438165,0.005723881307796219,0.005723881307796219,0.007185496850930994,NIFTY,2023-12-28 00:00:00+05:30
21737.650390625,21770.30078125,21676.900390625,21731.400390625,270900,0.0,0.0,21165.9900390625,20171.11296875,19142.19083984375,21383.20772199671,20956.454069478998,426.7536525177129,411.5426997383848,15.210952779328125,76.39141449092436,21904.87395504133,21165.9900390625,20427.10612308367,6.98180349338912,188.83306668806537,93.21198884089954,96.23006053932521,306070.0,0.8850916457019636,-0.0021717930740454694,-0.0021717930740454694,0.007305170790945853,NIFTY,2023-12-29 00:00:00+05:30
21727.75,21834.349609375,21680.849609375,21741.900390625,154000,0.0,0.0,21239.6900390625,20209.7209765625,19162.12833984375,21438.391209477988,21014.635278452773,423.7559310252145,413.9853459957508,9.770585029463746,76.55371585970605,21894.857364692736,21239.6900390625,20584.522713432267,6.169273887003985,186.30927621034644,91.31809619536209,94.10850639754936,300480.0,0.5125133120340788,0.00048317180721269004,0.00048317180721269004,0.007310036415002948,NIFTY,2024-01-01 00:00:00+05:30
21751.349609375,21755.599609375,21555.650390625,21665.80078125,263700,0.0,0.0,21288.6400390625,20249.615,19182.509345703125,21473.377297442912,21062.869760141457,410.50753730145516,413.28978425689166,-2.7822469554365057,72.65522194488325,21917.000271106277,21288.6400390625,20660.27980701872,5.903244461748624,187.2835578203217,84.17158379539364,89.5672229438851,294610.0,0.8950816333457792,-0.003500136051024061,-0.003500136051024061,0.00625071574396759,NIFTY,2024-01-02 00:00:00+05:30
21661.099609375,21677.0,21500.349609375,21517.349609375,311900,0.0,0.0,21321.7525390625,20287.4680078125,19203.031591796876,21480.142268509386,21096.534934158753,383.6073343506323,407.3532942756398,-23.745959925007526,65.63352326005898,21924.513671904446,21321.7525390625,20718.991406220557,5.653954868275075,186.52404587779873,63.03417489437783,79.50795162837785,289155.0,1.0786602341304836,-0.00685186637566948,-0.00685186637566948,0.006414719813045452,NIFTY,2024-01-03 00:00:00+05:30
21605.80078125,21685.650390625,21564.55078125,21658.599609375,339200,0.0,0.0,21357.79755859375,20329.7869921875,19225.5530859375,21507.597244027173,21138.16935454514,369.4278894820309,399.76821331691804,-30.34032383488716,68.73016169856638,21950.518242153797,21357.79755859375,20765.0768750337,5.550391438386444,185.22238411867025,79.50554018197761,75.57043295724971,288155.0,1.1771442452846559,0.006564470186349425,0.006564470186349425,0.006491462354727161,NIFTY,2024-01-04 00:00:00+05:30
21705.75,21749.599609375,21629.19921875,21710.80078125,309300,0.0,0.0,21398.280078125,20378.3680078125,19248.8905859375,21538.859326676837,21180.58649726402,358.2728294128174,391.46913653609795,-33.196307123280576,69.81273120864017,21970.97493492736,21398.280078125,20825.585221322643,5.35271858029199,180.59224172626523,85.59279377768668,76.04416961801405,289870.0,1.0670300479525305,0.002410182228605562,0.002410182228605562,0.006441211235256897,NIFTY,2024-01-05 00:00:00+05:30
21747.599609375,21763.94921875,21492.900390625,21513.0,231500,0.0,0.0,21425.46005859375,20426.185,19271.594833984374,21534.880968726553,21205.209719688904,329.6712490376485,379.1095590364081,-49.438309998759564,61.170870710488565,21964.782752794297,21425.46005859375,20886.137364393206,5.034409461692968,187.05342646903202,62.52696070057964,75.87509822008133,286825.0,0.8071123507365118,-0.00911070868564301,-0.00911070868564301,0.006884564958167578,NIFTY,2024-01-08 00:00:00+05:30
21653.599609375,21724.44921875,21517.849609375,21544.849609375,228600,0.0,0.0,21452.84755859375,20479.9369921875,19294.391083984374,21536.41460574939,21230.368230036023,306.0463757133657,364.49692237179966,-58.45054665843395,61.98682817973777,21956.852425565205,21452.84755859375,20948.842691622292,4.698722308028128,188.79598306052975,66.24098937514947,71.45358128447195,287610.0,0.7948263273182434,0.0014804820050666745,0.0014804820050666745,0.006884679277611306,NIFTY,2024-01-09 00:00:00+05:30
21529.30078125,21641.849609375,21448.650390625,21618.69921875,217000,0.0,0.0,21488.4625,20531.3659765625,19316.984326171874,21549.07377698025,21259.13348845928,289.9402885209711,349.58559560163394,-59.64530708066286,63.8820570093092,21929.74207451546,21488.4625,21047.182925484543,4.107130275285708,189.11049989549193,74.85269834762506,67.87354947445141,286215.0,0.7581713047883584,0.0034277152411805734,0.0034277152411805734,0.006768166696443988,NIFTY,2024-01-10 00:00:00+05:30
21688.0,21726.5,21593.75,21647.19921875,212500,0.0,0.0,21524.50498046875,20581.491953125,19340.2783203125,21564.16999879098,21287.879098110447,276.29090068053483,334.9266566174141,-58.635755936879264,64.61526110394712,21886.96423349692,21524.50498046875,21162.04572744058,3.3678753899991087,185.08474990295682,68.90675042914208,70.00014605063889,283825.0,0.748700783933762,0.0013183031833516878,0.0013183031833516878,0.0067665493430745524,NIFTY,2024-01-11 00:00:00+05:30
21773.55078125,21928.25,21715.150390625,21894.55078125,294700,0.0,0.0,21560.09755859375,20637.7909765625,19364.21357421875,21614.997811476987,21332.817741305968,282.1800701710199,324.3773393281353,-42.197269157115386,70.25839938382539,21921.109922401072,21560.09755859375,21199.085194786425,3.3488936014895345,191.93946642774563,94.37221530011155,79.37722135895957,281840.0,1.0456287255180243,0.011426492637705898,0.011426492637705898,0.00670126169359227,NIFTY,2024-01-12 00:00:00+05:30
22053.150390625,22115.55078125,21963.55078125,22097.44921875,345500,0.0,0.0,21592.1375,20699.956953125,19388.941318359375,21689.221104903605,21389.457110005525,299.76399489807955,319.45467044212415,-19.69067554404461,73.93103034771644,22018.556066039146,21592.1375,21165.718933960856,3.9497577860380417,194.0152188257638,97.28571721437504,86.8548943145429,273675.0,1.2624463323284918,0.009267074694848665,0.009267074694848665,0.0064214444957649015,NIFTY,2024-01-15 00:00:00+05:30
22080.5,22124.150390625,21969.80078125,22032.30078125,292400,0.0,0.0,21622.82001953125,20757.93796875,19413.7183203125,21742.00259357228,21437.075159727337,304.92743384494315,316.549223122688,-11.621789277744824,70.90348590964885,22081.945615476456,21622.82001953125,21163.694423586043,4.246676386618323,191.18196100785212,86.4027225203553,92.68688501161398,275810.0,1.060150103332004,-0.0029482333845447517,-0.0029482333845447517,0.006458219345154904,NIFTY,2024-01-16 00:00:00+05:30
21647.25,21851.5,21550.44921875,21571.94921875,456000,0.0,0.0,21628.7625,20804.7649609375,19436.8528125,21715.840535907315,21447.065830766052,268.77470514126253,306.9943195264029,-38.219614385140346,54.05768949969949,22081.986092397023,21628.7625,21175.53890760298,4.190934108199875,211.9440754001484,18.25297233530718,67.31380402334587,286120.0,1.5937368936110723,-0.020894393512082443,-0.020894393512082443,0.008161643334450082,NIFTY,2024-01-17 00:00:00+05:30
21414.19921875,21539.400390625,21285.55078125,21462.25,387300,0.0,0.0,21644.36748046875,20845.7749609375,19459.23556640625,21676.82660730619,21448.19058404264,228.63602326354885,291.32266027383207,-62.68663701028322,50.9511522418885,22049.54513943666,21644.36748046875,21239.18982150084,3.7439547201694006,217.26224412156634,21.070748993276087,41.908814616312874,287290.0,1.3481151449754603,-0.0050852715087356115,-0.0050852715087356115,0.007547846977000507,NIFTY,2024-01-18 00:00:00+05:30
21615.19921875,21670.599609375,21575.0,21622.400390625,343100,0.0,0.0,21662.7349609375,20890.088984375,19482.589072265626,21668.453343201392,21461.095014159855,207.35832904153722,274.5297940273731,-67.17146498583588,55.015502364430006,22026.881209196035,21662.7349609375,21298.588712678968,3.3619600564302403,216.62562735395446,40.168109501750266,26.49727694344453,290570.0,1.180782599717796,0.00746195718645537,0.00746195718645537,0.007641284597863092,NIFTY,2024-01-19 00:00:00+05:30
21716.69921875,21750.25,21192.599609375,21238.80078125,449700,0.0,0.0,21657.20498046875,20925.995,19503.379580078126,21602.352949055025,21444.62877468505,157.7241743699742,251.16867009589333,-93.44449572591913,45.327046551942836,22042.9360973568,21657.20498046875,21271.473863580697,3.5621504920502693,240.984539016172,4.959597780918076,22.066152091981497,298820.0,1.504919349441135,-0.01774084294273448,-0.01774084294273448,0.00864227562903188,NIFTY,2024-01-23 00:00:00+05:30
21185.25,21482.349609375,21137.19921875,21453.94921875,407500,0.0,0.0,21657.8349609375,20967.16796875,19523.850576171873,21579.52160593117,21445.31917794912,134.20242798205072,227.7754216731248,-93.57299369107409,50.58342739721361,22042.192580508792,21657.8349609375,21273.477341366208,3.5493632698238504,248.42495698823112,32.09378630132649,25.74049786133163,308220.0,1.322107585490883,0.010129971071150878,0.010129971071150878,0.008897279379435822,NIFTY,2024-01-24 00:00:00+05:30
21454.599609375,21459.0,21247.05078125,21352.599609375,418100,0.0,0.0,21642.72744140625,21005.71296875,19543.6233203125,21544.610529537913,21438.451061758446,106.15946777946738,203.45223089439332,-97.29276311492595,48.231036707240904,22049.482468060938,21642.72744140625,21235.97241475156,3.7588148513712505,245.81954711407175,21.82482748521231,19.626070522485644,316300.0,1.3218463484034144,-0.004724053755400193,-0.004724053755400193,0.008640572740314992,NIFTY,2024-01-25 00:00:00+05:30
21433.099609375,21763.25,21429.599609375,21737.599609375,376700,0.0,0.0,21640.6724609375,21051.5939453125,19564.526064453126,21574.30115720516,21460.61021343375,113.69094377140937,185.49997346979654,-71.80902969838718,56.505804817565085,22045.06736784678,21640.6724609375,21236.277554028224,3.737359896179112,257.59317879342376,60.83384950892407,38.25082109848764,315480.0,1.194053505768987,0.018030591452244726,0.018030591452244726,0.009513719665921093,NIFTY,2024-01-29 00:00:00+05:30
21775.75,21813.05078125,21501.80078125,21522.099609375,375100,0.0,0.0,21630.207421875,21088.526953125,19584.140810546876,21566.27014984667,21465.164983503473,101.1051663431972,168.62101204447669,-67.51584570127949,51.539871080076296,22035.500853038517,21630.207421875,21224.91399071148,3.7474761407386037,261.4258088796078,38.998929389158135,40.55253546109819,320690.0,1.1696654089619258,-0.009913698102483215,-0.009913698102483215,0.009758880542373746,NIFTY,2024-01-30 00:00:00+05:30
21487.25,21741.349609375,21448.849609375,21725.69921875,410600,0.0,0.0,21629.39736328125,21127.736953125,19604.649052734374,21590.797698908722,21484.46381574396,106.33388316476339,156.16358626853403,-49.82970310377064,55.517391780867214,22033.858502780513,21629.39736328125,21224.936223781984,3.739920560023466,263.64539395963584,59.62807652195939,53.153618473347215,333520.0,1.2311105780762772,0.009460025419002926,0.009460025419002926,0.010006787925241775,NIFTY,2024-01-31 00:00:00+05:30
21780.650390625,21832.94921875,21658.75,21697.44921875,332500,0.0,0.0,21630.97978515625,21167.049921875,19624.524794921876,21607.205625038147,21500.240512262928,106.96511277521859,146.32389156987097,-39.35877879465238,54.84474189092804,22036.24508883727,21630.97978515625,21225.714481475232,3.747082265400873,257.2563814446618,56.765726204635094,51.79757737191756,336960.0,0.986764007597341,-0.0013003033741542103,-0.0013003033741542103,0.009978219412926164,NIFTY,2024-02-01 00:00:00+05:30
21812.75,22126.80078125,21805.55078125,21853.80078125,442800,0.0,0.0,21647.80234375,21210.2459375,19644.731796875,21645.143341378433,21526.430161817523,118.71317956090934,140.80174916807863,-22.08856960716929,57.8860110415553,22060.664849128654,21647.80234375,21234.93983837135,3.8143595254864415,269.548894377186,72.41313975795183,62.93564749484879,343505.0,1.2890642057611972,0.007205988175093214,0.007205988175093214,0.009956337409244008,NIFTY,2024-02-02 00:00:00+05:30
21921.05078125,21964.30078125,21726.94921875,21771.69921875,440800,0.0,0.0,21653.45732421875,21250.0119140625,19664.45029296875,21664.613476358674,21544.59824010882,120.01523624985566,136.64444658443404,-16.629210334578374,55.76217911651378,22069.839725466798,21653.45732421875,21237.074922970703,3.8458745410815833,267.249084957387,64.11671363948558,64.43185986735752,348585.0,1.2645409297588823,-0.0037568550808078083,-0.0037568550808078083,0.00991047950229936,NIFTY,2024-02-05 00:00:00+05:30
21825.19921875,21951.400390625,21737.55078125,21929.400390625,371000,0.0,0.0,21664.3873046875,21292.3629296875,19685.563046875,21705.349924707338,21573.102103110017,132.24782159732058,135.76512158701135,-3.5172999896907697,58.88278146744059,22097.36271616439,21664.3873046875,21231.411893210614,3.9971166078922997,263.4348367015022,80.05253850586963,72.1941306344357,351670.0,1.0549663036369323,0.007243402101531293,0.007243402101531293,0.0100227494797605,NIFTY,2024-02-06 00:00:00+05:30
22045.05078125,22053.30078125,21860.150390625,21930.5,346300,0.0,0.0,21685.2623046875,21334.9329296875,19706.914794921875,21739.988397829286,21599.576021398163,140.41237643112254,136.6945725558336,3.7178038752889506,58.90454987419462,22127.194668925258,21685.2623046875,21243.329940449745,4.075877506376561,258.41451912460917,80.16365488004169,74.77763567513232,357410.0,0.9689152513919588,5.014315737827957e-05,5.014315737827957e-05,0.00976405766832438,NIFTY,2024-02-07 00:00:00+05:30
22009.650390625,22011.05078125,21665.30078125,21717.94921875,491100,0.0,0.0,21693.91728515625,21373.3979296875,19727.410791015624,21736.59775489401,21608.34440638719,128.25334850681975,135.00632774603082,-6.752979239211072,53.0572349578171,22131.267398546333,21693.91728515625,21256.567171766168,4.032006830682748,264.65276775856563,58.685234745675736,72.96714271052903,370535.0,1.3253808682040833,-0.009692017110872975,-0.009692017110872975,0.010050926859918855,NIFTY,2024-02-08 00:00:00+05:30
21727.0,21804.44921875,21629.900390625,21782.5,349200,0.0,0.0,21702.10732421875,21411.2539453125,19748.201044921876,21743.65963875647,21621.24482072888,122.41481802759154,132.48802580234297,-10.073207774751438,54.53336275192451,22139.65119938326,21702.10732421875,21264.563449054236,4.032270863173086,258.2167720704538,65.20814090266758,68.01901017612836,377145.0,0.9259038300918745,0.0029722318898448563,0.0029722318898448563,0.010044334427331821,NIFTY,2024-02-09 00:00:00+05:30
21800.80078125,21831.69921875,21574.75,21616.05078125,287400,0.0,0.0,21700.54990234375,21441.64296875,19768.161044921875,21724.027506832397,21620.86007706378,103.1674297686186,126.6239065955981,-23.456476826979497,50.15386192888116,22139.08508468458,21700.54990234375,21262.014720002924,4.041696494460388,258.12623254756426,48.38831916254174,57.42723160362837,380890.0,0.7545485573262621,-0.0076414194307357075,-0.0076414194307357075,0.010201003941045806,NIFTY,2024-02-12 00:00:00+05:30
21664.30078125,21766.80078125,21543.349609375,21743.25,365800,0.0,0.0,21692.98486328125,21473.8449609375,19788.16029296875,21726.984813473566,21629.925997281276,97.05881619228967,120.71088851493643,-23.65207232264676,53.244061168918066,22123.009953655433,21692.98486328125,21262.959772907067,3.9646465720083346,255.64944249952396,61.241898175559925,58.279452746923106,384445.0,0.9515015151712208,0.005884480011507653,0.005884480011507653,0.00994571282811634,NIFTY,2024-02-13 00:00:00+05:30
21578.150390625,21870.849609375,21530.19921875,21840.05078125,359100,0.0,0.0,21680.11494140625,21505.28796875,19808.514296875,21744.379577746862,21645.490796093774,98.88878165308779,116.34646714256671,-17.45768548947892,55.504784327962405,22074.914172246044,21680.11494140625,21285.315710566454,3.642040015994372,261.72093879420083,67.4055129298096,59.011910089303775,385125.0,0.9324245374878286,0.004451992284961959,0.004451992284961959,0.0097584628784011,NIFTY,2024-02-14 00:00:00+05:30
21906.55078125,21953.849609375,21794.80078125,21910.75,345400,0.0,0.0,21674.03740234375,21529.766953125,19829.000048828126,21769.975027324268,21665.139626012755,104.83540131151312,114.044253976356,-9.20885266484288,57.13495950418666,22050.26900606769,21674.03740234375,21297.80579861981,3.47172607244145,254.38721660354364,69.01170136175053,65.88637082237337,387775.0,0.8907227129134163,0.0032371361888359207,0.0032371361888359207,0.009776132286839894,NIFTY,2024-02-15 00:00:00+05:30
22020.30078125,22068.650390625,21968.94921875,22040.69921875,343900,0.0,0.0,21697.47490234375,21553.4789453125,19849.628291015626,21811.62490292823,21692.958855104403,118.66604782382637,114.96861274585008,3.6974350779762943,60.033384543097625,22102.63750191566,21697.47490234375,21292.312302771843,3.734652086433729,247.4953004622191,87.2997398526696,74.57231804807661,382170.0,0.8998613182615066,0.005930843022260657,0.005930843022260657,0.008556000695313662,NIFTY,2024-02-16 00:00:00+05:30
22103.44921875,22186.650390625,22021.05078125,22122.25,0,0.0,0.0,21730.47490234375,21577.1699609375,19869.914541015623,21859.413379400812,21724.758199170745,134.65518023006734,118.90592624269354,15.749253987373805,61.77996674954433,22160.38344828477,21730.47490234375,21300.56635640273,3.9567340140794793,241.64560824170346,91.27130354675265,82.52758158705761,362805.0,0.0,0.0037000088082788096,0.0037000088082788096,0.008445994786905114,NIFTY,2024-02-19 00:00:00+05:30
22099.19921875,22215.599609375,22045.849609375,22196.94921875,295700,0.0,0.0,21759.20234375,21603.0859375,19890.16103515625,21911.34197006992,21759.735311732173,151.60665833774692,125.44607266170422,26.1605856760427,63.35948917578669,22231.117518194325,21759.20234375,21287.287169305673,4.337614651392555,236.51020765301035,97.27890574909169,91.94998304950468,360435.0,0.8203975751522465,0.0033766555730090353,0.0033766555730090353,0.008344265041978702,NIFTY,2024-02-20 00:00:00+05:30
22248.849609375,22249.400390625,21997.94921875,22055.05078125,364500,0.0,0.0,21800.01484375,21624.7989453125,19909.987041015625,21933.45101794378,21781.610531696457,151.84048624732168,130.72495537882773,21.11553086849395,58.42041434909592,22223.55113923077,21800.01484375,21376.478548269228,3.8856514412163174,237.5774193831525,72.97701714412963,87.17574214665801,356175.0,1.0233733417561592,-0.006392700010330099,-0.006392700010330099,0.007298403393038729,NIFTY,2024-02-21 00:00:00+05:30
22081.55078125,22252.5,21875.25,22217.44921875,343500,0.0,0.0,21838.18984375,21649.2059375,19929.795283203126,21977.143048837042,21813.89487888561,163.24816995143192,137.22959829334857,26.018571658083346,62.06511318190015,22267.668224130877,21838.18984375,21408.71146336912,3.93327820166188,247.55403228435588,95.14734274697284,88.46775521339809,352975.0,0.9731567391458319,0.0073633218581414805,0.0073633218581414805,0.007159350641519267,NIFTY,2024-02-22 00:00:00+05:30
22290.0,22297.5,22186.099609375,22212.69921875,226000,0.0,0.0,21881.19482421875,21675.3319140625,19950.513779296874,22013.38245959288,21843.435941097785,169.94651849509683,143.77298233369822,26.1735361613986,61.894218706881865,22278.61883592744,21881.19482421875,21483.77081251006,3.6325622517542575,237.82877216583046,88.94816956763003,85.69084315291086,343370.0,0.6581821358884002,-0.0002137959201901074,-0.0002137959201901074,0.00701343310885302,NIFTY,2024-02-23 00:00:00+05:30
22169.19921875,22202.150390625,22075.150390625,22122.05078125,207800,0.0,0.0,21900.4173828125,21699.2459375,19969.80203125,22030.100662924746,21864.074077405356,166.0265855193902,148.22370297083663,17.802882548553583,58.57927715612416,22305.32011101935,21900.4173828125,21495.514654605646,3.697671337758352,230.66591902005686,77.13423170713082,87.0765813405779,334925.0,0.6204374113607524,-0.004080928508836235,-0.004080928508836235,0.006026781119960695,NIFTY,2024-02-26 00:00:00+05:30
22090.19921875,22218.25,22085.650390625,22198.349609375,252200,0.0,0.0,21934.2298828125,21719.5589453125,19989.464033203127,22055.985116224787,21888.835227921627,167.14988830315997,152.0089400373013,15.140948265858668,60.49705161296499,22319.588071345603,21934.2298828125,21548.871694279394,3.513760825813793,223.66118261683852,87.07802819339304,84.38680982271798,328780.0,0.7670782894336639,0.003448994348646428,0.003448994348646428,0.005481582921665157,NIFTY,2024-02-27 00:00:00+05:30
22214.099609375,22229.150390625,21915.849609375,21951.150390625,203000,0.0,0.0,21945.50244140625,21729.4489453125,20007.644287109375,22039.85669690174,21893.451165899653,146.40553100208854,150.88825823025877,-4.4827272281702335,52.083257095235204,22318.802460568553,21945.50244140625,21572.202422243947,3.4020640006671226,230.06401109063577,54.86129848443967,73.02451946165452,318400.0,0.6375628140703518,-0.011135927809948543,-0.011135927809948543,0.005842543660111868,NIFTY,2024-02-28 00:00:00+05:30
21935.19921875,22060.55078125,21860.650390625,21982.80078125,360200,0.0,0.0,21959.77001953125,21740.731953125,20026.073291015626,22031.07886372455,21900.069655925607,131.00920779894295,146.91244814399562,-15.903240345052666,52.9848534560853,22315.453589775025,21959.77001953125,21604.086449287475,3.2394107035495,227.90946677166178,58.986198575566746,66.9751750844665,319785.0,1.1263817877636537,0.0014418556686905948,0.0014418556686905948,0.005829428322975735,NIFTY,2024-02-29 00:00:00+05:30
22048.30078125,22353.30078125,22047.75,22338.75,351500,0.0,0.0,21984.01748046875,21758.4449609375,20046.193037109377,22078.412884690002,21932.564496227413,145.84838846258936,146.69963620771438,-0.851247745125022,61.710509686143205,22372.138999996507,21984.01748046875,21595.89596094099,3.530942602939402,238.09450485940025,98.23220099281491,70.6932326842738,315220.0,1.115094219909904,0.016192168700068565,0.016192168700068565,0.006648503540313454,NIFTY,2024-03-01 00:00:00+05:30
22403.5,22440.900390625,22358.30078125,22405.599609375,298800,0.0,0.0,22015.7125,21783.5539453125,20066.226787109375,22128.749303872308,21967.604134238347,161.1451696339609,149.5887428929637,11.55642674099721,63.09577176406258,22431.82607379803,22015.7125,21599.598926201972,3.7801508699573487,228.38421098551453,96.12377996864538,84.44739317900903,308120.0,0.9697520446579255,0.0029925402887358565,0.0029925402887358565,0.006558675001124496,NIFTY,2024-03-04 00:00:00+05:30
22371.25,22416.900390625,22269.150390625,22356.30078125,296200,0.0,0.0,22037.05751953125,21805.5789453125,20086.575791015624,22163.757223468878,21996.396478461433,167.36074500744508,153.14314331585996,14.217601691585116,61.333501455291824,22476.418631014534,22037.05751953125,21597.696408047963,3.9874752887846645,222.6246244865492,86.90610423726508,93.75402839957515,304380.0,0.9731256981404823,-0.00220029050703785,-0.00220029050703785,0.006459313527085214,NIFTY,2024-03-05 00:00:00+05:30
22327.5,22497.19921875,22224.349609375,22474.05078125,312300,0.0,0.0,22064.23505859375,21828.071953125,20108.037294921876,22211.49469389674,22031.778278667993,179.7164152287478,158.45779769843753,21.25861753031026,63.92520399648447,22539.635345646297,22064.23505859375,21588.834771541202,4.309238782038671,226.21212340715283,96.36344668669246,93.13111029753433,302680.0,1.0317827408484208,0.005266971542034149,0.005266971542034149,0.006524609785801152,NIFTY,2024-03-06 00:00:00+05:30
22505.30078125,22525.650390625,22430.0,22493.55078125,379900,0.0,0.0,22103.01513671875,21849.1159765625,20129.855302734373,22254.887938104934,22065.983649229624,188.90428887531016,164.54709593381205,24.357192941498113,64.35134355707535,22585.580651919372,22103.01513671875,21620.449621518128,4.366513004815868,216.88628535128478,95.17299107142857,92.81418066512872,297120.0,1.2786079698438342,0.0008676673462120199,0.0008676673462120199,0.005999063850429544,NIFTY,2024-03-07 00:00:00+05:30
22517.5,22526.599609375,22307.25,22332.650390625,277900,0.0,0.0,22130.52265625,21862.673984375,20150.501552734375,22266.85139233879,22085.736741184835,181.1146511539555,167.86060697784075,13.254044176114746,58.23821924571485,22599.397161135847,22130.52265625,21661.648151364152,4.237355910375934,217.06223706726445,70.87627505381768,87.47090427064626,293555.0,0.9466709815877774,-0.007153178801771132,-0.007153178801771132,0.0063116463626088975,NIFTY,2024-03-11 00:00:00+05:30
22334.44921875,22452.55078125,22256.0,22335.69921875,299200,0.0,0.0,22166.505078125,21873.813984375,20170.608046875,22277.443365632822,22104.252480263738,173.19088536908384,168.92666265608938,4.264222712994467,58.319017890974784,22578.99457486722,22166.505078125,21754.015581382777,3.7217368754200897,215.59713308031698,71.33409196224844,79.12778602916491,294145.0,1.0171854017576365,0.0001365188668460693,0.0001365188668460693,0.005963912329359858,NIFTY,2024-03-12 00:00:00+05:30
22432.19921875,22446.75,21905.650390625,21997.69921875,493300,0.0,0.0,22179.2275390625,21879.1399609375,20188.85654296875,22234.405804573926,22096.359646077537,138.04615849638867,162.75056182414923,-24.70440332776056,47.3756972083533,22552.55079345951,22179.2275390625,21805.90428466549,3.3664225116903395,238.84730995850865,20.57947126692984,54.26327942766534,300520.0,1.6414880873153201,-0.015132725270416536,-0.015132725270416536,0.006949744227490143,NIFTY,2024-03-13 00:00:00+05:30
21982.55078125,22204.599609375,21917.5,22146.650390625,426700,0.0,0.0,22194.55751953125,21887.2349609375,20208.16279296875,22220.904971658707,22100.084886414385,120.8200852443224,154.36446650818388,-33.54438126386148,51.678862068249266,22534.607954880055,22194.55751953125,21854.50708418244,3.064268661806498,242.29390277397232,42.94621751142343,44.95326024686725,303900.0,1.404080289568937,0.006771215952804832,0.006771215952804832,0.007036126878273542,NIFTY,2024-03-14 00:00:00+05:30
22064.849609375,22120.900390625,21931.69921875,22023.349609375,661500,0.0,0.0,22200.1875,21894.3859375,20226.6737890625,22190.511838999675,22094.400791818873,96.11104718080242,142.7137826427076,-46.60273546190518,48.16760015125357,22524.62640015243,22200.1875,21875.74859984757,2.9228482881275544,240.34085056690287,24.4311749558607,29.31895457807134,319705.0,2.0690949469041775,-0.005567468627318717,-0.005567468627318717,0.007144998906298912,NIFTY,2024-03-15 00:00:00+05:30
21990.099609375,22123.69921875,21916.55078125,22055.69921875,356300,0.0,0.0,22200.9375,21905.1529296875,20244.455537109374,22169.77143588434,22091.534008628587,78.23742725575357,129.81851156531678,-51.58108430956321,49.14389561118652,22523.96446519736,22200.9375,21877.91053480264,2.9100299498375803,237.96996391926697,29.28884404896676,32.22207883875031,320325.0,1.1123078123780534,0.0014688778023679294,0.0014688778023679294,0.007027990527324558,NIFTY,2024-03-18 00:00:00+05:30
21946.44921875,21978.30078125,21793.099609375,21817.44921875,344200,0.0,0.0,22185.6974609375,21908.329921875,20260.54953125,22115.568017863672,22071.231431600543,44.33658626312899,112.72212650487923,-68.38554024175023,42.75641252809672,22548.45315410037,22185.6974609375,21822.941767774628,3.270176146605963,239.7292243089622,3.319646813224267,19.013221939350597,337535.0,1.0197461004044026,-0.010802196640288697,-0.010802196640288697,0.00737210064894362,NIFTY,2024-03-19 00:00:00+05:30
21843.900390625,21930.900390625,21710.19921875,21839.099609375,312400,0.0,0.0,22167.80498046875,21910.8958984375,20276.57578125,22073.03441655772,22054.03648180606,18.99793475166007,93.9772881542354,-74.97935340257533,43.475389976450884,22560.6304165387,22167.80498046875,21774.9795443988,3.5441076499550093,238.3700777065363,15.788869298105011,16.132453386765366,338370.0,0.9232496970771641,0.0009923428906801757,0.0009923428906801757,0.0073223685784214055,NIFTY,2024-03-20 00:00:00+05:30
21989.900390625,22080.94921875,21941.30078125,22011.94921875,353200,0.0,0.0,22165.64990234375,21920.8748828125,20293.963525390624,22063.63669381807,22050.91890676487,12.717787053199572,77.72538793402823,-65.00760088082866,48.98445965516381,22561.388133477085,22165.64990234375,21769.911671210415,3.5707342927174026,238.61861568285514,36.961030820795365,18.689848977374897,337805.0,1.0455736297568123,0.0079146856998078,0.0079146856998078,0.007443754990256563,NIFTY,2024-03-21 00:00:00+05:30
21932.19921875,22180.69921875,21883.30078125,22096.75,388700,0.0,0.0,22159.61494140625,21931.912890625,20312.008525390625,22068.73104861529,22054.313802560064,14.417246055225405,65.06375955826766,-50.64651350304226,51.482805212491186,22555.69052767614,22159.61494140625,21763.53935513636,3.57475152268828,242.81717438407978,47.34818670947399,33.36602894279147,340065.0,1.1430167762045491,0.0038524885010076115,0.0038524885010076115,0.007299190000864794,NIFTY,2024-03-22 00:00:00+05:30
21947.900390625,22073.19921875,21947.55078125,22004.69921875,328400,0.0,0.0,22149.21494140625,21939.632890625,20329.3615234375,22058.87999786678,22050.638648203763,8.2413496630179,53.699277579217714,-45.457927916199814,48.69509550615615,22550.06331444029,22149.21494140625,21748.366568372214,3.6195266883674733,236.1301775530741,36.0729861697572,40.127401233342205,345185.0,0.9513739009516636,-0.00416580634029895,-0.00416580634029895,0.007351549307185904,NIFTY,2024-03-26 00:00:00+05:30
22053.94921875,22193.599609375,22052.849609375,22123.650390625,409100,0.0,0.0,22149.294921875,21949.1619140625,20347.01052734375,22068.84467367574,22056.04692542015,12.797748255590705,45.51897171449232,-32.72122345890161,52.29025659556345,22550.122220731333,22149.294921875,21748.467623018667,3.619323326274098,232.75662134392596,50.6431864343524,44.68811977119455,355250.0,1.1515833919774807,0.005405716783151604,0.005405716783151604,0.007410390825302455,NIFTY,2024-03-27 00:00:00+05:30
22163.599609375,22516.0,22163.599609375,22326.900390625,410500,0.0,0.0,22155.7224609375,21957.80890625,20365.650029296874,22108.545553206397,22076.11014506495,32.435408141445805,42.90225899988302,-10.466850858437212,57.739548988911174,22563.551761635357,22155.7224609375,21747.893160239644,3.68148049712119,244.15612048900266,75.53905889276717,54.08507716562561,363165.0,1.1303402034887724,0.009187001078543977,0.009187001078543977,0.007656720633030567,NIFTY,2024-03-28 00:00:00+05:30
22455.0,22529.94921875,22427.75,22462.0,0,0.0,0.0,22181.26494140625,21965.099921875,20384.32802734375,22162.923160405415,22104.694578763843,58.22858164157151,45.96752352822072,12.261058113350792,60.933619021374156,22598.525417691948,22181.26494140625,21764.004465120554,3.762278457860065,241.21988532014532,91.71098276913693,72.63107603208552,353015.0,0.0,0.006050979178091831,0.006050979178091831,0.0072577888588322825,NIFTY,2024-04-01 00:00:00+05:30
22458.80078125,22497.599609375,22388.150390625,22453.30078125,289500,0.0,0.0,22204.78994140625,21973.519921875,20403.42177734375,22207.59664053535,22130.517260429486,77.0793801058644,52.18989484374946,24.889485262114945,60.6159258417936,22627.655993045257,22204.78994140625,21781.92388976724,3.8087822740486397,231.80769485084923,90.64977889600488,85.96660685263635,349480.0,0.8283735836099347,-0.0003872860275131451,-0.0003872860275131451,0.007265782324507808,NIFTY,2024-04-02 00:00:00+05:30
22385.69921875,22521.099609375,22346.5,22434.650390625,309600,0.0,0.0,22209.5849609375,21990.7739453125,20422.77802734375,22242.52798670299,22153.04564044397,89.48234625902114,59.6483851268038,29.83396113221734,59.894929041921166,22640.516318050053,22209.5849609375,21778.653603824947,3.8805890147923128,227.7214030311457,88.37464737724916,90.24513634746368,347385.0,0.891230191286325,-0.0008306302403686683,-0.0008306302403686683,0.006341085444470653,NIFTY,2024-04-03 00:00:00+05:30
22592.099609375,22619.0,22303.80078125,22514.650390625,401000,0.0,0.0,22215.0375,22011.821953125,20442.343779296876,22284.39297192176,22179.831177494416,104.56179442734356,68.63106698691175,35.93072744043181,61.98375634110424,22658.33373121748,22215.0375,21771.741268782516,3.9909564070506955,233.9698184396353,88.51787855733646,89.1807682768635,352495.0,1.1376047887204075,0.003565912488363576,0.003565912488363576,0.00635549620114254,NIFTY,2024-04-04 00:00:00+05:30
22486.400390625,22537.599609375,22427.599609375,22513.69921875,242200,0.0,0.0,22222.907421875,22029.6479296875,20461.3315234375,22319.670856049182,22204.562143513347,115.10871253583537,77.92659609669647,37.182116439138895,61.94244728209833,22681.287730629407,22222.907421875,21764.527113120592,4.125295579490227,225.11483140823276,88.413216249092,88.43524739455923,349795.0,0.6924055518232107,-4.224679746289706e-05,-4.224679746289706e-05,0.006329758328811377,NIFTY,2024-04-05 00:00:00+05:30
22578.349609375,22697.30078125,22550.349609375,22666.30078125,227600,0.0,0.0,22232.519921875,22058.1979296875,20480.883525390625,22372.998536849307,22238.765005567915,134.23353128139206,89.1879831336356,45.04554814775646,65.87216059640761,22718.77895126646,22232.519921875,21746.260892483537,4.374304227322629,222.14959791478756,96.85949235846742,91.2635290549653,345560.0,0.6586410464174094,0.006778164752814453,0.006778164752814453,0.006399922716980422,NIFTY,2024-04-08 00:00:00+05:30
22765.099609375,22768.400390625,22612.25,22642.75,232400,0.0,0.0,22239.9798828125,22081.9739453125,20500.65677734375,22414.498761949413,22268.689819970292,145.8089419791213,100.51217490273274,45.29676707638856,64.76077926311987,22746.19679391529,22239.9798828125,21733.762971709708,4.552314469438933,217.43536882265988,88.12603936146061,91.13291598967335,338185.0,0.6871978355042359,-0.0010390218270411866,-0.0010390218270411866,0.006407499790355069,NIFTY,2024-04-09 00:00:00+05:30
22720.25,22775.69921875,22673.69921875,22753.80078125,276800,0.0,0.0,22261.03740234375,22109.99796875,20520.29578125,22466.69907261104,22304.62396525027,162.07510736077165,112.82476139434053,49.25034596643113,67.5416960604106,22813.81828397932,22261.03740234375,21708.256520708183,4.966353289333846,211.4006438174699,97.94477358047865,94.31010176680225,338130.0,0.8186200573743826,0.0049044741142307835,0.0049044741142307835,0.006229121670602036,NIFTY,2024-04-10 00:00:00+05:30
22677.400390625,22726.44921875,22503.75,22519.400390625,357200,0.0,0.0,22270.2224609375,22125.633984375,20539.115537109374,22474.80696769011,22320.53333009284,154.27363759727086,121.1145366349266,33.15910096234427,57.26863383880677,22833.662476620822,22270.2224609375,21706.78244525418,5.060030421084557,214.1613679197935,71.27977623504076,85.78352972566002,341030.0,1.0474151834149488,-0.010301592814249916,-0.010301592814249916,0.006719138917831603,NIFTY,2024-04-12 00:00:00+05:30
22339.05078125,22427.44921875,22259.55078125,22272.5,355500,0.0,0.0,22283.9625,22140.6419921875,20556.394541015627,22443.68281881471,22316.975305641517,126.70751317319082,122.23313194257945,4.474381230611371,48.84174512388673,22833.377416533785,22283.9625,21734.547583466217,4.93103429458548,217.42481373802252,43.61271853414692,70.94575611655546,334140.0,1.0639253007721314,-0.010963897188301042,-0.010963897188301042,0.006259870970763026,NIFTY,2024-04-15 00:00:00+05:30
22125.30078125,22213.75,22079.44921875,22147.900390625,317300,0.0,0.0,22284.025,22149.086015625,20572.849794921876,22398.17782986245,22304.451237862515,93.72659199993359,116.53182395405028,-22.805231954116692,45.22507176173591,22833.37770212327,22284.025,21734.672297876732,4.93046208773567,215.6838114174495,24.192475684650436,46.361656817946056,328670.0,0.9654060303648037,-0.005594325260972033,-0.005594325260972033,0.006232990036549991,NIFTY,2024-04-16 00:00:00+05:30
22212.349609375,22326.5,21961.69921875,21995.849609375,456900,0.0,0.0,22282.65,22155.0540234375,20588.97279296875,22336.28118055669,22281.591857974552,54.68932258213681,104.1633236796676,-49.47400109753079,41.21434416394511,22834.736504206554,22282.65,21730.56349579345,4.9553038279248875,226.335023548346,4.195379683660934,24.00019130081945,318440.0,1.4348071850270065,-0.0068652458503182245,-0.0068652458503182245,0.006300622864246542,NIFTY,2024-04-18 00:00:00+05:30
21861.5,22179.55078125,21777.650390625,22147.0,362500,0.0,0.0,22287.2150390625,22160.9180078125,20606.38029296875,22307.160998932584,22271.622090717177,35.53890821540699,90.43844058681547,-54.89953237140848,46.311527461353876,22833.195810590627,22287.2150390625,21741.23426753437,4.899497497297841,238.87540691096413,37.007168283428015,21.798341217246485,318750.0,1.1372549019607843,0.0068717686886063944,0.0068717686886063944,0.006482097132771199,NIFTY,2024-04-19 00:00:00+05:30
22336.900390625,22375.650390625,22198.150390625,22336.400390625,279300,0.0,0.0,22313.16259765625,22172.21203125,20624.606298828126,22311.659366885266,22276.42048330294,35.2388835823258,79.39852918591755,-44.159645603591756,51.93545827528331,22814.909300949294,22313.16259765625,21811.415894363206,4.497315887849501,238.14504860482384,55.98423486451103,32.39559427720001,315505.0,0.8852474604205955,0.008551965982977361,0.008551965982977361,0.006186928699273752,NIFTY,2024-04-22 00:00:00+05:30
22447.05078125,22447.55078125,22349.44921875,22368.0,231500,0.0,0.0,22339.6076171875,22180.9840234375,20642.359296875,22320.327156595224,22283.204151206424,37.123005388799356,70.94342442649392,-33.82041903769456,52.823373153944694,22791.94231937266,22339.6076171875,21887.272915002337,4.049620834317144,229.074001606265,59.15037348263506,50.71392554352472,311460.0,0.7432736145893534,0.0014147135985376202,0.0014147135985376202,0.0061869240160218626,NIFTY,2024-04-23 00:00:00+05:30
22421.55078125,22476.44921875,22384.0,22402.400390625,235900,0.0,0.0,22359.13017578125,22190.42203125,20659.51080078125,22332.95380798442,22292.033502274466,40.920305709954846,64.9388006831861,-24.018494973231256,53.8234522106172,22786.211834121466,22359.13017578125,21932.048517441035,3.8201992204760975,220.45794568796035,62.59713777468146,59.243915373942535,305595.0,0.7719367136242412,0.0015379287654238016,0.0015379287654238016,0.005984510161380946,NIFTY,2024-04-24 00:00:00+05:30
22316.900390625,22625.94921875,22305.25,22570.349609375,475000,0.0,0.0,22382.81015625,22207.4700390625,20676.417294921874,22369.47623896759,22312.649510207837,56.82672875975186,63.31638629849925,-6.4896575387473945,58.45403444351584,22801.510329987203,22382.81015625,21964.1099825128,3.741265469477134,227.61803662096318,79.42489349335911,67.05746825022523,309910.0,1.5327030428188828,0.0074969296067168845,0.0074969296067168845,0.006132897461103426,NIFTY,2024-04-25 00:00:00+05:30
22620.400390625,22620.400390625,22385.55078125,22419.94921875,329900,0.0,0.0,22403.57265625,22220.2190234375,20691.904287109373,22377.24131278027,22320.597636766517,56.64367601375125,61.98184424154966,-5.338168227798413,53.29946224995893,22784.71278224543,22403.57265625,22022.432530254566,3.402494163261098,228.13457753196582,64.35545135919499,68.79249420907853,309985.0,1.0642450441150377,-0.006663626980883297,-0.006663626980883297,0.006269237317723752,NIFTY,2024-04-26 00:00:00+05:30
22475.55078125,22655.80078125,22441.900390625,22643.400390625,292000,0.0,0.0,22429.56015625,22240.766015625,20708.1762890625,22418.188863217918,22344.508951867145,73.67991135077318,64.32145766339437,9.358453687378812,59.07375025417103,22801.579737045664,22429.56015625,22057.54057545434,3.317225823458684,228.68579074396825,86.74425294666743,76.84153259974052,304130.0,0.960115739979614,0.00996662256880243,0.00996662256880243,0.006517724585753084,NIFTY,2024-04-29 00:00:00+05:30
22679.650390625,22783.349609375,22568.400390625,22604.849609375,361900,0.0,0.0,22443.4576171875,22257.9980078125,20724.208037109376,22446.905901088237,22363.793445015875,83.11245607236197,68.0796573451879,15.032798727174068,57.747143223191785,22819.839715317954,22443.4576171875,22067.07551905705,3.354047353579014,227.70460703011335,82.25115455276374,77.78361961954208,301700.0,1.1995359628770301,-0.00170251731563964,-0.00170251731563964,0.006263695400329874,NIFTY,2024-04-30 00:00:00+05:30
22567.849609375,22710.5,22567.849609375,22648.19921875,445900,0.0,0.0,22452.767578125,22274.1609765625,20739.962529296874,22477.87410380543,22384.86053936655,93.01356443887926,73.06643876392617,19.947125674953085,58.86577652304926,22839.59033209955,22452.767578125,22065.94482415045,3.4456576689585314,221.62930585831955,86.56154960595667,85.18565236846263,323995.0,1.3762558064167656,0.0019177127972140884,0.0019177127972140884,0.006142699261448611,NIFTY,2024-05-02 00:00:00+05:30
22766.349609375,22794.69921875,22348.05078125,22475.849609375,438100,0.0,0.0,22453.89501953125,22285.46296875,20755.6827734375,22477.562643123823,22391.600470478286,85.96217264553707,75.64558554024835,10.316587105288718,52.87241330710153,22840.848838052487,22453.89501953125,22066.941201010013,3.446652068023385,237.70210097558245,68.64952787342361,79.15407734404802,331425.0,1.3218676925397903,-0.007609859296553445,-0.007609859296553445,0.006400233740872488,NIFTY,2024-05-03 00:00:00+05:30
22561.599609375,22588.80078125,22409.44921875,22442.69921875,320300,0.0,0.0,22454.2974609375,22293.50296875,20771.116767578125,22472.199039374005,22395.385562942858,76.81347643114714,75.8791637184281,0.9343127127190343,51.78037975481806,22841.18711946368,22454.2974609375,22067.407802411322,3.446018822893298,233.53420537018368,65.39005893660618,73.53371213866217,331960.0,0.9648752861790577,-0.0014749338156797576,-0.0014749338156797576,0.006406622149329994,NIFTY,2024-05-06 00:00:00+05:30
22489.75,22499.05078125,22232.05078125,22302.5,297800,0.0,0.0,22443.68994140625,22297.10796875,20785.432265625,22446.09149485493,22388.505150873018,57.58634398191134,72.22059977112475,-14.634255789213412,47.328239615604154,22834.987179573247,22443.68994140625,22052.392703239253,3.4869242908680063,235.92461927231344,51.605153544358004,61.881580118129285,326800.0,0.9112607099143207,-0.006246985595782073,-0.006246985595782073,0.006497289727683496,NIFTY,2024-05-07 00:00:00+05:30
22231.19921875,22368.650390625,22185.19921875,22302.5,277400,0.0,0.0,22433.12998046875,22299.218984375,20800.02326171875,22424.00049564648,22382.134398956496,41.86609668998426,66.14969915489667,-24.283602464912406,47.328239615604154,22827.68560091425,22433.12998046875,22038.574360023253,3.517615426728378,232.17651588679107,51.605153544358004,56.20012200844075,328560.0,0.8442902361821281,0.0,0.0,0.006497437230213185,NIFTY,2024-05-08 00:00:00+05:30
22224.80078125,22307.75,21932.400390625,21957.5,331300,0.0,0.0,22397.68994140625,22297.26796875,20812.74201171875,22352.231188623944,22350.679999033793,1.5511895901508979,53.229997241947515,-51.67880765179662,38.00292508891395,22827.83085244224,22397.68994140625,21967.54903037026,3.840939955515631,242.40316542166312,17.68347835438395,40.29792848103334,333745.0,0.9926740475512742,-0.01546911781190452,-0.01546911781190452,0.007073483632745478,NIFTY,2024-05-09 00:00:00+05:30
21990.94921875,22131.30078125,21950.30078125,22055.19921875,265800,0.0,0.0,22368.31240234375,22294.02296875,20825.1955078125,22306.53396248949,22328.79253382759,-22.25857133809768,38.132283525938476,-60.39085486403616,41.517140782758894,22807.65069648497,22368.31240234375,21928.97410820253,3.9282202987757477,238.01722503440146,14.240866868857546,27.84316625586652,335415.0,0.7924511426143732,0.0044494691449390444,0.0044494691449390444,0.007200231146214803,NIFTY,2024-05-10 00:00:00+05:30
22027.94921875,22131.650390625,21821.05078125,22104.05078125,278200,0.0,0.0,22335.82490234375,22291.85,20837.158515625,22275.382703837262,22312.14499659962,-36.76229276235972,23.15336826827884,-59.91566103063856,43.249349074350405,22751.809239664493,22335.82490234375,21919.840565023005,3.7248173205109065,243.20168105872992,29.065932743306025,20.33009265551586,335485.0,0.8292472092641996,0.0022149680905385605,0.0022149680905385605,0.007102927870385282,NIFTY,2024-05-13 00:00:00+05:30
22112.900390625,22270.05078125,22081.25,22217.849609375,230200,0.0,0.0,22320.74736328125,22293.7659765625,20849.501513671876,22266.531458535377,22305.1601531015,-38.62869456612316,10.796955701398442,-49.425650267521604,47.17452343991965,22730.84159895169,22320.74736328125,21910.65312761081,3.6745564921814897,239.31590250096352,40.75380936715158,28.020202993105073,329135.0,0.699409057073845,0.005148324587705533,0.005148324587705533,0.006924455085394596,NIFTY,2024-05-14 00:00:00+05:30
22255.599609375,22297.55078125,22151.75,22200.55078125,231900,0.0,0.0,22317.14990234375,22293.81,20861.338515625,22256.380585106857,22297.41131074213,-41.030725635271665,0.43141943406442174,-41.46214506933609,46.64635866750011,22730.12616955897,22317.14990234375,21904.17363512853,3.7009767736681307,232.63625098303757,38.977107689345004,36.26561659993422,322955.0,0.7180566952052143,-0.0007786004689536163,-0.0007786004689536163,0.006486776077037555,NIFTY,2024-05-15 00:00:00+05:30
22319.19921875,22432.25,22054.55078125,22403.849609375,368900,0.0,0.0,22329.94736328125,22302.863984375,20873.46201171875,22279.068127301955,22305.29562915938,-26.227501857425523,-4.900364824233567,-21.327137033191956,53.268180282724224,22736.97142356969,22329.94736328125,21922.923302992815,3.6455442878269926,242.9978915378206,59.857213926356245,46.52937699428429,325535.0,1.1332114826362756,0.009157377676264788,0.009157377676264788,0.006670237480130831,NIFTY,2024-05-16 00:00:00+05:30
22415.25,22502.150390625,22345.650390625,22466.099609375,242700,0.0,0.0,22353.45986328125,22312.5299609375,20887.067509765624,22307.842201467036,22317.207035101277,-9.364833634241222,-5.7932585862350985,-3.5715750480061237,55.10554462394205,22734.03897466142,22353.45986328125,21972.880751901077,3.4051025094806655,236.81947071369058,66.25069206512232,55.028337893607876,314825.0,0.7709044707377114,0.0027785403439750667,0.0027785403439750667,0.006447339107981545,NIFTY,2024-05-17 00:00:00+05:30
22404.55078125,22591.099609375,22404.55078125,22529.05078125,347600,0.0,0.0,22372.56240234375,22316.3359765625,20901.351015625,22341.874290664415,22332.899164445626,8.975126218789228,-2.839581625230233,11.81470784401946,56.94892816776554,22748.091537151937,22372.56240234375,21997.03326753556,3.3570507307544517,233.22871052878412,72.71618509632744,66.27469702926868,314080.0,1.1067244014263882,0.002802051667603722,0.002802051667603722,0.006317778571818388,NIFTY,2024-05-21 00:00:00+05:30
22576.599609375,22629.5,22483.150390625,22597.80078125,290300,0.0,0.0,22385.632421875,22320.18,20915.937021484377,22381.24759690835,22352.521506431134,28.72609047721562,3.4735527952589385,25.25253768195668,58.93218152947267,22773.219517500944,22385.632421875,21998.04532624906,3.462820154655951,227.02306044637095,79.77725532990443,72.91471083045143,314630.0,0.9226710739598893,0.0030516154749500313,0.0030516154749500313,0.006081275751879907,NIFTY,2024-05-22 00:00:00+05:30
22614.099609375,22993.599609375,22577.44921875,22967.650390625,369800,0.0,0.0,22415.61494140625,22332.4069921875,20931.88376953125,22471.463411326295,22398.08660896401,73.37680236228334,17.45420270866382,55.92259965361952,67.58373898807562,22878.556356182817,22415.61494140625,21952.673526629682,4.130526117500524,240.53215545913017,97.7869391766401,83.42679320095733,321545.0,1.1500723071420798,0.01636661960848307,0.01636661960848307,0.007031564087817217,NIFTY,2024-05-23 00:00:00+05:30
22930.75,23026.400390625,22908.0,22957.099609375,261900,0.0,0.0,22443.34990234375,22342.06796875,20948.369765625,22546.176672564558,22439.494979364827,106.68169319973094,35.29970080687725,71.3819923928537,67.14915138935723,22962.815055690044,22443.34990234375,21923.884748997458,4.629123153242336,231.808457970978,94.25056591788884,90.6049201414778,322845.0,0.8112252009478232,-0.0004593757337192361,-0.0004593757337192361,0.007042885765701734,NIFTY,2024-05-24 00:00:00+05:30
23038.94921875,23110.80078125,22871.19921875,22932.44921875,260000,0.0,0.0,22461.4548828125,22350.8459375,20964.8017578125,22605.603218131546,22476.010108208175,129.59310992337123,54.15838263017605,75.43472729319518,66.0800246758908,23021.05360280264,22461.4548828125,21901.85616282236,4.982746869334311,232.36510829447957,86.17161756154293,92.73637421869064,312095.0,0.8330796712539451,-0.0010737589261899938,-0.0010737589261899938,0.006901939065069317,NIFTY,2024-05-27 00:00:00+05:30
22977.150390625,22998.55078125,22858.5,22888.150390625,217900,0.0,0.0,22484.86494140625,22361.9559375,20980.473505859376,22649.072013899768,22506.53901801683,142.53299588293885,71.83330528072861,70.69969060221024,64.10473022099713,23073.955657076403,22484.86494140625,21895.774225736095,5.239886627785198,225.77122779130246,82.736934241132,87.7197059068546,306495.0,0.7109414509208959,-0.0019317094176221072,-0.0019317094176221072,0.006710393462928829,NIFTY,2024-05-28 00:00:00+05:30
22762.75,22825.5,22685.44921875,22704.69921875,269900,0.0,0.0,22487.9298828125,22369.3359375,20995.329248046874,22657.630045415186,22521.217551404472,136.412494010714,84.74914302672569,51.66335098398831,56.563980172664394,23080.913036024063,22487.9298828125,21894.946729600935,5.273790484955047,224.12336665442373,68.51315661949991,79.1405694740583,305390.0,0.8837879432856348,-0.008015115627261094,-0.008015115627261094,0.006658009225336254,NIFTY,2024-05-29 00:00:00+05:30
22617.44921875,22705.75,22417.0,22488.650390625,373400,0.0,0.0,22482.119921875,22379.1549609375,21010.13974609375,22631.633175447463,22518.80516912451,112.82800632295402,90.36491568597137,22.463090636982656,49.22072554092221,23072.67902708189,22482.119921875,21891.560816668112,5.253589138916364,228.73955475053634,51.761939087032374,67.67067664922145,305965.0,1.2204010262611737,-0.009515599658179275,-0.009515599658179275,0.006993567973327824,NIFTY,2024-05-30 00:00:00+05:30
22568.099609375,22653.75,22465.099609375,22530.69921875,572100,0.0,0.0,22476.244921875,22386.8359375,21025.884990234375,22616.104874417084,22519.686209837506,96.41866457957804,91.5756654646927,4.84299911488533,50.56584967728686,23062.399779646934,22476.244921875,21890.090064103068,5.215772116822397,225.87604302728374,55.02216999418492,58.43242190023909,312275.0,1.8320390681290528,0.0018697799732139142,0.0018697799732139142,0.006992799808738086,NIFTY,2024-05-31 00:00:00+05:30
23337.900390625,23338.69921875,23062.30078125,23263.900390625,569400,0.0,0.0,22515.6474609375,22411.646953125,21044.6194921875,22715.765723064455,22574.813186192136,140.9525368723189,101.45103974621794,39.50149712610094,66.98728347837067,23194.94671251026,22515.6474609375,21836.34820936474,6.034019254842922,267.45632566819205,94.1752194730214,66.98644285141292,318840.0,1.7858487015430937,0.03254231769535276,0.03254231769535276,0.00991698613391073,NIFTY,2024-06-03 00:00:00+05:30
23179.5,23179.5,21281.44921875,21884.5,1006100,0.0,0.0,22487.7375,22408.22296875,21056.05548828125,22587.878688746845,22523.67887610383,64.19981264301532,94.00079432557743,-29.80098168256211,40.039445334828336,23220.49717669564,22487.7375,21754.977823304358,6.516971097653921,389.9559575401069,29.31344179122615,59.5036104194775,353130.0,2.8490924022314728,-0.05929359941641077,-0.05929359941641077,0.016889363020191547,NIFTY,2024-06-04 00:00:00+05:30
22128.349609375,22670.400390625,21791.94921875,22620.349609375,638500,0.0,0.0,22503.62998046875,22424.2809765625,21071.30298828125,22592.87421499733,22530.839671160953,62.03454383637654,87.60754422773726,-25.573000391360722,51.29545498864615,23233.411501253315,22503.62998046875,21773.848459684188,6.485900465106758,424.8484728497421,65.08204596548791,62.85690240991184,370165.0,1.7249064606324207,0.033624236760035675,0.033624236760035675,0.018526172847302024,NIFTY,2024-06-05 00:00:00+05:30
22798.599609375,22910.150390625,22642.599609375,22821.400390625,480400,0.0,0.0,22529.575,22443.9269921875,21087.247236328127,22628.032088170818,22552.36268741755,75.66940075326784,85.21991553284339,-9.55051477957555,53.84486799659585,23265.777040767498,22529.575,21793.372959232503,6.535427683544827,415.2022091640462,74.85483883217888,56.416775529631,380315.0,1.2631634303143446,0.008888049244237806,0.008888049244237806,0.0186105290715733,NIFTY,2024-06-06 00:00:00+05:30
22821.849609375,23320.19921875,22789.05078125,23290.150390625,473600,0.0,0.0,22596.20751953125,22469.491015625,21105.982490234375,22729.896442394536,22607.01362839588,122.8828139986581,92.75249522600633,30.130318772651762,59.20633492870746,23354.148742868376,22596.20751953125,21838.266296194124,6.708570211899427,423.48408261661433,97.64011043261635,79.19233174342774,387430.0,1.2224143716284233,0.020539931466807104,0.020539931466807104,0.018642819271188483,NIFTY,2024-06-07 00:00:00+05:30
23319.150390625,23411.900390625,23227.150390625,23259.19921875,304400,0.0,0.0,22656.40751953125,22492.74,21125.136982421875,22811.327638756913,22655.32367212581,156.00396663110223,105.40278950702552,50.60117712407671,58.721292488628144,23424.100388051946,22656.40751953125,21888.714651010556,6.776827860806223,406.43164814399904,92.83244911261644,88.4424661258039,389360.0,0.7817957674131909,-0.0013289382574128705,-0.0013289382574128705,0.018665864761332793,NIFTY,2024-06-10 00:00:00+05:30
23283.75,23389.44921875,23206.650390625,23264.849609375,305200,0.0,0.0,22714.4474609375,22517.9430078125,21144.2884765625,22881.100249621235,22700.473741551676,180.62650806955935,120.44753321953229,60.17897485002706,58.78767058358225,23481.844726542167,22714.4474609375,21947.05019533283,6.756908940218572,390.4578752854991,93.09766948938889,94.52340967820726,390710.0,0.7811420234956873,0.0002429314342191624,0.0002429314342191624,0.0186744876779044,NIFTY,2024-06-11 00:00:00+05:30
23344.44921875,23441.94921875,23295.94921875,23322.94921875,295600,0.0,0.0,22769.70244140625,22541.928984375,21163.57822265625,22949.077014102586,22746.583036158958,202.49397794362812,136.85682216435146,65.63715577927667,59.508678556189444,23545.2145976024,22769.70244140625,21994.1902852101,6.811789993231498,375.2179991490349,94.49201573709789,93.47404477970109,393980.0,0.7502918929894918,0.002497312914139238,0.002497312914139238,0.018665831102570737,NIFTY,2024-06-12 00:00:00+05:30
23480.94921875,23481.05078125,23353.900390625,23398.900390625,268300,0.0,0.0,22829.619921875,22563.368984375,21183.746474609376,23018.28061049065,22794.902840193477,223.37777029717108,154.16101179091538,69.2167585062557,60.48199457484294,23605.151981788455,22829.619921875,22054.087861961547,6.794086476843625,359.7096822455324,96.26521493594366,94.6183000541435,395800.0,0.6778676099039919,0.0032564994745150067,0.0032564994745150067,0.018649210809493787,NIFTY,2024-06-13 00:00:00+05:30
23464.94921875,23490.400390625,23334.25,23465.599609375,223100,0.0,0.0,22882.707421875,22583.4409765625,21204.523720703124,23087.098918011317,22844.58408235507,242.51483565624585,171.8317765639815,70.68305909226436,61.360400958174004,23679.460084945455,22882.707421875,22085.954758804543,6.963797144989852,345.16973284406583,98.87725987039593,96.54483018114585,388510.0,0.5742451931739209,0.0028505279152657437,0.0028505279152657437,0.018589279835752447,NIFTY,2024-06-14 00:00:00+05:30
23570.80078125,23579.05078125,23499.69921875,23557.900390625,272200,0.0,0.0,22937.2974609375,22605.53296875,21225.345224609377,23159.529913798036,22897.422327412103,262.10758638593325,189.88693852837184,72.2206478575614,62.5993375349537,23761.529959552525,22937.2974609375,22113.064962322478,7.186831840313371,328.6184070605611,99.07945785856855,98.0739775549694,389985.0,0.6979755631626857,0.003933450786960613,0.003933450786960613,0.018592034530373714,NIFTY,2024-06-18 00:00:00+05:30
23629.849609375,23664.0,23412.900390625,23516.0,328800,0.0,0.0,22986.644921875,22627.1599609375,21245.942978515624,23214.371465521413,22943.242895751948,271.1285697694657,206.13526477659062,64.99330499287507,61.6332227707203,23825.253757755927,22986.644921875,22148.03608599407,7.296487492899628,323.081350083021,93.78817017606852,97.24829596834435,389045.0,0.8451464483543035,-0.0017786131162043084,-0.0017786131162043084,0.018616864833787296,NIFTY,2024-06-19 00:00:00+05:30
23586.150390625,23624.0,23442.599609375,23567.0,280300,0.0,0.0,23035.1048828125,22648.206953125,21266.557978515626,23268.622009287352,22989.44712569625,279.1748835911021,220.74318853949293,58.43169505160918,62.393992111880856,23890.08661277094,23035.1048828125,22180.123152854056,7.423293571338434,312.9612815503052,95.9287331559368,96.26545373019131,388545.0,0.7214093605631265,0.0021687361796223215,0.0021687361796223215,0.018616068799470958,NIFTY,2024-06-20 00:00:00+05:30
23661.150390625,23667.099609375,23398.19921875,23501.099609375,609900,0.0,0.0,23061.77734375,22667.9549609375,21287.12998046875,23304.38779391622,23027.347309672452,277.0404842437674,232.00264768034782,45.0378365634196,60.718579498205834,23939.65448390484,23061.77734375,22183.90020359516,7.61326524898355,309.8140750556405,93.04172980867868,94.25287771356135,400550.0,1.522656347522157,-0.00279629951309035,-0.00279629951309035,0.018343452723738603,NIFTY,2024-06-21 00:00:00+05:30
23382.30078125,23558.099609375,23350.0,23537.849609375,239400,0.0,0.0,23090.81484375,22685.3859375,21308.490224609373,23340.304996294493,23065.162294835605,275.14270145888804,240.63065843605588,34.51204302283216,61.34198777515859,23991.055390707385,23090.81484375,22190.574296792613,7.797390893730668,302.54875607845185,94.58219022754048,94.517551064052,399425.0,0.5993615822745196,0.00156375661610908,0.00156375661610908,0.01833875353993695,NIFTY,2024-06-24 00:00:00+05:30
23577.099609375,23754.150390625,23562.05078125,23721.30078125,298100,0.0,0.0,23130.257421875,22706.956953125,21330.566474609375,23398.919732441496,23113.765145681118,285.15458676037815,249.53544410092036,35.61914265945779,64.38088707663707,24067.645678548975,23130.257421875,22192.869165201027,8.105298956054478,296.38818644784817,98.32587963732534,95.31659989118153,401330.0,0.7427802556499639,0.007793879853915442,0.007793879853915442,0.01838263186790302,NIFTY,2024-06-25 00:00:00+05:30
23723.099609375,23889.900390625,23670.44921875,23868.80078125,287800,0.0,0.0,23179.28994140625,22729.256953125,21353.1972265625,23471.20912456588,23169.693711278815,301.5154132870666,259.9314379381496,41.58397534891702,66.65084515064251,24162.36984033776,23179.28994140625,22196.210042474737,8.48239873970764,290.8926854069304,98.30837840461747,97.07214942316112,404825.0,0.7109244735379485,0.006218040121837909,0.006218040121837909,0.018384588171463812,NIFTY,2024-06-26 00:00:00+05:30
23881.55078125,24087.44921875,23805.400390625,24044.5,515200,0.0,0.0,23246.27998046875,22759.7589453125,21376.68248046875,23559.407720786516,23234.494177110013,324.91354367650274,272.9278590858203,51.98568459068247,69.17115793734271,24272.51866841659,23246.27998046875,22220.04129252091,8.829272372268369,290.26098131536395,96.69213875267006,97.77546559820432,417090.0,1.2352250113884293,0.007361040898544724,0.007361040898544724,0.01825318377064079,NIFTY,2024-06-27 00:00:00+05:30
24085.900390625,24174.0,23985.80078125,24010.599609375,354800,0.0,0.0,23322.37744140625,22794.5209375,21400.466474609377,23628.821857492436,23291.983468388902,336.8383891035337,285.709965089363,51.12842401417072,68.10174021814967,24338.270610170213,23322.37744140625,22306.484272642287,8.711746230127977,282.9708554178379,83.10844507079791,92.70298740936182,416160.0,0.852556708958093,-0.0014099020825968367,-0.0014099020825968367,0.018048765567566166,NIFTY,2024-06-28 00:00:00+05:30
23992.94921875,24164.0,23992.69921875,24141.94921875,0,0.0,0.0,23402.93994140625,22834.4019140625,21423.999716796876,23707.76452845514,23354.943894341577,352.82063411356285,299.13209889420295,53.68853521935989,70.03481250904133,24410.444960110548,23402.93994140625,22395.434922701952,8.610072249271076,274.9944215487066,96.68674273092353,92.16244218479717,387555.0,0.0,0.005470484349075377,0.005470484349075377,0.01805026654984553,NIFTY,2024-07-01 00:00:00+05:30
24228.75,24236.349609375,24056.400390625,24123.849609375,0,0.0,0.0,23445.93740234375,22876.9619140625,21446.9749609375,23771.77761782743,23411.899873232942,359.877744594487,311.2812280342598,48.5965165602272,69.41060066125213,24498.43300169984,23445.93740234375,22393.441802987658,8.978063715642943,268.20547849165615,88.03701049876943,89.27739943349697,359085.0,0.0,-0.0007497161563467802,-0.0007497161563467802,0.01672914153492137,NIFTY,2024-07-02 00:00:00+05:30
24291.75,24309.150390625,24207.099609375,24286.5,0,0.0,0.0,23566.03740234375,22919.7519140625,21470.532958984375,23850.96567662321,23476.68506780828,374.28060881493,323.88110419039384,50.39950462453618,71.83960026732318,24404.93113249798,23566.03740234375,22727.143672189522,7.119514544017455,262.28371440296644,97.67664565089783,94.13346629353028,308780.0,0.0,0.006742306607722792,0.006742306607722792,0.00849528635181059,NIFTY,2024-07-03 00:00:00+05:30
24369.94921875,24401.0,24281.0,24302.150390625,251200,0.0,0.0,23650.12744140625,22959.0669140625,21493.98845703125,23920.378709546563,23537.830647276187,382.54806227037625,335.6144958063903,46.933566463985926,72.06942204110521,24427.922747231118,23650.12744140625,22872.332135581382,6.577514711088758,252.1205919456117,90.73357306069838,92.14907640345523,289415.0,0.8679577768947705,0.0006444070008029268,0.0006444070008029268,0.0052977051368107465,NIFTY,2024-07-04 00:00:00+05:30
24213.349609375,24363.0,24168.849609375,24323.849609375,298400,0.0,0.0,23725.24990234375,22998.18390625,21516.972451171874,23982.451155674018,23596.054274098322,386.39688157569617,345.7709729602515,40.625908615444644,72.40568235635003,24457.243487149768,23725.24990234375,22993.25631753773,6.170586930118768,247.97986327985373,92.65933485965746,93.68985119041791,280315.0,1.0645167044218111,0.0008928929498506211,0.0008928929498506211,0.005178411707890612,NIFTY,2024-07-05 00:00:00+05:30
24329.44921875,24344.599609375,24240.55078125,24320.55078125,266300,0.0,0.0,23776.769921875,23036.5469140625,21539.475458984376,24034.466482685704,23649.72068203548,384.7458006502238,353.565938498246,31.17986215197783,72.26324842954075,24523.905564722336,23776.769921875,23029.63427902766,6.284584872564721,237.69907505450706,92.34545968125595,91.91278920053726,269950.0,0.9864789775884423,-0.00013562113637344275,-0.00013562113637344275,0.0032348049984817964,NIFTY,2024-07-08 00:00:00+05:30
24351.0,24443.599609375,24331.900390625,24433.19921875,250500,0.0,0.0,23835.469921875,23073.80390625,21561.65970703125,24095.80998054175,23707.75612919952,388.0538513422325,360.4635210670433,27.590330275189217,74.13441829158282,24595.09674250827,23835.469921875,23075.843101241728,6.373919399307702,229.5097717023994,99.048976377109,94.68459030600748,267255.0,0.9373070662850087,0.004631820986013446,0.004631820986013446,0.0031692154521961564,NIFTY,2024-07-09 00:00:00+05:30
24459.849609375,24461.05078125,24141.80078125,24324.44921875,292300,0.0,0.0,23888.44990234375,23111.89390625,21583.31595703125,24130.985247958404,23753.43709879585,377.5481491625542,363.8804466861455,13.667702476408692,69.27564148179324,24629.060485343,23888.44990234375,23147.839319344497,6.200574637759054,235.91978800937088,87.70519180533631,93.03320928790045,266610.0,1.096357976069915,-0.004450911197766749,-0.004450911197766749,0.0034994075120664235,NIFTY,2024-07-10 00:00:00+05:30
24396.55078125,24402.650390625,24193.75,24315.94921875,306400,0.0,0.0,23938.09990234375,23145.3448828125,21604.545703125,24159.441243464804,23795.104663236896,364.3365802279077,363.97167339449794,0.36490683340974783,68.89556353951788,24653.107926163804,23938.09990234375,23223.091878523697,5.973807668419396,233.9898310533444,86.94015026597147,91.23143948280561,267150.0,1.146921205315366,-0.0003494426502141934,-0.0003494426502141934,0.0035457736589199398,NIFTY,2024-07-11 00:00:00+05:30
24387.94921875,24592.19921875,24331.150390625,24502.150390625,325800,0.0,0.0,23993.26240234375,23183.2908984375,21626.54095703125,24212.165727643296,23847.4784208212,364.6873068220957,364.1148000800175,0.5725067420781897,72.46009691447834,24703.57799169864,23993.26240234375,23282.94681298886,5.920958787876248,237.00841454953408,91.25865507853085,88.6346657166129,270025.0,1.2065549486158689,0.007657573644356042,0.007657573644356042,0.0037523406989908212,NIFTY,2024-07-12 00:00:00+05:30
24587.599609375,24635.05078125,24522.75,24586.69921875,305400,0.0,0.0,24049.3173828125,23222.0608984375,21648.512705078127,24269.786264736635,23902.235516964076,367.5507477725587,364.8019896185258,2.7487581540328847,73.92150892776547,24761.165287589738,24049.3173828125,23337.469478035262,5.9199011219002795,229.57212712635308,94.98740574557176,91.06207036335805,274140.0,1.114029328080543,0.003450669707641296,0.003450669707641296,0.003759259421742737,NIFTY,2024-07-15 00:00:00+05:30
24615.900390625,24661.25,24587.650390625,24613.0,283200,0.0,0.0,24102.07236328125,23264.80390625,21670.911201171875,24322.588377854074,23954.8847379297,367.7036399243734,365.38231967969534,2.321320244678077,74.37700629938573,24816.806281757537,24102.07236328125,23387.338444804966,5.930891814640475,218.4991738494707,94.36232727438697,93.53612936616321,274690.0,1.0309803778805198,0.0010697158254551198,0.0010697158254551198,0.003750016508364456,NIFTY,2024-07-16 00:00:00+05:30
24543.80078125,24837.75,24504.44921875,24800.849609375,350900,0.0,0.0,24166.31484375,23311.9669140625,21695.408447265625,24396.167028857293,24017.548802481204,378.6182263760893,368.02950101897414,10.588725357115152,77.41169033256378,24889.708204214843,24166.31484375,23442.921483285154,5.9867908296488315,226.69928866379425,95.66871008120165,95.0061477003868,275795.0,1.2723218332457078,0.007632129743428306,0.007632129743428306,0.003814413767612987,NIFTY,2024-07-18 00:00:00+05:30
24853.80078125,24854.80078125,24508.150390625,24530.900390625,343800,0.0,0.0,24214.50986328125,23356.534921875,21719.351201171874,24416.89523836002,24055.574846047413,361.3203923126057,366.68767927770045,-5.367286965094763,65.42069519880496,24899.167282830887,24214.50986328125,23529.852443731615,5.654935188986391,235.2672245181661,62.42897534186989,84.15333756581951,278970.0,1.2323905796322185,-0.010884676251089243,-0.010884676251089243,0.0048742662575995445,NIFTY,2024-07-19 00:00:00+05:30
24445.75,24595.19921875,24362.30078125,24509.25,324200,0.0,0.0,24264.9173828125,23400.669921875,21743.526201171873,24431.10366322771,24089.180413006863,341.92325022084697,361.7347934663298,-19.811543245482824,64.55700028286441,24876.616346033854,24264.9173828125,23653.218419591143,5.041838416928948,235.09802544543996,56.71961270215592,71.60576604174251,264685.0,1.2248521827833085,-0.0008825762723847497,-0.0008825762723847497,0.004792896102462328,NIFTY,2024-07-22 00:00:00+05:30
24568.900390625,24582.55078125,24074.19921875,24479.05078125,436400,0.0,0.0,24311.97744140625,23451.1009375,21767.548701171876,24438.480142923447,24118.05969954339,320.4204433800551,353.4719234490749,-33.05148006901982,63.30162174493998,24830.4001822054,24311.97744140625,23793.554700607096,4.264751742622269,254.6161352350514,51.86404715914209,57.004211734389315,274535.0,1.5895969548509297,-0.0012321559717249908,-0.0012321559717249908,0.0048502001785457015,NIFTY,2024-07-23 00:00:00+05:30
24444.94921875,24504.25,24307.25,24413.5,366600,0.0,0.0,24346.58740234375,23498.266953125,21791.292705078125,24434.637044012146,24139.944166243884,294.6928777682624,341.7161143129124,-47.02323654464999,60.549250714249574,24789.591153121713,24346.58740234375,23903.583651565787,3.6391445212179283,250.50069700397628,43.466577259125074,50.683412373474376,277960.0,1.3188948050079148,-0.002677831825905974,-0.002677831825905974,0.004753057634079672,NIFTY,2024-07-24 00:00:00+05:30
24230.94921875,24426.150390625,24210.80078125,24406.099609375,391800,0.0,0.0,24373.45234375,23544.3079296875,21814.74095703125,24430.246669452583,24159.659384253595,270.58728519898796,327.49034849012753,-56.903063291139574,60.23085105302458,24758.702590205743,24373.45234375,23988.202097294256,3.1612283809645225,247.98990503047798,42.518540388522474,45.94972160226323,283160.0,1.3836700098884023,-0.0003031269840456652,-0.0003031269840456652,0.004630854217342044,NIFTY,2024-07-25 00:00:00+05:30
24423.349609375,24861.150390625,24410.900390625,24834.849609375,383800,0.0,0.0,24412.96982421875,23596.6479296875,21841.297451171875,24492.493275594494,24209.67347500333,282.8198005911654,318.5562389103351,-35.73643831916968,70.05546628318835,24816.834635507563,24412.96982421875,24009.10501292994,3.3086086141650775,262.7799676175867,96.65788905462388,60.881002234090495,276590.0,1.3876134350482663,0.01756732976027453,0.01756732976027453,0.005775303052924428,NIFTY,2024-07-26 00:00:00+05:30
24943.30078125,24999.75,24774.599609375,24836.099609375,355000,0.0,0.0,24454.24482421875,23649.35890625,21867.2864453125,24545.355788483805,24256.075410882713,289.28037760109146,312.7010666484864,-23.420689047394944,70.07867443979191,24853.89428106305,24454.24482421875,24054.595367374448,3.268548750673343,260.0921406895448,82.31859408038288,73.8316745078431,276600.0,1.2834417932031814,5.03324972633834e-05,5.03324972633834e-05,0.005743939314950408,NIFTY,2024-07-29 00:00:00+05:30
24839.400390625,24971.75,24798.650390625,24857.30078125,385000,0.0,0.0,24490.01240234375,23698.4279296875,21893.92919921875,24593.347325832452,24300.61062350251,292.7367023299412,308.70819378477734,-15.971491454836155,70.49634460633278,24899.386951671004,24490.01240234375,24080.637853016495,3.3431959331149743,253.8783884527916,84.60924871592506,87.8619106169773,295850.0,1.3013351360486733,0.0008536433743000504,0.0008536433743000504,0.005677120491739837,NIFTY,2024-07-30 00:00:00+05:30
24886.69921875,24984.599609375,24856.5,24951.150390625,333600,0.0,0.0,24531.37744140625,23748.1289453125,21921.504453125,24648.393951185153,24348.79875440047,299.5951967846813,306.8855943847581,-7.290397600076801,72.33714584886484,24951.44632440832,24531.37744140625,24111.30855840418,3.424747623776235,244.89418994723505,94.74911475852639,87.22565251827814,312530.0,1.06741752791732,0.00377553501085659,0.00377553501085659,0.0056739076746382565,NIFTY,2024-07-31 00:00:00+05:30
25030.94921875,25078.30078125,24956.400390625,25010.900390625,431300,0.0,0.0,24567.5974609375,23797.7659375,21948.830205078124,24704.164172637436,24397.843320046733,306.320852590703,306.7726460259471,-0.4517934352440989,73.47196405088698,25020.593892171557,24567.5974609375,24114.601029703445,3.6877552390242547,236.4839185670754,93.28749270569928,90.88195206005027,334095.0,1.2909501788413476,0.0023946791656728195,0.0023946791656728195,0.005552650300387449,NIFTY,2024-08-01 00:00:00+05:30
24789.0,24851.900390625,24686.849609375,24717.69921875,345000,0.0,0.0,24588.37490234375,23840.16390625,21974.151201171873,24706.246487423985,24421.536349580307,284.71013784367824,302.36014438949337,-17.65000654581513,60.381731938072576,25028.70731829494,24588.37490234375,24148.04248639256,3.5816308942744985,242.73869447299856,64.08714257926474,84.04125001449682,338785.0,1.0183449680475818,-0.011722935491954689,-0.011722935491954689,0.006290792825863648,NIFTY,2024-08-02 00:00:00+05:30
24302.849609375,24350.05078125,23893.69921875,24055.599609375,487000,0.0,0.0,24574.96240234375,23861.922890625,21996.867451171875,24606.14696772414,24394.42992437991,211.71704334422975,284.23152418044066,-72.51448083621091,42.128375810518556,25060.707430468545,24574.96240234375,24089.217374218955,3.9531700612365417,284.25735915349867,13.667075559424648,57.01390361479624,348215.0,1.3985612337205462,-0.02678645789462286,-0.02678645789462286,0.00882074401187293,NIFTY,2024-08-05 00:00:00+05:30
24189.849609375,24382.599609375,23960.400390625,23992.55078125,312300,0.0,0.0,24558.56240234375,23882.6319140625,22018.38095703125,24511.747554420428,24364.66109896288,147.08645545754916,256.80251043586236,-109.7160549783132,40.861625071242756,25096.863430612742,24558.56240234375,24020.261374074755,4.383815464846761,294.1103491246773,8.3447097850675,28.699642641252314,350515.0,0.8909747086429968,-0.0026209626510589334,-0.0026209626510589334,0.008832585492916897,NIFTY,2024-08-06 00:00:00+05:30
24289.400390625,24337.69921875,24184.900390625,24297.5,317600,0.0,0.0,24551.77744140625,23909.9329296875,22040.811708984376,24478.7863922019,24359.686202743407,119.10018945849151,229.2620462403882,-110.16185678189669,48.86972954021291,25099.565159668637,24551.77744140625,24003.989723143866,4.4623059945024455,297.7559268657718,34.08747667003014,18.69975400484078,353870.0,0.8975047333766637,0.012710162480444431,0.012710162480444431,0.009260757214577276,NIFTY,2024-08-07 00:00:00+05:30
24248.55078125,24340.5,24079.69921875,24117.0,311900,0.0,0.0,24541.40498046875,23934.509921875,22062.426708984374,24423.126947247758,24341.709446984638,81.41750026312002,199.69313704493456,-118.27563678181454,44.986632916350985,25113.341771594703,24541.40498046875,23969.468189342795,4.66099468698821,295.1162736075024,18.850285895178363,20.427490783425355,354850.0,0.8789629420882062,-0.007428747813561065,-0.007428747813561065,0.009355518781857598,NIFTY,2024-08-08 00:00:00+05:30
24386.849609375,24419.75,24311.19921875,24367.5,215100,0.0,0.0,24543.98251953125,23967.7659375,22085.508955078127,24414.568955363487,24343.61985831911,70.94909704437669,173.944329044823,-102.99523200044632,50.8262791778026,25112.28494479522,24543.98251953125,23975.68009426728,4.630890075086506,295.66153977839514,39.99663652731338,30.97813303084065,350285.0,0.6140713990036685,0.010386864037815746,0.010386864037815746,0.009660790039230033,NIFTY,2024-08-09 00:00:00+05:30
24320.05078125,24472.80078125,24212.099609375,24347.0,279900,0.0,0.0,24536.225,24004.9329296875,22108.585205078125,24404.173731461415,24343.87023918436,60.30349227705301,151.216161691269,-90.912669414216,50.35520048922244,25110.800815121213,24536.225,23961.649184878785,4.683489942900458,293.16437064243837,38.26609685482329,32.3710064257717,347990.0,0.8043334578579844,-0.0008412844977941925,-0.0008412844977941925,0.009498757983449685,NIFTY,2024-08-12 00:00:00+05:30
24342.349609375,24359.94921875,24116.5,24139.0,239700,0.0,0.0,24513.8400390625,24037.0989453125,22130.222705078126,24363.377772775042,24328.694665911444,34.68310686359837,127.90955072573489,-93.22644386213652,45.724484797650575,25113.157177304704,24513.8400390625,23914.522900820295,4.889622656321489,289.6132883644071,20.707450421753094,32.99006126796328,344705.0,0.6953772065969452,-0.008543146999630324,-0.008543146999630324,0.009628912274411273,NIFTY,2024-08-13 00:00:00+05:30
24184.400390625,24196.5,24099.69921875,24143.75,303300,0.0,0.0,24490.3775390625,24054.6959375,22152.58595703125,24329.588884655805,24314.995061029116,14.59382362668839,105.24640530592559,-90.6525816792372,45.84695814925992,25108.76727409847,24490.3775390625,23871.987804026532,5.050062899599069,275.8409664276637,21.10842912635446,26.693992134310296,345710.0,0.8773249255156056,0.00019677699987563635,0.00019677699987563635,0.009621612745803098,NIFTY,2024-08-14 00:00:00+05:30
24334.849609375,24563.900390625,24204.5,24541.150390625,271600,0.0,0.0,24477.392578125,24107.8289453125,22177.168212890625,24362.136808651063,24331.74730766585,30.38950098521309,90.2750244417831,-59.88552345657001,54.99656923851091,25079.861185405076,24477.392578125,23874.923970844924,4.922653467743056,286.1487824417592,54.65560677706771,32.157162108391766,341745.0,0.794744619526255,0.016459762490292462,0.016459762490292462,0.010218444690956747,NIFTY,2024-08-16 00:00:00+05:30
24636.349609375,24638.80078125,24522.94921875,24572.650390625,243600,0.0,0.0,24479.480078125,24146.8749609375,22202.318212890626,24394.52351357013,24349.59198047764,44.93153309249101,81.20632617192469,-36.27479307943368,55.63641218535907,25082.964282642188,24479.480078125,23875.995873607815,4.930531225264569,273.9846953030621,57.31472871284517,44.35958820542246,336735.0,0.7234175241658871,0.0012835584110202358,0.0012835584110202358,0.009924129452572776,NIFTY,2024-08-19 00:00:00+05:30
24648.900390625,24734.30078125,24607.19921875,24698.849609375,238300,0.0,0.0,24488.96005859375,24184.4239453125,22229.4037109375,24441.342912924723,24375.462915951517,65.87999697320629,78.14106033218101,-12.261063358974724,58.200481933359065,25099.927368342378,24488.96005859375,23877.992748845125,4.989736667353694,265.9608163974862,67.96803381938811,59.97945643643368,332440.0,0.7168210804957286,0.005135759339910173,0.005135759339910173,0.009982817177402858,NIFTY,2024-08-20 00:00:00+05:30
24680.55078125,24787.94921875,24654.5,24770.19921875,257100,0.0,0.0,24503.51748046875,24214.024921875,22257.643955078125,24491.936190743996,24404.70264208474,87.23354865925648,79.95955799759611,7.2739906616603776,59.62141583691831,25126.600808556148,24503.51748046875,23880.43415238135,5.085664362955615,256.4957022798086,73.99112307012511,66.42462853411948,323475.0,0.7948063992580571,0.0028887826964991703,0.0028887826964991703,0.009989168029244396,NIFTY,2024-08-21 00:00:00+05:30
24863.400390625,24867.349609375,24784.44921875,24811.5,220300,0.0,0.0,24523.41748046875,24245.0709375,22287.415205078127,24541.09985370646,24434.83577970809,106.26407399836899,85.2204611977507,21.04361280061829,60.459327062697305,25159.026488310716,24523.41748046875,23887.808472626784,5.183690310277394,245.1138943044651,94.26389493469526,78.74101727473618,316160.0,0.6967990890688259,0.001667357653657442,0.001667357653657442,0.009960444825301923,NIFTY,2024-08-22 00:00:00+05:30
24845.400390625,24858.400390625,24771.650390625,24823.150390625,206800,0.0,0.0,24544.27001953125,24276.236953125,22316.29470703125,24584.49224400162,24463.599824961195,120.89241904042501,92.35485276628556,28.53756627413945,60.70702859761413,25190.392890368516,24544.27001953125,23898.147148693984,5.264958952318479,233.8021875684319,95.46046310096709,87.90516036859583,306910.0,0.6738131699846861,0.00046955607782672715,0.00046955607782672715,0.00995720942967143,NIFTY,2024-08-23 00:00:00+05:30
24906.099609375,25043.80078125,24874.69921875,25010.599609375,210300,0.0,0.0,24553.05751953125,24309.9899609375,22345.643203125,24650.047223289832,24504.118327510365,145.92889577946698,103.06966136892186,42.85923441054513,64.5544854476467,25219.21909246983,24553.05751953125,23886.895946592667,5.426302385425269,232.8627735010439,96.93546613400733,95.55327472322324,298235.0,0.7051486244069274,0.007551387144671073,0.007551387144671073,0.009305052071267817,NIFTY,2024-08-26 00:00:00+05:30
25024.80078125,25073.099609375,24973.650390625,25017.75,223300,0.0,0.0,24562.1400390625,24342.366953125,22375.333955078124,24706.616881245245,24542.165118065153,164.4517631800918,115.34608173115585,49.105681448935954,64.69649173313121,25248.14771246862,24562.1400390625,23876.132365656376,5.585894977515209,223.33323387596934,94.42826780648066,95.60806568048504,291650.0,0.7656437510714899,0.0002858944102370753,0.0002858944102370753,0.00930474320829456,NIFTY,2024-08-27 00:00:00+05:30
25030.80078125,25129.599609375,24964.650390625,25052.349609375,220400,0.0,0.0,24571.89248046875,24374.101953125,22405.649951171876,24759.806531726746,24579.956561865885,179.84996986086117,128.24685935709692,51.60311050376424,65.41845774279278,25279.60937255061,24571.89248046875,23864.175588386886,5.7603775748603745,219.16294708125724,92.64215913339993,94.6686310246293,283420.0,0.7776444852162868,0.0013830024432652799,0.0013830024432652799,0.009306836811869255,NIFTY,2024-08-28 00:00:00+05:30
25035.30078125,25192.900390625,24998.5,25151.94921875,354000,0.0,0.0,24581.932421875,24405.9829296875,22435.743447265624,24820.13617588417,24622.326388301746,197.80978758242418,142.15944500216239,55.65034258026179,67.48012635179339,25316.088978125863,24581.932421875,23847.77586562414,5.97313948839555,217.39419304866743,96.2540131744679,94.44148003811618,284440.0,1.2445506961046267,0.00397565940632294,0.00397565940632294,0.00931072725864838,NIFTY,2024-08-29 00:00:00+05:30
25249.69921875,25268.349609375,25199.400390625,25235.900390625,638200,0.0,0.0,24593.182421875,24440.3809375,22465.769951171875,24884.099901228914,24667.77631439976,216.3235868291522,156.99227336756036,59.33131346159183,69.14963479996666,25359.4798290699,24593.182421875,23826.8850146801,6.2317872819362945,210.18035001840548,97.22335961119681,95.37317730635489,294785.0,2.1649676883152127,0.003337760073577778,0.003337760073577778,0.009323514882531784,NIFTY,2024-08-30 00:00:00+05:30
25333.599609375,25333.650390625,25235.5,25278.69921875,222800,0.0,0.0,24621.232421875,24474.614921875,22495.104697265626,24944.80748853985,24713.02986287015,231.77762566969977,171.94934382798826,59.828281841711515,69.9953386339649,25442.78599620377,24621.232421875,23799.67884754623,6.673537378241481,202.17821006173364,95.54673044383911,96.34136774316796,288675.0,0.7718021997055512,0.001695950113232314,0.001695950113232314,0.008870236933394988,NIFTY,2024-09-02 00:00:00+05:30
25313.400390625,25321.69921875,25235.80078125,25279.849609375,212100,0.0,0.0,24682.444921875,24510.189921875,22524.47044921875,24996.352430206796,24755.016510759397,241.33591944739965,185.82665895187054,55.509260495529105,70.01912895900767,25508.71946407398,24682.444921875,23856.170379676023,6.695240644225536,193.8725120216098,95.63995865669067,96.13668290390888,274930.0,0.7714691012257665,4.550829989491412e-05,4.550829989491412e-05,0.0059787357443894466,NIFTY,2024-09-03 00:00:00+05:30
25089.94921875,25216.0,25083.80078125,25198.69921875,253800,0.0,0.0,24742.75234375,24543.4069140625,22553.2464453125,25027.48270536729,24787.881896536477,239.60080883081173,196.5814889276588,43.01931990315293,66.04120394411828,25534.140107938918,24742.75234375,23951.36457956108,6.39692588111624,194.02796317185195,88.04843243243243,93.07837384432075,272005.0,0.933071083252146,-0.0032100820170585243,-0.0032100820170585243,0.00600668968703245,NIFTY,2024-09-04 00:00:00+05:30
25250.5,25275.44921875,25127.75,25145.099609375,222200,0.0,0.0,24785.13232421875,24571.882890625,22581.995439453123,25045.577613676167,24814.34246785785,231.23514581831841,203.51222030579072,27.722925512527695,63.47609518030954,25567.332475610976,24785.13232421875,24002.932172826524,6.31184971022245,190.71876714171967,76.74225870256024,86.8102165972278,267235.0,0.8314779126985612,-0.0021270784221717465,-0.0021270784221717465,0.005576577024761837,NIFTY,2024-09-05 00:00:00+05:30
25093.69921875,25168.75,24801.30078125,24852.150390625,311700,0.0,0.0,24821.88984375,24591.5498828125,22609.129443359376,25015.819579360603,24817.14305472949,198.67652463111153,202.5450811708549,-3.8685565397433663,51.66472396988261,25541.64726092709,24821.88984375,24102.13242657291,5.799376451252126,203.3423708280254,33.718876279429914,66.16985580480754,267225.0,1.1664327813640192,-0.011650350298901935,-0.011650350298901935,0.006004961196763655,NIFTY,2024-09-06 00:00:00+05:30
24823.400390625,24957.5,24753.150390625,24936.400390625,254400,0.0,0.0,24850.33486328125,24609.387890625,22636.59369140625,25003.601242632045,24825.976931462494,177.62431116955122,197.5609271705942,-19.936616001042978,54.29852281377455,25540.36585540073,24850.33486328125,24160.303871161766,5.553494517605628,203.4143164385236,41.50780070457977,50.656311895523324,269190.0,0.9450573944054386,0.003390048695012693,0.003390048695012693,0.00565477814886455,NIFTY,2024-09-09 00:00:00+05:30
24999.400390625,25130.5,24896.80078125,25041.099609375,251300,0.0,0.0,24885.03984375,24629.997890625,22663.421943359375,25009.37022213096,24841.911944641197,167.45827748976444,191.54039723442827,-24.082119744663828,57.404780462410535,25539.206541281776,24885.03984375,24230.873146218226,5.257509745929316,205.57752374648618,49.6036552540913,41.610110746033676,267760.0,0.938527039139528,0.0041986500501236534,0.0041986500501236534,0.005672713176136248,NIFTY,2024-09-10 00:00:00+05:30
25034.0,25113.69921875,24885.150390625,24918.44921875,279200,0.0,0.0,24924.0123046875,24645.527890625,22689.188193359376,24995.382375456968,24847.58137235296,147.80100310400667,182.79251840834397,-34.9915153043373,52.87124561853619,25481.476926783474,24924.0123046875,24366.54768259153,4.473313648550316,207.2183312020943,28.475250322997415,39.86223542722285,269735.0,1.0350899957365562,-0.004897963449619458,-0.004897963449619458,0.005387066124902846,NIFTY,2024-09-11 00:00:00+05:30
25059.650390625,25433.349609375,24941.44921875,25388.900390625,380100,0.0,0.0,24986.26982421875,24670.82890625,22717.47369140625,25055.92360855974,24887.67907741015,168.24453114959033,179.88292095659324,-11.638389807002909,64.46402227464115,25451.807302411376,24986.26982421875,24520.732346026125,3.7263463611634293,229.1956211608733,93.46526465706853,57.18139007805243,273575.0,1.389381339669195,0.01887963282727112,0.01887963282727112,0.006611011615566639,NIFTY,2024-09-12 00:00:00+05:30
25430.44921875,25430.5,25292.44921875,25356.5,250800,0.0,0.0,25027.0373046875,24692.22890625,22745.78619140625,25102.16613031978,24922.406553157547,179.75957716223274,179.85825219772116,-0.09867503548841228,63.30900789754228,25471.857502437233,25027.0373046875,24582.217106937765,3.5547171831355375,222.6852754529538,88.70189684777553,70.21413727594717,272535.0,0.9202487753866476,-0.0012761636040355961,-0.0012761636040355961,0.005782974991757436,NIFTY,2024-09-13 00:00:00+05:30
25406.650390625,25445.69921875,25336.19921875,25383.75,168700,0.0,0.0,25067.59228515625,24713.8608984375,22773.787939453126,25145.4867256552,24956.580141812545,188.90658384265407,181.66791852670775,7.238665315946321,63.89492899661421,25486.449633698696,25067.59228515625,24648.734936613804,3.3418235287835905,214.60061292059996,91.05489515912969,91.07401888799127,268790.0,0.6276275159046095,0.0010746751326089488,0.0010746751326089488,0.005783862733459372,NIFTY,2024-09-16 00:00:00+05:30
25416.900390625,25441.650390625,25352.25,25418.55078125,216000,0.0,0.0,25103.57734375,24735.754921875,22801.8214453125,25187.49658036209,24990.800189178284,196.69639118380655,184.67361305812753,12.022778125679025,64.67085442900449,25513.09159462247,25103.57734375,24694.063092877528,3.26259676272336,205.65773989948568,96.07992441868663,91.94557214186398,267675.0,0.8069487251330905,0.0013709866056039743,0.0013709866056039743,0.005725099056660646,NIFTY,2024-09-17 00:00:00+05:30
25402.400390625,25482.19921875,25285.55078125,25377.55078125,215700,0.0,0.0,25133.944921875,24756.894921875,22829.69919921875,25216.735688191,25019.448381183596,197.28730700740198,187.19635184798244,10.090955159419536,62.95430326834112,25529.921255142966,25133.944921875,24737.968588607037,3.1509286305734845,205.0142182995224,85.64589455974581,90.92690471252074,265605.0,0.8121082057943186,-0.0016129951842196455,-0.0016129951842196455,0.0057540874455847746,NIFTY,2024-09-18 00:00:00+05:30
25487.05078125,25611.94921875,25376.05078125,25415.80078125,314500,0.0,0.0,25164.1599609375,24776.546953125,22857.80470703125,25247.36108712315,25048.807818225552,198.55326889759817,189.46773525790562,9.085533639692557,63.91655437862634,25549.179261402245,25164.1599609375,24779.140660472756,3.060060825097381,207.22023395669936,77.16014145847784,86.29532014563678,270315.0,1.1634574477923905,0.0015072376499098983,0.0015072376499098983,0.005753554707932877,NIFTY,2024-09-19 00:00:00+05:30
25525.94921875,25849.25,25426.599609375,25790.94921875,533100,0.0,0.0,25212.54990234375,24805.876953125,22887.31095703125,25330.99003045036,25103.781255301437,227.20877514892345,197.0159432361092,30.192831912814256,71.68485227383943,25653.21867290283,25212.54990234375,24771.881131784674,3.4956303290696757,223.37944715622083,94.68106906057166,85.82903502626512,286630.0,1.8598890555768761,0.014760441377741573,0.014760441377741573,0.006495122747223456,NIFTY,2024-09-20 00:00:00+05:30
25872.55078125,25956.0,25847.349609375,25939.05078125,209200,0.0,0.0,25258.9724609375,24838.338984375,22916.523212890625,25424.537838265693,25165.653072038367,258.8847662273256,209.38970783435246,49.495058392973135,74.059190456151,25790.924217025185,25258.9724609375,24727.020704849816,4.211982549253241,219.21311387720507,98.59091123130457,90.14404058345137,286575.0,0.7300008723719794,0.005742385099666292,0.005742385099666292,0.006424997657382317,NIFTY,2024-09-23 00:00:00+05:30
25921.44921875,26011.55078125,25886.849609375,25940.400390625,384100,0.0,0.0,25305.10498046875,24867.103984375,22945.559462890626,25503.901307859433,25223.041762304045,280.85954555538774,223.68367537855954,57.1758701768282,74.08052007806268,25901.503322947214,25305.10498046875,24708.706637990286,4.713660290591816,212.46226087704758,94.34596562786648,95.87264863991425,294615.0,1.3037353834665582,5.2030021699067674e-05,5.2030021699067674e-05,0.006428193954228314,NIFTY,2024-09-24 00:00:00+05:30
25899.44921875,26032.80078125,25871.349609375,26004.150390625,278500,0.0,0.0,25352.69501953125,24895.4530078125,22974.240712890623,25580.862705207983,25280.90166069819,299.9610445097933,238.9391492048063,61.02189530498697,75.1211279450127,26009.64827297318,25352.69501953125,24695.74176608932,5.182512178179288,208.81861166261564,97.76107671009996,96.89931785642369,297520.0,0.936071524603388,0.0024575565157058943,0.0024575565157058943,0.0064287345609717736,NIFTY,2024-09-25 00:00:00+05:30
26005.400390625,26250.900390625,25998.400390625,26216.05078125,370900,0.0,0.0,25405.90009765625,24927.5140234375,23001.886962890625,25678.583947675987,25350.171965924248,328.4119817517385,256.83371571419275,71.57826603754575,78.24728342892877,26155.08720032629,25405.90009765625,24656.71299498621,5.897741074240887,211.93871082957165,97.67320251210148,96.59341495002265,298365.0,1.2431082734234913,0.008148714241454025,0.008148714241454025,0.006566384397884262,NIFTY,2024-09-26 00:00:00+05:30
26248.25,26277.349609375,26151.400390625,26178.94921875,490300,0.0,0.0,25453.0525390625,24955.076015625,23028.5062109375,25755.56322014891,25411.56287354097,344.0003466079397,274.26704189294213,69.73330471499759,76.43625847605682,26269.21974774677,25453.0525390625,24636.88533037823,6.413118484957415,205.7966042524594,92.93201796842338,96.12209906354163,290970.0,1.6850534419355947,-0.0014152231703233875,-0.0014152231703233875,0.006604911024339911,NIFTY,2024-09-27 00:00:00+05:30
26061.30078125,26134.69921875,25794.099609375,25810.849609375,343100,0.0,0.0,25479.66005859375,24980.675,23052.871962890626,25764.068818491385,25441.13966878794,322.92914970344646,283.999463455043,38.92968624840347,61.28168539418598,26305.98989878657,25479.66005859375,24653.330218400926,6.486192031546502,218.58610461835517,66.49186454659473,85.69902834237321,296985.0,1.1552772025523175,-0.014060900852023384,-0.014060900852023384,0.007503691511254047,NIFTY,2024-09-30 00:00:00+05:30
25788.44921875,25907.599609375,25739.19921875,25796.900390625,247400,0.0,0.0,25505.51259765625,25006.4280078125,23077.350712890624,25769.119829588864,25467.492314849944,301.6275147389206,287.52507371181855,14.102441027102032,60.789822149361896,26337.55288046667,25505.51259765625,24673.47231484583,6.524395693869549,215.00141076168694,64.03555069512164,74.48647773671327,298750.0,0.8281171548117154,-0.0005404401234794243,-0.0005404401234794243,0.007509039344721997,NIFTY,2024-10-01 00:00:00+05:30
25452.849609375,25639.44921875,25230.30078125,25250.099609375,423400,0.0,0.0,25508.0826171875,25021.848984375,23098.754208984374,25689.27056494058,25451.389151481428,237.8814134591521,277.5963416612853,-39.714928202133194,45.40529649321518,26336.626449002728,25508.0826171875,24679.538785372275,6.496323884861095,240.115567805495,1.8909173663328291,44.13944420268309,307230.0,1.378120626240927,-0.021196375260987388,-0.021196375260987388,0.008978130499866946,NIFTY,2024-10-03 00:00:00+05:30
25181.900390625,25485.05078125,24966.80078125,25014.599609375,374900,0.0,0.0,25501.5576171875,25033.8709765625,23118.841708984375,25585.475033315106,25419.034370584657,166.44066273044882,255.36520587511802,-88.9245431446692,40.635446293478026,26343.38202984543,25501.5576171875,24659.73320452957,6.602141134238473,259.9823129622454,3.647237485488099,23.191235182314205,314865.0,1.1906690168802503,-0.009326695880144675,-0.009326695880144675,0.009215034010802026,NIFTY,2024-10-04 00:00:00+05:30
25084.099609375,25143.0,24694.349609375,24795.75,374300,0.0,0.0,25498.73759765625,25041.663984375,23138.28845703125,25463.978874343553,25372.865157948756,91.11371639479694,222.51490797905382,-131.40119158425688,36.76974421792704,26349.574515649296,25498.73759765625,24647.900679663206,6.673561110501806,273.45860422387074,6.4055837413139605,3.9812461977116436,317995.0,1.1770625324297552,-0.008748875168602677,-0.008748875168602677,0.009046914382337179,NIFTY,2024-10-07 00:00:00+05:30
24832.19921875,25044.0,24756.80078125,25013.150390625,333200,0.0,0.0,25502.57509765625,25045.23,23158.7224609375,25394.62064607916,25346.219619628475,48.40102645068691,187.69213167338046,-139.29110522269355,42.610328716582735,26343.871071519814,25502.57509765625,24661.279123792683,6.597733528022295,274.44007669002286,20.139025979153505,10.06394906865187,321935.0,1.0349915355584203,0.00876764730346924,0.00876764730346924,0.009233300261906696,NIFTY,2024-10-08 00:00:00+05:30
25065.80078125,25234.05078125,24947.69921875,24981.94921875,290600,0.0,0.0,25499.617578125,25048.1469921875,23177.7187109375,25331.13273418237,25319.23662697081,11.896107211559865,152.53292678101636,-140.6368195694565,42.01055822574789,26347.76984266977,25499.617578125,24651.465313580225,6.652274387615645,275.2908971050212,18.16801069962097,14.90420680669616,323900.0,0.8971904908922507,-0.0012473907279866303,-0.0012473907279866303,0.009189188764786665,NIFTY,2024-10-09 00:00:00+05:30
25067.05078125,25134.05078125,24979.400390625,24998.44921875,261400,0.0,0.0,25503.617578125,25050.9699609375,23195.427705078124,25279.950654885084,25295.474596732234,-15.523941847150127,118.92155305538307,-134.4454949025332,42.471715807015585,26341.460568399685,25503.617578125,24665.774587850312,6.570385457734612,266.67371807073397,19.210335399557803,19.172457359444106,323010.0,0.8092628711185412,0.0006604768849507447,0.0006604768849507447,0.009119533848418713,NIFTY,2024-10-10 00:00:00+05:30
24985.30078125,25028.650390625,24920.05078125,24964.25,210500,0.0,0.0,25482.38505859375,25051.231953125,23213.155703125,25231.3813233643,25270.939441418737,-39.55811805443591,87.22561883341929,-126.7837368878552,41.73095889447002,26351.711848158382,25482.38505859375,24613.05826902912,6.822962509715763,255.38271030675295,17.049929919456726,18.142758672878514,314530.0,0.6692525355292023,-0.0013680536120755926,-0.0013680536120755926,0.007990708716756006,NIFTY,2024-10-11 00:00:00+05:30
25023.44921875,25159.75,25017.5,25127.94921875,206400,0.0,0.0,25470.95751953125,25053.5729296875,23231.529951171877,25215.46869188518,25260.347573072904,-44.87888118772389,60.80471882919066,-105.68360001691455,46.53757731816645,26352.5255859767,25470.95751953125,24589.3894530858,6.922143117465905,251.10537385627057,27.39100501421352,21.217090111076033,312310.0,0.6608818161442157,0.006557345754428789,0.006557345754428789,0.008157041818542677,NIFTY,2024-10-14 00:00:00+05:30
25186.30078125,25212.05078125,25008.150390625,25057.349609375,257200,0.0,0.0,25454.6375,25060.3659375,23251.065947265626,25191.142679191307,25245.310686873057,-54.16800768175017,37.810173527002505,-91.97818120875267,44.82038958499792,26353.965112165093,25454.6375,24555.30988783491,7.066119972559753,247.73358933975123,22.931143398610235,22.45735944409351,316735.0,0.8120352976462973,-0.0028096049048969007,-0.0028096049048969007,0.008165796091180892,NIFTY,2024-10-15 00:00:00+05:30
25008.55078125,25093.400390625,24908.44921875,24971.30078125,226800,0.0,0.0,25432.275,25078.6799609375,23269.647197265625,25157.3208487388,25225.013656826904,-67.69280808810436,16.709577203981134,-84.40238529208548,42.749884516689846,26355.99154465098,25432.275,24508.558455349023,7.264128314521441,243.24913094941186,17.495336189197726,22.60582820067384,317275.0,0.7148372862658577,-0.0034340754096676696,-0.0034340754096676696,0.008174968435952147,NIFTY,2024-10-16 00:00:00+05:30
25027.400390625,25029.5,24728.900390625,24749.849609375,252800,0.0,0.0,25400.88994140625,25093.8259375,23286.649443359376,25094.632965759756,25189.816319978614,-95.18335421885786,-5.6690090805866635,-89.5143451382712,37.897760192055145,26371.38162193761,25400.88994140625,24430.398260874892,7.64139904365595,247.34559369409675,3.5060012634238786,14.64416028374396,319130.0,0.7921536677842885,-0.008868227322834543,-0.008868227322834543,0.008369029608443117,NIFTY,2024-10-17 00:00:00+05:30
24664.94921875,24886.19921875,24567.650390625,24854.05078125,290900,0.0,0.0,25372.80244140625,25104.956953125,23303.71294921875,25057.620321989027,25164.944798591307,-107.3244766022799,-26.000102584925312,-81.32437401735459,41.275275058454945,26372.032454037322,25372.80244140625,24373.572428775176,7.876386654084492,252.43153901058983,18.27641777874164,13.092585077121095,317950.0,0.9149237301462494,0.004210173941240125,0.004210173941240125,0.008436904776834592,NIFTY,2024-10-18 00:00:00+05:30
24956.150390625,24978.30078125,24679.599609375,24781.099609375,242000,0.0,0.0,25322.3099609375,25118.2389453125,23319.344697265624,25015.07867389456,25136.51182161232,-121.4331477177584,-45.086711611491936,-76.34643610626647,39.6494582255665,26333.900667999056,25322.3099609375,24310.71925387594,7.989719015540444,255.73651278661913,15.929649852635507,12.570689631600354,303395.0,0.7976400402116053,-0.00293518237799828,-0.00293518237799828,0.007571437602264178,NIFTY,2024-10-21 00:00:00+05:30
24798.650390625,24882.0,24445.80078125,24472.099609375,279500,0.0,0.0,25248.96240234375,25120.3309375,23332.81169921875,24931.543433199244,25087.296102187334,-155.7526689880906,-67.21990308681167,-88.53276590127892,33.610435434313175,26283.512537281396,25248.96240234375,24214.412267406104,8.194793262804444,268.6267060697177,2.203230641350377,12.136432757575855,306910.0,0.9106904304193412,-0.012469180337869368,-0.012469180337869368,0.007689562300108719,NIFTY,2024-10-22 00:00:00+05:30
24378.150390625,24604.25,24378.099609375,24435.5,284600,0.0,0.0,25173.7173828125,25122.1009375,23346.332197265627,24855.229058860896,25039.014909432717,-183.78585057182136,-90.53309258381361,-93.25275798800774,32.96989054462327,26215.050013397056,25173.7173828125,24132.384752227947,8.273173284256623,265.59268353795215,5.185449194454786,7.772776562813571,301935.0,0.9425869806415288,-0.001495564743491773,-0.001495564743491773,0.007666273800998393,NIFTY,2024-10-23 00:00:00+05:30
24412.69921875,24480.650390625,24341.19921875,24399.400390625,216700,0.0,0.0,25093.4798828125,25127.3089453125,23359.619697265625,24785.101571439987,24991.6360561877,-206.53448474771358,-113.73337101659361,-92.80111373111997,32.31570668460314,26113.583302412837,25093.4798828125,24073.37646321216,8.130426105619946,256.582575562027,6.5185719910749444,4.635750608960049,298845.0,0.7251250648329401,-0.0014773427748562273,-0.0014773427748562273,0.007569924553931184,NIFTY,2024-10-24 00:00:00+05:30
24418.05078125,24440.25,24073.900390625,24180.80078125,372600,0.0,0.0,24991.7173828125,25128.0499609375,23372.194697265626,24692.132219103063,24931.574183970093,-239.44196486703004,-138.87508978668092,-100.56687508034912,28.613317293318445,25947.621198652425,24991.7173828125,24035.813566972578,7.64976492969887,264.42307797723936,9.214356301462802,6.972792495664192,298930.0,1.246445656173686,-0.008959220549493163,-0.008959220549493163,0.007182361370842972,NIFTY,2024-10-25 00:00:00+05:30
24251.099609375,24492.599609375,24134.900390625,24339.150390625,278600,0.0,0.0,24899.72744140625,25124.0099609375,23386.303701171873,24637.82732241413,24887.690940018605,-249.8636176044747,-161.0727953502397,-88.79082225423502,34.47011395368271,25726.267432733614,24899.72744140625,24073.187450078884,6.638948103125782,271.085659461008,22.863415135093273,12.865447809210353,288345.0,0.9662036796198997,0.0065485676346082045,0.0065485676346082045,0.007545249087597191,NIFTY,2024-10-28 00:00:00+05:30
24328.849609375,24484.5,24140.849609375,24466.849609375,332000,0.0,0.0,24832.52744140625,25121.8939453125,23400.344951171875,24611.52305886965,24856.51750811908,-244.99444924942873,-177.85712613007752,-67.13732311935121,38.828708979178984,25565.025168203705,24832.52744140625,24100.029714608798,5.899502002168916,276.26885454415026,34.52524569571313,22.20100571075642,287790.0,1.1536189582681817,0.0052466588480091225,0.0052466588480091225,0.007370821577222114,NIFTY,2024-10-29 00:00:00+05:30
24371.44921875,24498.19921875,24307.30078125,24340.849609375,285200,0.0,0.0,24759.72490234375,25114.7339453125,23413.4951953125,24569.88098971663,24818.319885989888,-248.43889627325916,-191.97348015871387,-56.46541611454529,36.265589585652485,25374.29667362263,24759.72490234375,24145.15313106487,4.964285941809506,270.1709676124252,23.454652473774438,26.947771101526964,289680.0,0.9845346589339962,-0.005149825253829232,-0.005149825253829232,0.007373639421815867,NIFTY,2024-10-30 00:00:00+05:30
24349.849609375,24372.44921875,24172.599609375,24205.349609375,287000,0.0,0.0,24707.48740234375,25103.436953125,23426.956943359375,24513.79923889484,24772.914680314712,-259.1154414198718,-205.40187241094546,-53.71356900892633,33.69003487446699,25324.055613379234,24707.48740234375,24090.91919130827,4.990942227310375,265.1480134526091,11.549371667641957,23.17642327904319,282860.0,1.0146362157958,-0.005566773640794054,-0.005566773640794054,0.006036690556793111,NIFTY,2024-10-31 00:00:00+05:30
24302.75,24368.25,24280.19921875,24304.349609375,38800,0.0,0.0,24671.97490234375,25093.2939453125,23440.754443359376,24481.576218968712,24738.2061565414,-256.6299375726885,-215.64748544329407,-40.98245212939443,37.199337684605865,25295.474896503267,24671.97490234375,24048.474908184235,5.054317675236333,257.8446118220656,20.24769491345093,18.41723968495579,266055.0,0.14583450790250135,0.004090004961616156,0.004090004961616156,0.00593517935350401,NIFTY,2024-11-01 00:00:00+05:30
24315.75,24316.75,23816.150390625,23995.349609375,285500,0.0,0.0,24631.9548828125,25076.7379296875,23452.6376953125,24406.772125185067,24683.179745640187,-276.4076204551202,-227.7995124456593,-48.60810800946089,31.5813508701267,25318.137174423726,24631.9548828125,23945.772591201276,5.571480581835786,275.18425450441805,14.030081718535916,15.275716099876282,261615.0,1.091298281826348,-0.0127137736646451,-0.0127137736646451,0.0062506101175574804,NIFTY,2024-11-04 00:00:00+05:30
23916.5,24229.05078125,23842.75,24213.30078125,289500,0.0,0.0,24591.96240234375,25060.791953125,23465.468203125,24377.00730304121,24648.3738964261,-271.3665933848897,-236.5129286335054,-34.853664751384315,38.62245015274726,25277.8492674027,24591.96240234375,23906.0755372848,5.578138530283223,283.1211492719596,32.73173597752863,22.33650420317184,259430.0,1.1159079520487223,0.00908305881860727,0.00908305881860727,0.00627853531404017,NIFTY,2024-11-05 00:00:00+05:30
24308.75,24537.599609375,24204.05078125,24484.05078125,351100,0.0,0.0,24567.06748046875,25050.11796875,23478.415703125,24393.475530457945,24636.201813820462,-242.72628336251728,-237.75559957930778,-4.970683783209495,46.05008699728608,25230.296553503867,24567.06748046875,23903.838407433635,5.399334483551158,286.72312633289107,57.471080852608566,34.74429951622438,262455.0,1.3377531386332895,0.011181870759630508,0.011181870759630508,0.006900150210908433,NIFTY,2024-11-06 00:00:00+05:30
24489.599609375,24503.349609375,24179.05078125,24199.349609375,322200,0.0,0.0,24527.1125,25033.05796875,23488.925205078125,24363.610004137492,24603.842391268947,-240.23238713145474,-238.2509570897372,-1.9814300417175446,40.499979549742086,25177.737159217446,24527.1125,23876.487840782553,5.305350633650387,289.4071050323274,32.97329001833549,41.05870228282424,265495.0,1.2135821766888266,-0.011628025706147627,-0.011628025706147627,0.00728258169417158,NIFTY,2024-11-07 00:00:00+05:30
24207.69921875,24276.150390625,24066.650390625,24148.19921875,298700,0.0,0.0,24486.3099609375,25012.98296875,23499.504697265624,24330.469883308644,24570.091045156434,-239.62116184779006,-238.52499804134777,-1.0961638064422914,39.57707037707869,25124.393242779537,24486.3099609375,23848.22667909546,5.211755326629121,283.69945467287545,31.153440898637566,40.53260392319388,269905.0,1.1066856857042293,-0.002113709312467793,-0.002113709312467793,0.007283251942127924,NIFTY,2024-11-08 00:00:00+05:30
24087.25,24336.80078125,24004.599609375,24141.30078125,273400,0.0,0.0,24436.9775390625,24991.0909765625,23512.351455078126,24301.36694453039,24538.328803385586,-236.96185885519662,-238.21237020411758,1.250511348920952,39.4465136522702,25019.112920700296,24436.9775390625,23854.842157424704,4.764381198184209,287.16386304445575,41.257524652608254,35.12808518986045,273255.0,1.0005306398785017,-0.00028567088740283353,-0.00028567088740283353,0.007034622277329393,NIFTY,2024-11-11 00:00:00+05:30
24225.80078125,24242.0,23839.150390625,23883.44921875,255800,0.0,0.0,24378.28251953125,24963.1859765625,23524.457451171875,24237.071909794948,24489.81920452369,-252.74729472874242,-241.11935510904254,-11.627939619699873,34.82249849811596,24934.52671090435,24378.28251953125,23822.038328158153,4.563440356616178,295.4271306394946,9.328283457233974,27.246416336159943,273185.0,0.936361806102092,-0.010680930776533315,-0.010680930776533315,0.0072988643465149525,NIFTY,2024-11-12 00:00:00+05:30
23822.44921875,23873.599609375,23509.599609375,23559.05078125,304600,0.0,0.0,24307.67001953125,24928.77,23534.140703125,24132.760966941878,24420.873395392307,-288.11242845042943,-250.51796977731993,-37.5944586731095,30.049971847465017,24902.10849091949,24307.67001953125,23713.231548143012,4.890953932734869,301.0287362634593,4.810425279669261,18.465411129837175,277075.0,1.0993413335739421,-0.013582562322921432,-0.013582562322921432,0.007717435078241691,NIFTY,2024-11-13 00:00:00+05:30
23542.150390625,23675.900390625,23484.150390625,23532.69921875,257700,0.0,0.0,24246.8125,24895.45,23545.6101953125,24040.44377491236,24355.082715641023,-314.6389407286624,-263.3421639675885,-51.29677676107394,29.693956432992735,24894.542332576995,24246.8125,23599.082667423005,5.342803987757114,293.22311224464073,4.608558937715762,6.249089224873013,277320.0,0.9292514063176114,-0.0011185324376894457,-0.0011185324376894457,0.007594428969072327,NIFTY,2024-11-14 00:00:00+05:30
23605.30078125,23606.80078125,23350.400390625,23453.80078125,263300,0.0,0.0,24176.8,24861.6240234375,23555.609453125,23950.191006656612,24288.321090871315,-338.13008421470295,-278.2997480170114,-59.830336197691565,28.601363990806888,24849.089213476676,24176.8,23504.510786523322,5.561440831513494,290.59291784323784,8.709607367655623,6.042863861680229,275940.0,0.9541929404943104,-0.0033527151631265184,-0.0033527151631265184,0.0074297116461445635,NIFTY,2024-11-18 00:00:00+05:30
23529.55078125,23780.650390625,23464.80078125,23518.5,297500,0.0,0.0,24113.67001953125,24834.951015625,23566.438955078123,23883.777005632517,24231.29730636233,-347.5203007298114,-292.1438585595714,-55.37644217024001,30.848388190509183,24784.24244905918,24113.67001953125,23443.097590003323,5.56176168111107,293.18268152407796,14.159342991481395,9.159169765617607,278715.0,1.0673985971332722,0.002758581406631766,0.002758581406631766,0.007535374043165119,NIFTY,2024-11-19 00:00:00+05:30
23488.44921875,23507.30078125,23263.150390625,23349.900390625,420300,0.0,0.0,24057.56005859375,24803.221015625,23574.500458984374,23801.642141785207,24166.00864593734,-364.36650415213444,-306.588387678084,-57.77811647405042,28.34495599867074,24784.229534635062,24057.56005859375,23330.890582552438,6.041090403777119,290.48031922771526,6.806862032924762,9.891937464020607,285755.0,1.470840405242253,-0.007168807933116472,-0.007168807933116472,0.00725750808633943,NIFTY,2024-11-21 00:00:00+05:30
23411.80078125,23956.099609375,23359.0,23907.25,367600,0.0,0.0,24031.14755859375,24780.5440234375,23586.4262109375,23817.88950458748,24146.841338830873,-328.9518342433912,-311.06107699114546,-17.89075725224575,44.406382373758746,24739.108680171776,24031.14755859375,23323.186437015727,5.892029249554926,313.03166919359273,50.53944872018856,23.835217914864916,289905.0,1.2680015867266863,0.023869464111237804,0.023869464111237804,0.009329515627857395,NIFTY,2024-11-22 00:00:00+05:30
24253.55078125,24351.55078125,24135.44921875,24221.900390625,687200,0.0,0.0,24022.27255859375,24766.613046875,23598.907216796873,23880.04502551633,24152.4012685934,-272.35624307706894,-303.32011020833016,30.963867131261225,51.07388686618141,24715.849653149067,24022.27255859375,23328.695464038436,5.774450297019837,322.408034340479,75.22857606993217,44.19162894101518,313430.0,2.192515075136394,0.013161295867362366,0.013161295867362366,0.009853799723965568,NIFTY,2024-11-25 00:00:00+05:30
24343.30078125,24343.30078125,24125.400390625,24194.5,230700,0.0,0.0,24022.95751953125,24742.7250390625,23611.392470703126,23928.422713898435,24155.519693142036,-227.0969792436008,-288.0754840153843,60.97850477178349,50.50582839263797,24717.18624858588,24022.95751953125,23328.72879047662,5.779710749521205,314.94320264651617,73.07859706552156,66.28220728521411,306335.0,0.7530970995805246,-0.0011312238174179257,-0.0011312238174179257,0.009645815151928175,NIFTY,2024-11-26 00:00:00+05:30
24204.80078125,24354.55078125,24145.650390625,24274.900390625,295000,0.0,0.0,24019.74501953125,24721.093046875,23623.49796875,23981.72697185637,24164.362707770404,-182.63573591403474,-266.9875343951144,84.35179848107964,52.18630520832182,24708.665699532,24019.74501953125,23330.824339530496,5.736286371404593,307.36871607355073,79.38723529465854,75.89813614337078,307155.0,0.9604271459035341,0.003323085437806128,0.003323085437806128,0.009558404768297363,NIFTY,2024-11-27 00:00:00+05:30
24274.150390625,24345.75,23873.349609375,23914.150390625,366700,0.0,0.0,23992.11005859375,24691.7010546875,23634.210224609375,23971.33057474385,24145.82846205593,-174.49788731208173,-248.48960497850786,73.99171766642613,44.83115920080896,24650.749930866546,23992.11005859375,23333.470186320952,5.490470581072369,319.15669282722564,52.4915666900794,68.31913301675318,308890.0,1.1871540030431544,-0.014861029054492936,-0.014861029054492936,0.010014278013219441,NIFTY,2024-11-28 00:00:00+05:30
23927.150390625,24188.44921875,23927.150390625,24131.099609375,282100,0.0,0.0,23981.62255859375,24665.95203125,23645.218720703124,23995.910426225564,24144.73743593142,-148.82700970585574,-228.55708592397744,79.7300762181217,49.44570772896235,24624.200409839792,23981.62255859375,23339.044707347708,5.3589188944663455,315.95255963420954,79.52619645416851,70.46833281296884,308735.0,0.9137286021992971,0.009072001940535257,0.009072001940535257,0.01021408527197255,NIFTY,2024-11-29 00:00:00+05:30
24140.849609375,24301.69921875,24008.650390625,24276.05078125,220400,0.0,0.0,23985.1576171875,24643.92203125,23656.946474609376,24039.00894238317,24154.464350399463,-115.4554080162925,-205.93675034244046,90.48134232614797,52.3155651588017,24633.372971343804,23985.1576171875,23336.942263031193,5.405137331195204,314.31657881212317,92.80740590948055,74.94172301790951,305405.0,0.721664674776117,0.006006820004948565,0.006006820004948565,0.010232788348723237,NIFTY,2024-12-02 00:00:00+05:30
24367.5,24481.349609375,24280.0,24457.150390625,339500,0.0,0.0,23992.79765625,24624.7490234375,23670.64248046875,24103.33839595884,24176.88553856432,-73.54714260547917,-179.45882879504822,105.91168618956905,55.6992784208515,24659.227243405763,23992.79765625,23326.36806909424,5.555247009572149,306.52959662018577,98.01352534318394,90.11570923561102,320440.0,1.059480714018225,0.007460011144599932,0.007460011144599932,0.010327601151752778,NIFTY,2024-12-03 00:00:00+05:30
24488.75,24573.19921875,24366.30078125,24467.44921875,348000,0.0,0.0,24016.40263671875,24598.2790234375,23684.0672265625,24159.355445619018,24198.408774133626,-39.05332851460844,-151.37772873896026,112.32440022435182,55.89096840304827,24714.225775406965,24016.40263671875,23318.579498030536,5.811221182820366,299.41308525445817,91.92778179486989,94.24957101584482,323565.0,1.0755180566501321,0.00042109681465385407,0.00042109681465385407,0.009859212790389192,NIFTY,2024-12-04 00:00:00+05:30
24539.150390625,24857.75,24295.55078125,24708.400390625,361500,0.0,0.0,24041.1576171875,24573.666015625,23699.528974609377,24243.82389869686,24236.185930910764,7.637967786096851,-119.57458943394883,127.21255722004568,60.227094030509505,24797.810971818883,24041.1576171875,23284.504262556115,6.294649922268615,318.18352336128254,90.63403700233332,93.5251147134624,327165.0,1.104947045069002,0.009847825562885104,0.009847825562885104,0.009893551133568101,NIFTY,2024-12-05 00:00:00+05:30
24729.44921875,24751.05078125,24620.5,24677.80078125,226700,0.0,0.0,24050.8451171875,24548.4140234375,23714.201728515625,24310.589572935805,24268.898142047005,41.691430888800824,-87.3213853693989,129.01281625819973,59.42811058882327,24834.414476698686,24050.8451171875,23267.27575767631,6.5159403396700135,304.7811846390481,88.7150844831493,90.4256344267842,320945.0,0.7063515555624795,-0.0012384293961259507,-0.0012384293961259507,0.00961045420221074,NIFTY,2024-12-06 00:00:00+05:30
24633.900390625,24705.0,24580.05078125,24619.0,248100,0.0,0.0,24071.82763671875,24520.711015625,23728.096474609374,24358.03733094568,24294.831613006485,63.20571793919589,-57.215964707679944,120.42168264687584,57.84019463156994,24891.808827962806,24071.82763671875,23251.846445474694,6.81278716031741,291.93604421840183,85.02758945905063,88.12557031484444,317240.0,0.7820577480771655,-0.0023827399277279726,-0.0023827399277279726,0.009213693887982783,NIFTY,2024-12-09 00:00:00+05:30
24652.650390625,24677.80078125,24510.650390625,24610.05078125,261000,0.0,0.0,24094.92021484375,24488.591015625,23741.592978515626,24396.808630992502,24318.181181024524,78.62744996797846,-30.047281772548267,108.67473174052674,57.58798932708001,24947.566913242106,24094.92021484375,23242.273516445395,7.077397980949361,283.0227832474446,84.46636903121498,86.06968099113833,315355.0,0.8276386929016505,-0.0003635086213900074,-0.0003635086213900074,0.00919184743389837,NIFTY,2024-12-10 00:00:00+05:30
24620.5,24691.75,24583.849609375,24641.80078125,187300,0.0,0.0,24119.94521484375,24457.848046875,23754.598486328126,24434.499731032116,24342.153003263447,92.34672776866864,-5.568479864304887,97.91520763297353,58.2829832448264,25005.319050680424,24119.94521484375,23234.571379007073,7.341424932356845,270.51404091726994,85.59137823185988,85.02844557404184,311050.0,0.6021539945346407,0.0012901233029631864,0.0012901233029631864,0.009187110394886778,NIFTY,2024-12-11 00:00:00+05:30
24604.44921875,24675.25,24527.94921875,24548.69921875,266100,0.0,0.0,24153.20771484375,24432.6050390625,23766.730732421875,24452.068882988715,24357.452722929116,94.61616005959877,14.468448120475845,80.14771193912293,55.415371726700904,25050.4485863485,24153.20771484375,23255.966843339,7.4295793924989555,261.7130937981792,68.6051748665213,79.55430737653207,311565.0,0.8540753935775841,-0.003778196379659149,-0.003778196379659149,0.00884588407652681,NIFTY,2024-12-12 00:00:00+05:30
24498.349609375,24792.30078125,24180.80078125,24768.30078125,310100,0.0,0.0,24213.67021484375,24412.033046875,23779.587490234375,24500.719944259683,24387.885912434365,112.83403182531765,34.14156486144421,78.69246696387344,60.36852653391504,25105.56803948193,24213.67021484375,23321.772390205573,7.3668949541686235,286.697872812595,90.91332961649799,81.70329423829308,311840.0,0.9944202154951257,0.008945547808588916,0.008945547808588916,0.008250365390736614,NIFTY,2024-12-13 00:00:00+05:30
24753.400390625,24781.25,24601.75,24668.25,187600,0.0,0.0,24270.44775390625,24400.3960546875,23792.653486328127,24526.493798988966,24408.653622624413,117.84017636455246,50.88128716206586,66.9588892024866,57.248007273484156,25125.53326456393,24270.44775390625,23415.36224324857,7.046310140858897,279.04088189740963,80.74970288464782,80.08940245588904,308335.0,0.6084291436262507,-0.004039468921733236,-0.004039468921733236,0.008343823820119892,NIFTY,2024-12-16 00:00:00+05:30
24584.80078125,24624.099609375,24303.44921875,24336.0,264900,0.0,0.0,24314.55771484375,24386.8240625,23803.246240234374,24497.187060682973,24403.271872800386,93.9151878825869,59.48806730617008,34.427120576416826,48.31621896637756,25083.23543647027,24314.55771484375,23545.879993217233,6.322777741971835,285.16658899402324,46.998192506939304,72.88707500269506,308415.0,0.8589076406789553,-0.013468730047733413,-0.013468730047733413,0.00899184593035836,NIFTY,2024-12-17 00:00:00+05:30
24297.94921875,24394.44921875,24149.849609375,24198.849609375,235300,0.0,0.0,24348.5751953125,24374.8860546875,23813.1769921875,24451.288991250978,24388.129482917026,63.159508333952544,60.222355511726576,2.9371528222259684,45.18246625478438,25028.408101162866,24348.5751953125,23668.742289462134,5.5841699187494545,282.26894759266446,29.196145798135024,52.31468039657407,305305.0,0.7707047051309346,-0.005635699812006956,-0.005635699812006956,0.009143611705649111,NIFTY,2024-12-18 00:00:00+05:30
23877.150390625,24004.900390625,23870.30078125,23951.69921875,271100,0.0,0.0,24378.66513671875,24353.65703125,23822.325234375,24374.42902625083,24355.80131520095,18.62771104987769,51.9034266193568,-33.27571556947911,40.131173110993316,24917.72264444181,24378.66513671875,23839.607628995695,4.422370992832887,285.57465334497414,8.243303650899769,28.145880651991387,297845.0,0.9102049723849653,-0.010213311567061067,-0.010213311567061067,0.009318608715326901,NIFTY,2024-12-19 00:00:00+05:30
23960.69921875,24065.80078125,23537.349609375,23587.5,442700,0.0,0.0,24362.67763671875,24325.768046875,23829.270986328123,24253.363022212237,24298.89010666755,-45.52708445531243,32.417324404422956,-77.94440885973539,34.08408056579313,24971.20257827326,24362.67763671875,23754.152695164237,4.9955505764059325,302.9229760971188,3.798119947636622,13.745856465557159,301600.0,1.4678381962864722,-0.01520556915080562,-0.01520556915080562,0.008390836082838046,NIFTY,2024-12-20 00:00:00+05:30
23738.19921875,23869.55078125,23647.19921875,23753.44921875,189800,0.0,0.0,24339.255078125,24300.868046875,23838.28248046875,24176.453206294973,24258.487077932918,-82.03387163794469,9.527085195949429,-91.56095683389411,38.62240474205816,25001.35502974726,24339.255078125,23677.155126502737,5.440593391186625,301.43210503661027,16.36621822511815,9.469213941218198,276730.0,0.6858670906659922,0.0070354729729729115,0.0070354729729729115,0.007961365166385868,NIFTY,2024-12-23 00:00:00+05:30
23769.099609375,23867.650390625,23685.150390625,23727.650390625,177700,0.0,0.0,24315.91259765625,24276.1360546875,23847.006728515626,24107.406619268826,24219.16584183603,-111.75922256720514,-14.730176356681486,-97.02904621052366,38.18227927328702,25027.824188084625,24315.91259765625,23604.001007227875,5.855520228321554,292.9369546768524,14.412354207190349,11.525564126648392,274080.0,0.6483508464681844,-0.0010861087115143775,-0.0010861087115143775,0.007961316253771972,NIFTY,2024-12-24 00:00:00+05:30
23775.80078125,23854.5,23653.599609375,23750.19921875,177700,0.0,0.0,24289.6775390625,24248.5810546875,23854.063974609377,24052.451634573623,24184.42757345929,-131.97593888566553,-38.1793288624783,-93.79661002318723,38.83831174342229,25043.159406513987,24289.6775390625,23536.195671611014,6.204132321145406,286.3629143874344,16.96078812827317,15.913120186860574,268215.0,0.6625281956639263,0.0009503186263191132,0.0009503186263191132,0.007911915326517506,NIFTY,2024-12-26 00:00:00+05:30
23801.400390625,23938.849609375,23800.599609375,23813.400390625,176800,0.0,0.0,24284.6400390625,24223.7020703125,23861.102978515624,24015.67452011999,24156.944078434528,-141.2695583145396,-58.79737475289056,-82.47218356164905,40.73669566867471,25049.360429489752,24284.6400390625,23519.919648635245,6.2979759156172825,279.38344840440334,21.996934019158488,17.790025451540686,258720.0,0.6833642547928263,0.002661079652128029,0.002661079652128029,0.007245589745673826,NIFTY,2024-12-27 00:00:00+05:30
23796.900390625,23915.349609375,23599.30078125,23644.900390625,364900,0.0,0.0,24260.330078125,24197.1740625,23867.5459765625,23958.63234635153,24119.014916374563,-160.38257002303362,-79.11441380691917,-81.26815621611445,37.40339094958178,25072.470342844674,24260.330078125,23448.189813405326,6.695211995091217,282.0024040987317,8.570116802975713,15.842612983469143,262860.0,1.3881914327018186,-0.007075847935867907,-0.007075847935867907,0.0070568825351106255,NIFTY,2024-12-30 00:00:00+05:30
23560.599609375,23689.849609375,23460.44921875,23644.80078125,193600,0.0,0.0,24228.767578125,24175.0730859375,23873.3997265625,23910.350567105143,24083.887943402373,-173.53737629723037,-97.99900630498142,-75.53836999224895,37.40144261936684,25083.935911796725,24228.767578125,23373.599244453275,7.059115416533326,278.24511742203657,13.841749913478065,14.80293357853744,261520.0,0.7402875497093913,-4.212721278373799e-06,-4.212721278373799e-06,0.006868540895409225,NIFTY,2024-12-31 00:00:00+05:30
23637.650390625,23822.80078125,23562.80078125,23742.900390625,154900,0.0,0.0,24193.055078125,24152.850078125,23879.646474609373,23884.58900149281,24058.629606159604,-174.0406046667922,-113.2073259773436,-60.833278689448605,40.67872463539657,25066.5497783142,24193.055078125,23319.5603779358,7.221036759255764,276.94189474903396,21.207406277679688,14.539757664711173,252290.0,0.6139759800229894,0.004148887118253564,0.004148887118253564,0.0066838542440355595,NIFTY,2025-01-01 00:00:00+05:30
23783.0,24226.69921875,23751.55078125,24188.650390625,283200,0.0,0.0,24179.11513671875,24141.00109375,23888.926474609376,23931.367676743917,24068.26077537926,-136.89309863534436,-117.94448050894377,-18.94861812640059,52.776741779587205,25043.4999785372,24179.11513671875,23314.7302949003,7.149846774216999,291.7173899901744,54.67585070126762,29.908335630808477,249050.0,1.1371210600281068,0.018774033191665485,0.018774033191665485,0.008071472347396453,NIFTY,2025-01-02 00:00:00+05:30
24196.400390625,24196.44921875,23976.0,24004.75,312300,0.0,0.0,24143.9326171875,24131.6541015625,23897.271728515625,23942.65726493716,24063.556273499315,-120.89900856215536,-118.5353861195861,-2.363622442569266,48.39191438339516,24975.955441527858,24143.9326171875,23311.909792847142,6.892189748310186,286.62680633016197,41.20990757855822,39.03105485250186,246590.0,1.266474715114157,-0.007602755327609123,-0.007602755327609123,0.007828782454655915,NIFTY,2025-01-03 00:00:00+05:30
24045.80078125,24089.94921875,23551.900390625,23616.05078125,278100,0.0,0.0,24090.8451171875,24115.2651171875,23905.363486328126,23892.410113600672,24030.407718517887,-137.99760491721463,-122.42782987911181,-15.569775038102819,40.69574481122941,24915.295026412405,24090.8451171875,23266.395207962592,6.844507988112931,304.5855221726504,13.371848087158373,36.41920212232809,249160.0,1.1161502648900306,-0.016192595996625703,-0.016192595996625703,0.008496711275213903,NIFTY,2025-01-06 00:00:00+05:30
23679.900390625,23795.19921875,23637.80078125,23707.900390625,262300,0.0,0.0,24045.29013671875,24101.4351171875,23913.169736328124,23864.024002373648,24006.51828682212,-142.49428444847217,-126.4411207929839,-16.053163655488277,43.00252274397807,24848.381940008756,24045.29013671875,23242.198333428747,6.679826267212555,295.6257304103183,26.493701485546037,27.02515238375423,249870.0,1.0497458678512828,0.0038892874268343647,0.0038892874268343647,0.008603219847679694,NIFTY,2025-01-07 00:00:00+05:30
23746.650390625,23751.849609375,23496.150390625,23688.94921875,266400,0.0,0.0,23999.23505859375,24091.5980859375,23921.497734375,23837.0894202777,23982.99465215011,-145.9052318724098,-130.33394300886908,-15.571288863540701,42.63403772368976,24772.589451138767,23999.23505859375,23225.88066604873,6.444825350948771,292.77383672029555,29.820554649265905,23.228701407323456,250140.0,1.0650035979851282,-0.0007993610384197103,-0.0007993610384197103,0.008599811452335878,NIFTY,2025-01-08 00:00:00+05:30
23674.75,23689.5,23503.05078125,23526.5,269200,0.0,0.0,23943.47001953125,24075.345078125,23928.85173828125,23789.30643254267,23949.180233472325,-159.87380092965395,-136.24191459302608,-23.631886336627872,39.508780497282835,24683.575149685257,23943.47001953125,23203.364889377244,6.182104177467053,285.1792211509887,8.620004078303426,21.64475340437181,254235.0,1.0588628630991013,-0.006857594959147506,-0.006857594959147506,0.00863512731397347,NIFTY,2025-01-09 00:00:00+05:30
23551.900390625,23596.599609375,23344.349609375,23431.5,261000,0.0,0.0,23887.61005859375,24054.6380859375,23936.9219921875,23734.259289074565,23910.833549511415,-176.57426043684973,-144.30838376179082,-32.265876675058905,37.76531607919731,24604.852309300502,23887.61005859375,23170.367807886996,6.005140312885506,282.8271339259181,9.877081567104876,16.105880098224752,253980.0,1.0276399716513112,-0.004037999702463213,-0.004037999702463213,0.008637698341563197,NIFTY,2025-01-10 00:00:00+05:30
23195.400390625,23340.94921875,23047.25,23085.94921875,316500,0.0,0.0,23803.49248046875,24029.540078125,23943.156240234373,23634.5192782554,23849.731006492053,-215.21172823665256,-158.48905265676316,-56.7226755798894,32.19936124944938,24481.387877291636,23803.49248046875,23125.597083645865,5.695764160482855,290.0716243597811,3.2811263202169973,7.259403988541783,254300.0,1.2445930003932364,-0.014747275302477436,-0.014747275302477436,0.008640269366396289,NIFTY,2025-01-13 00:00:00+05:30
23165.900390625,23264.94921875,23134.150390625,23176.05078125,311200,0.0,0.0,23728.88251953125,24008.9541015625,23948.976748046876,23563.985663331492,23799.828767585233,-235.84310425374133,-173.9598629761588,-61.88324127758253,34.893834032486,24334.2345556357,23728.88251953125,23123.5304834268,5.102238047714087,282.137936905511,10.920417700263961,8.026208529195294,260480.0,1.1947174447174447,0.003902874499386977,0.003902874499386977,0.008794128198215618,NIFTY,2025-01-14 00:00:00+05:30
23250.44921875,23293.650390625,23146.44921875,23213.19921875,228000,0.0,0.0,23672.74248046875,23987.13109375,23954.558994140625,23510.01851801126,23756.37472693077,-246.35620891951112,-188.4391321648293,-57.91707675468183,36.02274203299743,24250.07409920691,23672.74248046875,23095.41086173059,4.877606548666589,272.4995965461888,14.070060508910741,9.423868176463918,258635.0,0.8815512208324473,0.0016028803979861728,0.0016028803979861728,0.008497648351572863,NIFTY,2025-01-15 00:00:00+05:30
23377.25,23391.650390625,23272.05078125,23311.80078125,299400,0.0,0.0,23628.3900390625,23973.4601171875,23961.094501953125,23479.523481586453,23723.44332354701,-243.91984196055637,-199.53527412397472,-44.38456783658165,39.04395367256445,24172.578684285665,23628.3900390625,23084.201393839332,4.606227037250637,265.78185192681815,22.430027257161214,15.806835155445322,261840.0,1.1434463794683776,0.004247650725383689,0.004247650725383689,0.00858192430339384,NIFTY,2025-01-16 00:00:00+05:30
23277.099609375,23292.099609375,23100.349609375,23203.19921875,272900,0.0,0.0,23590.9650390625,23953.2580859375,23966.49224609375,23437.01205653469,23684.906723191678,-247.89466665698637,-209.20715263057707,-38.6875140264093,36.97296932224003,24143.948258239525,23590.9650390625,23037.981819885474,4.688093244692469,261.90108906597396,13.222207134553669,16.574098300208558,261930.0,1.0418814186996526,-0.004658651792672774,-0.004658651792672774,0.008383955079940403,NIFTY,2025-01-17 00:00:00+05:30
23290.400390625,23391.099609375,23170.650390625,23344.75,301500,0.0,0.0,23578.8275390625,23930.4720703125,23971.581494140624,23422.817893990894,23659.709928881184,-236.89203489029023,-214.74412908251972,-22.147905807770513,41.34037178592105,24142.141956470176,23578.8275390625,23015.51312165482,4.778137644668268,258.9402411862615,25.223637887122894,20.291957426279275,254870.0,1.1829560167928748,0.006100485537167577,0.006100485537167577,0.00789736644233596,NIFTY,2025-01-20 00:00:00+05:30
23421.650390625,23426.30078125,22976.849609375,23024.650390625,312900,0.0,0.0,23542.38759765625,23906.9780859375,23974.39474609375,23361.561355011527,23612.66848160295,-251.10712659142155,-222.0167285843001,-29.09039800712145,35.371321822943074,24148.469746962157,23542.38759765625,22936.30544835034,5.148858812996917,272.54816480688567,3.82452263787987,14.090122553185495,261025.0,1.198735753280337,-0.013711845677293555,-0.013711845677293555,0.00821348809842188,NIFTY,2025-01-21 00:00:00+05:30
23099.150390625,23169.55078125,22981.30078125,23155.349609375,276000,0.0,0.0,23513.77255859375,23887.12109375,23977.904990234376,23329.836471067443,23578.793009586065,-248.95653851862153,-227.4046905711644,-21.551847947457134,39.22961608322069,24135.990776141192,23513.77255859375,22891.55434104631,5.292372510595151,266.52686732067957,14.63595089961325,14.561370474872021,265940.0,1.037828081522148,0.0056764909144164655,0.0056764909144164655,0.00837020517813904,NIFTY,2025-01-22 00:00:00+05:30
23128.30078125,23270.80078125,23090.650390625,23205.349609375,275600,0.0,0.0,23486.530078125,23868.4020703125,23981.758486328126,23310.684646191683,23551.130535496355,-240.44588930467216,-230.01293031786597,-10.432958986806199,40.68840145121706,24112.654929312033,23486.530078125,22860.405226937968,5.33177824995269,260.35711898527387,20.52826162865169,12.996245055381621,270835.0,1.01759373788469,0.0021593282262408753,0.0021593282262408753,0.008390791786397029,NIFTY,2025-01-23 00:00:00+05:30
23183.900390625,23347.30078125,23050.0,23092.19921875,264300,0.0,0.0,23450.47001953125,23852.5770703125,23984.64623046875,23277.07150350835,23517.135623144775,-240.06411963642677,-232.02316818157814,-8.040951454848624,38.439610262588396,24080.201345624493,23450.47001953125,22820.73869343801,5.370735218260073,262.99595200418287,14.095394933113761,16.41986915379292,275210.0,0.9603575451473421,-0.004876047658393667,-0.004876047658393667,0.008380990218557599,NIFTY,2025-01-24 00:00:00+05:30
22940.150390625,23007.44921875,22786.900390625,22829.150390625,257400,0.0,0.0,23409.68251953125,23837.9790625,23986.223486328126,23208.160563064757,23466.173754069234,-258.01319100447654,-237.22117274615783,-20.792018258318706,33.76722285951797,24087.586675625793,23409.68251953125,22731.778363436704,5.791656128005605,266.01758601281267,4.378468750379513,13.00070843738167,269835.0,0.9539162821724387,-0.011391241935562957,-0.011391241935562957,0.00858507740636448,NIFTY,2025-01-27 00:00:00+05:30
22960.44921875,23137.94921875,22857.650390625,22957.25,361900,0.0,0.0,23375.30498046875,23826.470078125,23987.678232421877,23169.558937977872,23428.475698212253,-258.9167602343805,-241.56029024380237,-17.35646999057812,37.736311781805085,24071.515941047102,23375.30498046875,22679.0940198904,5.956807503988257,269.0733890208261,18.873219931145066,12.44902787154613,278250.0,1.30062893081761,0.005611229817278129,0.005611229817278129,0.008734629596835271,NIFTY,2025-01-28 00:00:00+05:30
23026.75,23183.349609375,22976.5,23163.099609375,226300,0.0,0.0,23346.31494140625,23820.6560546875,23990.27998046875,23168.56519511589,23408.818210150235,-240.25301503434457,-241.29883520191083,1.0458201675662622,43.586719627282086,24026.997656744803,23346.31494140625,22665.632226067697,5.8311790708461375,266.0038333318385,46.46160080662669,23.237763162717112,281820.0,0.802994819388262,0.008966649288351114,0.008966649288351114,0.008960337392298512,NIFTY,2025-01-29 00:00:00+05:30
23169.5,23322.05078125,23139.19921875,23249.5,361900,0.0,0.0,23299.357421875,23815.2760546875,23992.7584765625,23181.016703559602,23397.01686125022,-216.00015769061793,-236.2390996996523,20.23894200903436,45.885082730260116,23860.140578872724,23299.357421875,22738.574264877276,4.813722085496002,260.06438541527865,72.34897196775543,45.894597568509084,285755.0,1.2664695280922469,0.003730087599762788,0.003730087599762788,0.007744528049129372,NIFTY,2025-01-30 00:00:00+05:30
23296.75,23546.80078125,23277.400390625,23508.400390625,304900,0.0,0.0,23274.53994140625,23818.4460546875,23997.7034765625,23231.38342464659,23405.267493055762,-173.88406840917378,-223.7680934415566,49.88402503238282,52.17306770466727,23744.89956395804,23274.53994140625,22804.180318854458,4.041838195177414,262.7241279749016,94.94665470649166,71.25240916029128,285385.0,1.0683813094591517,0.011135740150325812,0.011135740150325812,0.008147590033920625,NIFTY,2025-01-31 00:00:00+05:30
23528.599609375,23632.44921875,23318.30078125,23482.150390625,281000,0.0,0.0,23267.844921875,23809.9440625,24003.751728515625,23269.96295787404,23410.962522505335,-140.99956463129638,-207.21438767950457,66.21482304820819,51.5194155316323,23722.106267753967,23267.844921875,22813.583575996032,3.904627587163423,266.39729294098004,82.22470150443152,83.17344272622623,285530.0,0.9841347669246664,-0.0011166221250199504,-0.0011166221250199504,0.007325127571834893,NIFTY,2025-02-01 00:00:00+05:30
23319.349609375,23381.599609375,23222.0,23361.05078125,329700,0.0,0.0,23250.50244140625,23792.7270703125,24009.81748046875,23283.976469162648,23407.26535648642,-123.28888732377163,-190.429287608358,67.14040028458638,48.50054117517337,23660.573200146184,23250.50244140625,22840.431682666316,3.527414168991452,265.95108563269577,67.90268894324831,81.69134838472385,288900.0,1.1412253374870198,-0.005157091976693451,-0.005157091976693451,0.007334809000595611,NIFTY,2025-02-03 00:00:00+05:30
23509.900390625,23762.75,23423.150390625,23739.25,376700,0.0,0.0,23253.01748046875,23783.6220703125,24018.534482421874,23354.018550829933,23431.8568115615,-77.83826073156888,-167.9110822330002,90.07282150143132,56.97900432335311,23674.27802381603,23253.01748046875,22831.756937121467,3.6232763657544007,275.6473808553604,97.59184204469263,82.5730774974575,294415.0,1.2794864392099587,0.016189306820631133,0.016189306820631133,0.00825058656533427,NIFTY,2025-02-04 00:00:00+05:30
23801.75,23807.30078125,23680.44921875,23696.30078125,267000,0.0,0.0,23261.50751953125,23772.050078125,24026.280986328125,23406.677355509943,23451.44525376065,-44.76789825070591,-143.28244543654137,98.51454718583545,55.85442173344421,23710.410183346678,23261.50751953125,22812.60485571582,3.8596179842472584,265.0191081156918,89.12191713960321,84.87214937584807,294305.0,0.9072220995226041,-0.001809207062143936,-0.001809207062143936,0.008101156946032043,NIFTY,2025-02-05 00:00:00+05:30
23761.94921875,23773.55078125,23556.25,23603.349609375,307000,0.0,0.0,23270.1,23765.8340625,24032.615732421877,23436.934625335336,23462.697428250598,-25.762802915262,-119.7785169322855,94.0157140170235,53.398092766518026,23737.871304050095,23270.1,22802.328695949902,4.020363505529385,261.6106561967138,80.01263290872724,88.90879736434105,296605.0,1.03504661081236,-0.003922602634608197,-0.003922602634608197,0.008097877026962044,NIFTY,2025-02-06 00:00:00+05:30
23649.5,23694.5,23443.19921875,23559.94921875,368100,0.0,0.0,23293.8,23754.4110546875,24038.575478515624,23455.859947399127,23469.901264583885,-14.041317184757645,-98.63107698277994,84.5897597980223,52.242834319174975,23769.807820069935,23293.8,22817.792179930064,4.086991560586383,260.8742365576628,75.75936222951698,81.63130409261584,299185.0,1.2303424302688972,-0.0018387386257991967,-0.0018387386257991967,0.007302720186324697,NIFTY,2025-02-07 00:00:00+05:30
23543.80078125,23568.599609375,23316.30078125,23381.599609375,234200,0.0,0.0,23304.07744140625,23736.52203125,24043.471474609374,23444.4352800108,23463.36040123508,-18.92512122428161,-82.68988583108028,63.764764606798664,47.677907674858766,23778.345003166836,23304.07744140625,22829.809879645665,4.070253911171061,260.2617073839012,58.28096737455618,71.35098750426683,295335.0,0.7929977821795589,-0.007570033692307909,-0.007570033692307909,0.007513730009324766,NIFTY,2025-02-10 00:00:00+05:30
23383.55078125,23390.05078125,22986.650390625,23071.80078125,268000,0.0,0.0,23297.00751953125,23708.8150390625,24045.97873046875,23387.10689558606,23434.355984939888,-47.249089353827,-75.60172653562962,28.35263718180262,40.979573662485436,23780.60704812603,23297.00751953125,22813.40799093647,4.151602116188951,270.48589904397966,27.92045095656002,53.98692685354442,297335.0,0.9013402391242201,-0.013249684936046169,-0.013249684936046169,0.00810631709804723,NIFTY,2025-02-11 00:00:00+05:30
23050.80078125,23144.69921875,22798.349609375,23045.25,279700,0.0,0.0,23283.67998046875,23680.3710546875,24049.105234375,23334.51352703436,23405.533319388785,-71.01979235442559,-74.68533969938882,3.6655473449632296,40.45500291853248,23779.45272324198,23283.67998046875,22787.907237695523,4.258542835059589,275.9047354961954,25.318454574165703,37.17329096842732,296350.0,0.9438164332714696,-0.0011507892904301098,-0.0011507892904301098,0.008037408742884306,NIFTY,2025-02-12 00:00:00+05:30
23055.75,23235.5,22992.19921875,23031.400390625,265700,0.0,0.0,23275.0900390625,23646.8310546875,24051.045234375,23287.880736817533,23377.819769109985,-89.93903229245188,-77.73607821800144,-12.202954074450446,40.16617312560998,23781.97171341305,23275.0900390625,22768.208364711947,4.355572188978471,273.5758816214672,23.098321082962467,25.445742204562748,295990.0,0.8976654616710024,-0.0006009745771905495,-0.0006009745771905495,0.007979083876034201,NIFTY,2025-02-13 00:00:00+05:30
23096.44921875,23133.69921875,22774.849609375,22929.25,254500,0.0,0.0,23254.3150390625,23611.8600390625,24052.667236328125,23232.706777307143,23344.59237880554,-111.88560149839759,-84.56598287408067,-27.319618624316917,38.010605132317295,23781.717346399706,23254.3150390625,22726.912731725297,4.535952200280045,279.666862175291,14.954740217360461,21.123838624829563,293640.0,0.8667075330336467,-0.004435266153706374,-0.004435266153706374,0.007878565615271265,NIFTY,2025-02-14 00:00:00+05:30
22809.900390625,22974.19921875,22725.44921875,22959.5,207400,0.0,0.0,23251.05751953125,23578.6700390625,24054.223740234374,23190.674965413735,23316.067017412537,-125.39205199880234,-92.73119669902502,-32.660855299777324,39.05368780989357,23784.85969202001,23251.05751953125,22717.255347042486,4.591637795746366,277.4585148770559,21.634278616665583,19.895779972329525,288365.0,0.7192273680925216,0.0013192755977626813,0.0013192755977626813,0.007283323322306689,NIFTY,2025-02-17 00:00:00+05:30
22963.650390625,22992.5,22801.5,22945.30078125,210600,0.0,0.0,23240.555078125,23545.3750390625,24056.57099609375,23152.925090927005,23288.60285177087,-135.67776084386423,-101.32050952799287,-34.357251315871366,38.72429913969447,23789.52592438128,23240.555078125,22691.584231868717,4.7242490070557395,271.28290667155187,20.321786289419904,18.970268374482004,285095.0,0.7387011347094828,-0.0006184463402948426,-0.0006184463402948426,0.007154685425972047,NIFTY,2025-02-18 00:00:00+05:30
22847.25,23049.94921875,22814.849609375,22932.900390625,207000,0.0,0.0,23226.9326171875,23511.19703125,24059.022001953126,23119.07513703439,23262.25452131562,-143.17938428122943,-109.69228447864019,-33.48709980258924,38.41954165138871,23792.007037607964,23226.9326171875,22661.858196767036,4.865682694600141,268.69838543608387,19.175567061678112,20.377210655921218,281665.0,0.7349155912165161,-0.0005404326900405598,-0.0005404326900405598,0.007128657149129896,NIFTY,2025-02-19 00:00:00+05:30
22821.099609375,22923.849609375,22812.75,22913.150390625,240800,0.0,0.0,23217.98017578125,23478.4860546875,24062.07525390625,23087.394406817562,23236.394956079275,-149.00054926171288,-117.55393743525472,-31.446611826458152,37.907840631392396,23796.815001267238,23217.98017578125,22639.14535029526,4.986091133713456,258.0878143781493,17.34999313965496,18.949115496917678,280490.0,0.8584976291489893,-0.0008612081186238907,-0.0008612081186238907,0.007057075418788696,NIFTY,2025-02-20 00:00:00+05:30
22857.19921875,22921.0,22720.30078125,22795.900390625,242800,0.0,0.0,23216.31767578125,23439.038046875,24064.542255859375,23042.549173557167,23203.765729008588,-161.2165554514213,-126.28646103848806,-34.930094412933244,34.933210082534615,23799.78254037292,23216.31767578125,22632.852811189583,5.0263342597204845,253.98862897613864,6.954885867065317,14.493482022799482,279760.0,0.8678867600800686,-0.005117148798882476,-0.005117148798882476,0.006669991543560421,NIFTY,2025-02-21 00:00:00+05:30
22609.349609375,22668.05078125,22518.80078125,22553.349609375,214300,0.0,0.0,23196.12265625,23396.7400390625,24067.52150390625,22967.287702144524,23155.586757183875,-188.29905503935152,-138.68897983866077,-49.610075200690744,29.73507526032391,23838.992792627054,23196.12265625,22553.25251987295,5.542910303622114,255.63941329034304,2.68132154637175,8.995400184364028,272380.0,0.7867684852044937,-0.010640105330068539,-0.010640105330068539,0.006928674338328624,NIFTY,2025-02-24 00:00:00+05:30
22516.44921875,22625.30078125,22513.900390625,22547.55078125,250300,0.0,0.0,23165.34521484375,23360.9710546875,24069.98326171875,22902.712791237675,23110.547055262847,-207.83426402517216,-152.51803667596306,-55.3162273492091,29.621589949443177,23867.77243508127,23165.34521484375,22462.91799460623,6.064465810657761,245.33662595710425,2.671407151972041,4.102538188469722,273580.0,0.914906060384531,-0.00025711604818956513,-0.00025711604818956513,0.006535691713086548,NIFTY,2025-02-25 00:00:00+05:30
22568.94921875,22613.30078125,22508.400390625,22545.05078125,289200,0.0,0.0,23130.12275390625,23327.895078125,24072.18826171875,22847.687866624186,23068.658442373006,-220.9705757488191,-166.20854449053428,-54.76203125828482,29.569194380891545,23881.107536714248,23130.12275390625,22379.13797109825,6.493565043282539,235.30546629052537,3.089992639346071,2.81424044589664,269945.0,1.0713293448665469,-0.00011087678764998277,-0.00011087678764998277,0.00643497165550751,NIFTY,2025-02-27 00:00:00+05:30
22433.400390625,22450.349609375,22104.849609375,22124.69921875,551300,0.0,0.0,23060.9376953125,23291.355078125,24071.722509765626,22736.458843874312,22998.73553691945,-262.2766930451362,-185.42217420145468,-76.85451884368152,22.39598259118584,23908.515631315793,23060.9376953125,22213.359759309205,7.3507673209279565,249.94087383227355,1.3560792058070026,2.372492999041724,282265.0,1.9531291516837015,-0.018644959666695105,-0.018644959666695105,0.006788780235717622,NIFTY,2025-02-28 00:00:00+05:30
22194.55078125,22261.55078125,22004.69921875,22119.30078125,282400,0.0,0.0,22992.79521484375,23261.99109375,24071.316259765626,22641.511449624417,22933.592221684674,-292.080772060257,-206.75389377321517,-85.32687828704184,22.321091581515375,23910.219192984947,22992.79521484375,22075.371236702555,7.980099588317327,250.43449445139686,8.272381220922036,4.239484355358388,282335.0,1.000230222962084,-0.00024400049223838316,-0.00024400049223838316,0.006804352840477354,NIFTY,2025-03-03 00:00:00+05:30
21974.44921875,22105.05078125,21964.599609375,22082.650390625,253300,0.0,0.0,22928.8751953125,23228.5751171875,24069.710263671874,22555.532825162965,22870.55949345803,-315.02666829506416,-228.408448677585,-86.61821961747916,21.788394870595127,23910.646027968225,22928.8751953125,21947.104362656773,8.563619665533665,243.59639998165423,9.288751669353513,6.305737365360869,278515.0,0.9094662765021633,-0.0016569416451024388,-0.0016569416451024388,0.006789947544430329,NIFTY,2025-03-04 00:00:00+05:30
22073.05078125,22394.900390625,22067.80078125,22337.30078125,305900,0.0,0.0,22858.777734375,23200.768125,24069.06626953125,22521.95866456097,22831.05884810929,-309.10018354831845,-244.5467956517317,-64.55338789658674,33.63870834413679,23798.389326680135,22858.777734375,21919.166142069862,8.221013417459762,249.5609149383218,29.32575791338879,15.628963601221466,274975.0,1.1124647695245022,0.011531695069225467,0.011531695069225467,0.006154994608080386,NIFTY,2025-03-05 00:00:00+05:30
22476.349609375,22556.44921875,22245.849609375,22544.69921875,372100,0.0,0.0,22801.19765625,23176.658125,24069.14451171875,22525.457211359284,22809.847023712307,-284.38981235302344,-252.51539899199008,-31.874413361033362,41.42319750114419,23666.673349029847,22801.19765625,21935.72196347015,7.591493270026664,253.9208216837988,49.619348490341295,29.41128602436122,280230.0,1.327837847482425,0.009284847776867,0.009284847776867,0.006741872511035127,NIFTY,2025-03-06 00:00:00+05:30
22508.650390625,22633.80078125,22464.75,22552.5,289800,0.0,0.0,22748.65517578125,23151.4401171875,24068.9180078125,22529.61764038093,22790.7842812151,-261.1666408341698,-254.24564736042603,-6.920993473743778,41.70021013694144,23537.12577094756,22748.65517578125,21960.184580614936,6.932019401355531,247.85867593852748,54.16691410277866,44.3706735021696,279370.0,1.0373340015033825,0.00034601398645017767,0.00034601398645017767,0.006760879062844244,NIFTY,2025-03-07 00:00:00+05:30
22521.849609375,22676.75,22429.05078125,22460.30078125,293900,0.0,0.0,22693.67275390625,23127.748125,24066.381259765625,22518.95350820694,22766.304021958425,-247.35051375148396,-252.86662063863764,5.516106887153683,39.332650351402414,23396.939175057392,22693.67275390625,21990.406332755105,6.1979074852931495,247.84728613934695,45.67202748250402,49.819430025208014,275660.0,1.0661684684031052,-0.004088203913091726,-0.004088203913091726,0.006772330446531681,NIFTY,2025-03-10 00:00:00+05:30
22345.94921875,22522.099609375,22314.69921875,22497.900390625,347900,0.0,0.0,22649.48779296875,23104.8101171875,24064.085263671874,22515.71456704049,22746.422271489282,-230.70770444879236,-248.43483740066858,17.72713295187623,40.80856868752832,23281.7781597912,22649.48779296875,22017.1974261463,5.58326415680567,244.95822217403648,49.13631300398237,49.65841819642171,281345.0,1.2365600952567133,0.0016740474556060647,0.0016740474556060647,0.006713606127342399,NIFTY,2025-03-11 00:00:00+05:30
22536.349609375,22577.400390625,22329.55078125,22470.5,369700,0.0,0.0,22619.42275390625,23079.362109375,24061.775517578124,22508.75847980349,22725.9835847123,-217.22510490880813,-242.19289090229648,24.96778599348835,40.04402357092675,23225.156322130188,22619.42275390625,22013.68918568231,5.3558711450258585,245.16474983124817,52.73915982538441,49.182500103956954,286430.0,1.2907167545299025,-0.0012179087892316698,-0.0012179087892316698,0.00615955345806249,NIFTY,2025-03-12 00:00:00+05:30
22541.5,22558.05078125,22377.349609375,22397.19921875,287500,0.0,0.0,22587.02021484375,23043.5330859375,24059.32076171875,22491.595516564492,22701.62918723361,-210.0336706691196,-235.76104685566114,25.727376186541534,37.993352944622536,23166.954994568874,22587.02021484375,22007.085435118624,5.135115426549298,240.560208548659,45.2320611341762,49.03584465451436,286820.0,1.0023708249076075,-0.003262089461738671,-0.003262089461738671,0.006174908957813688,NIFTY,2025-03-13 00:00:00+05:30
22353.150390625,22577.0,22353.150390625,22508.75,251100,0.0,0.0,22560.8876953125,23013.6130859375,24058.341015625,22494.234667862263,22687.34184003112,-193.10717216885678,-227.23027191830028,34.1230997494435,42.79449669625264,23104.324178820447,22560.8876953125,22017.451211804553,4.817509761558338,239.36659432196907,76.40947723800878,58.126899399189824,286090.0,0.8776958299835717,0.004980568336268254,0.004980568336268254,0.006337250238334566,NIFTY,2025-03-17 00:00:00+05:30
22662.25,22857.80078125,22599.19921875,22834.30078125,272600,0.0,0.0,22556.140234375,22997.9780859375,24060.069267578125,22546.552531460376,22698.227687528815,-151.6751560684388,-212.11924874832798,60.44409267988917,53.99095131343237,23088.16076374911,22556.140234375,22024.119705000892,4.717301132605329,247.2011791025427,97.36901375188873,73.00351737469126,286995.0,0.9498423317479399,0.01446329899483545,0.01446329899483545,0.007172108190024428,NIFTY,2025-03-18 00:00:00+05:30
22874.94921875,22940.69921875,22807.94921875,22907.599609375,324000,0.0,0.0,22553.54521484375,22981.9720703125,24061.95376953125,22602.098235754933,22713.73671877668,-111.63848302174665,-192.02309560301174,80.38461258126509,56.075502151883626,23078.124880404765,22553.54521484375,22028.965549282737,4.651859923252851,239.0260948809325,96.60899266252204,90.12916121747321,292825.0,1.1064629044651242,0.0032100316461272094,0.0032100316461272094,0.007205336499345618,NIFTY,2025-03-19 00:00:00+05:30
23036.599609375,23216.69921875,22973.94921875,23190.650390625,313700,0.0,0.0,22565.8126953125,22972.00609375,24061.58751953125,22692.64472111956,22749.06365743211,-56.41893631255152,-164.9022637449197,108.48332743236818,63.03950616692797,23135.960024913624,22565.8126953125,21995.665365711375,5.05319562206203,244.03134591622305,97.91958819170924,97.29919820204002,297980.0,1.0527552184710383,0.012356195589090069,0.012356195589090069,0.007720757270574627,NIFTY,2025-03-20 00:00:00+05:30
23168.25,23402.69921875,23132.80078125,23350.400390625,541000,0.0,0.0,22586.6876953125,22968.4841015625,24068.917021484376,22793.837901043473,22793.607119150103,0.23078189336956711,-131.87565461726186,132.10643651063143,66.28810828496115,23234.368025466567,22586.6876953125,21939.00736515843,5.735062519047299,245.87899531506426,96.36333757522338,96.96397280981824,314680.0,1.7192068132706242,0.0068885519512889015,0.0068885519512889015,0.00784275613155177,NIFTY,2025-03-21 00:00:00+05:30
23515.400390625,23708.75,23433.5,23658.349609375,311900,0.0,0.0,22623.94765625,22973.02109375,24074.107021484375,22926.839702325247,22857.662118426022,69.17758389922528,-91.66500691396445,160.84259081318973,71.49017819078647,23412.815747020886,22623.94765625,21835.07956547911,6.973743952708962,253.91261060505965,97.11031853125122,97.13108143272797,318235.0,0.9800933272581582,0.013188177230298859,0.013188177230298859,0.008290146758619532,NIFTY,2025-03-24 00:00:00+05:30
23751.5,23869.599609375,23601.400390625,23668.650390625,338200,0.0,0.0,22667.58515625,22984.6751171875,24078.343271484377,23040.96442360213,22917.735323774094,123.22909982803685,-48.68618556556419,171.91528539360104,71.64777807768957,23577.015280603606,22667.58515625,21758.155031896393,8.024058302503871,254.93308261541253,88.8472999530634,94.10698535317935,323005.0,1.0470426154393895,0.00043539728764163677,0.00043539728764163677,0.008143835151219395,NIFTY,2025-03-25 00:00:00+05:30
23700.94921875,23736.5,23451.69921875,23486.849609375,278600,0.0,0.0,22714.26015625,22990.89109375,24079.326767578124,23109.562144490264,22959.89193752231,149.6702069679559,-9.014907058860175,158.68511402681605,64.83561129118522,23688.928215323802,22714.26015625,21739.592097176195,8.581992566512152,257.0664896607402,76.42802155504233,87.461880013119,326220.0,0.8540248911777328,-0.007681079328545448,-0.007681079328545448,0.007927812463540164,NIFTY,2025-03-26 00:00:00+05:30
23433.94921875,23646.44921875,23412.19921875,23591.94921875,510300,0.0,0.0,22766.480078125,22998.46609375,24080.990517578124,23183.775540530223,23006.710995391026,177.06454513919743,28.20098338075135,148.86356175844608,66.80078267379496,23809.35080806233,22766.480078125,21723.609348187674,9.161457777914132,255.43674039925878,82.14352557250326,82.47294902686968,339220.0,1.5043334709038383,0.004474827877002596,0.004474827877002596,0.007925637479563347,NIFTY,2025-03-27 00:00:00+05:30
23600.400390625,23649.19921875,23450.19921875,23519.349609375,295400,0.0,0.0,22815.19501953125,23002.6170703125,24082.263017578123,23235.4023203525,23044.684226056503,190.7180942959967,60.70440556380042,130.01368873219627,64.13449559532964,23902.229102165813,22815.19501953125,21728.160936896686,9.529036080594478,251.4055446564546,77.47444131394067,78.68199614716211,339530.0,0.8700262127057992,-0.0030773044101545244,-0.0030773044101545244,0.008000462065294237,NIFTY,2025-03-28 00:00:00+05:30
23341.099609375,23565.150390625,23136.400390625,23165.69921875,314300,0.0,0.0,22867.24501953125,23001.8670703125,24081.476767578126,23224.678766259807,23053.648299589357,171.03046667045055,82.76961778513045,88.2608488853201,53.03057738437465,23916.063419142854,22867.24501953125,21818.426619919643,9.173106762233884,264.0730057524221,54.73019398097497,71.44938695580632,327680.0,0.95916748046875,-0.015036571865236992,-0.015036571865236992,0.0075339629842573275,NIFTY,2025-04-01 00:00:00+05:30
23192.599609375,23350.0,23158.44921875,23332.349609375,341000,0.0,0.0,22927.8974609375,23001.6190625,24081.144013671874,23241.24351135445,23074.29284105496,166.95067029948768,99.6058282880019,67.34484201148578,56.824101362189715,23936.205697516383,22927.8974609375,21919.589224358617,8.795470568522461,258.8928468593919,65.11474245565977,65.77312591685849,330610.0,1.0314267566014337,0.0071938424586863725,0.0071938424586863725,0.007583706294406257,NIFTY,2025-04-02 00:00:00+05:30
23150.30078125,23306.5,23145.80078125,23250.099609375,283200,0.0,0.0,22986.269921875,23006.128046875,24080.066513671874,23242.605987972995,23087.315564634224,155.29042333877078,110.74274729815569,44.54767604061509,54.48515606278791,23924.84887224966,22986.269921875,22047.69097150034,8.166431122271444,253.7254169497925,59.147989109015455,59.66430851521674,332105.0,0.8527423555803134,-0.0035251486188494496,-0.0035251486188494496,0.00765140451080547,NIFTY,2025-04-03 00:00:00+05:30
23190.400390625,23214.69921875,22857.44921875,22904.44921875,466800,0.0,0.0,23014.62734375,23001.1100390625,24076.7992578125,23190.581869630994,23073.76990938354,116.81196024745441,111.95658988801544,4.855370359438965,45.92930540883512,23906.154465592106,23014.62734375,22123.10022190789,7.747482577285497,263.6486293551645,36.35458552179099,53.53910569548875,340150.0,1.3723357342348963,-0.014866619775066536,-0.014866619775066536,0.008281772449566757,NIFTY,2025-04-04 00:00:00+05:30
21758.400390625,22254.0,21743.650390625,22161.599609375,647100,0.0,0.0,22995.47236328125,22980.2350390625,24070.027255859375,23032.276906514686,23006.201739012537,26.07516750214927,94.78030541084222,-68.70513790869295,33.68632486681098,23941.367563851814,22995.47236328125,22049.577162710684,8.226795132775383,327.7307864101527,19.659416841374167,38.38733049072689,353900.0,1.8284826222096637,-0.03243254628305536,-0.03243254628305536,0.010976520815919742,NIFTY,2025-04-07 00:00:00+05:30
22446.75,22697.19921875,22270.849609375,22535.849609375,468300,0.0,0.0,22994.63984375,22969.108046875,24064.87150390625,22955.903476185504,22971.360840520865,-15.45736433536149,72.73277146160147,-88.19013579696296,42.065143844970315,23942.12106802984,22994.63984375,22047.15861947016,8.240887708770682,342.57855947907035,37.26331803991967,31.092440134361624,362825.0,1.2907048852752705,0.016887318902814252,0.016887318902814252,0.01166868165359686,NIFTY,2025-04-08 00:00:00+05:30
22460.30078125,22468.69921875,22353.25,22399.150390625,383800,0.0,0.0,22991.58232421875,22960.508046875,24059.3617578125,22870.249155330042,22928.97488126932,-58.72572593927907,46.44107198142537,-105.16679792070444,40.07343790123171,23946.308027064355,22991.58232421875,22036.856621373146,8.305002147154704,331.15149161449386,30.833285866791122,29.252006916028336,367320.0,1.0448655123597952,-0.006065856008070525,-0.006065856008070525,0.01171369382275586,NIFTY,2025-04-09 00:00:00+05:30
22695.400390625,22923.900390625,22695.400390625,22828.55078125,402200,0.0,0.0,23008.11484375,22957.9340625,24055.815263671873,22863.83402085619,22921.536059045666,-57.7020381894763,25.612449947245036,-83.31448813672134,48.346785658237444,23939.232106695443,23008.11484375,22076.99758080456,8.093816197187255,344.97995649917283,51.03134077976198,39.70931489549094,370035.0,1.086924209872039,0.019170387409190415,0.019170387409190415,0.012479180681693219,NIFTY,2025-04-11 00:00:00+05:30
23368.349609375,23368.349609375,23207.0,23328.55078125,388300,0.0,0.0,23051.0173828125,22961.2430859375,24053.851513671874,22935.328907070623,22951.68529772747,-16.35639065684518,17.218681826426995,-33.57507248327217,55.969472182238704,23957.85074120158,23051.0173828125,22144.184024423423,7.868054961124961,358.8955901867319,74.55024685664308,52.138291167732085,370965.0,1.0467294758265604,0.02190239778210845,0.02190239778210845,0.013324271233649347,NIFTY,2025-04-15 00:00:00+05:30
23344.099609375,23452.19921875,23273.05078125,23437.19921875,348400,0.0,0.0,23103.0173828125,22964.9970703125,24051.693505859374,23012.539724252067,22987.649291877286,24.890432374781085,18.753031936097813,6.137400438683272,57.43927111816953,23972.420847055204,23103.0173828125,22233.613918569798,7.526319613034584,346.05650785196536,79.66083165056786,68.41413976232433,374010.0,0.9315258950295446,0.004657316201027051,0.004657316201027051,0.013278503260571705,NIFTY,2025-04-16 00:00:00+05:30
23401.849609375,23872.349609375,23298.55078125,23851.650390625,505300,0.0,0.0,23170.16240234375,22971.8620703125,24050.7292578125,23141.633672924825,23051.649373266006,89.98429965881951,32.99928548064216,56.98501417817735,62.57186388467556,24052.935363341156,23170.16240234375,22287.389441346346,7.619911726713741,362.3238164428964,99.02761185950193,84.4128967889043,386720.0,1.3066301199834505,0.017683476937954135,0.017683476937954135,0.013707518639145858,NIFTY,2025-04-17 00:00:00+05:30
23949.150390625,24189.55078125,23903.650390625,24125.55078125,406100,0.0,0.0,23234.72490234375,22984.730078125,24051.304013671874,23293.00553574408,23131.197625709265,161.807910034815,58.761010391476724,103.04689964333826,65.53034405201471,24195.249561188182,23234.72490234375,22274.20024349932,8.2680097387126,360.57928602733233,97.38337668020708,92.02394006342564,393395.0,1.032295784135538,0.011483498464016417,0.011483498464016417,0.013591971350893238,NIFTY,2025-04-21 00:00:00+05:30
24185.400390625,24242.599609375,24072.0,24167.25,440900,0.0,0.0,23297.707421875,23000.8540625,24051.430517578126,23427.504684091142,23207.942246027098,219.56243806404382,90.92129592599015,128.64114213805368,65.97134066227866,24326.910438424202,23297.707421875,22268.504405325795,8.835229989907505,347.00930912359433,96.98474827701018,97.79857893890642,399240.0,1.1043482616972247,0.0017284255654137493,0.0017284255654137493,0.013593899162196879,NIFTY,2025-04-22 00:00:00+05:30
24357.599609375,24359.30078125,24119.94921875,24328.94921875,415000,0.0,0.0,23354.62236328125,23012.648046875,24052.456015625,23566.188458654044,23290.979799562127,275.20865909191707,127.77876855917555,147.42989053274152,67.69719155420327,24475.64925599581,23354.62236328125,22233.59547056669,9.600042983157516,339.3194700790519,98.83961699893892,97.73591398538542,404305.0,1.0264528017214727,0.006690840652122221,0.006690840652122221,0.013441766843385581,NIFTY,2025-04-23 00:00:00+05:30
24277.900390625,24347.849609375,24216.150390625,24246.69921875,358800,0.0,0.0,23399.4373046875,23023.656015625,24052.25701171875,23670.88242174573,23361.77383061308,309.10859113264814,164.04473307387008,145.06385805877807,65.8672360069573,24585.95508226113,23399.4373046875,22212.91952711387,10.141421454916273,324.48945212697674,95.69508360507253,97.17314962700722,395195.0,0.9079062235099128,-0.0033807460922566923,-0.0033807460922566923,0.013460826046709526,NIFTY,2025-04-24 00:00:00+05:30
24289.0,24365.44921875,23847.849609375,24039.349609375,387700,0.0,0.0,23418.4873046875,23032.376015625,24050.9430078125,23727.569681381,23411.964629039892,315.6050523411068,194.35679692731742,121.24825541378937,61.36389528963377,24632.92678927808,23418.4873046875,22204.04782009692,10.371630488255283,338.2830347875498,87.56198965851958,94.03223008751036,398985.0,0.9717157286614785,-0.00855166336268387,-0.00855166336268387,0.013384938667871965,NIFTY,2025-04-25 00:00:00+05:30
24070.25,24355.099609375,24054.05078125,24328.5,320500,0.0,0.0,23451.47978515625,23047.74703125,24050.966259765624,23820.020499630074,23479.856137999897,340.16436163017715,223.51830986788937,116.64605176228778,64.96152009314287,24725.692308197657,23451.47978515625,22177.267262114845,10.866798468281955,336.6735323027248,98.59069207165584,93.94925511174934,398100.0,0.805074101984426,0.012028211882747275,0.012028211882747275,0.013613530051535108,NIFTY,2025-04-28 00:00:00+05:30
24370.69921875,24457.650390625,24290.75,24335.94921875,357600,0.0,0.0,23493.934765625,23066.8340234375,24051.043251953124,23899.39414872545,23543.27044027768,356.1237084477689,250.0393895838653,106.08431886390358,65.05180577924877,24825.33060582746,23493.934765625,22162.538925422537,11.33395366493045,324.5468793257445,95.5158005941415,93.88949410810567,402050.0,0.8894416117398334,0.0003061930965739812,0.0003061930965739812,0.013447268595273476,NIFTY,2025-04-29 00:00:00+05:30
24342.05078125,24396.150390625,24198.75,24334.19921875,424500,0.0,0.0,23531.047265625,23092.0819921875,24050.548251953125,23966.287236421533,23601.857757201557,364.4294792199762,272.9174075110875,91.5120717088887,65.0094256790006,24911.769191400148,23531.047265625,22150.32533984985,11.735320661160353,315.4649872756913,94.35471338159876,96.15373534913205,397760.0,1.0672264682220434,-7.191007773188485e-05,-7.191007773188485e-05,0.013439229469728494,NIFTY,2025-04-30 00:00:00+05:30
24311.900390625,24589.150390625,24238.5,24346.69921875,421100,0.0,0.0,23572.41474609375,23118.1109765625,24050.659501953123,24024.81215677976,23657.03119879774,367.7809579820205,291.8901176052741,75.89084037674638,65.18390314793311,24998.099920755354,23572.41474609375,22146.729571432144,12.096216616058472,317.97823037207047,89.15644127566758,93.00898508380264,404045.0,1.0422106448539148,0.0005136803511647248,0.0005136803511647248,0.01339686376923713,NIFTY,2025-05-02 00:00:00+05:30
24419.5,24526.400390625,24400.650390625,24461.150390625,291500,0.0,0.0,23637.1873046875,23146.7059765625,24051.3855078125,24091.941115832873,23716.595583377537,375.34553245533607,308.5812005752865,66.76433188004955,66.81552010810762,25100.29460936421,23637.1873046875,22174.080000010792,12.379707329954265,308.10129762227973,93.24092409240924,92.25069291655855,402905.0,0.7234956131097902,0.004700890697612925,0.004700890697612925,0.012803965388461534,NIFTY,2025-05-05 00:00:00+05:30
24500.75,24509.650390625,24331.80078125,24379.599609375,302400,0.0,0.0,23689.5498046875,23175.71296875,24050.77275390625,24136.196268685508,23765.706992710682,370.48927597482543,320.9628156551943,49.526460319631155,64.49617871491148,25179.97446273196,23689.5498046875,22199.12514664304,12.582971566218164,298.7976056046169,84.83878580280671,89.0787170569612,400975.0,0.7541617307812207,-0.0033338898599493128,-0.0033338898599493128,0.01283031134186956,NIFTY,2025-05-06 00:00:00+05:30
24233.30078125,24449.599609375,24220.0,24414.400390625,330100,0.0,0.0,23747.76484375,23204.8109765625,24049.911259765624,24178.996902830044,23813.75835551915,365.2385473108952,329.81796198633447,35.42058532456076,65.05366541032495,25255.832507274918,23747.76484375,22239.69718022508,12.70071245397072,293.85489158821565,86.72212963553825,88.26727984358475,403320.0,0.8184568084895368,0.0014274549954715887,0.0014274549954715887,0.012760050886517346,NIFTY,2025-05-07 00:00:00+05:30
24431.5,24447.25,24150.19921875,24273.80078125,411400,0.0,0.0,23816.232421875,23231.3809765625,24048.215263671875,24193.582114894652,23847.83557223995,345.74654265470235,333.00367812000803,12.74286453469432,60.89350403072259,25288.857069769627,23816.232421875,22343.607773980373,12.366562618376483,294.08316942120024,75.56565126129902,82.37552223321468,400550.0,1.0270877543377857,-0.005758880297096702,-0.005758880297096702,0.012259447133412307,NIFTY,2025-05-08 00:00:00+05:30
23935.75,24164.25,23935.75,24008.0,335600,0.0,0.0,23908.55244140625,23252.88296875,24044.251015625,24165.031020295475,23859.699603925877,305.3314163695977,327.469225769926,-22.137809400328308,53.8787458150248,25171.218043030618,23908.55244140625,22645.88683978188,10.562459644671833,297.22371312325737,21.603968952379947,61.2972499497391,384975.0,0.8717449185012014,-0.0109501096942064,-0.0109501096942064,0.00965876935871112,NIFTY,2025-05-09 00:00:00+05:30
24420.099609375,24944.80078125,24378.849609375,24924.69921875,368700,0.0,0.0,24027.994921875,23293.1139453125,24046.220009765624,24281.90305082694,23938.58846428322,343.3145865437182,330.6382979246845,12.676288619033699,67.69893245502726,25197.142747674297,24027.994921875,22858.847096075704,9.73154713575296,342.90778941802466,98.16750617389462,65.11237546252455,379995.0,0.9702759246832195,0.038183073090219954,0.038183073090219954,0.012030654679017216,NIFTY,2025-05-12 00:00:00+05:30
24864.05078125,24973.80078125,24547.5,24578.349609375,423000,0.0,0.0,24136.9548828125,23328.7629296875,24046.5655078125,24327.510213680485,23985.978178734462,341.5320349460235,332.8170453289523,8.714989617071183,60.34187534711952,25058.566895123142,24136.9548828125,23215.34287050186,7.636522641610477,348.8644316917372,64.87847948002296,61.549984868765854,381955.0,1.107460302915265,-0.01389583907654357,-0.01389583907654357,0.012530763373035037,NIFTY,2025-05-13 00:00:00+05:30
24613.80078125,24767.55078125,24535.55078125,24666.900390625,345500,0.0,0.0,24228.87236328125,23371.0339453125,24047.504755859376,24379.724087056566,24036.416861096724,343.30722595984116,334.9150814551301,8.392144504711041,61.49403508815213,24956.442014947264,24228.87236328125,23501.302711615237,6.005806962511737,340.5169722851846,72.74301068367544,78.59633211253102,379120.0,0.9113209537877189,0.0036027960647213586,0.0036027960647213586,0.01206103837712561,NIFTY,2025-05-14 00:00:00+05:30
24694.44921875,25116.25,24494.44921875,25062.099609375,500800,0.0,0.0,24315.5498046875,23421.324921875,24050.74775390625,24484.70493664402,24112.393360969192,372.3115756748266,342.39438029906944,29.91719537575716,66.21196820845032,25005.508804297493,24315.5498046875,23625.590805077507,5.675043378842162,360.60867292552854,95.73081252377118,77.78410089582322,384745.0,1.301641346866106,0.01602143814146184,0.01602143814146184,0.011665481199638927,NIFTY,2025-05-15 00:00:00+05:30
25064.650390625,25070.0,24953.05078125,25019.80078125,432700,0.0,0.0,24394.6798828125,23470.819921875,24053.816259765626,24567.02737427571,24179.60872543444,387.4186488412706,351.3992340075097,36.01941483376095,65.28989232498522,25023.878644191645,24394.6798828125,23765.481121433353,5.158491641634159,343.2044261987051,91.82979934349852,86.7678741836484,388960.0,1.1124537227478404,-0.0016877607536591732,-0.0016877607536591732,0.011722903912665674,NIFTY,2025-05-16 00:00:00+05:30
25005.349609375,25062.94921875,24916.650390625,24945.44921875,255300,0.0,0.0,24449.36982421875,23527.234921875,24054.3692578125,24625.246119579446,24236.33765086522,388.908468714224,358.90108094885255,30.007387765371448,63.612934865248775,25070.35314844067,24449.36982421875,23828.38649999683,5.0797491198059035,329.13974062201186,85.53148824650572,91.03070003792516,376460.0,0.678159698241513,-0.0029717088137536374,-0.0029717088137536374,0.011294497789405557,NIFTY,2025-05-19 00:00:00+05:30
24996.19921875,25010.349609375,24669.69921875,24683.900390625,414800,0.0,0.0,24477.2873046875,23578.5269140625,24053.60826171875,24634.269853586455,24269.490446402982,364.77940718347236,360.07674619577654,4.702660987695822,57.972110625960745,25087.641225701158,24477.2873046875,23866.93338367384,4.987104276843402,329.9619299079396,63.37572135747565,80.24566964915998,376895.0,1.1005717772854509,-0.010484831354666824,-0.010484831354666824,0.011422317356106963,NIFTY,2025-05-20 00:00:00+05:30
24744.25,24946.19921875,24685.349609375,24813.44921875,332700,0.0,0.0,24509.597265625,23633.142890625,24053.38900390625,24661.83590976546,24309.78368879906,352.05222096640136,358.47184114990154,-6.419620183500172,59.870253692862256,25119.295974027173,24509.597265625,23899.89855722283,4.97518340913158,325.1288512091582,74.34978557814486,74.41899839404209,371485.0,0.8955947077270953,0.00524831270888626,0.00524831270888626,0.01145785584560641,NIFTY,2025-05-21 00:00:00+05:30
24733.94921875,24737.5,24462.400390625,24609.69921875,403300,0.0,0.0,24523.634765625,23678.590859375,24051.681748046874,24653.814880378464,24331.99965398061,321.81522639785544,351.14051819949236,-29.325291801636922,55.61584948411546,25128.96248367384,24523.634765625,23918.30704757616,4.93668841372025,326.98027813171836,57.09014983058026,64.93855225540027,370900.0,1.0873550822324076,-0.008211272774042211,-0.008211272774042211,0.011578345412197997,NIFTY,2025-05-22 00:00:00+05:30
24639.5,24909.05078125,24614.05078125,24853.150390625,270500,0.0,0.0,24553.95732421875,23724.7598828125,24050.892998046875,24684.481881954853,24370.603412250563,313.8784697042902,343.68810850045196,-29.809638796161778,59.33424377417408,25161.51083297232,24553.95732421875,23946.403815465183,4.948721713011278,325.00679844373843,77.71286663490046,69.71760068120854,366485.0,0.7380929642413742,0.009892488718005854,0.009892488718005854,0.011715543264284086,NIFTY,2025-05-23 00:00:00+05:30
24919.349609375,25079.19921875,24900.5,25001.150390625,302800,0.0,0.0,24602.04736328125,23773.732890625,24052.31025390625,24733.200114057952,24417.310595833856,315.8895182240958,338.1283904451808,-22.23887222108499,61.44871101091153,25191.0318845241,24602.04736328125,24013.0628420384,4.788093548034671,317.93837199239994,90.24992720245659,75.01764788931246,362240.0,0.8359098939929329,0.005954979456279652,0.005954979456279652,0.011520934886976157,NIFTY,2025-05-26 00:00:00+05:30
24956.650390625,25062.900390625,24704.099609375,24826.19921875,525700,0.0,0.0,24626.93232421875,23821.050859375,24056.163251953127,24747.50766862596,24447.598641975794,299.9090266501662,330.48451768617787,-30.57549103601167,57.63376066380722,25209.60624676087,24626.93232421875,24044.258401676627,4.732005715296551,320.85711551079993,75.42983640406608,81.13087674714107,372500.0,1.4112751677852349,-0.0069977248703164685,-0.0069977248703164685,0.011436732628886665,NIFTY,2025-05-27 00:00:00+05:30
24832.5,24864.25,24737.05078125,24752.44921875,684400,0.0,0.0,24647.75732421875,23866.1418359375,24059.962744140626,24748.26790710658,24470.18016618129,278.08774092528984,320.00516233400026,-41.917421408710425,56.05392471943381,25216.959258631778,24647.75732421875,24078.555389805722,4.618691485198395,307.0244085993142,69.18248358746294,78.28741573132855,388840.0,1.760106984878099,-0.0029706520659956714,-0.0029706520659956714,0.01147173512017234,NIFTY,2025-05-28 00:00:00+05:30
24825.099609375,24892.599609375,24677.30078125,24833.599609375,345400,0.0,0.0,24672.72734375,23913.403828125,24062.6432421875,24761.39586130172,24497.10012493638,264.2957363653404,308.86327714026834,-44.56754077492792,57.43649028891688,25228.3716261172,24672.72734375,24117.0830613828,4.504117235405304,300.4725814225775,61.669346230555504,68.76055540736154,384885.0,0.897410914948621,0.003278479228775888,0.003278479228775888,0.011481092438887385,NIFTY,2025-05-29 00:00:00+05:30
24812.599609375,24863.94921875,24717.400390625,24750.69921875,853900,0.0,0.0,24692.92734375,23960.473828125,24065.81173828125,24759.75022398607,24515.885242996646,243.8649809894232,295.8636179100993,-51.99863692067612,55.51504944363494,25228.712247911517,24692.92734375,24157.142439588486,4.339581911069992,289.4780276156077,44.09252892275615,58.31478624692489,406525.0,2.1004858249800136,-0.00333823496911434,-0.00333823496911434,0.01152328844728069,NIFTY,2025-05-30 00:00:00+05:30
24669.69921875,24754.400390625,24526.150390625,24716.599609375,311100,0.0,0.0,24705.6998046875,24004.6308203125,24067.557236328124,24753.11166789206,24530.752973839488,222.35869405257108,281.1626331385937,-58.80393908602264,54.70438932267897,25230.848245155288,24705.6998046875,24180.551364219715,4.25123307268672,285.10459707163574,38.87732210974069,48.2130657543508,407505.0,0.763426215629256,-0.0013777230725331435,-0.0013777230725331435,0.011497492286597405,NIFTY,2025-06-02 00:00:00+05:30
24786.30078125,24845.099609375,24502.150390625,24542.5,349300,0.0,0.0,24713.84482421875,24038.7948046875,24068.534736328125,24720.709872831743,24531.623123925452,189.08674890629118,262.7474562921332,-73.66070738584204,50.6386175612061,25223.328962270694,24713.84482421875,24204.36068616681,4.1230665780717795,289.2363557629475,12.25046374984691,31.740104927447934,409850.0,0.852263023057216,-0.007043833380258491,-0.007043833380258491,0.011593513709590416,NIFTY,2025-06-03 00:00:00+05:30
24560.44921875,24644.25,24530.44921875,24620.19921875,280900,0.0,0.0,24724.134765625,24073.046796875,24070.940732421874,24705.246695280704,24538.18431613468,167.0623791460239,243.6104408629114,-76.5480617168875,52.341046002107596,25217.055714127517,24724.134765625,24231.213817122483,3.9873666211190963,276.70524329773696,25.58351620165864,25.570434020415433,407390.0,0.6895112791182896,0.003165904807986175,0.003165904807986175,0.0116081616635878,NIFTY,2025-06-04 00:00:00+05:30
24691.19921875,24899.849609375,24613.099609375,24750.900390625,388400,0.0,0.0,24747.98974609375,24104.251796875,24073.976484375,24712.270340718285,24553.941062393224,158.32927832506175,226.55420835534147,-68.22493003027972,55.14359691077222,25195.514003916363,24747.98974609375,24300.465488271137,3.616651392004485,277.4227259193272,46.773759424447675,28.20257979198443,406240.0,0.956085072863332,0.005308696762106768,0.005308696762106768,0.01155864192458059,NIFTY,2025-06-05 00:00:00+05:30
24748.69921875,25029.5,24671.44921875,25003.05078125,335600,0.0,0.0,24797.74228515625,24137.3048046875,24076.285986328126,24757.005793107783,24587.20844897521,169.79734413257393,215.20283551078796,-45.40549137821404,60.02718057973716,25104.12596982834,24797.74228515625,24491.358600484164,2.471061124427339,283.181872728661,87.65425061985238,53.337175415319585,406240.0,0.8261126427727452,0.01018752395450262,0.01018752395450262,0.011369793206619376,NIFTY,2025-06-06 00:00:00+05:30
25160.099609375,25160.099609375,25077.150390625,25103.19921875,279200,0.0,0.0,24806.66728515625,24166.201796875,24078.93873046875,24810.26632012966,24625.429987477048,184.83633265261233,209.12953493915285,-24.29320228654052,61.80579135541008,25136.802885768848,24806.66728515625,24476.531684543654,2.661668307295295,274.1723695426852,91.84456724389875,75.42419242939962,401765.0,0.6949336054658818,0.004005448710087123,0.004005448710087123,0.007605207325541526,NIFTY,2025-06-09 00:00:00+05:30
25196.05078125,25199.30078125,25055.44921875,25104.25,307300,0.0,0.0,24832.9623046875,24194.9137890625,24080.965732421875,24855.49457857125,24660.89813655282,194.59644201843184,206.22291635500866,-11.62647433657682,61.82498459031922,25169.873427690545,24832.9623046875,24496.051181684452,2.7134187123495206,264.8637404682077,87.10127142565592,88.86669642980236,395980.0,0.7760492954189605,4.18584595869298e-05,4.18584595869298e-05,0.006826518088361226,NIFTY,2025-06-10 00:00:00+05:30
25134.150390625,25222.400390625,25081.30078125,25141.400390625,301200,0.0,0.0,24856.6873046875,24228.0048046875,24082.82173828125,24899.480088117984,24696.49089611372,202.98919200426462,205.57617148485988,-2.586979480595261,62.54168014306887,25209.91400386823,24856.6873046875,24503.46060550677,2.8421059882273068,256.0234453901215,88.75390489413398,89.23324785456289,393765.0,0.7649232410193897,0.0014798446727146697,0.0014798446727146697,0.006801705664565473,NIFTY,2025-06-11 00:00:00+05:30
25164.44921875,25196.19921875,24825.900390625,24888.19921875,328300,0.0,0.0,24847.99228515625,24253.9298046875,24083.205234375,24897.74456975368,24710.691512605295,187.05305714838323,201.87154861756454,-14.81849146918131,54.96730297548737,25188.91228268894,24847.99228515625,24507.072287623563,2.744044618336008,264.1859727283271,53.59928193335647,76.48481941771549,385140.0,0.8524173027989822,-0.010071084662786611,-0.010071084662786611,0.006243243573333362,NIFTY,2025-06-12 00:00:00+05:30
24473.0,24754.349609375,24473.0,24718.599609375,318700,0.0,0.0,24832.9322265625,24277.9148046875,24082.68248046875,24870.183806618494,24711.2772975512,158.90650906729206,193.27854070751005,-34.37203164021798,50.551073937068594,25168.73586606253,24832.9322265625,24497.128587062474,2.7045025246018706,274.9726331584466,32.77281576677187,58.37533419808745,379440.0,0.839921990301497,-0.006814458847919758,-0.006814458847919758,0.0064050914055957565,NIFTY,2025-06-13 00:00:00+05:30
24732.349609375,24967.099609375,24703.599609375,24946.5,305800,0.0,0.0,24832.984765625,24313.5308203125,24082.361982421877,24881.924759446418,24728.7012014363,153.22355801011872,185.2675441680318,-32.04398615791308,55.70147800480522,25168.85912663902,24832.984765625,24497.110404610976,2.7050663799299395,274.15315936141474,63.18384750308189,49.85198173440343,381965.0,0.8005969133297554,0.00921979376770854,0.00921979376770854,0.0067375874830123885,NIFTY,2025-06-16 00:00:00+05:30
24977.849609375,24982.05078125,24813.69921875,24853.400390625,242400,0.0,0.0,24841.459765625,24343.9518359375,24081.540234375,24877.53639501235,24737.93817841324,139.59821659911177,176.13367865424783,-36.535462055136065,53.260965990923815,25170.340311205884,24841.459765625,24512.579220044117,2.647835905649797,266.5959024427422,50.760634152825304,48.9057658075597,373345.0,0.6492654247411911,-0.0037319707924959866,-0.0037319707924959866,0.00634077332018003,NIFTY,2025-06-17 00:00:00+05:30
24788.349609375,24947.55078125,24750.44921875,24812.05078125,237600,0.0,0.0,24841.38984375,24375.190859375,24080.338740234376,24867.461685202758,24743.42800084559,124.03368435716766,165.71367979483182,-41.67999543766416,52.167704147410134,25170.294774133312,24841.38984375,24512.484913366687,2.6480396825789025,261.6320210182606,45.24294162259932,53.062474426168855,368590.0,0.6446186820043951,-0.0016637405234334324,-0.0016637405234334324,0.006248082027113887,NIFTY,2025-06-18 00:00:00+05:30
24803.25,24863.099609375,24733.400390625,24793.25,274600,0.0,0.0,24850.5673828125,24412.966875,24078.545244140623,24856.04450286387,24747.11851930147,108.92598356239978,154.35614054834542,-45.430156985945644,51.64859008825798,25162.927630133046,24850.5673828125,24538.207135491954,2.5139083748774724,252.20824942767058,42.7341650746821,46.24591361670226,362155.0,0.7582388756195552,-0.0007577278241026608,-0.0007577278241026608,0.005946556517302359,NIFTY,2025-06-19 00:00:00+05:30
24787.650390625,25136.19921875,24783.650390625,25112.400390625,574700,0.0,0.0,24863.5298828125,24471.982890625,24077.927744140627,24895.483870211738,24774.17643569581,121.30743451592934,147.74639934186223,-26.438964825932885,59.09057245226435,25196.105872461954,24863.5298828125,24530.95389316305,2.6752113735817837,259.375433620337,85.3215982569398,57.76623498474043,377365.0,1.5229287294794165,0.01287247095983779,0.01287247095983779,0.006227906229200581,NIFTY,2025-06-20 00:00:00+05:30
24939.75,25057.0,24824.849609375,24971.900390625,248500,0.0,0.0,24862.0673828125,24520.70390625,24076.39375,24907.240257967624,24788.822654579453,118.41760338817039,141.88064015112388,-23.463036762953493,55.071964062988286,25192.459855222067,24862.0673828125,24531.674910402933,2.65780369204511,261.3879584510272,66.57327603057652,64.87634645406617,374650.0,0.6632857333511277,-0.0055948454872697395,-0.0055948454872697395,0.006234596493177171,NIFTY,2025-06-23 00:00:00+05:30
25179.900390625,25317.69921875,24999.69921875,25044.349609375,450200,0.0,0.0,24872.97490234375,24573.607890625,24075.21625,24928.33400433799,24807.7505771569,120.58342718108906,137.62119755711691,-17.03777037602785,56.7069634822824,25212.196580426214,24872.97490234375,24533.753224261287,2.727632536231115,267.4173062848824,67.6394149174771,73.17809640166449,370875.0,1.213886080215706,0.0029012296868362597,0.0029012296868362597,0.006043165178291484,NIFTY,2025-06-24 00:00:00+05:30
25150.349609375,25266.80078125,25125.05078125,25244.75,260600,0.0,0.0,24897.58994140625,24621.931875,24075.44650390625,24977.013388285992,24840.12090477491,136.89248351108108,137.47545474790977,-0.5829712368286835,60.941142761338696,25268.24585037737,24897.58994140625,24526.934032435132,2.9774440806794322,264.2054395413194,91.3638822990802,75.19219108237796,349685.0,0.7452421465032816,0.008001820520425307,0.008001820520425307,0.006211534375192713,NIFTY,2025-06-25 00:00:00+05:30
25268.94921875,25565.30078125,25259.900390625,25549.0,428900,0.0,0.0,24933.3599609375,24666.340859375,24077.466005859376,25065.011328549685,24892.630467384177,172.38086116550767,144.45653603142935,27.924325134078316,66.32587616044496,25398.45767758947,24933.3599609375,24468.26224428553,3.7307263632388667,268.23010680622514,98.50766551394884,85.8369875768354,353860.0,1.2120612671678064,0.012052010814129765,0.012052010814129765,0.006673300395881266,NIFTY,2025-06-26 00:00:00+05:30
25576.650390625,25654.19921875,25523.55078125,25637.80078125,564000,0.0,0.0,24977.7150390625,24710.352890625,24081.3942578125,25153.13278281127,24947.828268411275,205.30451439999524,156.62613170514254,48.6783826948527,67.72446175241916,25526.36864447323,24977.7150390625,24429.06143365177,4.393144885772736,258.40284471292335,98.61171280511398,96.16108687271435,339365.0,1.6619274232758239,0.003475704773181043,0.003475704773181043,0.006589815157245392,NIFTY,2025-06-27 00:00:00+05:30
25661.650390625,25669.349609375,25473.30078125,25517.05078125,271000,0.0,0.0,25017.73759765625,24743.6608984375,24084.297509765624,25209.12016718646,24989.99289899192,219.12726819453746,169.12635900302155,50.000909191515916,63.84160323498923,25600.106821586094,25017.73759765625,24435.368373726407,4.655650589159603,253.94898638521454,87.26970553327097,94.79636128411128,337360.0,0.8032961821199905,-0.004709842354665206,-0.004709842354665206,0.006714862806485912,NIFTY,2025-06-30 00:00:00+05:30
25551.349609375,25593.400390625,25501.80078125,25541.80078125,260700,0.0,0.0,25067.70263671875,24771.9858984375,24086.801015625,25260.301800119312,25030.867556936963,229.43424318234975,181.1879358388872,48.24630734346255,64.29348643788433,25649.876306426555,25067.70263671875,24485.528967010945,4.644810720349353,242.35260231305637,89.33849878618388,91.73997237485628,332930.0,0.7830474874598264,0.0009699396772837598,0.0009699396772837598,0.00640274640782315,NIFTY,2025-07-01 00:00:00+05:30
25588.30078125,25608.099609375,25378.75,25453.400390625,309800,0.0,0.0,25109.3626953125,24797.70890625,24089.475771484376,25290.009275581728,25062.1662853583,227.84299022342748,190.51894671579527,37.32404350763221,61.34460656020463,25676.535181799492,25109.3626953125,24542.190208825505,4.517617538679112,241.4238171031952,81.94932174861354,86.18584202268949,334375.0,0.9265046728971963,-0.0034610085397696055,-0.0034610085397696055,0.006510719594039851,NIFTY,2025-07-02 00:00:00+05:30
25505.099609375,25587.5,25384.349609375,25405.30078125,293400,0.0,0.0,25142.08271484375,24819.2359375,24089.5577734375,25307.74643029992,25087.583655424354,220.16277487556727,196.4477123477497,23.715062527817565,59.73906851786323,25698.157400547603,25142.08271484375,24586.008029139895,4.423457610976281,238.69000092618126,72.65867687030806,81.31549913503518,329625.0,0.8901023890784983,-0.00188971251922454,-0.00188971251922454,0.006498845466703309,NIFTY,2025-07-03 00:00:00+05:30
25428.849609375,25470.25,25331.650390625,25461.0,193500,0.0,0.0,25164.98017578125,24843.521953125,24090.0802734375,25331.32390256147,25115.24412539292,216.0797771685502,200.3741253119098,15.7056518566404,61.0116094494705,25733.836530631597,25164.98017578125,24596.1238209309,4.521015720074477,231.540687243954,77.73921862414076,77.44907241435413,322520.0,0.5999627930050849,0.0021924250859925998,0.0021924250859925998,0.006162225622379297,NIFTY,2025-07-04 00:00:00+05:30
25450.44921875,25489.80078125,25407.25,25461.30078125,196100,0.0,0.0,25182.88525390625,24871.9609765625,24090.46802734375,25351.32034543663,25140.877951752704,210.44239368392664,202.38777898631318,8.05461469761346,61.01877467340441,25765.21934021557,25182.88525390625,24600.55116759693,4.624840088321435,220.8985511015287,77.7713551165887,76.05641687034586,318365.0,0.6159596689334569,1.1813410706551508e-05,1.1813410706551508e-05,0.006121755887695609,NIFTY,2025-07-07 00:00:00+05:30
25427.849609375,25548.05078125,25424.150390625,25522.5,210400,0.0,0.0,25203.79775390625,24895.8409765625,24090.9877734375,25377.655676907918,25169.146251622875,208.5094252850431,203.61210824605917,4.897317038983942,62.52775632585916,25803.126204736174,25203.79775390625,24604.469303076323,4.755858277247428,213.97011106749096,84.31008793712934,79.94022055928627,313520.0,0.6710895636642,0.0024036171315751087,0.0024036171315751087,0.006130632296030464,NIFTY,2025-07-08 00:00:00+05:30
25514.599609375,25548.69921875,25424.349609375,25476.099609375,239100,0.0,0.0,25220.53271484375,24918.643984375,24091.480517578126,25392.80089728747,25191.88353738229,200.91735990517918,203.0731585778832,-2.155798672704009,60.61196895138957,25830.553476960366,25220.53271484375,24610.511952727134,4.837493077674627,207.56864666088447,78.1810804493272,80.08750783434844,310415.0,0.7702591691767473,-0.00181801902732881,-0.00181801902732881,0.006156933263232376,NIFTY,2025-07-09 00:00:00+05:30
25511.650390625,25524.05078125,25340.44921875,25355.25,219600,0.0,0.0,25243.88525390625,24939.065,24091.177763671876,25387.02383616632,25203.984756835456,183.0390793308652,199.0663427284796,-16.027263397614405,55.81533787047571,25836.746624506046,25243.88525390625,24651.023883306454,4.697069128913556,205.85671207796415,62.80644057134399,75.09920298593353,304980.0,0.7200472162108991,-0.004743646446198069,-0.004743646446198069,0.0057704598380303885,NIFTY,2025-07-10 00:00:00+05:30
25255.5,25322.44921875,25129.0,25149.849609375,250000,0.0,0.0,25265.44775390625,24955.1280078125,24087.972265625,25350.53549358304,25199.97474591246,150.5607476705809,189.3652237168999,-38.804476046318996,48.75340513349062,25809.698043702065,25265.44775390625,24721.197464110435,4.308257625964053,207.3133755009667,22.422206083514894,54.46990903472871,301545.0,0.8290636555074699,-0.008100901810276007,-0.008100901810276007,0.0058678623326145615,NIFTY,2025-07-11 00:00:00+05:30
25149.5,25151.099609375,25001.94921875,25082.30078125,259500,0.0,0.0,25272.23779296875,24967.551015625,24083.688515625,25309.26861476257,25191.258155937463,118.0104588251088,175.09427073854167,-57.08381191343287,46.66247728261689,25803.638760407848,25272.23779296875,24740.836825529652,4.205412847032839,203.15887658125482,12.039483888337738,32.42271018106556,299230.0,0.8672258797580457,-0.002685854157148504,-0.002685854157148504,0.005573977635791285,NIFTY,2025-07-14 00:00:00+05:30
25089.5,25245.19921875,25088.44921875,25195.80078125,241300,0.0,0.0,25289.3578125,24983.8750390625,24079.965517578126,25291.812024991406,25191.594646701356,100.21737829004996,160.11889224884334,-59.90151395879337,50.503700541232284,25786.648650292027,25289.3578125,24792.06697470797,3.9328071632268022,200.28313093259376,29.04576701228238,21.169152328045023,299175.0,0.806551349544581,0.004525103218794291,0.004525103218794291,0.005566484024295596,NIFTY,2025-07-15 00:00:00+05:30
25196.599609375,25255.30078125,25121.05078125,25212.05078125,228800,0.0,0.0,25309.3578125,24999.828046875,24076.00501953125,25279.541064415804,25193.109915927183,86.43114848862024,145.38134349679873,-58.9501950081785,51.04727094755348,25758.0548732792,25309.3578125,24860.660751720796,3.545700875567822,195.5664787231228,31.480587283331722,24.188612727983966,298735.0,0.765896195624885,0.0006449487413033861,0.0006449487413033861,0.005538776355320903,NIFTY,2025-07-16 00:00:00+05:30
25230.75,25238.349609375,25101.0,25111.44921875,243400,0.0,0.0,25325.2677734375,25016.581015625,24070.48201171875,25253.680780467217,25187.06097539554,66.61980507167755,129.6290358117745,-63.00923074009694,47.564670806663734,25718.811484345297,25325.2677734375,24931.7240625297,3.1079135227985013,191.40813091254262,16.406942749532497,25.644432348382214,297175.0,0.8190460166568521,-0.003990217351728331,-0.003990217351728331,0.005633422968860478,NIFTY,2025-07-17 00:00:00+05:30
25108.55078125,25144.599609375,24918.650390625,24968.400390625,317000,0.0,0.0,25318.0677734375,25035.7890234375,24064.429267578125,25209.791489722258,25170.863895042166,38.927594680091715,111.48874758543795,-72.56115290534623,43.06557167403083,25731.68311846846,25318.0677734375,24904.452428406537,3.267353170330846,193.875351472361,7.215904905976805,18.367811646280362,284290.0,1.1150585669562771,-0.0056965580472427835,-0.0056965580472427835,0.005009092281805941,NIFTY,2025-07-18 00:00:00+05:30
24999.0,25111.400390625,24882.30078125,25090.69921875,305200,0.0,0.0,25324.00771484375,25039.1090234375,24060.828515625,25191.469601880373,25164.925770872378,26.543831007995323,94.49976426994944,-67.95593326195412,47.62671342785274,25720.630259055404,25324.00771484375,24927.385170632093,3.132383694380049,196.39136989397807,28.71297519704851,17.445274284185956,287125.0,1.06295167609926,0.004898144302865282,0.004898144302865282,0.004972012260252342,NIFTY,2025-07-21 00:00:00+05:30
25166.650390625,25182.0,25035.55078125,25060.900390625,483700,0.0,0.0,25324.83525390625,25048.7600390625,24057.148515625,25171.38203091801,25157.220187150353,14.161843767655228,78.4321801694906,-64.27033640183537,46.64614935509851,25719.182898648756,25324.83525390625,24930.487609163745,3.1143155782755114,192.82407338369393,25.3261212755704,20.41833379286526,288800.0,1.6748614958448753,-0.0011876443882732346,-0.0011876443882732346,0.004941187265904143,NIFTY,2025-07-22 00:00:00+05:30
25139.349609375,25233.5,25085.5,25219.900390625,271500,0.0,0.0,25323.5927734375,25059.8200390625,24056.99751953125,25178.846393949854,25161.863165185514,16.98322876434031,66.14238988846054,-49.15916112412023,52.290486816458596,25719.09678784295,25323.5927734375,24928.08875903205,3.123601125195034,191.37946881164436,50.66032427109345,34.8998069145708,289345.0,0.9383262195648793,0.006344544590244583,0.006344544590244583,0.004812953661363225,NIFTY,2025-07-23 00:00:00+05:30
25243.30078125,25246.25,25018.69921875,25062.099609375,338700,0.0,0.0,25299.24775390625,25059.8200390625,24057.23501953125,25160.88535016911,25154.473272162515,6.4120780065932195,54.19632751208708,-47.78424950549386,46.97865309389378,25696.194547469167,25299.24775390625,24902.30096034333,3.1380126193801856,193.96313398581262,26.980679726608752,34.32237509109088,284835.0,1.189109484438359,-0.006256994627491075,-0.006256994627491075,0.004077299481793268,NIFTY,2025-07-24 00:00:00+05:30
25010.349609375,25010.349609375,24806.349609375,24837.0,278100,0.0,0.0,25259.20771484375,25056.1640234375,24057.44126953125,25111.056834758474,25130.95673348381,-19.899898725336243,39.37708226460242,-59.276980989938664,40.63711089796766,25672.68674060071,25259.20771484375,24845.728689086787,3.2738875298450334,198.3764815582546,4.128835017614573,27.25661300510561,270540.0,1.0279441117764472,-0.008981674037030651,-0.008981674037030651,0.004309916833530296,NIFTY,2025-07-25 00:00:00+05:30
24782.44921875,24889.19921875,24646.599609375,24680.900390625,262100,0.0,0.0,25217.4001953125,25050.873046875,24055.78001953125,25044.8789202764,25097.61922660538,-52.740306328982115,20.953604545885515,-73.69391087486763,36.915625531516795,25683.8385008297,25217.4001953125,24750.9618897953,3.699336980851051,201.53527640230783,3.802327469553451,11.637280737925613,270095.0,0.9703993039486106,-0.006284962329387578,-0.006284962329387578,0.004383940609331687,NIFTY,2025-07-28 00:00:00+05:30
24609.650390625,24847.150390625,24598.599609375,24821.099609375,284700,0.0,0.0,25181.36513671875,25053.61703125,24054.975771484376,25010.451333983878,25077.13629199572,-66.68495801184326,3.4258920343397588,-70.11085004618302,42.04878219312465,25653.312457840395,25181.36513671875,24709.417815597102,3.748385510946476,204.89352674857156,24.042327327675903,10.657829938281328,271295.0,1.0494111575959748,0.005680474234370125,0.005680474234370125,0.004650819526312917,NIFTY,2025-07-29 00:00:00+05:30
24890.400390625,24902.30078125,24771.94921875,24855.05078125,243900,0.0,0.0,25151.44765625,25054.4490625,24054.258779296873,24986.5435566402,25060.685513421966,-74.14195678176475,-12.087677728881143,-62.0542790528836,43.252984900841085,25626.473578918365,25151.44765625,24676.421733581632,3.77732470242384,199.56910073081644,35.42879191389354,21.09114890370765,268000.0,0.9100746268656716,0.001367835124523431,0.001367835124523431,0.00466459719574854,NIFTY,2025-07-30 00:00:00+05:30
24642.25,24956.5,24635.0,24768.349609375,346300,0.0,0.0,25119.60009765625,25057.6220703125,24053.27927734375,24952.975257060938,25039.03100201108,-86.05574495014298,-26.881291173133512,-59.17445377700947,40.91483312731572,25607.511052793394,25119.60009765625,24631.689142519106,3.884703205786049,208.27845067861526,25.84889555097537,28.44000493084829,270645.0,1.2795359234421475,-0.0034882717656889994,-0.0034882717656889994,0.004691048366364059,NIFTY,2025-07-31 00:00:00+05:30
24734.900390625,24784.150390625,24535.05078125,24565.349609375,263400,0.0,0.0,25074.817578125,25051.8660546875,24050.466279296874,24893.340542032332,25003.943491445443,-110.60294941311076,-43.62562282112897,-66.9773265919818,36.00690532484156,25592.66229037811,25074.817578125,24556.97286587189,4.130396647071704,211.194247728357,4.206709909753558,21.82813245820751,274140.0,0.9608229371853797,-0.008195943742782208,-0.008195943742782208,0.004860909681004248,NIFTY,2025-08-01 00:00:00+05:30
24596.05078125,24736.25,24554.0,24722.75,259300,0.0,0.0,25037.8900390625,25046.298046875,24048.79328125,24867.09584325813,24983.114343930964,-116.01850067283522,-58.10419839147022,-57.914302281364996,41.83313364666909,25545.457804092413,25037.8900390625,24530.322274032584,4.054397269402816,209.12680146204576,26.06028722665741,18.705297562462132,277300.0,0.9350883519653804,0.006407415043054421,0.006407415043054421,0.0051844357759975165,NIFTY,2025-08-04 00:00:00+05:30
24720.25,24733.099609375,24590.30078125,24649.55078125,251800,0.0,0.0,24994.242578125,25042.765078125,24047.18453125,24833.627372179955,24958.405931880523,-124.77855970056771,-71.43907065328972,-53.33948904727799,40.00883628523377,25477.14706733172,24994.242578125,24511.338088918277,3.864125809752364,204.3890890808282,16.099567741545695,15.455521625985574,279370.0,0.9013136700433118,-0.0029608040671041946,-0.0029608040671041946,0.005112406697638438,NIFTY,2025-08-05 00:00:00+05:30
24641.349609375,24671.400390625,24539.19921875,24574.19921875,225100,0.0,0.0,24949.14755859375,25039.200078125,24046.306279296874,24793.715348575348,24929.946175352336,-136.23082677698767,-84.39742187802932,-51.83340489895835,38.16383067098533,25411.654366746778,24949.14755859375,24486.640750440725,3.707596077716214,199.23280928041189,5.504567000060417,15.888140656087861,278670.0,0.8077654573509886,-0.003056914228121266,-0.003056914228121266,0.005121076622811928,NIFTY,2025-08-06 00:00:00+05:30
24464.19921875,24634.19921875,24344.150390625,24596.150390625,616700,0.0,0.0,24911.192578125,25034.45109375,24045.01677734375,24763.32073965991,24905.22056166883,-141.89982200891973,-95.89790190420742,-46.00192010471231,39.045684014607296,25358.504311655357,24911.192578125,24463.88084459464,3.591251058154083,205.71966776931103,27.93483085250338,16.51298853136985,298525.0,2.0658236328615693,0.0008932609229541644,0.0008932609229541644,0.005104944718572944,NIFTY,2025-08-07 00:00:00+05:30
24544.25,24585.5,24337.5,24363.30078125,312600,0.0,0.0,24871.86513671875,25026.703125,24042.927783203126,24701.779207596846,24865.07835571188,-163.29914811503477,-109.37815114637289,-53.92099696866188,33.575750972947816,25364.35558826807,24871.86513671875,24379.374685169427,3.9602213090344387,209.5004336875745,2.8391506189821185,12.092849490515325,301655.0,1.0362831711723657,-0.009466912735407229,-0.009466912735407229,0.005205958976556775,NIFTY,2025-08-08 00:00:00+05:30
24371.5,24600.849609375,24347.44921875,24585.05078125,241100,0.0,0.0,24847.00263671875,25024.0721484375,24043.4925390625,24683.82098815887,24844.33557241841,-160.51458425954115,-119.60543776900654,-40.90914649053461,41.92035488205784,25344.66731503638,24847.00263671875,24349.33795840112,4.005832700175944,212.6361448973906,27.240801237964238,19.33826090314993,300735.0,0.8017024955525629,0.009101804471857822,0.009101804471857822,0.005715815092906052,NIFTY,2025-08-11 00:00:00+05:30
24563.349609375,24702.599609375,24465.650390625,24487.400390625,237000,0.0,0.0,24811.5826171875,25022.97015625,24043.752041015625,24653.60243469212,24817.895929322603,-164.29349463048493,-128.54304914130222,-35.75044548918271,39.56331573504213,25305.730921711616,24811.5826171875,24317.434312663387,3.9832066510888984,214.37279302971984,16.495228679504816,15.525060178817077,300520.0,0.7886330360708106,-0.003971941790719136,-0.003971941790719136,0.005599285836789477,NIFTY,2025-08-12 00:00:00+05:30
24586.19921875,24664.55078125,24535.25,24619.349609375,236000,0.0,0.0,24781.94755859375,25022.9531640625,24044.851787109375,24648.33276925872,24803.18879451167,-154.85602525294962,-133.8056443636317,-21.05038088931792,44.134250238544794,25246.689805269954,24781.94755859375,24317.205311917547,3.7506515222613555,211.71405000081128,41.88894597662112,28.541658631363408,300880.0,0.7843658601435788,0.005388453516712133,0.005388453516712133,0.005788188267823669,NIFTY,2025-08-13 00:00:00+05:30
24607.25,24673.650390625,24596.900390625,24631.30078125,270200,0.0,0.0,24757.94013671875,25020.561171875,24047.104287109374,24645.712463411226,24790.456349084878,-144.74388567365168,-135.99329262563572,-8.750593048015958,44.54336601487869,25201.228476426633,24757.94013671875,24314.651797010865,3.5809791708029755,202.07376071503904,47.46377726171244,35.282650639279474,302220.0,0.8940506915492026,0.00048543816407109475,0.00048543816407109475,0.005759980307034054,NIFTY,2025-08-14 00:00:00+05:30
24938.19921875,25022.0,24852.849609375,24876.94921875,363100,0.0,0.0,24753.367578125,25018.039140625,24049.79328125,24681.28734884796,24796.863228319333,-115.5758794713729,-131.90980999478316,16.33393052341026,52.27903702577672,25189.710158649665,24753.367578125,24317.024997600332,3.5255209550580098,215.54700771753625,78.8092357560263,56.0539863314533,304525.0,1.1923487398407355,0.009973019276634965,0.009973019276634965,0.006133799652983264,NIFTY,2025-08-18 00:00:00+05:30
24891.349609375,25012.650390625,24873.94921875,24980.650390625,252300,0.0,0.0,24747.86513671875,25015.5881640625,24052.36228515625,24727.343201429045,24810.47709219383,-83.13389076478416,-122.15462614878336,39.02073538399921,55.124840049693425,25169.583891757506,24747.86513671875,24326.14638167999,3.4081222982991544,210.05801944306936,93.95915129656683,73.41072143810187,301880.0,0.8357625546574798,0.004168564680625764,0.004168564680625764,0.006104197658592309,NIFTY,2025-08-19 00:00:00+05:30
24965.80078125,25088.69921875,24929.69921875,25050.55078125,287100,0.0,0.0,24747.34765625,25014.5141796875,24055.910791015624,24777.067444478424,24828.260328420212,-51.19288394178875,-107.96227770738444,56.769393765595694,56.986831551326105,25167.55134858352,24747.34765625,24327.14396391648,3.3959493208751876,206.41101805427868,94.92166171798219,89.23001625685845,292050.0,0.9830508474576272,0.0027981813736617234,0.0027981813736617234,0.006135312392039676,NIFTY,2025-08-20 00:00:00+05:30
25142.0,25153.650390625,25054.900390625,25083.75,226500,0.0,0.0,24740.54013671875,25013.361171875,24060.30279296875,24824.249376097127,24847.185489277974,-22.936113180847315,-90.95704480207702,68.0209316212297,57.88072452069734,25133.424170226215,24740.54013671875,24347.656103211288,3.1760344061717847,199.0316317200445,91.43535414208759,93.43872238554555,289800.0,0.7815734989648033,0.0013252889742787488,0.0013252889742787488,0.005962226635370135,NIFTY,2025-08-21 00:00:00+05:30
25064.150390625,25084.849609375,24859.150390625,24870.099609375,210200,0.0,0.0,24730.94013671875,25012.9991796875,24063.13154296875,24831.303258139877,24848.882831507384,-17.57957336750769,-76.28155051516316,58.70197714765547,50.59383482021025,25100.624131889075,24730.94013671875,24361.256141548423,2.9896477297395205,200.93645936504132,65.25753286317004,83.87151624107996,283375.0,0.7417732686369651,-0.008517482060098724,-0.008517482060098724,0.006101810281193696,NIFTY,2025-08-22 00:00:00+05:30
24949.150390625,25021.55078125,24894.349609375,24967.75,213000,0.0,0.0,24737.47763671875,25017.9821875,24067.993544921876,24852.295064579896,24857.687806951282,-5.392742371386703,-62.10378888640787,56.71104651502117,53.476758720416846,25118.871585293848,24737.47763671875,24356.083688143655,3.083531426898424,197.4017959728955,77.22228736757214,77.97172479094328,280120.0,0.7603884049692988,0.003926417350905487,0.003926417350905487,0.005818723565558484,NIFTY,2025-08-25 00:00:00+05:30
24899.5,24919.650390625,24689.599609375,24712.05078125,750500,0.0,0.0,24739.03515625,25013.293203125,24070.487294921873,24830.719020990684,24846.899879121556,-16.180858130872366,-52.91920273530077,36.738344604428406,45.92062070464328,25119.74600267027,24739.03515625,24358.32430982973,3.0778148300103503,203.16955273376013,45.892372968561915,62.79073106643472,304540.0,2.464372496223813,-0.010241179872034878,-0.010241179872034878,0.006113387096723577,NIFTY,2025-08-26 00:00:00+05:30
24695.80078125,24702.650390625,24481.599609375,24500.900390625,326600,0.0,0.0,24723.0251953125,25006.243203125,24070.57154296875,24779.977693242115,24821.27028738107,-41.29259413895488,-50.5938810160316,9.30128687707672,40.79455491107537,25115.339089549845,24723.0251953125,24330.711301075156,3.173672243894548,205.11823981527726,20.020867783922714,47.711842706685616,306635.0,1.0651099841831493,-0.008544430103923584,-0.008544430103923584,0.006253497470108777,NIFTY,2025-08-28 00:00:00+05:30
24466.69921875,24572.44921875,24404.69921875,24426.849609375,325500,0.0,0.0,24701.61513671875,24998.5391796875,24071.70904296875,24725.6502957241,24792.0539408621,-66.4036451380016,-53.75583384042561,-12.647811297575984,39.14424033865326,25109.211105354814,24701.61513671875,24294.019168082683,3.300156417951615,202.44907982847172,10.947689347618512,25.62031003336774,310715.0,1.0475837986579342,-0.0030223697933294824,-0.0030223697933294824,0.006256715020195245,NIFTY,2025-08-29 00:00:00+05:30
24432.69921875,24635.599609375,24432.69921875,24625.05078125,229300,0.0,0.0,24694.4501953125,24995.1751953125,24074.09330078125,24710.17344734347,24779.683336446393,-69.5098891029229,-56.90664489292507,-12.603244209997825,45.49940798875656,25102.139844732843,24694.4501953125,24286.760545892157,3.3018726571829533,202.89914555500945,34.43328689964266,21.80061467706132,304865.0,0.7521361914289931,0.008114070174605414,0.008114070174605414,0.006531078271288314,NIFTY,2025-09-01 00:00:00+05:30
24653.0,24756.099609375,24522.349609375,24579.599609375,271600,0.0,0.0,24695.1626953125,24984.5191796875,24076.284794921874,24690.08516457909,24764.862319626292,-74.77715504720254,-60.48074692378057,-14.296408123421969,44.35548649233296,25101.996271581273,24695.1626953125,24288.32911904373,3.2948442679909458,205.1027780153659,23.35270938786793,22.91122854504306,305275.0,0.8896896241094095,-0.0018457290617897026,-0.0018457290617897026,0.006274796124611835,NIFTY,2025-09-02 00:00:00+05:30
24616.5,24737.05078125,24533.19921875,24715.05078125,340300,0.0,0.0,24694.777734375,24979.3821875,24080.442802734375,24693.926028682305,24761.172576042864,-67.2465473605589,-61.83390701113625,-5.412640349422659,48.51013770913215,25101.520726098777,24694.777734375,24288.03474265122,3.2941619973164986,205.01340547855406,41.43815700602144,33.0747177645107,309325.0,1.1001373959427787,0.0055107151470170646,0.0055107151470170646,0.006230006465772065,NIFTY,2025-09-03 00:00:00+05:30
24980.75,24980.75,24708.19921875,24734.30078125,314100,0.0,0.0,24699.015234375,24973.1812109375,24086.319052734376,24700.137529077336,24759.182072724874,-59.044543647538376,-61.27603433841668,2.231490690878303,49.09188171325081,25105.55103166778,24699.015234375,24292.479437082224,3.291919078028496,209.83750374794303,44.00841802207775,36.266428138655726,312440.0,1.0053130200998592,0.0007788776228048189,0.0007788776228048189,0.006192381460010488,NIFTY,2025-09-04 00:00:00+05:30
24818.849609375,24832.349609375,24621.599609375,24741.0,210100,0.0,0.0,24707.3552734375,24963.1062109375,24092.360556640626,24706.42406306544,24757.835252523033,-51.411189457594446,-59.303065362252234,7.8918759046577875,49.30653634290071,25110.13296153831,24707.3552734375,24304.57758533669,3.260386906192509,209.9026820516614,44.90289806317689,43.44982436375872,311690.0,0.6740671821360967,0.00027084730671167456,0.00027084730671167456,0.006145077249361268,NIFTY,2025-09-05 00:00:00+05:30
24802.599609375,24885.5,24751.55078125,24773.150390625,213200,0.0,0.0,24716.2052734375,24947.58921875,24098.9573046875,24716.689651920755,24758.96970719725,-42.28005527649657,-55.898463345101106,13.618408068604538,50.38769492255239,25116.591424957143,24716.2052734375,24315.819121917855,3.239867504660507,205.23106190511416,49.1956199163935,46.03564533388274,291515.0,0.7313517314717939,0.0012994782193525012,0.0012994782193525012,0.006147616423216827,NIFTY,2025-09-08 00:00:00+05:30
24864.099609375,24891.80078125,24814.0,24868.599609375,226900,0.0,0.0,24741.47021484375,24932.2051953125,24105.707802734374,24740.060414606025,24767.0904406919,-27.03002608587485,-50.12477589325586,23.094749807381007,53.554708558654085,25112.269745420053,24741.47021484375,24370.670684267447,2.9973928578734226,199.04672824224886,61.94000464190808,52.01284087382618,287230.0,0.7899592660933746,0.003852930178235292,0.003852930178235292,0.0057325982358732855,NIFTY,2025-09-09 00:00:00+05:30
24991.0,25035.69921875,24915.05078125,24973.099609375,244100,0.0,0.0,24760.87265625,24921.326171875,24113.823798828125,24775.912598416635,24782.350379112868,-6.437780696232949,-41.38737685385128,34.94959615761833,56.80569817314366,25137.467266390056,24760.87265625,24384.278046109946,3.0418524853161597,196.76479118030252,75.89285015764233,62.342824905314664,287380.0,0.8493980096040086,0.0042020862308871365,0.0042020862308871365,0.005468674765407217,NIFTY,2025-09-10 00:00:00+05:30
24945.5,25037.30078125,24940.150390625,25005.5,224600,0.0,0.0,24786.77763671875,24910.60015625,24119.315048828124,24811.23373712177,24798.879980660062,12.353756461707235,-30.639150190739578,42.99290665244681,57.79217192425278,25155.763164596225,24786.77763671875,24417.792108841277,2.977277105442415,189.64947685492376,88.33351998782439,75.38879159579163,286760.0,0.783233365880876,0.0012974116602184615,0.0012974116602184615,0.0053524959816735355,NIFTY,2025-09-11 00:00:00+05:30
25074.44921875,25139.44921875,25038.05078125,25114.0,225700,0.0,0.0,24811.51015625,24903.8121484375,24123.775546875,24857.81316217996,24822.222204314872,35.59095786508624,-17.393128579574416,52.984086444660655,61.00393865631343,25198.177966950334,24811.51015625,24424.842345549663,3.1168422096462685,185.67088699028636,96.5363431439265,86.92090442979777,286245.0,0.7884853883910636,0.004339045410009845,0.004339045410009845,0.005312838363978524,NIFTY,2025-09-12 00:00:00+05:30
25118.900390625,25138.44921875,25048.75,25069.19921875,185400,0.0,0.0,24833.405078125,24897.0901171875,24128.14904296875,24890.334093959962,24840.516797976736,49.81729598322636,-3.951043667014261,53.76833965024062,59.007309823263896,25226.317399432173,24833.405078125,24440.49275681783,3.164385391943509,178.8157678302659,90.43892480435522,91.76959597870207,282005.0,0.6574351518590096,-0.0017838966811339896,-0.0017838966811339896,0.0053487108020878246,NIFTY,2025-09-15 00:00:00+05:30
25073.599609375,25261.400390625,25070.44921875,25239.099609375,240100,0.0,0.0,24851.51259765625,24892.652109375,24132.9700390625,24943.99032710074,24870.041450672903,73.94887642783578,11.628940351955748,62.31993607588004,63.84071075378266,25282.33385442217,24851.51259765625,24420.691340890327,3.4671632567472126,179.77186811917548,97.39690081184412,94.79072292004197,275855.0,0.8703848036105926,0.006777256391098607,0.006777256391098607,0.005105445435663784,NIFTY,2025-09-16 00:00:00+05:30
25276.599609375,25346.5,25275.349609375,25330.25,268900,0.0,0.0,24868.992578125,24890.03109375,24140.050537109375,25003.414892162164,24904.13097284528,99.28391931688384,29.15993614494137,70.12398317194247,66.14689374967335,25345.319506377662,24868.992578125,24392.665649872335,3.8306893755852833,174.60247686959153,98.27458202164239,95.37013587928061,276685.0,0.971863310262573,0.003611475529465391,0.003611475529465391,0.005087215427754579,NIFTY,2025-09-17 00:00:00+05:30
25441.05078125,25448.94921875,25329.75,25423.599609375,272200,0.0,0.0,24887.64501953125,24888.0530859375,24146.513037109376,25068.05869481029,24942.610131106743,125.44856370354682,48.41766165666246,77.03090204688436,68.37168175556903,25417.192754768552,24887.64501953125,24358.097284293948,4.255506978034482,170.6451012896207,97.50557349323493,97.7256854422405,275940.0,0.9864463289120823,0.0036853015416349333,0.0036853015416349333,0.005110219631233425,NIFTY,2025-09-18 00:00:00+05:30
25410.19921875,25428.75,25286.30078125,25327.05078125,380400,0.0,0.0,24899.81005859375,24885.072109375,24151.768037109374,25107.90363118563,24971.08721630254,136.81641488308742,66.09741230194746,70.71900258113996,63.708256549619215,25457.262211882968,24899.81005859375,24342.357905304532,4.477561491251798,168.63110967964778,86.84454037464772,94.20823196317504,283635.0,1.3411602940398752,-0.0037976065391384095,-0.0037976065391384095,0.005207426956950832,NIFTY,2025-09-19 00:00:00+05:30
25238.099609375,25331.69921875,25151.05078125,25202.349609375,254500,0.0,0.0,24916.42255859375,24882.0141015625,24155.494033203126,25122.4337816763,24988.217763937537,134.21601773876318,79.72113338931061,54.494884349452576,58.18787074992008,25488.941987417445,24916.42255859375,24343.903129770053,4.595518698379375,169.48949023824437,73.07129572754573,85.80713653180949,285850.0,0.8903270946300508,-0.004923635718664832,-0.004923635718664832,0.004934917787077429,NIFTY,2025-09-22 00:00:00+05:30
25209.0,25261.900390625,25084.650390625,25169.5,299200,0.0,0.0,24926.51005859375,24882.407109375,24159.004287109376,25129.674738341484,25001.646077719943,128.02866062154135,89.38263883575677,38.64602178578458,56.79181169085924,25509.30865397392,24926.51005859375,24343.71146321358,4.676134717697805,170.04381236408406,66.22356310035576,75.3797997341831,290160.0,1.0311552247036118,-0.0013034343973540308,-0.0013034343973540308,0.004891956195929889,NIFTY,2025-09-23 00:00:00+05:30
25108.75,25149.849609375,25027.44921875,25056.900390625,244400,0.0,0.0,24943.7525390625,24881.8991015625,24160.746787109376,25118.478684846643,25005.738989786983,112.73969505965943,94.05405008053731,18.685644979122117,52.17125828213856,25520.52525136425,24943.7525390625,24366.97982676075,4.624586548463474,168.04431014164948,52.613886115065284,63.969581647655616,264855.0,0.9227690623171169,-0.00447365300760838,-0.00447365300760838,0.00437329308545471,NIFTY,2025-09-24 00:00:00+05:30
25034.5,25092.69921875,24878.30078125,24890.849609375,342500,0.0,0.0,24963.25,24875.800078125,24161.81203125,25083.458827081777,24997.22866531202,86.2301617697558,92.48927241838102,-6.259110648625224,46.20154475689294,25504.066324312276,24963.25,24422.433675687724,4.33289995743564,171.35531923867453,19.974066564351887,46.270505259924334,265650.0,1.2892904197252024,-0.006626948212322681,-0.006626948212322681,0.004176503336644373,NIFTY,2025-09-25 00:00:00+05:30
24818.55078125,24868.599609375,24629.44921875,24654.69921875,291500,0.0,0.0,24974.64248046875,24864.653046875,24161.99052734375,25017.49581041535,24971.856113714835,45.639696700513014,83.11935727480741,-37.4796605742944,39.31214549350087,25478.089382641345,24974.64248046875,24471.195578296152,4.031664537871271,177.7871100519835,3.0811470408785846,25.223033240098616,263950.0,1.1043758287554462,-0.009487437927231501,-0.009487437927231501,0.004704572308632986,NIFTY,2025-09-26 00:00:00+05:30
24728.55078125,24791.30078125,24606.19921875,24634.900390625,394400,0.0,0.0,24975.1349609375,24855.1220703125,24162.114775390626,24958.63497660145,24946.896430522993,11.738546078457148,68.84319503553736,-57.104648957080215,38.789894877388086,25477.230449314844,24975.1349609375,24473.039472560155,4.020762964145339,178.30957094112753,3.4056567042420647,8.820290103157541,272205.0,1.4489079921382781,-0.0008030448049409777,-0.0008030448049409777,0.004351809859546259,NIFTY,2025-09-29 00:00:00+05:30
24691.94921875,24731.80078125,24587.69921875,24611.099609375,303000,0.0,0.0,24976.7099609375,24847.9760546875,24161.96126953125,24905.167997028148,24922.022591919438,-16.854594891290617,51.70363705017177,-68.5582319414624,38.13404936736562,25474.007318178818,24976.7099609375,24479.412603696182,3.9820885778716986,175.86614176676127,2.71702648766328,3.0679434109280046,273775.0,1.1067482421696648,-0.0009661407544825362,-0.0009661407544825362,0.00433628352203125,NIFTY,2025-09-30 00:00:00+05:30
24620.55078125,24867.94921875,24605.94921875,24836.30078125,308900,0.0,0.0,24982.7724609375,24842.8880859375,24163.39927734375,24894.573040754585,24915.672828166145,-21.0997874115601,37.1429521578254,-58.2427395693855,47.226178718824734,25470.017253807935,24982.7724609375,24495.527668067065,3.9006462844128293,182.0185602119926,28.86520319303338,11.662628794979604,272205.0,1.1348064877573887,0.009150390492475902,0.009150390492475902,0.0046420945072819545,NIFTY,2025-10-01 00:00:00+05:30
24759.55078125,24904.80078125,24747.55078125,24894.25,365900,0.0,0.0,24990.769921875,24839.555078125,24164.0290234375,24894.52334217696,24914.08595200569,-19.562609828732093,25.801839760513904,-45.36444958924599,49.29135689589164,25466.554811032176,24990.769921875,24514.98503271782,3.807684922429797,180.24937733970742,35.59370464441219,22.391978108369646,274795.0,1.3315380556414782,0.0023332467769816567,0.0023332467769816567,0.004664286226300209,NIFTY,2025-10-03 00:00:00+05:30
24916.55078125,25095.94921875,24881.650390625,25077.650390625,268800,0.0,0.0,25007.60244140625,24836.710078125,24166.076025390626,24922.69673424589,24926.201836347864,-3.5051021019753534,19.940451388016054,-23.445553489991408,55.25874763461642,25470.4961292986,25007.60244140625,24544.708753513896,3.7020237264002387,182.6814809672283,56.888379898403485,40.44909591194971,277730.0,0.96784646959277,0.007367178791287232,0.007367178791287232,0.004922120622761996,NIFTY,2025-10-06 00:00:00+05:30
25085.30078125,25220.900390625,25076.30078125,25108.30078125,288000,0.0,0.0,25024.3599609375,24837.6341015625,24169.937529296876,24951.251203015752,24939.690647081356,11.560555934396689,18.264472297292183,-6.7039163628954945,56.1867067151653,25476.224749069494,25024.3599609375,24572.49517280551,3.611399363159286,179.96134728206917,60.447206095791,50.97643021286893,281470.0,1.0231996305112445,0.0012222193924698033,0.0012222193924698033,0.004921645350368767,NIFTY,2025-10-07 00:00:00+05:30
25079.75,25192.5,25008.5,25046.150390625,227400,0.0,0.0,25033.2375,24841.817109375,24174.174033203126,24965.85107803256,24947.576554010513,18.274524022046535,18.266482642243055,0.008041379803479742,53.75220810365313,25479.45409661622,25033.2375,24587.02090338378,3.5649931145839293,180.2498224762071,53.23090529753266,56.85549709724241,281495.0,0.8078296239720066,-0.0024752925801897474,-0.0024752925801897474,0.004910575942072006,NIFTY,2025-10-08 00:00:00+05:30
25074.30078125,25199.25,25024.30078125,25181.80078125,286300,0.0,0.0,25043.67255859375,24851.8351171875,24180.324541015623,24999.07410929678,24964.926496768996,34.14761252778408,21.44270861935126,12.704903908432815,58.02693619124629,25493.522073246964,25043.67255859375,24593.823043940534,3.5925203350324826,179.87120792433515,70.63801327394582,61.43870822242318,283605.0,1.0095026533382698,0.005416017571936882,0.005416017571936882,0.004967641753664237,NIFTY,2025-10-09 00:00:00+05:30
25167.650390625,25330.75,25156.849609375,25285.349609375,232900,0.0,0.0,25057.6650390625,24861.1201171875,24188.8137890625,25043.116493924197,24988.66154214722,54.454951776977396,28.04515725087649,26.409794526100907,60.99102273468494,25519.153455302825,25057.6650390625,24596.176622822175,3.683411167967237,179.44472097438262,93.7702137936828,72.54637745505379,284020.0,0.8200126751637209,0.0041120501676790155,0.0041120501676790155,0.005033009470182016,NIFTY,2025-10-10 00:00:00+05:30
25177.30078125,25267.30078125,25152.30078125,25227.349609375,234300,0.0,0.0,25063.33251953125,24868.56609375,24196.183291015626,25071.460050147398,25006.34213971965,65.11791042774712,35.45970788625061,29.658202541496507,58.49908729206813,25530.2017968458,25063.33251953125,24596.4632422167,3.7255163649983785,176.13072862799817,86.08434399987384,83.49752368916751,284450.0,0.8236948497099666,-0.0022938183927065925,-0.0022938183927065925,0.004989835259933631,NIFTY,2025-10-13 00:00:00+05:30
25277.55078125,25310.349609375,25060.55078125,25145.5,292100,0.0,0.0,25067.14755859375,24876.1091015625,24203.2725390625,25082.850811663182,25016.65012937005,66.20068229313256,41.607902767627,24.592779525505556,55.079051695103004,25535.391212416616,25067.14755859375,24598.903904770887,3.7359149279219626,181.39273573492687,75.06899869099627,84.97451882818433,289785.0,1.0079886812636956,-0.003244479132464395,-0.003244479132464395,0.005031483532674725,NIFTY,2025-10-14 00:00:00+05:30
25181.94921875,25365.150390625,25159.349609375,25323.55078125,289900,0.0,0.0,25071.3701171875,24891.273125,24211.139296875,25119.881576215,25039.38351099079,80.49806522421204,49.385935258944016,31.112129965268025,60.4902973842534,25547.20183145758,25071.3701171875,24595.53840291742,3.7958173968631796,184.1254253699321,94.64923189006544,85.26752486031188,292275.0,0.9918740911812506,0.007080820872521931,0.007080820872521931,0.005052895773927042,NIFTY,2025-10-15 00:00:00+05:30
25394.900390625,25625.400390625,25376.849609375,25585.30078125,372800,0.0,0.0,25084.12265625,24908.524140625,24219.998798828125,25191.48453083577,25079.821827306285,111.66270352948413,61.84128891305204,49.821414616432094,66.81839556675563,25599.08527435231,25084.12265625,24569.160038147693,4.105885026630578,192.53429565600837,96.13572669456036,88.61798575854071,297470.0,1.2532356203986956,0.010336228211479837,0.010336228211479837,0.005497499343797187,NIFTY,2025-10-16 00:00:00+05:30
25546.849609375,25781.5,25508.599609375,25709.849609375,422100,0.0,0.0,25098.43515625,24929.7301171875,24230.323544921874,25271.233004457186,25126.490551903968,144.74245255321875,78.42152164108538,66.32093091213338,69.33518796509603,25663.78905519348,25098.43515625,24533.081257306523,4.505092810957134,198.27473101093636,93.99812835186985,94.92769564549856,304965.0,1.3840932566032167,0.004867983737610659,0.004867983737610659,0.0055395908012900825,NIFTY,2025-10-17 00:00:00+05:30
25824.599609375,25926.19921875,25788.5,25843.150390625,301100,0.0,0.0,25124.24013671875,24955.109140625,24241.31529296875,25359.22029463685,25179.576465883303,179.64382875354568,98.66598306357744,80.97784568996823,71.80048567853984,25770.3272657082,25124.24013671875,24478.153007729295,5.143137666839963,199.56579375122664,93.7953807900635,94.64307861216459,301000.0,1.0003322259136214,0.005184813729964155,0.005184813729964155,0.005530580835176871,NIFTY,2025-10-20 00:00:00+05:30
25901.19921875,25934.349609375,25825.80078125,25868.599609375,42500,0.0,0.0,25157.55263671875,24980.558125,24251.9437890625,25437.5863430581,25230.61521725306,206.97112580504108,120.32701161187018,86.6441141931709,72.25902567129566,25880.45212806158,25157.55263671875,24434.653145375916,5.746977870078849,193.06458192078188,95.05043807092942,94.28131573762096,290400.0,0.14634986225895316,0.0009847568259027106,0.0009847568259027106,0.005351069617397766,NIFTY,2025-10-21 00:00:00+05:30
26057.19921875,26104.19921875,25862.44921875,25891.400390625,448400,0.0,0.0,25193.64765625,25011.1201171875,24260.4575390625,25507.403888837624,25279.562267132464,227.84162170515992,141.82993363052813,86.01168807463179,72.68753127418799,25984.248838976568,25193.64765625,24403.04647352343,6.276194646474206,196.54211178358315,84.31437192990539,91.05339693029946,297860.0,1.5054052239307056,0.0008814076368377499,0.0008814076368377499,0.005316906029065294,NIFTY,2025-10-23 00:00:00+05:30
25935.099609375,25944.150390625,25718.19921875,25795.150390625,284900,0.0,0.0,25230.56015625,25035.322109375,24269.409541015626,25551.6725814203,25317.75397998376,233.91860143653685,160.24766719172987,73.67093424480697,67.91820855540553,26060.15116660666,25230.56015625,24400.96914589334,6.576080794236014,198.64275893297008,74.72094193579308,84.69525064554266,299885.0,0.9500308451573103,-0.0037174505259611745,-0.0037174505259611745,0.005275251997661079,NIFTY,2025-10-24 00:00:00+05:30
25843.19921875,26005.94921875,25827.0,25966.05078125,266300,0.0,0.0,25284.32021484375,25064.8951171875,24281.159541015626,25615.42307370179,25365.775965262743,249.64710843904686,178.12755544119327,71.5195529978536,71.494643054077,26157.114182298566,25284.32021484375,24411.52624738893,6.903835737236265,199.51104958954366,87.39175540732765,82.14235642434205,296075.0,0.8994342649666469,0.006625291500029773,0.006625291500029773,0.005031874500232989,NIFTY,2025-10-27 00:00:00+05:30
25939.94921875,26041.69921875,25810.05078125,25936.19921875,395200,0.0,0.0,25348.39521484375,25091.232109375,24292.30103515625,25664.773249863054,25408.029539595133,256.7437102679214,193.8507864065389,62.89292386138251,70.02618737966469,26215.02755587878,25348.39521484375,24481.76287380872,6.8377688898233675,201.80657729743342,84.66732501720149,82.26000745344076,301260.0,1.311823673902941,-0.001149638146805021,-0.001149638146805021,0.004312843339894561,NIFTY,2025-10-28 00:00:00+05:30
25982.0,26097.849609375,25960.30078125,26053.900390625,321900,0.0,0.0,25419.34521484375,25119.6841015625,24304.125791015624,25724.63896382643,25455.871824856604,268.7671389698262,208.83405691919637,59.93308205062982,72.43062066172783,26272.954342197303,25419.34521484375,24565.736087490197,6.716216488968282,198.93827824940246,95.34226308897682,89.13378117116868,297635.0,1.081526030204781,0.0045381040946781415,0.0045381040946781415,0.00425961268081514,NIFTY,2025-10-29 00:00:00+05:30
25984.400390625,26032.05078125,25845.25,25877.849609375,257400,0.0,0.0,25482.68271484375,25139.702109375,24315.8825390625,25748.209832372366,25487.129438524633,261.0803938477329,219.2833243049037,41.797069542829234,64.14245920648966,26272.616288560726,25482.68271484375,24692.749141126777,6.199767760376625,199.63200056194515,78.31169949171701,86.10709586596515,295355.0,0.8714936263140965,-0.0067571756478100875,-0.0067571756478100875,0.004703680543577298,NIFTY,2025-10-30 00:00:00+05:30
25863.80078125,25953.75,25711.19921875,25722.099609375,334400,0.0,0.0,25526.97265625,25154.53109375,24327.335537109375,25744.192874988155,25504.5346363654,239.65823862275647,223.35830716847425,16.299931454282216,57.837002412913726,26264.5706662177,25526.97265625,24789.3746462823,5.7789697188170654,202.69762775394906,63.388091655625175,79.01401807877302,296630.0,1.127330344199845,-0.006018660837397216,-0.006018660837397216,0.004800790996376121,NIFTY,2025-10-31 00:00:00+05:30
25696.849609375,25803.099609375,25645.5,25763.349609375,23300,0.0,0.0,25570.42763671875,25168.7870703125,24340.7225390625,25747.14006489382,25523.70611584759,223.43394904622983,223.37343554402537,0.060513502204457836,58.98693853744321,26254.2439160259,25570.42763671875,24886.6113574116,5.348493103222097,199.47634072688126,67.34057206165271,69.68012106966499,279500.0,0.08336314847942755,0.0016036793506921665,0.0016036793506921665,0.004799014863379094,NIFTY,2025-11-03 00:00:00+05:30
25744.75,25787.400390625,25578.400390625,25597.650390625,305100,0.0,0.0,25596.42763671875,25179.065078125,24352.830537109374,25724.14165346785,25529.183469534808,194.95818393304216,217.69038522182873,-22.73220128878657,52.7618767800577,26241.782606218458,25596.42763671875,24951.07266721904,5.042539362593946,200.1566021035326,46.388417468884555,59.039027062054174,281315.0,1.0845493485949913,-0.006431586779760301,-0.006431586779760301,0.004935607049363494,NIFTY,2025-11-04 00:00:00+05:30
25593.349609375,25679.150390625,25491.55078125,25509.69921875,371900,0.0,0.0,25616.49755859375,25191.8570703125,24364.313037109376,25691.1505096651,25527.740191698897,163.41031796620518,206.83437177070402,-43.42405380449884,49.76012274075014,26223.722910413326,25616.49755859375,25009.272206774174,4.740892859616286,199.25967405149456,18.264890454695585,43.99795999507764,285510.0,1.3025813456621484,-0.0034359080045569534,-0.0034359080045569534,0.00503536747102447,NIFTY,2025-11-06 00:00:00+05:30
25433.80078125,25551.25,25318.44921875,25492.30078125,305600,0.0,0.0,25638.805078125,25202.3480859375,24375.215537109376,25660.558243755087,25525.115050184162,135.44319357092536,192.55613613074829,-57.112942559822926,49.16424448426641,26190.853912631854,25638.805078125,25086.756243618143,4.3063538478075385,201.65546742281637,22.125556792873052,28.92628823881775,289420.0,1.0559049132748255,-0.0006820322478444663,-0.0006820322478444663,0.004989633786359161,NIFTY,2025-11-07 00:00:00+05:30
25503.5,25653.44921875,25503.5,25574.349609375,243600,0.0,0.0,25658.43251953125,25219.5940625,24387.0712890625,25647.29537692738,25528.762054568666,118.53332235871494,177.7515733763416,-59.21825101762667,52.07866251233541,26170.562664976394,25658.43251953125,25146.302374086103,3.991905156757424,198.7621081426152,32.5676602768056,24.319369174791433,287285.0,0.8479384583253563,0.0032185728871263475,0.0032185728871263475,0.0049083736335803155,NIFTY,2025-11-10 00:00:00+05:30
25617.0,25715.80078125,25449.25,25694.94921875,297700,0.0,0.0,25678.9125,25243.4750390625,24398.82228515625,25654.626737207782,25541.072214878393,113.55452232938842,164.912163166951,-51.35764083756257,56.065650816614166,26161.642331031704,25678.9125,25196.182668968293,3.759737341148739,203.60415622171413,47.91600381800827,34.203073629228996,290525.0,1.0246966698218742,0.0047156471705849246,0.0047156471705849246,0.004931706398833267,NIFTY,2025-11-11 00:00:00+05:30
25834.30078125,25934.55078125,25781.150390625,25875.80078125,312600,0.0,0.0,25711.33505859375,25272.4540625,24413.078037109375,25688.653513214278,25565.866923498514,122.78658971576442,156.48704847671368,-33.70045876094926,61.269557892682926,26153.82165812602,25711.33505859375,25268.848459061483,3.4419573975749054,206.17539952730598,70.93242920776328,50.47203110085908,294440.0,1.0616764026626817,0.0070384090258497345,0.0070384090258497345,0.005061819197970639,NIFTY,2025-11-12 00:00:00+05:30
25906.099609375,26010.69921875,25808.400390625,25879.150390625,385200,0.0,0.0,25748.017578125,25297.5360546875,24426.697041015625,25717.96072512362,25589.073106248623,128.8876188749964,150.96716255637023,-22.07954368137382,61.36084501925217,26111.350065297807,25748.017578125,25384.685090952193,2.822217175131085,205.89850156999842,71.9400681112534,63.596167045675,299095.0,1.287885120112339,0.00012944949620363744,0.00012944949620363744,0.0049581875839628245,NIFTY,2025-11-13 00:00:00+05:30
25767.900390625,25940.19921875,25740.80078125,25910.05078125,518900,0.0,0.0,25777.342578125,25324.145078125,24440.220546875,25747.513041450755,25612.849230322798,134.66381112795716,147.70649227068762,-13.042681142730459,62.244915756743175,26090.052049021393,25777.342578125,25464.63310722861,2.4262351322572853,205.43421127928423,75.90470438763774,72.92573390221817,310545.0,1.6709333590944953,0.001194026471448284,0.001194026471448284,0.004777816078222239,NIFTY,2025-11-14 00:00:00+05:30
25948.19921875,26024.19921875,25906.349609375,26013.44921875,281800,0.0,0.0,25798.75,25350.113046875,24454.826796875,25788.42629949679,25642.523303539627,145.9029959571635,147.34579300798282,-1.4427970508193084,65.12073392769265,26114.546391909425,25798.75,25482.953608090575,2.4481526578568764,199.17816828612106,89.17111260910205,79.00529503599775,305995.0,0.9209300805568719,0.0039906690408659795,0.0039906690408659795,0.004325397522559777,NIFTY,2025-11-17 00:00:00+05:30
26021.80078125,26029.849609375,25876.5,25910.05078125,280000,0.0,0.0,25808.76005859375,25373.628046875,24470.231298828126,25807.137758228055,25662.340153740395,144.79760448765956,146.83615530391816,-2.0385508162586063,60.183874026005356,26125.34096917038,25808.76005859375,25492.179148017123,2.4532826052696244,195.90469979246956,75.90470438763774,80.3268404614592,298890.0,0.9367994914517046,-0.003974806902018679,-0.003974806902018679,0.00434379659134063,NIFTY,2025-11-18 00:00:00+05:30
25918.099609375,26074.650390625,25856.19921875,26052.650390625,250100,0.0,0.0,25819.23505859375,25399.8610546875,24485.70830078125,25844.908932442966,25691.252023139252,153.6569093037142,148.20030610387738,5.45660319983682,64.21329191694599,26153.06814602779,25819.23505859375,25485.40197115971,2.585925467400128,197.51516208407887,97.09072125008072,87.38884608227352,296340.0,0.8439630154552203,0.005503640675154298,0.005503640675154298,0.004362836000557661,NIFTY,2025-11-19 00:00:00+05:30
26132.099609375,26246.650390625,26063.19921875,26192.150390625,240400,0.0,0.0,25835.41259765625,25428.2410546875,24500.8535546875,25898.3306952402,25728.355605915975,169.97508932422716,152.55526274794735,17.419826576279803,67.66114321397333,26206.523735165345,25835.41259765625,25464.301460147155,2.8728872519942774,197.26407907807325,94.1284280120108,89.04128454990978,306235.0,0.7850180417000017,0.005354541588221684,0.005354541588221684,0.004500240772010382,NIFTY,2025-11-20 00:00:00+05:30
26109.55078125,26179.19921875,26052.19921875,26068.150390625,235600,0.0,0.0,25844.25009765625,25452.2320703125,24514.946806640626,25924.456802222478,25753.525589968496,170.93121225398136,156.23045264915416,14.700759604827198,61.94786611713221,26228.460352882714,25844.25009765625,25460.03984242979,2.973274548688146,193.17029999213946,80.76925504851243,90.66280143686801,295595.0,0.7970364857321673,-0.0047342428227803435,-0.0047342428227803435,0.004656297340608796,NIFTY,2025-11-21 00:00:00+05:30
26122.80078125,26142.80078125,25912.150390625,25959.5,464700,0.0,0.0,25852.467578125,25471.960078125,24527.2023046875,25929.84806341902,25768.782953674534,161.0651097444861,157.19738406822057,3.867725676265536,57.37622414405274,26239.148019875167,25852.467578125,25465.787136374835,2.9914393322930213,195.84744932305807,69.06377633148794,81.32048646400375,304585.0,1.5256824860055485,-0.004167936312968079,-0.004167936312968079,0.004678050177312404,NIFTY,2025-11-24 00:00:00+05:30
25998.5,26032.599609375,25857.5,25884.80078125,260500,0.0,0.0,25848.405078125,25489.54609375,24539.215556640625,25922.91771231609,25777.376866828272,145.54084548781975,154.86607635214042,-9.325230864320673,54.4035808585839,26231.92118835447,25848.405078125,25464.88896789553,2.9674257198486247,194.36546075533963,61.01603614181496,70.28302250727181,304295.0,0.856077161964541,-0.002877529180069005,-0.002877529180069005,0.004483321807971867,NIFTY,2025-11-25 00:00:00+05:30
25842.94921875,26215.150390625,25842.94921875,26205.30078125,275300,0.0,0.0,25861.86015625,25511.372109375,24553.436806640624,25966.361261382845,25809.074934563214,157.28632681963063,155.35012644563847,1.9362003739921647,63.21062053612769,26274.526845785687,25861.86015625,25449.193466714314,3.1913148322856273,207.0680115496011,95.54518884182485,75.20833377170928,298300.0,0.9228964130070398,0.012381783530362567,0.012381783530362567,0.005275151466498533,NIFTY,2025-11-26 00:00:00+05:30
26261.25,26310.44921875,26141.900390625,26215.55078125,240300,0.0,0.0,25869.94267578125,25534.299140625,24565.818310546874,26004.698110593177,25839.184256540015,165.5138540531625,157.38287196714327,8.13098208601923,63.45374163541803,26303.15856824512,25869.94267578125,25436.726783317383,3.3491832424463244,204.31664130498672,88.98066377280954,81.8472962521498,294220.0,0.8167357759499694,0.0003911422381892571,0.0003911422381892571,0.005190107220599585,NIFTY,2025-11-27 00:00:00+05:30
26237.44921875,26280.75,26172.400390625,26202.94921875,202500,0.0,0.0,25886.19765625,25553.5761328125,24578.351552734373,26035.198281078843,25866.12980929631,169.06847178253156,159.71999193022094,9.348479852310618,62.90336588751481,26343.127934887052,25886.19765625,25429.267377612945,3.5303004690357196,197.46185330998767,87.51740623313239,90.68108628258896,291475.0,0.6947422591989021,-0.0004806903583736144,-0.0004806903583736144,0.004922375660270066,NIFTY,2025-11-28 00:00:00+05:30
26325.80078125,26325.80078125,26124.19921875,26175.75,213800,0.0,0.0,25908.88017578125,25570.4861328125,24591.2135546875,26056.821622451327,25889.064638237327,167.7569842140001,161.3273903869768,6.429593827023325,61.66021511635801,26375.90241392712,25908.88017578125,25441.85793763538,3.6051132660100564,197.75754682355998,74.35029380341881,83.61612126978694,285445.0,0.749005938096656,-0.0010380212747401751,-0.0010380212747401751,0.004688419501164894,NIFTY,2025-12-01 00:00:00+05:30
26087.94921875,26154.599609375,25997.849609375,26032.19921875,254800,0.0,0.0,25922.32265625,25582.658125,24603.5748046875,26053.033560343432,25899.667199756783,153.36636058664953,159.73518442691133,-6.368823840261797,55.43353819450387,26387.287878517433,25922.32265625,25457.357433982565,3.587373156589644,196.33917852366284,49.811698717948715,70.55979958483334,297020.0,0.8578546899198707,-0.005484113396941881,-0.005484113396941881,0.004894576434322697,NIFTY,2025-12-02 00:00:00+05:30
26004.900390625,26066.44921875,25891.0,25986.0,265700,0.0,0.0,25941.74013671875,25595.837109375,24616.596806640624,26042.72070490598,25906.062221997025,136.6584829089552,155.11984412332012,-18.461361214364928,53.55898658277614,26382.663087511042,25941.74013671875,25500.817185926455,3.3993321070100273,194.84703853982978,41.91439636752137,55.358796296296326,295050.0,0.9005253346890357,-0.0017746951904364927,-0.0017746951904364927,0.004650631869511759,NIFTY,2025-12-03 00:00:00+05:30
25981.849609375,26098.25,25938.94921875,26033.75,248100,0.0,0.0,25967.94267578125,25612.4651171875,24631.406552734374,26041.340596458907,25915.520575923172,125.82002053573524,149.25987940580313,-23.439858870067894,55.24361167031109,26362.94653443385,25967.94267578125,25572.938817128652,3.0422422259965582,192.30802016198479,39.515411374484266,43.747168819984815,288860.0,0.8588935816658589,0.0018375278996383138,0.0018375278996383138,0.004548384993809541,NIFTY,2025-12-04 00:00:00+05:30
25999.80078125,26202.599609375,25985.349609375,26186.44921875,249300,0.0,0.0,26002.65009765625,25632.8041015625,24647.112548828125,26063.664999888308,25935.589364280717,128.0756356075908,145.02303064616066,-16.94739503856985,60.21389476078801,26342.520083555235,26002.65009765625,25662.780111757264,2.6141180581406966,194.08959015041447,71.13987541461047,50.85656105220539,286045.0,0.8715411910713349,0.005865433091659877,0.005865433091659877,0.004653315821372143,NIFTY,2025-12-05 00:00:00+05:30
26159.80078125,26178.69921875,25892.25,25960.55078125,320700,0.0,0.0,26021.96015625,25650.877109375,24661.75830078125,26047.801273943955,25937.438358130294,110.36291581366095,138.09100767966072,-27.728091865999772,51.162084924763676,26300.682783066306,26021.96015625,25743.237529433693,2.142210849165125,201.24027790752774,24.35563465739018,45.00364048216167,289900.0,1.1062435322525008,-0.00862653945989178,-0.00862653945989178,0.00513267781172711,NIFTY,2025-12-08 00:00:00+05:30
25867.099609375,25923.650390625,25728.0,25839.650390625,276000,0.0,0.0,26029.19521484375,25669.853125,24676.310302734375,26015.778061125653,25930.19480498175,85.58325614390196,127.58945737250897,-42.00620122860701,47.08266078945259,26279.66888189776,26029.19521484375,25778.721547789737,1.9245594417085403,203.47674243199003,18.676855923730862,38.05745533191053,288815.0,0.9556290358880252,-0.004657081109092687,-0.004657081109092687,0.005180375035907903,NIFTY,2025-12-09 00:00:00+05:30
25864.05078125,25947.650390625,25734.55078125,25758.0,207900,0.0,0.0,26023.30517578125,25691.919140625,24690.302802734375,25976.119897875553,25917.43963424236,58.680263633192226,113.80761862464563,-55.1273549914534,44.50191867731431,26292.752176332702,26023.30517578125,25753.858175229798,2.0708130556929776,204.16409007077644,5.018394244529101,16.016961608550076,283580.0,0.7331264546159814,-0.0031598875909956137,-0.0031598875909956137,0.00497954889290319,NIFTY,2025-12-10 00:00:00+05:30
25771.400390625,25922.80078125,25693.25,25898.55078125,206100,0.0,0.0,26024.2751953125,25717.1921484375,24705.069052734376,25964.18618762547,25916.04045994663,48.14572767883874,100.67524043548426,-52.529512756645516,49.62100861097864,26291.771987309887,26024.2751953125,25756.778403315115,2.055748258038461,205.97742515500667,32.456015759604284,18.717088642621444,274625.0,0.7504779244424215,0.0054565875164998,0.0054565875164998,0.005138943853833884,NIFTY,2025-12-11 00:00:00+05:30
25971.19921875,26057.599609375,25938.44921875,26046.94921875,216300,0.0,0.0,26031.1201171875,25745.909140625,24720.639296875,25976.918961644627,25925.737405043175,51.18155660145203,90.77650366867782,-39.59494706722579,54.40322939801253,26293.532961425688,26031.1201171875,25768.707272949312,2.0161471581464934,202.62538251000618,55.91633576849685,31.13024859087677,259495.0,0.8335420721015819,0.005729990019651465,0.005729990019651465,0.005289965492870278,NIFTY,2025-12-12 00:00:00+05:30
25930.05078125,26047.150390625,25904.75,26027.30078125,181600,0.0,0.0,26031.8126953125,25769.729140625,24736.210048828125,25984.670010814687,25933.260618095534,51.4093927191534,82.90308147877295,-31.493688759619545,53.67670636273644,26294.108420589186,26031.8126953125,25769.516970035813,2.0151937043087096,198.32359737536288,52.810112824439734,47.06082145084698,254485.0,0.7135980509656757,-0.0007543469807149705,-0.0007543469807149705,0.005220584446031841,NIFTY,2025-12-15 00:00:00+05:30
25951.5,25980.75,25834.349609375,25860.099609375,264400,0.0,0.0,26029.31513671875,25789.0461328125,24751.531044921874,25965.50533367012,25927.841284116235,37.66404955388498,73.85527509379536,-36.19122553991038,47.823881718165346,26297.09486025268,26029.31513671875,25761.535413184818,2.0575241578767676,197.9398526967655,26.377267141348582,45.03457191142842,253705.0,1.0421552590607202,-0.006424068837574293,-0.006424068837574293,0.005346906830255627,NIFTY,2025-12-16 00:00:00+05:30
25902.400390625,25929.150390625,25770.349609375,25818.55078125,206500,0.0,0.0,26017.61015625,25803.864140625,24767.85705078125,25942.8969409901,25919.745691311327,23.15124967877273,63.71447001079083,-40.563220332018105,46.46795154093237,26300.33505780109,26017.61015625,25734.88525469891,2.1733349054980207,195.14420473628226,19.80880981640555,32.99872992739799,251525.0,0.8209919491104264,-0.001606677033445636,-0.001606677033445636,0.005189985850622988,NIFTY,2025-12-17 00:00:00+05:30
25764.69921875,25902.349609375,25726.30078125,25815.55078125,197600,0.0,0.0,25998.78017578125,25818.009140625,24784.19705078125,25923.30522410701,25912.027549825303,11.277674281707732,53.227110864974215,-41.94943658326648,46.36573132921675,26282.660144819583,25998.78017578125,25714.900206742914,2.183794525119903,193.78024926404782,19.3345395935356,21.840205517096607,249385.0,0.7923491789802916,-0.00011619552256891819,-0.00011619552256891819,0.005009632059778317,NIFTY,2025-12-18 00:00:00+05:30
25911.5,25993.349609375,25880.44921875,25966.400390625,382900,0.0,0.0,25993.69267578125,25836.414140625,24801.303798828125,25929.93524972516,25916.055167662318,13.88008206284212,45.3577051045478,-31.477623041705677,52.07467706330196,26276.060434124985,25993.69267578125,25711.324917437516,2.1725867260623684,192.63871918268725,53.62728970385794,30.923546371266394,256750.0,1.491333982473223,0.005843362036054733,0.005843362036054733,0.005119783287911565,NIFTY,2025-12-19 00:00:00+05:30
26055.849609375,26180.69921875,26047.80078125,26172.400390625,253000,0.0,0.0,26004.3376953125,25856.2261328125,24821.5423046875,25967.237579094366,25935.043702696592,32.19387639777415,42.72493936319307,-10.531062965418926,58.56141280256768,26296.624791918388,26004.3376953125,25712.050598706614,2.2479872399024754,194.1858698214239,94.07102347893108,55.67761759210824,246165.0,1.027765929356326,0.00793332910611566,0.00793332910611566,0.00533462795919353,NIFTY,2025-12-22 00:00:00+05:30
26205.19921875,26233.55078125,26119.05078125,26177.150390625,216600,0.0,0.0,26018.95517578125,25874.0621484375,24841.831552734377,25999.531857791386,25952.97753143203,46.55432635935722,43.4908167624259,3.0635095969313184,58.70022254291742,26315.08368617631,26018.95517578125,25722.826665386194,2.2762521276849546,188.49402197703648,89.56129759899362,79.08653692726091,243970.0,0.8878140755010862,0.00018148889399149937,0.00018148889399149937,0.00527860696448396,NIFTY,2025-12-23 00:00:00+05:30
26170.650390625,26236.400390625,26123.0,26142.099609375,188800,0.0,0.0,26015.7951171875,25892.3571484375,24862.128798828126,26021.46535803502,25966.98657424262,54.47878379240137,45.688410168420994,8.79037362398038,57.17815503262558,26305.173976396418,26015.7951171875,25726.41625797858,2.2246397460113654,183.13019116617673,82.63818219084982,88.75683442292488,239645.0,0.787832001502222,-0.0013389838361685946,-0.0013389838361685946,0.004497122281428321,NIFTY,2025-12-24 00:00:00+05:30
26121.25,26144.19921875,26008.599609375,26042.30078125,142200,0.0,0.0,26007.1326171875,25910.2931640625,24880.653798828123,26024.6708077604,25972.565404391316,52.10540336908525,46.971808808553845,5.133594560531407,52.96690356380303,26282.08718345714,26007.1326171875,25732.17805091786,2.11445506366918,179.73514960966412,64.26411308447175,78.82119762477176,234740.0,0.6057766039021897,-0.0038175521330050532,-0.0038175521330050532,0.004570257202870379,NIFTY,2025-12-26 00:00:00+05:30
26063.349609375,26106.80078125,25920.30078125,25942.099609375,234300,0.0,0.0,25994.09013671875,25922.664140625,24897.64080078125,26011.96754647034,25970.30867883455,41.65886763578965,45.909220574001004,-4.250352938211357,49.05993390282125,26255.043424601754,25994.09013671875,25733.136848835748,2.007789359123485,180.21835320897384,45.815968039468814,64.23942110493016,236330.0,0.9914103160834427,-0.003847631310177624,-0.003847631310177624,0.0046379375584189135,NIFTY,2025-12-29 00:00:00+05:30
25940.900390625,25976.75,25878.0,25938.849609375,396900,0.0,0.0,25982.2451171875,25929.7351171875,24914.572548828124,26000.718633071054,25967.9783773931,32.74025567795252,43.27542759479131,-10.535171916838792,48.93385566382872,26230.329059620177,25982.2451171875,25734.161174754823,1.9096420752998513,174.39918512261855,45.21760705950887,51.76589606114984,245485.0,1.6167993971118397,-0.00012527898855285713,-0.00012527898855285713,0.004636750760029122,NIFTY,2025-12-30 00:00:00+05:30
25971.05078125,26187.94921875,25969.0,26129.599609375,246300,0.0,0.0,25987.11513671875,25938.1301171875,24932.91904296875,26020.546475579355,25979.95032050287,40.59615507648414,42.73957309112988,-2.1434180146457393,56.06966955158195,26242.642749616032,25987.11513671875,25731.587523821465,1.9665715994480162,179.73492971207435,80.33679380638851,57.123456301788764,245060.0,1.00505998530972,0.0073538342244390265,0.0073538342244390265,0.004788469546939345,NIFTY,2025-12-31 00:00:00+05:30
26173.30078125,26197.55078125,26113.400390625,26146.55078125,425600,0.0,0.0,25995.14267578125,25944.198125,24951.162294921876,26039.931753374836,25992.291095373028,47.64065800180833,43.71979007326557,3.920867928542762,56.64939909390267,26259.945039182374,25995.14267578125,25730.34031238013,2.0373218697339897,172.90746263442617,82.38586979411956,69.313423553339,253055.0,1.681847819643951,0.0006487344669803274,0.0006487344669803274,0.004766545399530123,NIFTY,2026-01-01 00:00:00+05:30
26155.099609375,26340.0,26118.400390625,26328.55078125,357500,0.0,0.0,26009.88271484375,25953.3971484375,24970.452548828125,26084.334680740245,26017.1992202528,67.1354604874432,48.4029241561011,18.732536331342097,62.3884323472671,26311.851760473175,26009.88271484375,25707.913669214322,2.3219562267160385,176.38547311589573,98.13439248410319,86.95235202820379,258525.0,1.3828449859781453,0.006960765170238581,0.006960765170238581,0.004985114220190615,NIFTY,2026-01-02 00:00:00+05:30
26333.69921875,26373.19921875,26210.05078125,26250.30078125,338800,0.0,0.0,26013.07529296875,25960.57515625,24989.718056640624,26109.867926972514,26034.46600254889,75.40192442362604,53.8027242096061,21.599200214019945,58.785067150710184,26323.670781616893,26013.07529296875,25702.47980432061,2.3879951535918114,175.4399705719032,81.00189606656764,87.17405278159681,263000.0,1.288212927756654,-0.0029720587604740167,-0.0029720587604740167,0.0048821002687225975,NIFTY,2026-01-05 00:00:00+05:30
26189.69921875,26273.94921875,26124.75,26178.69921875,383000,0.0,0.0,26023.98271484375,25968.2461328125,25008.067802734375,26120.45735647674,26045.14994448971,75.30741198703254,58.10366176509139,17.20375022194115,55.619482117060834,26341.674644632218,26023.98271484375,25706.290785055284,2.441531976635225,173.56563115605294,69.93345651727594,83.02324835598229,266115.0,1.4392274016872404,-0.0027276473171363724,-0.0027276473171363724,0.004487268697546479,NIFTY,2026-01-06 00:00:00+05:30
26143.099609375,26187.150390625,26067.900390625,26140.75,338200,0.0,0.0,26039.0376953125,25971.7401171875,25024.600048828124,26123.579301634167,26052.231430083062,71.34787155110462,60.75250372229404,10.59536782881058,53.96092150906759,26348.800170656486,26039.0376953125,25729.275219968516,2.3792159984448875,169.68594321633486,64.06712317186576,71.66749191856981,269225.0,1.256198347107438,-0.001449622016468255,-0.001449622016468255,0.004351217815143008,NIFTY,2026-01-07 00:00:00+05:30
26106.5,26133.19921875,25858.44921875,25876.849609375,328500,0.0,0.0,26044.98017578125,25970.553125,25039.446298828127,26085.620887440447,26039.24018410469,46.38070333575888,57.87814364498701,-11.497440309228132,44.11025065354498,26337.00088847377,26044.98017578125,25752.95946308873,2.2424337490113695,177.7298602187395,3.574626639145216,45.858402109429015,275255.0,1.1934388112840821,-0.010095364158449915,-0.010095364158449915,0.004906585509364646,NIFTY,2026-01-08 00:00:00+05:30
25840.400390625,25940.599609375,25623.0,25683.30078125,348800,0.0,0.0,26034.21767578125,25963.1411328125,25051.90955078125,26023.72548648807,26012.874302411747,10.851184076323989,48.47275173125441,-37.62156765493042,38.55165958463047,26360.847212696684,26034.21767578125,25707.588138865813,2.5092325875364274,187.72055658704383,8.037969081129491,25.226572964046856,282390.0,1.2351712171110876,-0.007479613285493514,-0.007479613285493514,0.005033946242933236,NIFTY,2026-01-09 00:00:00+05:30
25669.05078125,25813.150390625,25473.400390625,25790.25,275800,0.0,0.0,26021.38271484375,25961.389140625,25064.108798828125,25987.806180874522,25996.38361334421,-8.577432469686755,37.062714891066186,-45.64014736075294,42.838162599969195,26364.74773406451,26021.38271484375,25678.017695622988,2.6390989516855305,198.57980254511213,35.21338319980377,15.608659640026195,285365.0,0.9664815236626776,0.004164153963733375,0.004164153963733375,0.004944894231813866,NIFTY,2026-01-12 00:00:00+05:30
25897.349609375,25899.80078125,25603.30078125,25732.30078125,339500,0.0,0.0,26006.63271484375,25961.5931640625,25074.4785546875,25948.497657855365,25976.821922077972,-28.32426422260687,23.985319068331577,-52.30958329093845,41.16263792958842,26372.331982806565,26006.63271484375,25640.933446880932,2.812353848132651,205.57410236331842,28.77314156593162,24.008164615621663,293260.0,1.1576757825820092,-0.002246942885392733,-0.002246942885392733,0.004960436497116054,NIFTY,2026-01-13 00:00:00+05:30
25648.55078125,25791.75,25603.94921875,25665.599609375,393100,0.0,0.0,25996.90771484375,25959.6381640625,25084.46330078125,25904.974881166076,25953.768417433304,-48.793536267228774,9.429548001219505,-58.223084268448275,39.25922808909005,26387.19476009892,25996.90771484375,25606.62066958858,3.0025651476411723,204.3045794266528,21.360243283546453,28.448922683093983,299695.0,1.3116668613089975,-0.00259211846006413,-0.00259211846006413,0.004793120678461174,NIFTY,2026-01-14 00:00:00+05:30
25696.05078125,25873.5,25662.400390625,25694.349609375,434000,0.0,0.0,25990.69765625,25961.5721484375,25095.50080078125,25872.570993198216,25934.552209428984,-61.98121623076804,-4.852604845178005,-57.128611385590034,40.535594195614486,26395.80969096118,25990.69765625,25585.585621538816,3.117361758188628,204.78993870867757,24.555401923607057,24.89626225769508,311070.0,1.3951843636480534,0.0011201764399650926,0.0011201764399650926,0.004794769612287731,NIFTY,2026-01-16 00:00:00+05:30
25653.099609375,25653.30078125,25494.349609375,25585.5,443100,0.0,0.0,25979.1951171875,25963.0881640625,25105.4685546875,25828.406225013874,25908.696490212023,-80.29026519814943,-19.940136915772293,-60.350128282377135,37.336667977891594,26415.41555413417,25979.1951171875,25542.97468024083,3.3582290365729843,204.44780022948632,12.458296884937388,19.457980697363666,323345.0,1.370362925049096,-0.004236324757381116,-0.004236324757381116,0.004877413608493561,NIFTY,2026-01-19 00:00:00+05:30
25580.30078125,25585.0,25171.349609375,25232.5,409800,0.0,0.0,25942.50009765625,25957.8921484375,25114.034306640624,25736.72834424251,25858.607861307428,-121.87951706491731,-40.328012945601294,-81.55150411931601,29.26958158683007,26486.908171050763,25942.50009765625,25398.09202426174,4.197036302169628,219.42655668630871,5.0880235054367695,14.033907437993774,324690.0,1.262126951861776,-0.013796877137441155,-0.013796877137441155,0.005485787083080605,NIFTY,2026-01-20 00:00:00+05:30
25141.0,25300.94921875,24919.80078125,25157.5,395600,0.0,0.0,25891.755078125,25949.55515625,25123.993310546874,25647.616291282127,25806.673945655024,-159.05765437289665,-64.07394123106036,-94.98371314183629,27.890745884031674,26523.224890602894,25891.755078125,25260.285265647104,4.877767540844699,230.9781196015724,16.354718198188515,11.300346196187595,331820.0,1.192212645410162,-0.0029723570791637677,-0.0029723570791637677,0.005030441312006249,NIFTY,2026-01-21 00:00:00+05:30
25344.150390625,25435.75,25168.5,25289.900390625,486400,0.0,0.0,25847.392578125,25941.4541796875,25133.781064453124,25592.583075796414,25768.394423060206,-175.8113472637924,-86.42142243760678,-89.38992482618563,33.81793778088279,26516.001368479738,25847.392578125,25178.783787770262,5.173510545281,234.35468248717436,25.464428736528074,15.635723480051155,345310.0,1.4085893834525498,0.00526285960946038,0.00526285960946038,0.005267224069846406,NIFTY,2026-01-22 00:00:00+05:30
25344.599609375,25347.94921875,25025.30078125,25048.650390625,0,0.0,0.0,25792.7201171875,25924.911171875,25142.773818359376,25508.901124231583,25715.08005028723,-206.17892605564703,-110.37292316121484,-95.80600289443218,29.120886372822994,26531.17036748511,25792.7201171875,25054.26986688989,5.7260362376865315,240.66137927380478,8.865401671728439,16.89484953548171,335870.0,0.0,-0.009539381186706164,-0.009539381186706164,0.005548534820787821,NIFTY,2026-01-23 00:00:00+05:30
