open,high,low,close,volume,timestamp
43750.8515625,44332.0,43750.8515625,43867.30078125,0,2025-01-10 03:45:00+00:00
43867.30078125,44440.8984375,43866.25,44363.0,0,2025-01-10 04:45:00+00:00
44366.3984375,44763.8984375,44359.05078125,44705.1015625,0,2025-01-10 05:45:00+00:00
44702.80078125,44797.5,44615.80078125,44687.44921875,0,2025-01-10 06:45:00+00:00
44686.1484375,44763.8515625,44592.0,44595.25,0,2025-01-10 07:45:00+00:00
44597.19921875,44664.55078125,44559.1015625,44615.80078125,0,2025-01-10 08:45:00+00:00
44612.1484375,44685.19921875,44531.19921875,44582.25,0,2025-01-10 09:45:00+00:00
44361.1015625,44476.6015625,44165.3984375,44341.0,0,2025-01-13 03:45:00+00:00
44342.44921875,44655.3984375,44335.8515625,44400.6484375,0,2025-01-13 04:45:00+00:00
44398.75,44442.3515625,44238.1015625,44305.30078125,0,2025-01-13 05:45:00+00:00
44306.30078125,44413.69921875,44218.8984375,44265.30078125,0,2025-01-13 06:45:00+00:00
44267.1015625,44275.3515625,44031.05078125,44059.55078125,0,2025-01-13 07:45:00+00:00
44056.1484375,44148.5,43929.3515625,44011.6015625,0,2025-01-13 08:45:00+00:00
44008.80078125,44044.30078125,43937.80078125,44039.05078125,0,2025-01-13 09:45:00+00:00
43977.55078125,44002.05078125,42917.6015625,43272.30078125,0,2025-01-14 03:45:00+00:00
43271.55078125,43568.0,43258.6015625,43533.6015625,0,2025-01-14 04:45:00+00:00
43535.1015625,43537.1015625,43303.19921875,43311.6015625,0,2025-01-14 05:45:00+00:00
43311.55078125,43366.3984375,43035.69921875,43067.94921875,0,2025-01-14 06:45:00+00:00
43069.80078125,43121.3984375,43002.8984375,43092.1015625,0,2025-01-14 07:45:00+00:00
43092.3515625,43247.8984375,43021.1015625,43064.8984375,0,2025-01-14 08:45:00+00:00
43063.1015625,43157.05078125,43013.19921875,43104.1484375,0,2025-01-14 09:45:00+00:00
43190.80078125,43371.8515625,42977.44921875,43182.6484375,0,2025-01-15 03:45:00+00:00
43181.6015625,43430.55078125,43178.75,43238.5,0,2025-01-15 04:45:00+00:00
43238.8515625,43403.1484375,43228.8515625,43363.6484375,0,2025-01-15 05:45:00+00:00
43360.80078125,43437.25,43319.8984375,43331.55078125,0,2025-01-15 06:45:00+00:00
43334.8984375,43352.30078125,43250.8984375,43345.3984375,0,2025-01-15 07:45:00+00:00
43346.25,43424.25,43269.8515625,43420.05078125,0,2025-01-15 08:45:00+00:00
43420.05078125,43447.30078125,43363.3515625,43423.3984375,0,2025-01-15 09:45:00+00:00
43735.6484375,44011.05078125,43443.6015625,43486.3984375,0,2025-01-16 03:45:00+00:00
43486.8984375,43663.0,43312.0,43335.1484375,0,2025-01-16 04:45:00+00:00
43335.8515625,43374.05078125,43184.80078125,43207.0,0,2025-01-16 05:45:00+00:00
43209.30078125,43298.30078125,43195.25,43214.1015625,0,2025-01-16 06:45:00+00:00
43214.94921875,43278.1484375,43180.6484375,43264.44921875,0,2025-01-16 07:45:00+00:00
43265.1015625,43358.8984375,43095.94921875,43127.8984375,0,2025-01-16 08:45:00+00:00
43124.05078125,43201.94921875,43105.94921875,43147.19921875,0,2025-01-16 09:45:00+00:00
42478.0,42478.0,41972.19921875,42132.3515625,0,2025-01-17 03:45:00+00:00
42132.8984375,42380.5,42063.3515625,42160.94921875,0,2025-01-17 04:45:00+00:00
42160.44921875,42161.55078125,41997.8515625,42101.8984375,0,2025-01-17 05:45:00+00:00
42100.6015625,42193.19921875,42066.0,42067.8515625,0,2025-01-17 06:45:00+00:00
42068.0,42132.1484375,42005.05078125,42040.69921875,0,2025-01-17 07:45:00+00:00
42041.0,42174.5,42012.8515625,42012.8515625,0,2025-01-17 08:45:00+00:00
42013.6015625,42056.80078125,41991.80078125,42052.69921875,0,2025-01-17 09:45:00+00:00
42404.69921875,42456.6015625,41713.0,41848.1484375,0,2025-01-20 03:45:00+00:00
41852.0,42053.1015625,41831.0,41999.30078125,0,2025-01-20 04:45:00+00:00
41998.55078125,42118.19921875,41995.3984375,42050.44921875,0,2025-01-20 05:45:00+00:00
42051.0,42096.19921875,41973.94921875,42018.3984375,0,2025-01-20 06:45:00+00:00
42017.6015625,42135.8984375,41956.1484375,42133.44921875,0,2025-01-20 07:45:00+00:00
42133.69921875,42282.75,42121.5,42200.75,0,2025-01-20 08:45:00+00:00
42198.3984375,42210.8984375,42166.94921875,42185.1484375,0,2025-01-20 09:45:00+00:00
42288.55078125,42535.05078125,42166.3515625,42287.25,0,2025-01-21 03:45:00+00:00
42286.8515625,42287.6015625,41980.5,42066.3515625,0,2025-01-21 04:45:00+00:00
42066.5,42415.6484375,41930.75,42225.55078125,0,2025-01-21 05:45:00+00:00
42224.19921875,42322.25,41894.19921875,42251.69921875,0,2025-01-21 06:45:00+00:00
42251.75,42257.1015625,41974.44921875,42093.1015625,0,2025-01-21 07:45:00+00:00
42091.80078125,42113.80078125,41639.6484375,41689.44921875,0,2025-01-21 08:45:00+00:00
41691.5,41756.8984375,41689.19921875,41741.1015625,0,2025-01-21 09:45:00+00:00
41759.8515625,42085.44921875,41759.8515625,42032.8515625,0,2025-01-22 03:45:00+00:00
42031.6484375,42331.8984375,42021.19921875,42205.5,0,2025-01-22 04:45:00+00:00
42209.0,42296.6015625,42128.44921875,42228.69921875,0,2025-01-22 05:45:00+00:00
42229.5,42385.55078125,42159.19921875,42382.5,0,2025-01-22 06:45:00+00:00
42382.3984375,42490.8984375,42304.5,42461.55078125,0,2025-01-22 07:45:00+00:00
42460.80078125,42622.0,42441.1015625,42607.94921875,0,2025-01-22 08:45:00+00:00
42608.69921875,42633.8515625,42508.6484375,42548.3984375,0,2025-01-22 09:45:00+00:00
42746.3984375,43601.8515625,42746.3984375,43522.75,0,2025-01-23 03:45:00+00:00
43518.75,43578.5,43387.19921875,43491.1484375,0,2025-01-23 04:45:00+00:00
43492.05078125,43662.8515625,43466.3515625,43656.8984375,0,2025-01-23 05:45:00+00:00
43656.75,43660.6015625,43542.6015625,43555.0,0,2025-01-23 06:45:00+00:00
43554.3984375,43571.05078125,43431.05078125,43431.05078125,0,2025-01-23 07:45:00+00:00
43435.6015625,43457.0,43334.6484375,43345.5,0,2025-01-23 08:45:00+00:00
43345.0,43373.8515625,43322.80078125,43333.44921875,0,2025-01-23 09:45:00+00:00
43220.44921875,43584.8984375,43220.44921875,43366.75,0,2025-01-24 03:45:00+00:00
43365.94921875,43643.3984375,43272.6015625,43612.75,0,2025-01-24 04:45:00+00:00
43613.44921875,43957.5,43582.1015625,43828.8515625,0,2025-01-24 05:45:00+00:00
43828.0,43920.75,43639.19921875,43707.3984375,0,2025-01-24 06:45:00+00:00
43706.44921875,43714.69921875,43586.6484375,43618.1484375,0,2025-01-24 07:45:00+00:00
43617.6015625,43671.30078125,43482.6015625,43507.19921875,0,2025-01-24 08:45:00+00:00
43508.75,43557.0,43496.94921875,43532.94921875,0,2025-01-24 09:45:00+00:00
42951.5,43245.30078125,42817.25,42822.25,0,2025-01-27 03:45:00+00:00
42828.8984375,42828.8984375,42398.69921875,42587.0,0,2025-01-27 04:45:00+00:00
42585.5,42696.6015625,42434.80078125,42474.75,0,2025-01-27 05:45:00+00:00
42476.5,42625.55078125,42236.6484375,42273.69921875,0,2025-01-27 06:45:00+00:00
42272.94921875,42289.69921875,41981.05078125,42049.80078125,0,2025-01-27 07:45:00+00:00
42044.19921875,42130.05078125,41963.6015625,42038.19921875,0,2025-01-27 08:45:00+00:00
42039.55078125,42091.8515625,42031.25,42045.3515625,0,2025-01-27 09:45:00+00:00
42113.1484375,42462.44921875,42064.30078125,42138.3515625,0,2025-01-28 03:45:00+00:00
42137.1484375,42258.44921875,41901.3984375,42108.05078125,0,2025-01-28 04:45:00+00:00
42110.5,42280.69921875,42055.30078125,42176.44921875,0,2025-01-28 05:45:00+00:00
42178.75,42242.55078125,41989.30078125,42047.55078125,0,2025-01-28 06:45:00+00:00
42048.1484375,42076.55078125,41913.75,41988.1484375,0,2025-01-28 07:45:00+00:00
41988.25,42193.1484375,41732.44921875,41865.5,0,2025-01-28 08:45:00+00:00
41866.5,41947.05078125,41806.6015625,41884.1484375,0,2025-01-28 09:45:00+00:00
42052.0,42732.5,42052.0,42567.44921875,0,2025-01-29 03:45:00+00:00
42568.94921875,42642.8984375,42498.30078125,42547.75,0,2025-01-29 04:45:00+00:00
42542.30078125,42620.6015625,42334.69921875,42550.69921875,0,2025-01-29 05:45:00+00:00
42549.0,42660.80078125,42514.19921875,42551.94921875,0,2025-01-29 06:45:00+00:00
42547.6015625,42945.19921875,42547.6015625,42937.1015625,0,2025-01-29 07:45:00+00:00
42936.80078125,42943.5,42807.6484375,42911.3515625,0,2025-01-29 08:45:00+00:00
42904.94921875,42968.3984375,42891.25,42945.6484375,0,2025-01-29 09:45:00+00:00
42914.3515625,43025.19921875,42627.6484375,42926.5,0,2025-01-30 03:45:00+00:00
42926.5,42978.55078125,42604.3984375,42771.80078125,0,2025-01-30 04:45:00+00:00
42773.8984375,42793.19921875,42564.6484375,42596.69921875,0,2025-01-30 05:45:00+00:00
42597.8515625,42686.05078125,42550.25,42636.25,0,2025-01-30 06:45:00+00:00
42637.3515625,42648.1015625,42212.44921875,42242.80078125,0,2025-01-30 07:45:00+00:00
42243.05078125,42458.1015625,42117.8984375,42442.05078125,0,2025-01-30 08:45:00+00:00
42441.55078125,42600.1484375,42440.1015625,42540.44921875,0,2025-01-30 09:45:00+00:00
42613.1484375,42967.3984375,42535.5,42611.05078125,0,2025-01-31 03:45:00+00:00
42614.25,42778.1015625,42585.0,42664.69921875,0,2025-01-31 04:45:00+00:00
42663.30078125,42710.55078125,42568.3984375,42606.80078125,0,2025-01-31 05:45:00+00:00
42606.75,42609.05078125,42498.8984375,42580.69921875,0,2025-01-31 06:45:00+00:00
42580.69921875,42640.30078125,42487.6484375,42575.8515625,0,2025-01-31 07:45:00+00:00
42576.1015625,42686.3984375,42538.8515625,42648.3984375,0,2025-01-31 08:45:00+00:00
42652.8515625,42776.75,42632.8515625,42706.75,0,2025-01-31 09:45:00+00:00
42702.8984375,42821.25,42518.1484375,42590.6484375,0,2025-02-01 03:45:00+00:00
42591.0,42681.1484375,42561.25,42606.6015625,0,2025-02-01 04:45:00+00:00
42601.1484375,42619.3984375,42329.5,42339.75,0,2025-02-01 05:45:00+00:00
42340.1484375,42372.30078125,41967.75,41997.0,0,2025-02-01 06:45:00+00:00
41994.19921875,42198.80078125,41939.1015625,42153.75,0,2025-02-01 07:45:00+00:00
42153.6015625,42178.80078125,41947.3984375,42009.30078125,0,2025-02-01 08:45:00+00:00
42009.3984375,42130.3515625,41977.05078125,42085.25,0,2025-02-01 09:45:00+00:00
41592.19921875,42138.44921875,41330.8515625,41764.1484375,0,2025-02-03 03:45:00+00:00
41760.44921875,42035.8515625,41738.19921875,41886.25,0,2025-02-03 04:45:00+00:00
41887.75,42175.69921875,41858.05078125,42047.05078125,0,2025-02-03 05:45:00+00:00
42047.05078125,42323.8515625,41994.75,42322.3984375,0,2025-02-03 06:45:00+00:00
42322.1015625,42374.6015625,42199.1015625,42287.80078125,0,2025-02-03 07:45:00+00:00
42289.69921875,42365.1484375,42198.0,42334.3984375,0,2025-02-03 08:45:00+00:00
42335.8984375,42347.30078125,42255.1015625,42275.69921875,0,2025-02-03 09:45:00+00:00
42637.8515625,42920.19921875,42637.8515625,42792.5,0,2025-02-04 03:45:00+00:00
42791.6015625,42836.55078125,42544.8984375,42605.0,0,2025-02-04 04:45:00+00:00
42606.8515625,42693.30078125,42407.80078125,42478.5,0,2025-02-04 05:45:00+00:00
42479.44921875,42581.19921875,42425.25,42552.05078125,0,2025-02-04 06:45:00+00:00
42554.8515625,42750.30078125,42537.80078125,42663.0,0,2025-02-04 07:45:00+00:00
42649.75,42929.5,42630.94921875,42868.55078125,0,2025-02-04 08:45:00+00:00
42870.1015625,42890.75,42781.69921875,42801.6015625,0,2025-02-04 09:45:00+00:00
43025.6015625,43250.69921875,42818.44921875,42865.75,0,2025-02-05 03:45:00+00:00
42864.6015625,43034.80078125,42857.30078125,42948.19921875,0,2025-02-05 04:45:00+00:00
42948.44921875,42989.8984375,42854.55078125,42928.1484375,0,2025-02-05 05:45:00+00:00
42928.1484375,43016.55078125,42918.0,42997.25,0,2025-02-05 06:45:00+00:00
42997.25,43025.8984375,42858.6015625,42892.3515625,0,2025-02-05 07:45:00+00:00
42892.3515625,42940.69921875,42860.44921875,42874.25,0,2025-02-05 08:45:00+00:00
42874.05078125,42928.25,42855.3515625,42872.75,0,2025-02-05 09:45:00+00:00
43197.30078125,43427.6015625,42948.75,42996.3515625,0,2025-02-06 03:45:00+00:00
42996.19921875,43062.6484375,42881.80078125,42928.94921875,0,2025-02-06 04:45:00+00:00
42936.3984375,43015.25,42894.55078125,42981.6015625,0,2025-02-06 05:45:00+00:00
42982.44921875,42999.1484375,42857.3515625,42884.94921875,0,2025-02-06 06:45:00+00:00
42884.69921875,42932.3984375,42861.6484375,42878.55078125,0,2025-02-06 07:45:00+00:00
42875.44921875,43041.44921875,42838.1484375,43007.8984375,0,2025-02-06 08:45:00+00:00
43010.44921875,43064.25,42995.30078125,43029.6015625,0,2025-02-06 09:45:00+00:00
43109.75,43110.25,42623.6015625,42828.55078125,0,2025-02-07 03:45:00+00:00
42827.80078125,43055.05078125,42759.3515625,42903.19921875,0,2025-02-07 04:45:00+00:00
42902.94921875,43004.75,42838.75,42846.0,0,2025-02-07 05:45:00+00:00
42845.75,42961.6015625,42792.5,42807.05078125,0,2025-02-07 06:45:00+00:00
42806.6484375,42899.05078125,42712.25,42742.94921875,0,2025-02-07 07:45:00+00:00
42743.1015625,42957.1015625,42688.05078125,42953.80078125,0,2025-02-07 08:45:00+00:00
42955.1015625,42986.1015625,42862.8515625,42880.6015625,0,2025-02-07 09:45:00+00:00
42967.8984375,42971.3984375,42623.1015625,42623.44921875,0,2025-02-10 03:45:00+00:00
42625.5,42833.1484375,42581.0,42831.25,0,2025-02-10 04:45:00+00:00
42830.55078125,42853.6015625,42574.25,42576.5,0,2025-02-10 05:45:00+00:00
42578.30078125,42633.1484375,42561.8515625,42583.0,0,2025-02-10 06:45:00+00:00
42581.25,42616.69921875,42515.6015625,42554.44921875,0,2025-02-10 07:45:00+00:00
42550.6015625,42707.8984375,42513.1484375,42583.80078125,0,2025-02-10 08:45:00+00:00
42584.30078125,42613.44921875,42565.19921875,42585.05078125,0,2025-02-10 09:45:00+00:00
42639.6484375,42789.8515625,42517.75,42524.0,0,2025-02-11 03:45:00+00:00
42523.5,42605.05078125,42416.80078125,42508.8515625,0,2025-02-11 04:45:00+00:00
42507.19921875,42554.6484375,42318.5,42344.1015625,0,2025-02-11 05:45:00+00:00
42344.19921875,42353.8984375,41867.6484375,41890.1015625,0,2025-02-11 06:45:00+00:00
41891.1015625,42049.94921875,41879.6484375,42020.0,0,2025-02-11 07:45:00+00:00
42021.69921875,42109.5,41868.3515625,41961.1484375,0,2025-02-11 08:45:00+00:00
41958.6484375,42007.75,41939.94921875,41982.30078125,0,2025-02-11 09:45:00+00:00
42035.69921875,42263.05078125,41941.25,41941.25,0,2025-02-12 03:45:00+00:00
41940.6484375,41942.80078125,41635.3515625,41752.1015625,0,2025-02-12 04:45:00+00:00
41750.80078125,41957.05078125,41604.3984375,41873.44921875,0,2025-02-12 05:45:00+00:00
41873.44921875,41883.44921875,41736.8515625,41815.19921875,0,2025-02-12 06:45:00+00:00
41816.6015625,41904.6015625,41646.80078125,41734.75,0,2025-02-12 07:45:00+00:00
41734.19921875,41769.75,41591.75,41730.1015625,0,2025-02-12 08:45:00+00:00
41728.19921875,41776.1015625,41709.3984375,41760.44921875,0,2025-02-12 09:45:00+00:00
41806.30078125,41925.80078125,41372.0,41770.19921875,0,2025-02-13 03:45:00+00:00
41770.94921875,41812.0,41597.8984375,41652.05078125,0,2025-02-13 04:45:00+00:00
41654.5,41758.75,41581.0,41597.44921875,0,2025-02-13 05:45:00+00:00
41596.55078125,41690.1484375,41533.80078125,41643.19921875,0,2025-02-13 06:45:00+00:00
41644.80078125,41676.6484375,41354.6015625,41451.6015625,0,2025-02-13 07:45:00+00:00
41452.30078125,41452.30078125,41183.3515625,41328.44921875,0,2025-02-13 08:45:00+00:00
41329.19921875,41348.80078125,41309.6484375,41338.25,0,2025-02-13 09:45:00+00:00
41530.69921875,41602.6484375,41258.44921875,41365.1015625,0,2025-02-14 03:45:00+00:00
41363.3984375,41463.75,40958.69921875,41018.94921875,0,2025-02-14 04:45:00+00:00
41016.6484375,41170.5,40973.5,41044.8984375,0,2025-02-14 05:45:00+00:00
41044.30078125,41108.8984375,41006.5,41095.6015625,0,2025-02-14 06:45:00+00:00
41094.69921875,41253.3515625,41077.8515625,41148.55078125,0,2025-02-14 07:45:00+00:00
41148.8984375,41382.3984375,41145.69921875,41321.05078125,0,2025-02-14 08:45:00+00:00
41318.5,41328.5,41252.8515625,41265.3515625,0,2025-02-14 09:45:00+00:00
40968.80078125,41244.8984375,40593.94921875,40980.6015625,0,2025-02-17 03:45:00+00:00
40982.6484375,41111.6484375,40800.30078125,40870.1484375,0,2025-02-17 04:45:00+00:00
40867.1484375,41035.75,40853.3515625,40935.94921875,0,2025-02-17 05:45:00+00:00
40937.5,41074.05078125,40882.30078125,40882.30078125,0,2025-02-17 06:45:00+00:00
40882.3515625,41119.5,40879.05078125,40990.75,0,2025-02-17 07:45:00+00:00
40990.80078125,41103.80078125,40977.94921875,41088.8984375,0,2025-02-17 08:45:00+00:00
41073.69921875,41125.1484375,41053.5,41105.05078125,0,2025-02-17 09:45:00+00:00
41088.1015625,41511.55078125,41059.3984375,41427.1484375,0,2025-02-18 03:45:00+00:00
41428.8515625,41458.69921875,41133.75,41145.25,0,2025-02-18 04:45:00+00:00
41140.8515625,41223.1015625,41043.05078125,41140.80078125,0,2025-02-18 05:45:00+00:00
41139.3515625,41298.0,41125.25,41255.1484375,0,2025-02-18 06:45:00+00:00
41254.1015625,41383.30078125,41232.3984375,41339.94921875,0,2025-02-18 07:45:00+00:00
41336.69921875,41529.25,41327.75,41489.8984375,0,2025-02-18 08:45:00+00:00
41491.75,41491.75,41383.0,41414.0,0,2025-02-18 09:45:00+00:00
41326.0,41401.69921875,40786.5,41270.19921875,0,2025-02-19 03:45:00+00:00
41271.8515625,41342.69921875,41030.1484375,41128.80078125,0,2025-02-19 04:45:00+00:00
41127.30078125,41230.6484375,41054.3515625,41211.75,0,2025-02-19 05:45:00+00:00
41211.6484375,41251.6015625,41034.69921875,41058.1484375,0,2025-02-19 06:45:00+00:00
41056.3984375,41068.5,40882.25,40988.69921875,0,2025-02-19 07:45:00+00:00
40988.5,40991.69921875,40821.3515625,40937.3984375,0,2025-02-19 08:45:00+00:00
40935.69921875,40947.19921875,40870.55078125,40888.5,0,2025-02-19 09:45:00+00:00
40725.3984375,41003.25,40702.3984375,40938.19921875,0,2025-02-20 03:45:00+00:00
40937.1015625,40975.55078125,40796.69921875,40870.05078125,0,2025-02-20 04:45:00+00:00
40871.1484375,40939.0,40805.5,40902.3515625,0,2025-02-20 05:45:00+00:00
40902.55078125,40911.55078125,40757.8984375,40792.0,0,2025-02-20 06:45:00+00:00
40793.6484375,40828.75,40748.3984375,40760.44921875,0,2025-02-20 07:45:00+00:00
40760.1484375,40884.44921875,40716.8515625,40878.1015625,0,2025-02-20 08:45:00+00:00
40878.25,40905.30078125,40868.8984375,40902.8984375,0,2025-02-20 09:45:00+00:00
40794.69921875,40904.3984375,40639.19921875,40661.94921875,0,2025-02-21 03:45:00+00:00
40662.1015625,40782.5,40554.6015625,40601.5,0,2025-02-21 04:45:00+00:00
40603.5,40733.0,40523.1484375,40530.3984375,0,2025-02-21 05:45:00+00:00
40529.19921875,40622.1484375,40518.1484375,40550.5,0,2025-02-21 06:45:00+00:00
40546.05078125,40565.55078125,40419.55078125,40521.1484375,0,2025-02-21 07:45:00+00:00
40522.1015625,40593.3984375,40485.3515625,40558.44921875,0,2025-02-21 08:45:00+00:00
40558.3984375,40584.30078125,40495.55078125,40509.3515625,0,2025-02-21 09:45:00+00:00
40103.05078125,40177.19921875,39551.8515625,39577.05078125,0,2025-02-24 03:45:00+00:00
39578.6015625,39656.25,39467.3515625,39605.69921875,0,2025-02-24 04:45:00+00:00
39605.3515625,39687.69921875,39511.3984375,39512.19921875,0,2025-02-24 05:45:00+00:00
39513.55078125,39551.3984375,39474.94921875,39513.6484375,0,2025-02-24 06:45:00+00:00
39514.0,39532.8515625,39312.75,39362.0,0,2025-02-24 07:45:00+00:00
39362.8984375,39478.0,39306.69921875,39448.1015625,0,2025-02-24 08:45:00+00:00
39447.75,39493.94921875,39404.44921875,39404.44921875,0,2025-02-24 09:45:00+00:00
39085.6015625,39517.5,39085.6015625,39447.55078125,0,2025-02-25 03:45:00+00:00
39449.8984375,39459.3515625,39143.80078125,39185.1484375,0,2025-02-25 04:45:00+00:00
39184.55078125,39229.6484375,39137.0,39140.6484375,0,2025-02-25 05:45:00+00:00
39141.05078125,39207.5,39104.3515625,39198.1484375,0,2025-02-25 06:45:00+00:00
39197.05078125,39211.94921875,39098.1015625,39112.6484375,0,2025-02-25 07:45:00+00:00
39114.1484375,39189.8984375,39096.8515625,39145.19921875,0,2025-02-25 08:45:00+00:00
39144.44921875,39185.55078125,39067.6015625,39086.30078125,0,2025-02-25 09:45:00+00:00
38971.6015625,39231.8984375,38855.1015625,38988.6484375,0,2025-02-27 03:45:00+00:00
38988.8984375,39049.8515625,38862.30078125,38975.69921875,0,2025-02-27 04:45:00+00:00
38975.94921875,39030.75,38910.75,38932.69921875,0,2025-02-27 05:45:00+00:00
38932.19921875,38962.25,38802.94921875,38811.3984375,0,2025-02-27 06:45:00+00:00
38812.5,38919.8515625,38743.05078125,38901.19921875,0,2025-02-27 07:45:00+00:00
38901.44921875,38981.69921875,38815.55078125,38973.0,0,2025-02-27 08:45:00+00:00
38973.25,38983.05078125,38830.1015625,38831.3984375,0,2025-02-27 09:45:00+00:00
38613.94921875,38630.5,37462.55078125,37537.1015625,0,2025-02-28 03:45:00+00:00
37533.19921875,37605.0,37243.69921875,37275.05078125,0,2025-02-28 04:45:00+00:00
37273.1484375,37428.55078125,37199.5,37427.25,0,2025-02-28 05:45:00+00:00
37427.3984375,37515.3984375,37305.75,37420.6015625,0,2025-02-28 06:45:00+00:00
37420.0,37438.55078125,37233.8515625,37263.75,0,2025-02-28 07:45:00+00:00
37264.94921875,37374.19921875,37168.6484375,37287.8984375,0,2025-02-28 08:45:00+00:00
37288.5,37411.1484375,37276.3515625,37313.3984375,0,2025-02-28 09:45:00+00:00
37437.19921875,37928.1484375,37374.6484375,37377.75,0,2025-03-03 03:45:00+00:00
37374.6015625,37622.0,37371.80078125,37513.69921875,0,2025-03-03 04:45:00+00:00
37511.19921875,37579.1484375,37457.55078125,37576.6484375,0,2025-03-03 05:45:00+00:00
37574.5,37701.3515625,37529.8984375,37700.8515625,0,2025-03-03 06:45:00+00:00
37700.1015625,37754.1015625,37534.55078125,37640.44921875,0,2025-03-03 07:45:00+00:00
37640.44921875,37659.3984375,37547.55078125,37611.6015625,0,2025-03-03 08:45:00+00:00
37611.3515625,37684.1484375,37567.94921875,37663.0,0,2025-03-03 09:45:00+00:00
37224.1484375,37358.6015625,36799.75,37320.94921875,0,2025-03-04 03:45:00+00:00
37323.3515625,37417.19921875,37179.1484375,37381.3984375,0,2025-03-04 04:45:00+00:00
37381.8984375,37534.25,37332.69921875,37419.80078125,0,2025-03-04 05:45:00+00:00
37419.0,37420.0,37133.5,37151.80078125,0,2025-03-04 06:45:00+00:00
37147.75,37307.80078125,37136.3515625,37288.25,0,2025-03-04 07:45:00+00:00
37288.44921875,37340.8984375,37236.05078125,37310.3984375,0,2025-03-04 08:45:00+00:00
37311.69921875,37315.05078125,37205.6484375,37248.5,0,2025-03-04 09:45:00+00:00
37359.8984375,38247.6484375,37350.8515625,37926.8984375,0,2025-03-05 03:45:00+00:00
37927.8984375,38160.3515625,37913.94921875,38115.6484375,0,2025-03-05 04:45:00+00:00
38112.30078125,38378.05078125,38089.44921875,38233.19921875,0,2025-03-05 05:45:00+00:00
38233.19921875,38381.55078125,38182.25,38191.1484375,0,2025-03-05 06:45:00+00:00
38188.19921875,38245.94921875,38073.1015625,38112.6484375,0,2025-03-05 07:45:00+00:00
38112.1015625,38157.55078125,37988.3984375,38072.19921875,0,2025-03-05 08:45:00+00:00
38075.8515625,38085.8984375,38045.75,38062.1484375,0,2025-03-05 09:45:00+00:00
38241.5,38337.6484375,37986.30078125,38177.80078125,0,2025-03-06 03:45:00+00:00
38177.8515625,38253.25,38109.19921875,38196.3984375,0,2025-03-06 04:45:00+00:00
38197.05078125,38205.25,37912.5,38074.8515625,0,2025-03-06 05:45:00+00:00
38071.1484375,38161.55078125,37988.75,38042.55078125,0,2025-03-06 06:45:00+00:00
38042.94921875,38135.0,37979.8984375,38089.6015625,0,2025-03-06 07:45:00+00:00
38089.8515625,38229.69921875,38046.3515625,38176.94921875,0,2025-03-06 08:45:00+00:00
38176.3515625,38179.69921875,38039.3515625,38067.3984375,0,2025-03-06 09:45:00+00:00
38028.1484375,38033.94921875,37646.25,37986.0,0,2025-03-07 03:45:00+00:00
37990.3984375,37999.55078125,37743.94921875,37834.25,0,2025-03-07 04:45:00+00:00
37831.30078125,37880.0,37628.1015625,37644.44921875,0,2025-03-07 05:45:00+00:00
37645.30078125,37840.55078125,37636.8984375,37806.1015625,0,2025-03-07 06:45:00+00:00
37806.44921875,37852.30078125,37723.1484375,37821.5,0,2025-03-07 07:45:00+00:00
37820.8515625,37890.69921875,37799.30078125,37827.6015625,0,2025-03-07 08:45:00+00:00
37828.1484375,37833.44921875,37766.8515625,37782.69921875,0,2025-03-07 09:45:00+00:00
37794.0,38037.30078125,37631.44921875,37877.8984375,0,2025-03-10 03:45:00+00:00
37877.8984375,37993.6484375,37763.94921875,37968.75,0,2025-03-10 04:45:00+00:00
37968.44921875,38004.19921875,37866.69921875,37900.19921875,0,2025-03-10 05:45:00+00:00
37900.3984375,37910.30078125,37828.0,37902.30078125,0,2025-03-10 06:45:00+00:00
37900.69921875,37907.6484375,37693.6484375,37699.05078125,0,2025-03-10 07:45:00+00:00
37698.80078125,37702.5,37565.3515625,37659.25,0,2025-03-10 08:45:00+00:00
37659.80078125,37665.44921875,37605.6484375,37627.80078125,0,2025-03-10 09:45:00+00:00
37185.25,37221.8515625,36838.3515625,37155.8984375,0,2025-03-11 03:45:00+00:00
37154.94921875,37185.44921875,36982.5,37105.80078125,0,2025-03-11 04:45:00+00:00
37106.0,37133.1015625,37043.6015625,37114.75,0,2025-03-11 05:45:00+00:00
37116.3984375,37172.5,37082.25,37096.69921875,0,2025-03-11 06:45:00+00:00
37096.3984375,37198.05078125,37077.94921875,37139.0,0,2025-03-11 07:45:00+00:00
37138.44921875,37421.25,37132.94921875,37385.30078125,0,2025-03-11 08:45:00+00:00
37384.75,37498.0,37375.25,37485.6015625,0,2025-03-11 09:45:00+00:00
37179.1484375,37194.69921875,36165.69921875,36172.3984375,0,2025-03-12 03:45:00+00:00
36172.3984375,36191.6015625,35991.3515625,36051.25,0,2025-03-12 04:45:00+00:00
36051.1484375,36074.8515625,35868.55078125,35885.69921875,0,2025-03-12 05:45:00+00:00
35888.6484375,36003.6015625,35831.6484375,35948.1484375,0,2025-03-12 06:45:00+00:00
35948.1484375,36081.05078125,35945.25,36072.69921875,0,2025-03-12 07:45:00+00:00
36072.75,36373.75,36058.25,36315.44921875,0,2025-03-12 08:45:00+00:00
36315.8515625,36323.94921875,36235.1484375,36283.94921875,0,2025-03-12 09:45:00+00:00
36400.19921875,36584.6484375,36172.3984375,36319.8515625,0,2025-03-13 03:45:00+00:00
36319.75,36336.75,36117.30078125,36193.05078125,0,2025-03-13 04:45:00+00:00
36192.6015625,36193.8515625,35950.6484375,36041.8984375,0,2025-03-13 05:45:00+00:00
36041.94921875,36090.44921875,35999.1015625,36087.94921875,0,2025-03-13 06:45:00+00:00
36087.94921875,36166.69921875,36079.55078125,36117.75,0,2025-03-13 07:45:00+00:00
36118.8515625,36139.44921875,36042.5,36090.3984375,0,2025-03-13 08:45:00+00:00
36086.55078125,36135.80078125,36075.6015625,36094.25,0,2025-03-13 09:45:00+00:00
35951.94921875,36134.94921875,35843.30078125,35994.8984375,0,2025-03-17 03:45:00+00:00
35996.3515625,36050.80078125,35842.94921875,35883.55078125,0,2025-03-17 04:45:00+00:00
35887.75,36123.19921875,35840.3984375,36114.80078125,0,2025-03-17 05:45:00+00:00
36113.69921875,36117.25,35874.75,35939.0,0,2025-03-17 06:45:00+00:00
35940.0,36093.5,35927.0,36073.5,0,2025-03-17 07:45:00+00:00
36073.25,36169.75,36019.1484375,36155.05078125,0,2025-03-17 08:45:00+00:00
36154.6484375,36166.19921875,36109.5,36129.5,0,2025-03-17 09:45:00+00:00
36264.44921875,36576.0,36011.44921875,36575.5,0,2025-03-18 03:45:00+00:00
36576.1484375,36612.25,36439.19921875,36496.3984375,0,2025-03-18 04:45:00+00:00
36495.75,36592.1015625,36459.5,36570.75,0,2025-03-18 05:45:00+00:00
36571.55078125,36573.44921875,36368.6015625,36447.6484375,0,2025-03-18 06:45:00+00:00
36447.1015625,36484.44921875,36408.94921875,36451.94921875,0,2025-03-18 07:45:00+00:00
36456.6484375,36679.80078125,36423.69921875,36643.25,0,2025-03-18 08:45:00+00:00
36641.80078125,36653.30078125,36596.25,36608.5,0,2025-03-18 09:45:00+00:00
36539.55078125,36539.55078125,35804.6015625,36024.6484375,0,2025-03-19 03:45:00+00:00
36028.3984375,36115.55078125,35980.94921875,35998.1015625,0,2025-03-19 04:45:00+00:00
35998.1484375,36013.6484375,35875.1015625,35883.25,0,2025-03-19 05:45:00+00:00
35883.19921875,36025.8984375,35878.8984375,36018.30078125,0,2025-03-19 06:45:00+00:00
36019.6484375,36151.1484375,36007.80078125,36131.8984375,0,2025-03-19 07:45:00+00:00
36132.3515625,36268.55078125,36123.8515625,36226.6484375,0,2025-03-19 08:45:00+00:00
36226.1484375,36268.94921875,36201.75,36257.1484375,0,2025-03-19 09:45:00+00:00
36466.05078125,37109.8515625,36466.05078125,36588.44921875,0,2025-03-20 03:45:00+00:00
36588.94921875,36775.05078125,36579.19921875,36765.3984375,0,2025-03-20 04:45:00+00:00
36765.3515625,36798.8984375,36710.6484375,36724.25,0,2025-03-20 05:45:00+00:00
36723.1484375,36834.69921875,36719.3984375,36830.5,0,2025-03-20 06:45:00+00:00
36826.05078125,36866.69921875,36766.30078125,36776.8984375,0,2025-03-20 07:45:00+00:00
36776.69921875,36829.69921875,36657.5,36682.80078125,0,2025-03-20 08:45:00+00:00
36683.0,36700.6015625,36567.1015625,36570.05078125,0,2025-03-20 09:45:00+00:00
35942.1015625,36779.44921875,35679.75,36632.6484375,0,2025-03-21 03:45:00+00:00
36632.6484375,36888.25,36596.75,36741.19921875,0,2025-03-21 04:45:00+00:00
36741.75,36918.8984375,36733.6015625,36869.3515625,0,2025-03-21 05:45:00+00:00
36870.05078125,37031.1015625,36828.6015625,36860.94921875,0,2025-03-21 06:45:00+00:00
36860.8984375,36862.3984375,36609.8984375,36763.1484375,0,2025-03-21 07:45:00+00:00
36763.6015625,36852.69921875,36675.5,36695.80078125,0,2025-03-21 08:45:00+00:00
36695.19921875,36742.80078125,36679.3984375,36723.19921875,0,2025-03-21 09:45:00+00:00
36940.69921875,37039.1015625,36541.5,36803.25,0,2025-03-24 03:45:00+00:00
36803.3984375,36953.1015625,36741.44921875,36883.1484375,0,2025-03-24 04:45:00+00:00
36884.44921875,36965.80078125,36842.0,36942.30078125,0,2025-03-24 05:45:00+00:00
36943.1484375,37217.94921875,36934.6015625,37217.69921875,0,2025-03-24 06:45:00+00:00
37218.0,37432.75,37194.69921875,37430.0,0,2025-03-24 07:45:00+00:00
37429.30078125,37469.1015625,37193.3984375,37224.6015625,0,2025-03-24 08:45:00+00:00
37222.1015625,37243.8984375,37189.6015625,37230.6015625,0,2025-03-24 09:45:00+00:00
37556.0,38071.94921875,37531.5,37727.8984375,0,2025-03-25 03:45:00+00:00
37727.5,37898.05078125,37406.0,37636.6015625,0,2025-03-25 04:45:00+00:00
37639.44921875,37806.80078125,37545.1015625,37744.1015625,0,2025-03-25 05:45:00+00:00
37741.80078125,37928.25,37716.0,37748.8515625,0,2025-03-25 06:45:00+00:00
37750.30078125,37842.8984375,37683.1484375,37832.3984375,0,2025-03-25 07:45:00+00:00
37831.19921875,37880.80078125,37697.94921875,37708.6015625,0,2025-03-25 08:45:00+00:00
37707.8984375,37714.8515625,37555.6015625,37564.5,0,2025-03-25 09:45:00+00:00
37700.30078125,37927.3984375,37556.69921875,37688.6015625,0,2025-03-26 03:45:00+00:00
37691.8515625,37799.1484375,37626.0,37677.1484375,0,2025-03-26 04:45:00+00:00
37677.69921875,37684.94921875,37516.6015625,37586.1015625,0,2025-03-26 05:45:00+00:00
37583.05078125,37643.94921875,37506.8984375,37508.0,0,2025-03-26 06:45:00+00:00
37508.25,37553.19921875,37322.69921875,37523.25,0,2025-03-26 07:45:00+00:00
37526.75,37535.94921875,37312.0,37365.19921875,0,2025-03-26 08:45:00+00:00
37366.30078125,37367.3515625,37227.6484375,37268.94921875,0,2025-03-26 09:45:00+00:00
37188.94921875,37593.30078125,37162.94921875,37541.75,0,2025-03-27 03:45:00+00:00
37541.6015625,37600.6484375,37450.1484375,37508.30078125,0,2025-03-27 04:45:00+00:00
37505.6484375,37529.1015625,37389.80078125,37501.25,0,2025-03-27 05:45:00+00:00
37500.5,37512.3515625,37361.75,37416.80078125,0,2025-03-27 06:45:00+00:00
37416.1484375,37480.30078125,37392.80078125,37466.8984375,0,2025-03-27 07:45:00+00:00
37475.3984375,37618.69921875,37419.1484375,37561.75,0,2025-03-27 08:45:00+00:00
37566.6484375,37627.6015625,37496.8515625,37563.55078125,0,2025-03-27 09:45:00+00:00
37401.8515625,37538.94921875,37015.1015625,37051.55078125,0,2025-03-28 03:45:00+00:00
37053.1484375,37318.94921875,37030.75,37271.5,0,2025-03-28 04:45:00+00:00
37274.69921875,37331.94921875,37252.94921875,37263.69921875,0,2025-03-28 05:45:00+00:00
37263.30078125,37267.05078125,36989.6015625,37008.55078125,0,2025-03-28 06:45:00+00:00
37007.75,37008.1484375,36798.6015625,36865.69921875,0,2025-03-28 07:45:00+00:00
36867.6484375,37059.8515625,36847.75,36920.8515625,0,2025-03-28 08:45:00+00:00
36923.69921875,36931.55078125,36786.1015625,36828.0,0,2025-03-28 09:45:00+00:00
36422.8515625,36537.05078125,36215.19921875,36258.05078125,0,2025-04-01 03:45:00+00:00
36256.25,36340.25,35955.6484375,36024.30078125,0,2025-04-01 04:45:00+00:00
36024.30078125,36103.44921875,35967.0,36009.3515625,0,2025-04-01 05:45:00+00:00
36005.6015625,36125.30078125,35960.6015625,36010.3515625,0,2025-04-01 06:45:00+00:00
36010.6484375,36059.1484375,35890.6015625,36001.1484375,0,2025-04-01 07:45:00+00:00
36002.05078125,36003.0,35890.94921875,35995.25,0,2025-04-01 08:45:00+00:00
35994.94921875,36032.8515625,35977.25,36027.8984375,0,2025-04-01 09:45:00+00:00
36054.3515625,36368.19921875,35971.8515625,36059.94921875,0,2025-04-02 03:45:00+00:00
36055.6015625,36234.8515625,35990.69921875,36147.75,0,2025-04-02 04:45:00+00:00
36148.1484375,36341.3515625,36085.69921875,36240.8984375,0,2025-04-02 05:45:00+00:00
36239.5,36339.6484375,36148.1015625,36212.6484375,0,2025-04-02 06:45:00+00:00
36211.80078125,36252.94921875,36106.44921875,36175.19921875,0,2025-04-02 07:45:00+00:00
36176.8984375,36340.5,36174.1015625,36290.05078125,0,2025-04-02 08:45:00+00:00
36291.75,36300.6015625,36256.75,36291.55078125,0,2025-04-02 09:45:00+00:00
35686.19921875,35686.19921875,34990.80078125,35229.19921875,0,2025-04-03 03:45:00+00:00
35230.5,35230.5,34949.0,34965.69921875,0,2025-04-03 04:45:00+00:00
34964.5,34964.8984375,34775.3984375,34824.19921875,0,2025-04-03 05:45:00+00:00
34825.19921875,34842.75,34642.69921875,34675.8515625,0,2025-04-03 06:45:00+00:00
34676.1484375,34885.30078125,34670.1015625,34856.80078125,0,2025-04-03 07:45:00+00:00
34857.80078125,34882.80078125,34717.3515625,34766.55078125,0,2025-04-03 08:45:00+00:00
34765.8515625,34786.3515625,34728.5,34758.3515625,0,2025-04-03 09:45:00+00:00
34223.44921875,34335.75,33849.6484375,33855.6015625,0,2025-04-04 03:45:00+00:00
33854.94921875,33863.3984375,33626.1484375,33697.8984375,0,2025-04-04 04:45:00+00:00
33697.75,33780.55078125,33611.1015625,33693.8515625,0,2025-04-04 05:45:00+00:00
33694.0,33803.55078125,33635.94921875,33745.44921875,0,2025-04-04 06:45:00+00:00
33743.69921875,33790.25,33521.19921875,33534.1015625,0,2025-04-04 07:45:00+00:00
33530.69921875,33567.55078125,33419.0,33510.3515625,0,2025-04-04 08:45:00+00:00
33509.6484375,33635.6015625,33494.30078125,33619.25,0,2025-04-04 09:45:00+00:00
31307.94921875,31831.44921875,30923.849609375,31593.55078125,0,2025-04-07 03:45:00+00:00
31593.30078125,31907.69921875,31575.94921875,31873.099609375,0,2025-04-07 04:45:00+00:00
31874.0,32170.30078125,31818.400390625,31889.849609375,0,2025-04-07 05:45:00+00:00
31890.69921875,31946.30078125,31760.900390625,31770.900390625,0,2025-04-07 06:45:00+00:00
31770.349609375,32207.150390625,31728.44921875,32187.349609375,0,2025-04-07 07:45:00+00:00
32189.25,32754.55078125,32176.44921875,32717.75,0,2025-04-07 08:45:00+00:00
32719.44921875,32834.55078125,32614.150390625,32825.19921875,0,2025-04-07 09:45:00+00:00
33274.5,33590.6484375,32923.69921875,32932.69921875,0,2025-04-08 03:45:00+00:00
32934.6484375,33344.1484375,32861.0,33220.8984375,0,2025-04-08 04:45:00+00:00
33218.8515625,33487.55078125,33030.5,33487.55078125,0,2025-04-08 05:45:00+00:00
33488.05078125,33726.3515625,33435.19921875,33708.94921875,0,2025-04-08 06:45:00+00:00
33708.94921875,33742.0,33229.3515625,33469.80078125,0,2025-04-08 07:45:00+00:00
33472.1484375,33510.44921875,33226.0,33242.6015625,0,2025-04-08 08:45:00+00:00
33242.0,33254.1484375,33216.3984375,33236.8984375,0,2025-04-08 09:45:00+00:00
32717.69921875,32756.69921875,32256.44921875,32272.05078125,0,2025-04-09 03:45:00+00:00
32272.349609375,32346.94921875,32201.69921875,32346.94921875,0,2025-04-09 04:45:00+00:00
32345.75,32501.80078125,32339.5,32498.900390625,0,2025-04-09 05:45:00+00:00
32498.900390625,32665.0,32389.80078125,32635.150390625,0,2025-04-09 06:45:00+00:00
32635.849609375,32660.599609375,32473.5,32488.55078125,0,2025-04-09 07:45:00+00:00
32488.19921875,32568.94921875,32436.099609375,32540.150390625,0,2025-04-09 08:45:00+00:00
32541.80078125,32564.849609375,32430.94921875,32466.55078125,0,2025-04-09 09:45:00+00:00
32951.0,33209.6484375,32820.55078125,33004.80078125,0,2025-04-11 03:45:00+00:00
33003.6015625,33145.25,32895.8515625,33066.6015625,0,2025-04-11 04:45:00+00:00
33066.6015625,33091.30078125,32963.8515625,33072.80078125,0,2025-04-11 05:45:00+00:00
33072.80078125,33072.80078125,32872.30078125,32980.6484375,0,2025-04-11 06:45:00+00:00
32983.44921875,32983.44921875,32544.94921875,32586.30078125,0,2025-04-11 07:45:00+00:00
32585.94921875,32765.650390625,32528.400390625,32762.849609375,0,2025-04-11 08:45:00+00:00
32762.400390625,32830.3515625,32733.19921875,32815.3984375,0,2025-04-11 09:45:00+00:00
33510.19921875,33510.19921875,33054.1015625,33125.6484375,0,2025-04-15 03:45:00+00:00
33125.69921875,33218.94921875,33088.8515625,33095.94921875,0,2025-04-15 04:45:00+00:00
33096.8984375,33162.25,32932.94921875,33092.6484375,0,2025-04-15 05:45:00+00:00
33092.8984375,33236.3984375,33080.80078125,33212.6484375,0,2025-04-15 06:45:00+00:00
33212.19921875,33220.1484375,33122.1484375,33146.80078125,0,2025-04-15 07:45:00+00:00
33144.8515625,33268.19921875,33144.8515625,33246.80078125,0,2025-04-15 08:45:00+00:00
33246.05078125,33356.3515625,33244.5,33329.6015625,0,2025-04-15 09:45:00+00:00
33205.05078125,33383.5,32869.6484375,33210.55078125,0,2025-04-16 03:45:00+00:00
33210.6484375,33210.6484375,32961.19921875,33068.0,0,2025-04-16 04:45:00+00:00
33067.3515625,33251.05078125,33060.0,33234.1015625,0,2025-04-16 05:45:00+00:00
33234.44921875,33279.8515625,33074.80078125,33143.6015625,0,2025-04-16 06:45:00+00:00
33145.8984375,33233.8515625,33008.69921875,33231.6484375,0,2025-04-16 07:45:00+00:00
33232.19921875,33321.80078125,33187.8984375,33290.3984375,0,2025-04-16 08:45:00+00:00
33290.30078125,33312.3515625,33269.05078125,33297.75,0,2025-04-16 09:45:00+00:00
32832.6484375,32832.6484375,32472.349609375,32522.19921875,0,2025-04-17 03:45:00+00:00
32523.400390625,32670.94921875,32494.099609375,32654.150390625,0,2025-04-17 04:45:00+00:00
32654.0,32911.30078125,32652.650390625,32894.6015625,0,2025-04-17 05:45:00+00:00
32897.3984375,33140.94921875,32883.1484375,33129.0,0,2025-04-17 06:45:00+00:00
33129.1484375,33351.3984375,33075.8984375,33240.25,0,2025-04-17 07:45:00+00:00
33236.25,33371.69921875,33162.05078125,33366.69921875,0,2025-04-17 08:45:00+00:00
33367.30078125,33471.1484375,33362.44921875,33456.44921875,0,2025-04-17 09:45:00+00:00
33300.69921875,34052.1484375,33300.69921875,33954.44921875,0,2025-04-21 03:45:00+00:00
33955.05078125,33998.6015625,33861.8984375,33932.8515625,0,2025-04-21 04:45:00+00:00
33932.0,34325.3984375,33909.8515625,34305.5,0,2025-04-21 05:45:00+00:00
34306.5,34528.30078125,34287.3984375,34460.05078125,0,2025-04-21 06:45:00+00:00
34458.19921875,34460.0,34183.80078125,34207.30078125,0,2025-04-21 07:45:00+00:00
34207.6484375,34242.1484375,34114.69921875,34120.8984375,0,2025-04-21 08:45:00+00:00
34119.80078125,34151.6484375,34084.3515625,34102.5,0,2025-04-21 09:45:00+00:00
34069.8984375,34092.44921875,33792.8515625,33966.1484375,0,2025-04-22 03:45:00+00:00
33966.19921875,34025.30078125,33881.55078125,34021.30078125,0,2025-04-22 04:45:00+00:00
34023.1484375,34129.3515625,33989.19921875,34078.25,0,2025-04-22 05:45:00+00:00
34078.75,34109.30078125,33962.3515625,34030.8515625,0,2025-04-22 06:45:00+00:00
34033.19921875,34057.30078125,33934.30078125,33963.5,0,2025-04-22 07:45:00+00:00
33961.1484375,34000.1484375,33898.5,33899.3515625,0,2025-04-22 08:45:00+00:00
33898.1484375,33968.25,33897.8984375,33905.1484375,0,2025-04-22 09:45:00+00:00
34703.05078125,35244.6484375,34677.55078125,35012.5,0,2025-04-23 03:45:00+00:00
35014.8515625,35384.1484375,35006.8515625,35384.1484375,0,2025-04-23 04:45:00+00:00
35383.5,35522.44921875,35331.80078125,35431.1484375,0,2025-04-23 05:45:00+00:00
35429.30078125,35491.80078125,35340.1484375,35419.1484375,0,2025-04-23 06:45:00+00:00
35417.8984375,35477.25,35394.44921875,35466.6484375,0,2025-04-23 07:45:00+00:00
35465.80078125,35467.6015625,35380.8984375,35406.5,0,2025-04-23 08:45:00+00:00
35405.69921875,35442.19921875,35396.44921875,35414.0,0,2025-04-23 09:45:00+00:00
35460.3984375,35560.3515625,35308.25,35416.3515625,0,2025-04-24 03:45:00+00:00
35415.8515625,35525.1015625,35305.5,35497.6015625,0,2025-04-24 04:45:00+00:00
35495.8984375,35541.94921875,35423.55078125,35428.3515625,0,2025-04-24 05:45:00+00:00
35428.1015625,35469.05078125,35388.5,35432.3515625,0,2025-04-24 06:45:00+00:00
35429.69921875,35451.19921875,35225.44921875,35227.75,0,2025-04-24 07:45:00+00:00
35229.8984375,35363.44921875,35199.25,35319.94921875,0,2025-04-24 08:45:00+00:00
35322.5,35356.80078125,35292.05078125,35328.6015625,0,2025-04-24 09:45:00+00:00
35484.19921875,35940.1015625,35072.19921875,35376.1484375,0,2025-04-25 03:45:00+00:00
35375.25,35430.44921875,35141.3515625,35423.1015625,0,2025-04-25 04:45:00+00:00
35423.69921875,35627.75,35244.19921875,35602.8515625,0,2025-04-25 05:45:00+00:00
35602.30078125,35629.3984375,35452.6484375,35582.8515625,0,2025-04-25 06:45:00+00:00
35580.75,35822.8984375,35566.6015625,35717.3515625,0,2025-04-25 07:45:00+00:00
35716.80078125,35794.30078125,35568.44921875,35585.44921875,0,2025-04-25 08:45:00+00:00
35585.1484375,35588.5,35443.30078125,35488.3984375,0,2025-04-25 09:45:00+00:00
35541.55078125,35676.44921875,35090.94921875,35347.25,0,2025-04-28 03:45:00+00:00
35348.05078125,35356.6484375,35139.69921875,35285.05078125,0,2025-04-28 04:45:00+00:00
35284.1015625,35438.6015625,35222.25,35402.80078125,0,2025-04-28 05:45:00+00:00
35403.8515625,35518.69921875,35398.25,35454.6484375,0,2025-04-28 06:45:00+00:00
35455.1015625,35565.0,35420.25,35498.3515625,0,2025-04-28 07:45:00+00:00
35501.25,35514.3515625,35363.6015625,35455.3515625,0,2025-04-28 08:45:00+00:00
35455.8515625,35518.8984375,35455.8515625,35468.8515625,0,2025-04-28 09:45:00+00:00
35550.69921875,35703.0,35418.6015625,35558.1484375,0,2025-04-29 03:45:00+00:00
35558.75,35705.5,35434.69921875,35694.3984375,0,2025-04-29 04:45:00+00:00
35694.19921875,35725.94921875,35562.69921875,35628.3515625,0,2025-04-29 05:45:00+00:00
35628.3515625,36019.69921875,35612.8984375,35997.05078125,0,2025-04-29 06:45:00+00:00
35998.44921875,36157.19921875,35979.19921875,36120.3515625,0,2025-04-29 07:45:00+00:00
36121.8984375,36124.05078125,35901.44921875,35914.3984375,0,2025-04-29 08:45:00+00:00
35913.8984375,35942.94921875,35853.19921875,35890.80078125,0,2025-04-29 09:45:00+00:00
35906.80078125,36203.80078125,35826.75,35989.0,0,2025-04-30 03:45:00+00:00
35989.0,36056.8984375,35928.05078125,35962.6484375,0,2025-04-30 04:45:00+00:00
35962.1015625,36062.1015625,35842.19921875,35947.25,0,2025-04-30 05:45:00+00:00
35944.05078125,35951.94921875,35776.6484375,35845.80078125,0,2025-04-30 06:45:00+00:00
35846.05078125,35958.1015625,35823.44921875,35876.80078125,0,2025-04-30 07:45:00+00:00
35876.55078125,35951.8515625,35775.6015625,35775.6015625,0,2025-04-30 08:45:00+00:00
35775.19921875,35821.69921875,35575.0,35602.44921875,0,2025-04-30 09:45:00+00:00
35868.5,36299.75,35805.1015625,36249.6484375,0,2025-05-02 03:45:00+00:00
36250.19921875,36251.1015625,35977.19921875,36037.1484375,0,2025-05-02 04:45:00+00:00
36036.1484375,36085.1484375,35780.8515625,35798.0,0,2025-05-02 05:45:00+00:00
35797.55078125,35861.8515625,35639.3515625,35819.0,0,2025-05-02 06:45:00+00:00
35819.0,35993.55078125,35818.25,35870.6484375,0,2025-05-02 07:45:00+00:00
35871.1484375,35955.94921875,35761.8984375,35918.80078125,0,2025-05-02 08:45:00+00:00
35919.44921875,35919.8984375,35798.3984375,35814.75,0,2025-05-02 09:45:00+00:00
36063.6015625,36350.8984375,35966.6484375,36246.94921875,0,2025-05-05 03:45:00+00:00
36247.6015625,36260.94921875,36073.80078125,36108.80078125,0,2025-05-05 04:45:00+00:00
36108.6484375,36131.94921875,35977.3984375,35982.0,0,2025-05-05 05:45:00+00:00
35982.80078125,36045.05078125,35949.8984375,36020.1484375,0,2025-05-05 06:45:00+00:00
36020.75,36056.3515625,35979.94921875,36008.05078125,0,2025-05-05 07:45:00+00:00
36008.30078125,36039.1484375,35953.05078125,35969.3515625,0,2025-05-05 08:45:00+00:00
35969.6484375,36029.55078125,35965.0,35982.94921875,0,2025-05-05 09:45:00+00:00
36129.30078125,36313.1015625,35847.1015625,35979.5,0,2025-05-06 03:45:00+00:00
35977.75,36046.6015625,35937.05078125,35957.19921875,0,2025-05-06 04:45:00+00:00
35957.25,35993.6015625,35893.6484375,35942.8984375,0,2025-05-06 05:45:00+00:00
35941.6484375,35944.25,35851.44921875,35871.3515625,0,2025-05-06 06:45:00+00:00
35877.1015625,35946.8515625,35860.55078125,35870.1015625,0,2025-05-06 07:45:00+00:00
35871.94921875,35917.6015625,35835.25,35888.8984375,0,2025-05-06 08:45:00+00:00
35890.94921875,35893.5,35782.05078125,35799.94921875,0,2025-05-06 09:45:00+00:00
35480.8984375,35857.94921875,35456.3984375,35658.3984375,0,2025-05-07 03:45:00+00:00
35655.80078125,35873.5,35645.3984375,35832.94921875,0,2025-05-07 04:45:00+00:00
35832.8515625,35927.5,35819.3984375,35850.6484375,0,2025-05-07 05:45:00+00:00
35850.6484375,35930.3515625,35802.1015625,35860.19921875,0,2025-05-07 06:45:00+00:00
35860.19921875,36032.1015625,35855.5,36026.19921875,0,2025-05-07 07:45:00+00:00
36028.94921875,36040.8984375,35893.75,35906.3515625,0,2025-05-07 08:45:00+00:00
35904.3515625,35951.44921875,35891.6015625,35926.5,0,2025-05-07 09:45:00+00:00
35962.8515625,36157.5,35855.80078125,36058.94921875,0,2025-05-08 03:45:00+00:00
36058.94921875,36082.30078125,35981.55078125,36039.5,0,2025-05-08 04:45:00+00:00
36039.30078125,36237.8515625,36026.6484375,36234.80078125,0,2025-05-08 05:45:00+00:00
36230.75,36239.69921875,35948.6015625,36035.94921875,0,2025-05-08 06:45:00+00:00
36035.8515625,36106.1484375,35994.75,36017.80078125,0,2025-05-08 07:45:00+00:00
36013.3984375,36105.8984375,35925.3984375,36041.6484375,0,2025-05-08 08:45:00+00:00
36040.6015625,36053.3984375,35833.44921875,35841.30078125,0,2025-05-08 09:45:00+00:00
35492.3515625,35801.6015625,35492.3515625,35726.6015625,0,2025-05-09 03:45:00+00:00
35725.3984375,35812.8984375,35641.25,35774.94921875,0,2025-05-09 04:45:00+00:00
35777.25,35927.94921875,35729.55078125,35821.19921875,0,2025-05-09 05:45:00+00:00
35820.8515625,35842.5,35766.1484375,35828.80078125,0,2025-05-09 06:45:00+00:00
35829.44921875,35889.80078125,35764.3984375,35862.19921875,0,2025-05-09 07:45:00+00:00
35861.94921875,35924.6484375,35806.19921875,35874.05078125,0,2025-05-09 08:45:00+00:00
35874.69921875,35919.3984375,35861.75,35890.19921875,0,2025-05-09 09:45:00+00:00
36656.6484375,37285.19921875,36614.69921875,37189.3984375,0,2025-05-12 03:45:00+00:00
37191.5,37268.80078125,37061.0,37149.6015625,0,2025-05-12 04:45:00+00:00
37149.6015625,37397.1484375,37111.1484375,37392.30078125,0,2025-05-12 05:45:00+00:00
37391.6484375,37991.25,37287.1015625,37960.0,0,2025-05-12 06:45:00+00:00
37962.3984375,38204.19921875,37940.94921875,38204.19921875,0,2025-05-12 07:45:00+00:00
38203.5,38356.1015625,38127.05078125,38275.19921875,0,2025-05-12 08:45:00+00:00
38274.44921875,38304.8515625,38201.8515625,38215.25,0,2025-05-12 09:45:00+00:00
38315.3515625,38315.3515625,37678.19921875,37840.94921875,0,2025-05-13 03:45:00+00:00
37841.0,37933.1484375,37613.6015625,37807.94921875,0,2025-05-13 04:45:00+00:00
37807.69921875,37872.8984375,37679.30078125,37739.3515625,0,2025-05-13 05:45:00+00:00
37738.1484375,37757.6484375,37451.8515625,37521.8515625,0,2025-05-13 06:45:00+00:00
37521.0,37529.5,37371.8984375,37383.94921875,0,2025-05-13 07:45:00+00:00
37381.8515625,37454.1015625,37315.8984375,37315.8984375,0,2025-05-13 08:45:00+00:00
37317.80078125,37380.44921875,37306.5,37380.19921875,0,2025-05-13 09:45:00+00:00
37480.6015625,37847.0,37387.69921875,37748.94921875,0,2025-05-14 03:45:00+00:00
37746.69921875,37783.94921875,37656.30078125,37721.1484375,0,2025-05-14 04:45:00+00:00
37721.1015625,37815.8515625,37629.0,37696.69921875,0,2025-05-14 05:45:00+00:00
37697.69921875,37760.8515625,37549.1484375,37748.30078125,0,2025-05-14 06:45:00+00:00
37743.19921875,37834.44921875,37685.75,37772.0,0,2025-05-14 07:45:00+00:00
37769.6015625,37877.05078125,37700.0,37842.1015625,0,2025-05-14 08:45:00+00:00
37844.19921875,37911.6484375,37817.30078125,37890.75,0,2025-05-14 09:45:00+00:00
37929.1015625,37929.1015625,37456.75,37544.8984375,0,2025-05-15 03:45:00+00:00
37541.6484375,37856.25,37500.0,37583.6484375,0,2025-05-15 04:45:00+00:00
37582.5,37727.75,37569.6015625,37662.25,0,2025-05-15 05:45:00+00:00
37662.3984375,38062.44921875,37617.8515625,38058.94921875,0,2025-05-15 06:45:00+00:00
38058.8515625,38346.1015625,37951.19921875,38317.44921875,0,2025-05-15 07:45:00+00:00
38318.19921875,38376.6484375,38221.3984375,38263.30078125,0,2025-05-15 08:45:00+00:00
38263.5,38305.6484375,38222.94921875,38236.94921875,0,2025-05-15 09:45:00+00:00
38329.69921875,38329.69921875,37992.55078125,38005.8984375,0,2025-05-16 03:45:00+00:00
38009.69921875,38058.6015625,37851.8515625,37902.80078125,0,2025-05-16 04:45:00+00:00
37902.1484375,37943.30078125,37814.8984375,37893.8984375,0,2025-05-16 05:45:00+00:00
37892.25,37976.3515625,37852.30078125,37964.75,0,2025-05-16 06:45:00+00:00
37966.44921875,38008.94921875,37933.8984375,37976.0,0,2025-05-16 07:45:00+00:00
37978.19921875,38014.30078125,37914.80078125,37982.8984375,0,2025-05-16 08:45:00+00:00
37984.55078125,37988.5,37943.19921875,37968.3515625,0,2025-05-16 09:45:00+00:00
37844.8515625,37889.1484375,37429.6015625,37758.05078125,0,2025-05-19 03:45:00+00:00
37758.6484375,37821.0,37631.19921875,37663.19921875,0,2025-05-19 04:45:00+00:00
37660.6484375,37717.6015625,37522.0,37526.3515625,0,2025-05-19 05:45:00+00:00
37526.25,37614.69921875,37508.6015625,37577.25,0,2025-05-19 06:45:00+00:00
37577.25,37598.25,37468.3515625,37519.05078125,0,2025-05-19 07:45:00+00:00
37518.6015625,37563.94921875,37466.44921875,37493.94921875,0,2025-05-19 08:45:00+00:00
37493.05078125,37495.25,37434.19921875,37461.8984375,0,2025-05-19 09:45:00+00:00
37722.19921875,38018.30078125,37675.6484375,37773.6015625,0,2025-05-20 03:45:00+00:00
37774.0,37875.55078125,37659.44921875,37700.69921875,0,2025-05-20 04:45:00+00:00
37699.19921875,37713.1015625,37582.30078125,37597.3984375,0,2025-05-20 05:45:00+00:00
37605.1015625,37656.5,37439.6015625,37517.05078125,0,2025-05-20 06:45:00+00:00
37518.05078125,37524.8984375,37354.05078125,37387.44921875,0,2025-05-20 07:45:00+00:00
37387.80078125,37409.44921875,37234.80078125,37292.30078125,0,2025-05-20 08:45:00+00:00
37290.75,37375.3984375,37267.80078125,37366.55078125,0,2025-05-20 09:45:00+00:00
37441.6015625,37486.94921875,37113.44921875,37416.0,0,2025-05-21 03:45:00+00:00
37416.0,37603.8515625,37415.0,37552.75,0,2025-05-21 04:45:00+00:00
37552.8515625,37618.8984375,37366.44921875,37374.1015625,0,2025-05-21 05:45:00+00:00
37375.55078125,37524.1015625,37293.44921875,37519.6484375,0,2025-05-21 06:45:00+00:00
37519.5,37575.80078125,37438.6015625,37552.30078125,0,2025-05-21 07:45:00+00:00
37551.3984375,37582.5,37494.5,37535.80078125,0,2025-05-21 08:45:00+00:00
37536.94921875,37540.25,37487.8984375,37498.75,0,2025-05-21 09:45:00+00:00
37242.80078125,37249.8984375,36901.0,37240.25,0,2025-05-22 03:45:00+00:00
37242.94921875,37316.30078125,37077.1484375,37079.80078125,0,2025-05-22 04:45:00+00:00
37079.8515625,37168.1484375,37032.05078125,37032.05078125,0,2025-05-22 05:45:00+00:00
37030.30078125,37045.3984375,36940.8515625,37043.6484375,0,2025-05-22 06:45:00+00:00
37044.6015625,37088.55078125,37010.1015625,37066.6484375,0,2025-05-22 07:45:00+00:00
37069.3984375,37083.30078125,36868.75,37040.25,0,2025-05-22 08:45:00+00:00
37040.75,37138.3984375,37030.5,37134.1015625,0,2025-05-22 09:45:00+00:00
37108.69921875,37798.6015625,37069.69921875,37755.05078125,0,2025-05-23 03:45:00+00:00
37751.80078125,37826.3984375,37601.55078125,37768.30078125,0,2025-05-23 04:45:00+00:00
37768.44921875,37774.1484375,37518.25,37532.6484375,0,2025-05-23 05:45:00+00:00
37534.8515625,37614.05078125,37517.30078125,37592.3515625,0,2025-05-23 06:45:00+00:00
37592.3515625,37612.80078125,37464.25,37531.69921875,0,2025-05-23 07:45:00+00:00
37533.19921875,37581.6484375,37371.05078125,37395.3984375,0,2025-05-23 08:45:00+00:00
37395.05078125,37420.75,37355.3984375,37397.6015625,0,2025-05-23 09:45:00+00:00
37493.5,37794.5,37466.94921875,37776.44921875,0,2025-05-26 03:45:00+00:00
37777.69921875,37818.5,37622.8515625,37714.6484375,0,2025-05-26 04:45:00+00:00
37713.5,37791.3984375,37695.1015625,37729.19921875,0,2025-05-26 05:45:00+00:00
37721.30078125,37771.55078125,37657.5,37710.30078125,0,2025-05-26 06:45:00+00:00
37710.6015625,37814.94921875,37692.3515625,37798.80078125,0,2025-05-26 07:45:00+00:00
37798.80078125,37807.0,37754.6015625,37786.44921875,0,2025-05-26 08:45:00+00:00
37788.8515625,37800.8984375,37765.5,37796.94921875,0,2025-05-26 09:45:00+00:00
37775.30078125,37790.25,37358.30078125,37468.1015625,0,2025-05-27 03:45:00+00:00
37469.1484375,37719.6484375,37402.25,37543.8984375,0,2025-05-27 04:45:00+00:00
37548.19921875,37795.3515625,37540.69921875,37606.30078125,0,2025-05-27 05:45:00+00:00
37604.55078125,37612.6484375,37413.05078125,37457.05078125,0,2025-05-27 06:45:00+00:00
37457.05078125,37519.69921875,37357.44921875,37421.05078125,0,2025-05-27 07:45:00+00:00
37420.69921875,37533.8515625,37328.1484375,37496.80078125,0,2025-05-27 08:45:00+00:00
37497.44921875,37527.8984375,37493.6015625,37524.1015625,0,2025-05-27 09:45:00+00:00
37751.3984375,37774.94921875,37549.8984375,37556.6484375,0,2025-05-28 03:45:00+00:00
37554.30078125,37607.69921875,37488.8515625,37506.30078125,0,2025-05-28 04:45:00+00:00
37506.5,37601.6015625,37477.3984375,37541.3984375,0,2025-05-28 05:45:00+00:00
37540.75,37613.6484375,37540.3515625,37564.30078125,0,2025-05-28 06:45:00+00:00
37563.0,37571.75,37512.44921875,37544.05078125,0,2025-05-28 07:45:00+00:00
37544.05078125,37558.80078125,37443.1484375,37445.69921875,0,2025-05-28 08:45:00+00:00
37446.80078125,37481.80078125,37441.94921875,37474.75,0,2025-05-28 09:45:00+00:00
37768.55078125,38120.1484375,37705.6484375,37820.44921875,0,2025-05-29 03:45:00+00:00
37819.55078125,37828.75,37646.30078125,37657.55078125,0,2025-05-29 04:45:00+00:00
37657.80078125,37771.25,37654.75,37718.05078125,0,2025-05-29 05:45:00+00:00
37717.3515625,37745.1484375,37585.8515625,37683.6015625,0,2025-05-29 06:45:00+00:00
37685.0,37721.94921875,37623.25,37635.94921875,0,2025-05-29 07:45:00+00:00
37631.80078125,37786.8515625,37630.8515625,37758.69921875,0,2025-05-29 08:45:00+00:00
37760.19921875,37795.05078125,37740.6484375,37785.75,0,2025-05-29 09:45:00+00:00
37651.5,37660.55078125,37341.30078125,37406.6015625,0,2025-05-30 03:45:00+00:00
37405.05078125,37474.1484375,37349.30078125,37461.6015625,0,2025-05-30 04:45:00+00:00
37461.94921875,37507.80078125,37406.94921875,37435.44921875,0,2025-05-30 05:45:00+00:00
37424.3515625,37525.94921875,37418.6015625,37496.1015625,0,2025-05-30 06:45:00+00:00
37496.05078125,37532.1484375,37461.19921875,37473.0,0,2025-05-30 07:45:00+00:00
37473.75,37494.6015625,37284.3984375,37304.6484375,0,2025-05-30 08:45:00+00:00
37302.69921875,37337.44921875,37244.80078125,37274.0,0,2025-05-30 09:45:00+00:00
37147.8515625,37165.05078125,36773.3515625,36893.25,0,2025-06-02 03:45:00+00:00
36888.75,37085.80078125,36865.3515625,37054.8984375,0,2025-06-02 04:45:00+00:00
37056.94921875,37109.25,36952.8515625,37012.94921875,0,2025-06-02 05:45:00+00:00
37012.75,37096.25,36972.55078125,37026.25,0,2025-06-02 06:45:00+00:00
37026.19921875,37132.55078125,37001.94921875,37028.05078125,0,2025-06-02 07:45:00+00:00
37027.80078125,37102.1484375,36965.1484375,37081.8984375,0,2025-06-02 08:45:00+00:00
37081.3515625,37084.8984375,36985.80078125,37030.8984375,0,2025-06-02 09:45:00+00:00
37199.6484375,37361.3515625,36844.5,36934.3515625,0,2025-06-03 03:45:00+00:00
36933.8515625,37081.44921875,36891.8515625,36925.3984375,0,2025-06-03 04:45:00+00:00
36924.30078125,36997.1015625,36886.80078125,36900.3984375,0,2025-06-03 05:45:00+00:00
36900.55078125,36914.75,36740.55078125,36829.8515625,0,2025-06-03 06:45:00+00:00
36835.05078125,36893.5,36786.3984375,36893.5,0,2025-06-03 07:45:00+00:00
36890.6484375,36903.05078125,36784.3984375,36813.05078125,0,2025-06-03 08:45:00+00:00
36815.1015625,36844.30078125,36806.75,36835.3984375,0,2025-06-03 09:45:00+00:00
36839.55078125,36987.55078125,36774.25,36942.1484375,0,2025-06-04 03:45:00+00:00
36943.55078125,37087.30078125,36933.8515625,37027.6484375,0,2025-06-04 04:45:00+00:00
37027.25,37036.30078125,36918.3984375,36981.6015625,0,2025-06-04 05:45:00+00:00
36981.8515625,37026.19921875,36928.8515625,36997.30078125,0,2025-06-04 06:45:00+00:00
36997.55078125,37056.6015625,36976.19921875,37021.1015625,0,2025-06-04 07:45:00+00:00
37020.1015625,37025.44921875,36918.6484375,36943.94921875,0,2025-06-04 08:45:00+00:00
36943.80078125,36945.6484375,36901.80078125,36936.1484375,0,2025-06-04 09:45:00+00:00
37015.19921875,37091.8984375,36886.25,37021.0,0,2025-06-05 03:45:00+00:00
37021.6484375,37073.30078125,36973.5,37061.80078125,0,2025-06-05 04:45:00+00:00
37062.8984375,37380.6484375,37044.25,37350.44921875,0,2025-06-05 05:45:00+00:00
37364.1015625,37406.75,37186.8984375,37209.25,0,2025-06-05 06:45:00+00:00
37186.69921875,37202.8984375,37009.3515625,37048.5,0,2025-06-05 07:45:00+00:00
37047.5,37139.0,37018.55078125,37112.44921875,0,2025-06-05 08:45:00+00:00
37112.05078125,37156.19921875,37090.0,37113.94921875,0,2025-06-05 09:45:00+00:00
37134.1484375,37155.80078125,36910.94921875,37078.30078125,0,2025-06-06 03:45:00+00:00
37079.3515625,37202.6015625,37042.3515625,37154.8984375,0,2025-06-06 04:45:00+00:00
37155.25,37245.6015625,37082.0,37194.19921875,0,2025-06-06 05:45:00+00:00
37190.44921875,37217.30078125,37140.94921875,37149.0,0,2025-06-06 06:45:00+00:00
37151.3515625,37224.05078125,37136.75,37180.6484375,0,2025-06-06 07:45:00+00:00
37180.3515625,37288.5,37179.1015625,37286.6484375,0,2025-06-06 08:45:00+00:00
37287.3515625,37356.30078125,37281.80078125,37349.6484375,0,2025-06-06 09:45:00+00:00
37521.0,37785.80078125,37453.44921875,37721.8515625,0,2025-06-09 03:45:00+00:00
37723.3515625,37747.25,37639.1015625,37642.94921875,0,2025-06-09 04:45:00+00:00
37643.0,37677.75,37607.3984375,37638.44921875,0,2025-06-09 05:45:00+00:00
37639.80078125,37739.3984375,37633.3984375,37726.0,0,2025-06-09 06:45:00+00:00
37727.6015625,37741.1484375,37652.75,37656.5,0,2025-06-09 07:45:00+00:00
37658.30078125,37728.94921875,37644.3984375,37672.1484375,0,2025-06-09 08:45:00+00:00
37672.80078125,37696.6484375,37651.44921875,37669.94921875,0,2025-06-09 09:45:00+00:00
37871.6015625,38212.1015625,37829.6484375,38193.94921875,0,2025-06-10 03:45:00+00:00
38196.8984375,38362.8984375,38156.94921875,38357.3984375,0,2025-06-10 04:45:00+00:00
38358.05078125,38566.75,38343.44921875,38518.55078125,0,2025-06-10 05:45:00+00:00
38520.1484375,38535.6484375,38312.05078125,38317.3515625,0,2025-06-10 06:45:00+00:00
38315.19921875,38320.5,38250.8515625,38288.19921875,0,2025-06-10 07:45:00+00:00
38288.19921875,38333.3984375,38255.30078125,38295.1484375,0,2025-06-10 08:45:00+00:00
38293.3515625,38323.1484375,38281.5,38303.19921875,0,2025-06-10 09:45:00+00:00
38354.69921875,38427.6484375,38215.69921875,38280.3984375,0,2025-06-11 03:45:00+00:00
38279.80078125,38368.8515625,38257.6015625,38367.0,0,2025-06-11 04:45:00+00:00
38367.0,38507.94921875,38362.8515625,38484.3515625,0,2025-06-11 05:45:00+00:00
38485.1484375,38810.55078125,38454.1484375,38793.8984375,0,2025-06-11 06:45:00+00:00
38795.05078125,38834.1015625,38558.44921875,38694.5,0,2025-06-11 07:45:00+00:00
38694.1015625,38812.8515625,38683.94921875,38797.0,0,2025-06-11 08:45:00+00:00
38796.1484375,38802.8984375,38762.05078125,38771.3515625,0,2025-06-11 09:45:00+00:00
38513.55078125,38580.8984375,38227.8984375,38384.3515625,0,2025-06-12 03:45:00+00:00
38388.25,38570.55078125,38344.1015625,38559.8984375,0,2025-06-12 04:45:00+00:00
38559.8984375,38785.1015625,38548.0,38729.3984375,0,2025-06-12 05:45:00+00:00
38729.25,38890.75,38721.55078125,38806.44921875,0,2025-06-12 06:45:00+00:00
38807.6484375,38821.0,38388.6484375,38431.0,0,2025-06-12 07:45:00+00:00
38431.80078125,38534.05078125,38404.5,38483.55078125,0,2025-06-12 08:45:00+00:00
38482.3984375,38484.0,38378.3984375,38404.94921875,0,2025-06-12 09:45:00+00:00
37769.5,38382.6484375,37726.1015625,38378.94921875,0,2025-06-13 03:45:00+00:00
38379.3984375,38621.3515625,38353.30078125,38513.25,0,2025-06-13 04:45:00+00:00
38516.05078125,38618.30078125,38449.05078125,38607.55078125,0,2025-06-13 05:45:00+00:00
38606.8984375,38687.55078125,38428.94921875,38502.94921875,0,2025-06-13 06:45:00+00:00
38507.8984375,38519.05078125,38390.8515625,38466.69921875,0,2025-06-13 07:45:00+00:00
38466.1015625,38491.3984375,38331.05078125,38480.69921875,0,2025-06-13 08:45:00+00:00
38483.19921875,38542.25,38459.8984375,38506.19921875,0,2025-06-13 09:45:00+00:00
38446.8984375,38745.80078125,38373.0,38642.8515625,0,2025-06-16 03:45:00+00:00
38644.05078125,38991.1484375,38636.6015625,38933.1484375,0,2025-06-16 04:45:00+00:00
38933.1484375,39013.94921875,38823.94921875,38938.8984375,0,2025-06-16 05:45:00+00:00
38938.6015625,39172.55078125,38898.69921875,39163.1484375,0,2025-06-16 06:45:00+00:00
39164.3515625,39257.1015625,39071.0,39092.1484375,0,2025-06-16 07:45:00+00:00
39091.3515625,39122.3984375,39031.44921875,39048.19921875,0,2025-06-16 08:45:00+00:00
39047.55078125,39124.8984375,39020.5,39059.30078125,0,2025-06-16 09:45:00+00:00
39123.0,39223.3515625,38977.94921875,39124.8515625,0,2025-06-17 03:45:00+00:00
39123.8515625,39374.19921875,39101.75,39348.8984375,0,2025-06-17 04:45:00+00:00
39348.8984375,39497.19921875,39296.69921875,39435.05078125,0,2025-06-17 05:45:00+00:00
39435.05078125,39491.3984375,39309.8515625,39387.94921875,0,2025-06-17 06:45:00+00:00
39386.1484375,39465.3984375,39340.3515625,39459.25,0,2025-06-17 07:45:00+00:00
39459.8984375,39482.05078125,39321.80078125,39372.6015625,0,2025-06-17 08:45:00+00:00
39374.30078125,39386.8984375,39306.30078125,39323.3984375,0,2025-06-17 09:45:00+00:00
39259.6484375,39572.5,39197.3984375,39259.1484375,0,2025-06-18 03:45:00+00:00
39260.6015625,39309.3515625,39078.6484375,39176.30078125,0,2025-06-18 04:45:00+00:00
39173.05078125,39184.69921875,39029.75,39111.19921875,0,2025-06-18 05:45:00+00:00
39110.8515625,39114.55078125,38964.6484375,39088.1015625,0,2025-06-18 06:45:00+00:00
39086.6015625,39088.80078125,38970.80078125,39034.8984375,0,2025-06-18 07:45:00+00:00
39033.6484375,39058.1484375,38966.8515625,39025.69921875,0,2025-06-18 08:45:00+00:00
39027.25,39069.69921875,39016.1015625,39052.8515625,0,2025-06-18 09:45:00+00:00
38903.25,38963.8984375,38547.0,38617.94921875,0,2025-06-19 03:45:00+00:00
38618.8984375,38656.6484375,38429.3984375,38506.1015625,0,2025-06-19 04:45:00+00:00
38505.44921875,38675.25,38503.25,38627.1015625,0,2025-06-19 05:45:00+00:00
38628.94921875,38713.44921875,38592.5,38685.05078125,0,2025-06-19 06:45:00+00:00
38684.19921875,38732.8984375,38589.1484375,38727.19921875,0,2025-06-19 07:45:00+00:00
38728.6484375,38742.05078125,38619.6484375,38651.19921875,0,2025-06-19 08:45:00+00:00
38651.75,38700.3984375,38594.80078125,38605.30078125,0,2025-06-19 09:45:00+00:00
38674.19921875,38859.3984375,38454.05078125,38577.55078125,0,2025-06-20 03:45:00+00:00
38577.8984375,38779.25,38577.8984375,38713.19921875,0,2025-06-20 04:45:00+00:00
38712.55078125,38924.8984375,38683.3515625,38917.55078125,0,2025-06-20 05:45:00+00:00
38919.5,38928.0,38721.69921875,38866.55078125,0,2025-06-20 06:45:00+00:00
38866.5,38932.3515625,38835.6015625,38882.6015625,0,2025-06-20 07:45:00+00:00
38882.1015625,39025.30078125,38858.6484375,38995.94921875,0,2025-06-20 08:45:00+00:00
38996.8984375,39040.8515625,38875.3984375,38908.25,0,2025-06-20 09:45:00+00:00
38630.3515625,38638.19921875,38281.80078125,38362.8515625,0,2025-06-23 03:45:00+00:00
38363.1015625,38525.25,38347.1484375,38445.69921875,0,2025-06-23 04:45:00+00:00
38444.75,38529.80078125,38408.6015625,38457.6484375,0,2025-06-23 05:45:00+00:00
38457.3984375,38503.0,38417.8984375,38499.80078125,0,2025-06-23 06:45:00+00:00
38500.3515625,38639.6015625,38499.30078125,38517.30078125,0,2025-06-23 07:45:00+00:00
38516.1484375,38526.44921875,38400.75,38431.80078125,0,2025-06-23 08:45:00+00:00
38422.19921875,38429.8515625,38381.3984375,38401.1015625,0,2025-06-23 09:45:00+00:00
38852.6484375,38936.55078125,38564.5,38845.8515625,0,2025-06-24 03:45:00+00:00
38845.25,38906.6484375,38698.94921875,38760.6015625,0,2025-06-24 04:45:00+00:00
38761.6015625,38896.0,38719.05078125,38880.44921875,0,2025-06-24 05:45:00+00:00
38880.05078125,38900.75,38681.80078125,38730.80078125,0,2025-06-24 06:45:00+00:00
38730.3515625,38776.8984375,38380.44921875,38437.94921875,0,2025-06-24 07:45:00+00:00
38439.94921875,38514.30078125,38388.19921875,38422.0,0,2025-06-24 08:45:00+00:00
38423.69921875,38438.5,38381.8984375,38397.0,0,2025-06-24 09:45:00+00:00
38655.80078125,38887.30078125,38611.69921875,38784.75,0,2025-06-25 03:45:00+00:00
38785.0,38868.30078125,38777.3515625,38857.1484375,0,2025-06-25 04:45:00+00:00
38858.6015625,38913.3515625,38829.80078125,38836.0,0,2025-06-25 05:45:00+00:00
38835.69921875,39089.6484375,38827.75,39078.05078125,0,2025-06-25 06:45:00+00:00
39080.19921875,39108.1484375,39012.69921875,39046.6484375,0,2025-06-25 07:45:00+00:00
39047.8984375,39092.8515625,38989.1015625,39063.80078125,0,2025-06-25 08:45:00+00:00
39063.44921875,39063.94921875,38999.55078125,39003.94921875,0,2025-06-25 09:45:00+00:00
39019.30078125,39101.19921875,38868.69921875,38889.1484375,0,2025-06-26 03:45:00+00:00
38889.3984375,38971.6484375,38796.44921875,38946.6015625,0,2025-06-26 04:45:00+00:00
38946.6015625,39017.69921875,38915.55078125,38981.6484375,0,2025-06-26 05:45:00+00:00
38982.75,39035.30078125,38761.75,38903.8984375,0,2025-06-26 06:45:00+00:00
38903.8515625,39097.94921875,38869.19921875,39020.0,0,2025-06-26 07:45:00+00:00
39023.8515625,39049.30078125,38938.94921875,39001.94921875,0,2025-06-26 08:45:00+00:00
39001.80078125,39002.05078125,38959.80078125,38967.8984375,0,2025-06-26 09:45:00+00:00
39125.75,39356.19921875,39078.19921875,39262.6015625,0,2025-06-27 03:45:00+00:00
39263.0,39269.25,39053.94921875,39100.1484375,0,2025-06-27 04:45:00+00:00
39099.1484375,39127.44921875,39034.80078125,39078.05078125,0,2025-06-27 05:45:00+00:00
39078.55078125,39081.1484375,38953.6015625,38953.6015625,0,2025-06-27 06:45:00+00:00
38954.1015625,38972.0,38857.80078125,38871.44921875,0,2025-06-27 07:45:00+00:00
38871.8515625,38889.8515625,38710.1484375,38837.94921875,0,2025-06-27 08:45:00+00:00
38835.6015625,38944.3515625,38826.30078125,38909.69921875,0,2025-06-27 09:45:00+00:00
38942.80078125,38944.80078125,38652.30078125,38699.44921875,0,2025-06-30 03:45:00+00:00
38701.80078125,38851.6015625,38660.75,38784.8984375,0,2025-06-30 04:45:00+00:00
38782.19921875,38886.25,38776.44921875,38881.44921875,0,2025-06-30 05:45:00+00:00
38882.05078125,38940.30078125,38823.25,38861.19921875,0,2025-06-30 06:45:00+00:00
38863.94921875,39011.94921875,38834.30078125,38983.5,0,2025-06-30 07:45:00+00:00
38984.8984375,38984.8984375,38901.75,38938.44921875,0,2025-06-30 08:45:00+00:00
38940.6015625,38983.0,38922.69921875,38959.0,0,2025-06-30 09:45:00+00:00
39004.69921875,39281.19921875,38889.19921875,38901.8515625,0,2025-07-01 03:45:00+00:00
38902.55078125,39059.8515625,38899.5,38987.6015625,0,2025-07-01 04:45:00+00:00
38987.6015625,39024.44921875,38846.3984375,38860.25,0,2025-07-01 05:45:00+00:00
38859.75,38884.6484375,38810.6015625,38817.19921875,0,2025-07-01 06:45:00+00:00
38817.8984375,38844.8984375,38727.1484375,38789.5,0,2025-07-01 07:45:00+00:00
38790.44921875,38861.1484375,38745.25,38845.5,0,2025-07-01 08:45:00+00:00
38846.6015625,38861.3984375,38779.6015625,38800.6015625,0,2025-07-01 09:45:00+00:00
39005.1015625,39519.5,38999.44921875,39301.75,0,2025-07-02 03:45:00+00:00
39302.5,39305.8984375,38836.6015625,38878.30078125,0,2025-07-02 04:45:00+00:00
38878.6015625,38979.6484375,38871.69921875,38974.80078125,0,2025-07-02 05:45:00+00:00
38974.55078125,38977.0,38863.19921875,38865.05078125,0,2025-07-02 06:45:00+00:00
38866.0,38873.44921875,38738.8515625,38863.3515625,0,2025-07-02 07:45:00+00:00
38863.6484375,38917.3515625,38790.19921875,38895.5,0,2025-07-02 08:45:00+00:00
38893.1484375,38898.5,38844.0,38872.3515625,0,2025-07-02 09:45:00+00:00
39012.55078125,39202.30078125,38932.19921875,39098.6484375,0,2025-07-03 03:45:00+00:00
39102.1484375,39128.8984375,39037.55078125,39124.1484375,0,2025-07-03 04:45:00+00:00
39124.1484375,39141.3984375,38949.25,38956.94921875,0,2025-07-03 05:45:00+00:00
38957.6484375,39014.6484375,38948.19921875,39006.30078125,0,2025-07-03 06:45:00+00:00
39005.80078125,39121.25,38953.1484375,38977.8984375,0,2025-07-03 07:45:00+00:00
38980.5,38985.05078125,38839.3515625,38857.05078125,0,2025-07-03 08:45:00+00:00
38858.3515625,38860.8984375,38806.55078125,38833.75,0,2025-07-03 09:45:00+00:00
38968.1015625,39015.1484375,38784.3984375,38937.0,0,2025-07-04 03:45:00+00:00
38937.0,39018.6484375,38903.25,39012.05078125,0,2025-07-04 04:45:00+00:00
39012.05078125,39033.8515625,38898.30078125,39029.25,0,2025-07-04 05:45:00+00:00
39027.0,39094.55078125,38977.05078125,39070.6015625,0,2025-07-04 06:45:00+00:00
39070.6015625,39083.1015625,39024.55078125,39067.1015625,0,2025-07-04 07:45:00+00:00
39067.6484375,39191.6015625,39036.25,39178.6484375,0,2025-07-04 08:45:00+00:00
39182.1015625,39185.19921875,39127.6015625,39147.1484375,0,2025-07-04 09:45:00+00:00
39146.1484375,39164.55078125,38899.8515625,39027.3984375,0,2025-07-07 03:45:00+00:00
39027.3984375,39083.8515625,38974.8515625,39035.1484375,0,2025-07-07 04:45:00+00:00
39037.0,39041.3984375,38931.5,38936.1015625,0,2025-07-07 05:45:00+00:00
38938.25,38955.1015625,38865.25,38933.05078125,0,2025-07-07 06:45:00+00:00
38933.05078125,38959.8984375,38865.3515625,38904.69921875,0,2025-07-07 07:45:00+00:00
38903.1015625,38945.44921875,38799.69921875,38862.30078125,0,2025-07-07 08:45:00+00:00
38861.55078125,38874.05078125,38841.1484375,38854.44921875,0,2025-07-07 09:45:00+00:00
38870.8984375,38979.1015625,38786.1484375,38793.44921875,0,2025-07-08 03:45:00+00:00
38793.44921875,38868.5,38732.55078125,38803.1484375,0,2025-07-08 04:45:00+00:00
38803.1484375,38959.44921875,38791.6015625,38947.19921875,0,2025-07-08 05:45:00+00:00
38947.8515625,39237.5,38926.3984375,39220.6015625,0,2025-07-08 06:45:00+00:00
39220.6015625,39226.0,38966.8515625,38966.8515625,0,2025-07-08 07:45:00+00:00
38966.19921875,39011.75,38888.8984375,39000.5,0,2025-07-08 08:45:00+00:00
39001.8515625,39013.1015625,38945.94921875,38947.6015625,0,2025-07-08 09:45:00+00:00
38997.69921875,38997.69921875,38718.44921875,38771.30078125,0,2025-07-09 03:45:00+00:00
38771.8984375,38836.6015625,38700.0,38756.3984375,0,2025-07-09 04:45:00+00:00
38754.55078125,38829.6484375,38740.6015625,38775.44921875,0,2025-07-09 05:45:00+00:00
38775.44921875,38785.69921875,38541.44921875,38592.6015625,0,2025-07-09 06:45:00+00:00
38589.25,38674.25,38588.19921875,38658.94921875,0,2025-07-09 07:45:00+00:00
38659.3984375,38729.0,38600.05078125,38682.05078125,0,2025-07-09 08:45:00+00:00
38681.55078125,38696.3515625,38646.19921875,38663.1015625,0,2025-07-09 09:45:00+00:00
38713.80078125,38713.80078125,38331.1015625,38448.3515625,0,2025-07-10 03:45:00+00:00
38449.8984375,38453.6015625,38312.3515625,38383.8984375,0,2025-07-10 04:45:00+00:00
38383.0,38386.6484375,38249.19921875,38269.19921875,0,2025-07-10 05:45:00+00:00
38266.69921875,38362.80078125,38253.30078125,38279.8515625,0,2025-07-10 06:45:00+00:00
38279.3515625,38343.6015625,38198.0,38313.19921875,0,2025-07-10 07:45:00+00:00
38309.8984375,38428.0,38307.75,38362.05078125,0,2025-07-10 08:45:00+00:00
38363.19921875,38469.3984375,38354.3984375,38435.8515625,0,2025-07-10 09:45:00+00:00
37702.55078125,37990.05078125,37567.1484375,37977.69921875,0,2025-07-11 03:45:00+00:00
37976.55078125,37979.05078125,37697.75,37755.55078125,0,2025-07-11 04:45:00+00:00
37757.30078125,37757.6484375,37647.5,37706.44921875,0,2025-07-11 05:45:00+00:00
37706.44921875,37717.55078125,37614.5,37644.75,0,2025-07-11 06:45:00+00:00
37646.19921875,37740.19921875,37624.55078125,37700.8984375,0,2025-07-11 07:45:00+00:00
37700.3984375,37765.5,37652.05078125,37678.8984375,0,2025-07-11 08:45:00+00:00
37678.8515625,37687.55078125,37629.25,37646.75,0,2025-07-11 09:45:00+00:00
37652.8984375,37652.8984375,37210.1484375,37391.44921875,0,2025-07-14 03:45:00+00:00
37388.1015625,37440.8515625,37278.1484375,37282.19921875,0,2025-07-14 04:45:00+00:00
37283.6015625,37286.44921875,37094.1484375,37129.19921875,0,2025-07-14 05:45:00+00:00
37129.69921875,37157.75,37016.6015625,37067.8984375,0,2025-07-14 06:45:00+00:00
37070.6015625,37167.19921875,37065.0,37132.75,0,2025-07-14 07:45:00+00:00
37132.25,37304.3984375,37125.30078125,37280.80078125,0,2025-07-14 08:45:00+00:00
37281.05078125,37294.6484375,37252.1484375,37264.55078125,0,2025-07-14 09:45:00+00:00
37142.0,37486.1015625,37050.0,37168.6015625,0,2025-07-15 03:45:00+00:00
37168.1015625,37664.3984375,37082.8984375,37609.8984375,0,2025-07-15 04:45:00+00:00
37613.1015625,37621.25,37456.3515625,37508.25,0,2025-07-15 05:45:00+00:00
37505.30078125,37506.8984375,37433.8515625,37437.1484375,0,2025-07-15 06:45:00+00:00
37436.8515625,37462.30078125,37357.30078125,37395.1484375,0,2025-07-15 07:45:00+00:00
37394.8984375,37444.6484375,37392.6015625,37412.1484375,0,2025-07-15 08:45:00+00:00
37414.44921875,37475.30078125,37403.8984375,37450.19921875,0,2025-07-15 09:45:00+00:00
37325.69921875,37596.55078125,37267.1484375,37460.69921875,0,2025-07-16 03:45:00+00:00
37459.30078125,37502.1484375,37422.25,37453.94921875,0,2025-07-16 04:45:00+00:00
37452.3515625,37651.3515625,37433.8984375,37536.0,0,2025-07-16 05:45:00+00:00
37538.6015625,37664.6484375,37513.3515625,37652.1015625,0,2025-07-16 06:45:00+00:00
37651.55078125,37704.55078125,37620.19921875,37695.55078125,0,2025-07-16 07:45:00+00:00
37695.55078125,37756.6484375,37642.5,37642.75,0,2025-07-16 08:45:00+00:00
37644.8515625,37674.8515625,37604.25,37655.3984375,0,2025-07-16 09:45:00+00:00
37552.8515625,37665.19921875,37377.55078125,37424.44921875,0,2025-07-17 03:45:00+00:00
37425.8984375,37472.94921875,37358.3515625,37455.19921875,0,2025-07-17 04:45:00+00:00
37454.5,37464.5,37394.3984375,37422.69921875,0,2025-07-17 05:45:00+00:00
37421.30078125,37423.55078125,37212.3984375,37222.75,0,2025-07-17 06:45:00+00:00
37222.25,37322.30078125,37209.30078125,37277.1015625,0,2025-07-17 07:45:00+00:00
37277.3515625,37281.69921875,37132.55078125,37154.30078125,0,2025-07-17 08:45:00+00:00
37159.94921875,37161.3515625,37064.94921875,37077.05078125,0,2025-07-17 09:45:00+00:00
37386.30078125,37397.69921875,37060.55078125,37089.75,0,2025-07-18 03:45:00+00:00
37087.1015625,37095.69921875,36952.30078125,37092.1484375,0,2025-07-18 04:45:00+00:00
37092.05078125,37252.44921875,37085.94921875,37169.6484375,0,2025-07-18 05:45:00+00:00
37170.80078125,37228.0,37110.8984375,37131.69921875,0,2025-07-18 06:45:00+00:00
37133.1015625,37185.05078125,37100.19921875,37156.44921875,0,2025-07-18 07:45:00+00:00
37156.44921875,37179.05078125,37112.05078125,37144.8515625,0,2025-07-18 08:45:00+00:00
37143.3515625,37160.44921875,37126.44921875,37151.6484375,0,2025-07-18 09:45:00+00:00
37160.94921875,37160.94921875,36780.8984375,36990.05078125,0,2025-07-21 03:45:00+00:00
36988.6484375,37076.6484375,36964.69921875,37026.1484375,0,2025-07-21 04:45:00+00:00
37026.1484375,37044.3984375,36921.75,37042.80078125,0,2025-07-21 05:45:00+00:00
37043.05078125,37151.6015625,36966.8984375,36986.44921875,0,2025-07-21 06:45:00+00:00
36985.0,37049.94921875,36931.6484375,36972.8515625,0,2025-07-21 07:45:00+00:00
36974.05078125,37031.55078125,36918.6015625,37022.69921875,0,2025-07-21 08:45:00+00:00
37019.19921875,37060.25,37014.1484375,37041.1484375,0,2025-07-21 09:45:00+00:00
37027.5,37088.1484375,36909.6015625,36956.30078125,0,2025-07-22 03:45:00+00:00
36960.80078125,37120.6015625,36929.6484375,37096.30078125,0,2025-07-22 04:45:00+00:00
37096.05078125,37098.80078125,36978.19921875,36994.8984375,0,2025-07-22 05:45:00+00:00
36995.6484375,37021.44921875,36881.44921875,36901.44921875,0,2025-07-22 06:45:00+00:00
36900.5,36957.8515625,36871.1484375,36907.30078125,0,2025-07-22 07:45:00+00:00
36907.05078125,36911.30078125,36828.55078125,36843.8515625,0,2025-07-22 08:45:00+00:00
36837.80078125,36932.05078125,36837.80078125,36905.5,0,2025-07-22 09:45:00+00:00
36958.30078125,37055.1484375,36788.5,36877.1484375,0,2025-07-23 03:45:00+00:00
36876.1484375,36991.55078125,36795.25,36924.75,0,2025-07-23 04:45:00+00:00
36925.25,36986.75,36880.6484375,36964.05078125,0,2025-07-23 05:45:00+00:00
36959.55078125,37068.3984375,36937.5,36944.1484375,0,2025-07-23 06:45:00+00:00
36945.5,37034.5,36914.3515625,37000.19921875,0,2025-07-23 07:45:00+00:00
37001.94921875,37086.30078125,36975.80078125,37037.1015625,0,2025-07-23 08:45:00+00:00
37037.0,37050.25,36753.5,36805.1484375,0,2025-07-23 09:45:00+00:00
36949.30078125,36968.3515625,36247.6015625,36279.94921875,0,2025-07-24 03:45:00+00:00
36279.94921875,36367.6484375,36212.69921875,36323.75,0,2025-07-24 04:45:00+00:00
36324.05078125,36344.8984375,36110.0,36150.6015625,0,2025-07-24 05:45:00+00:00
36151.3984375,36283.3984375,36122.44921875,36170.6484375,0,2025-07-24 06:45:00+00:00
36171.6015625,36195.30078125,36117.3984375,36170.3984375,0,2025-07-24 07:45:00+00:00
36170.44921875,36176.44921875,36101.30078125,36134.69921875,0,2025-07-24 08:45:00+00:00
36132.94921875,36148.94921875,36099.05078125,36143.44921875,0,2025-07-24 09:45:00+00:00
35998.0,36268.94921875,35916.1484375,35957.6015625,0,2025-07-25 03:45:00+00:00
35957.8515625,35957.8515625,35815.55078125,35831.44921875,0,2025-07-25 04:45:00+00:00
35831.1015625,35887.0,35709.05078125,35720.44921875,0,2025-07-25 05:45:00+00:00
35720.05078125,35799.1484375,35657.3984375,35759.44921875,0,2025-07-25 06:45:00+00:00
35760.8984375,35765.1015625,35659.0,35672.80078125,0,2025-07-25 07:45:00+00:00
35672.80078125,35697.5,35532.80078125,35652.6484375,0,2025-07-25 08:45:00+00:00
35653.55078125,35667.1015625,35626.3515625,35662.1484375,0,2025-07-25 09:45:00+00:00
35511.80078125,35531.69921875,35051.6484375,35518.3515625,0,2025-07-28 03:45:00+00:00
35518.1015625,35566.1015625,35368.25,35469.25,0,2025-07-28 04:45:00+00:00
35468.6015625,35508.3515625,35368.30078125,35437.25,0,2025-07-28 05:45:00+00:00
35438.6484375,35523.30078125,35325.6484375,35373.19921875,0,2025-07-28 06:45:00+00:00
35373.8984375,35410.8984375,35278.75,35330.5,0,2025-07-28 07:45:00+00:00
35330.0,35415.19921875,35268.25,35402.8984375,0,2025-07-28 08:45:00+00:00
35401.55078125,35404.44921875,35332.6484375,35346.80078125,0,2025-07-28 09:45:00+00:00
35279.80078125,35302.6484375,35133.25,35196.69921875,0,2025-07-29 03:45:00+00:00
35196.1015625,35247.30078125,35101.5,35169.6015625,0,2025-07-29 04:45:00+00:00
35170.69921875,35205.0,35102.44921875,35166.44921875,0,2025-07-29 05:45:00+00:00
35165.94921875,35235.80078125,35139.55078125,35233.3984375,0,2025-07-29 06:45:00+00:00
35233.3984375,35405.6015625,35208.25,35368.25,0,2025-07-29 07:45:00+00:00
35368.0,35438.30078125,35342.5,35371.44921875,0,2025-07-29 08:45:00+00:00
35372.6015625,35399.30078125,35343.1484375,35381.75,0,2025-07-29 09:45:00+00:00
35429.0,35447.30078125,35284.3515625,35374.1484375,0,2025-07-30 03:45:00+00:00
35377.19921875,35387.1484375,35258.5,35361.5,0,2025-07-30 04:45:00+00:00
35361.55078125,35483.8984375,35361.55078125,35416.6015625,0,2025-07-30 05:45:00+00:00
35416.25,35465.1484375,35406.6015625,35449.05078125,0,2025-07-30 06:45:00+00:00
35449.05078125,35503.3984375,35424.44921875,35471.69921875,0,2025-07-30 07:45:00+00:00
35470.80078125,35530.75,35470.3984375,35489.0,0,2025-07-30 08:45:00+00:00
35490.3515625,35491.1015625,35436.30078125,35463.0,0,2025-07-30 09:45:00+00:00
35215.75,35334.6484375,35012.80078125,35032.1015625,0,2025-07-31 03:45:00+00:00
35031.5,35207.1484375,34999.25,35184.80078125,0,2025-07-31 04:45:00+00:00
35184.80078125,35312.30078125,35180.6484375,35309.8515625,0,2025-07-31 05:45:00+00:00
35309.8515625,35440.05078125,35297.55078125,35399.6015625,0,2025-07-31 06:45:00+00:00
35400.44921875,35587.94921875,35395.80078125,35545.44921875,0,2025-07-31 07:45:00+00:00
35546.94921875,35546.94921875,35283.8515625,35295.44921875,0,2025-07-31 08:45:00+00:00
35294.1015625,35311.5,35267.6484375,35281.6484375,0,2025-07-31 09:45:00+00:00
35118.6015625,35166.3984375,34956.30078125,35006.30078125,0,2025-08-01 03:45:00+00:00
35006.05078125,35060.3984375,34898.8984375,34932.30078125,0,2025-08-01 04:45:00+00:00
34932.75,34985.44921875,34798.8515625,34850.3515625,0,2025-08-01 05:45:00+00:00
34851.3515625,34861.75,34703.1015625,34780.6484375,0,2025-08-01 06:45:00+00:00
34779.8984375,34805.94921875,34728.69921875,34784.1015625,0,2025-08-01 07:45:00+00:00
34783.30078125,34798.1015625,34610.30078125,34610.8515625,0,2025-08-01 08:45:00+00:00
34612.19921875,34646.05078125,34589.0,34600.1484375,0,2025-08-01 09:45:00+00:00
34554.30078125,34628.5,34335.0,34551.25,0,2025-08-04 03:45:00+00:00
34552.75,34659.3984375,34497.19921875,34647.8515625,0,2025-08-04 04:45:00+00:00
34647.1484375,34724.8984375,34622.94921875,34696.3984375,0,2025-08-04 05:45:00+00:00
34695.75,34917.3984375,34684.30078125,34898.3984375,0,2025-08-04 06:45:00+00:00
34898.1484375,35165.3515625,34850.6015625,35125.8515625,0,2025-08-04 07:45:00+00:00
35125.8515625,35219.3984375,35123.19921875,35205.44921875,0,2025-08-04 08:45:00+00:00
35202.75,35218.19921875,35175.8984375,35206.3984375,0,2025-08-04 09:45:00+00:00
35196.75,35196.75,34856.30078125,34914.0,0,2025-08-05 03:45:00+00:00
34915.6484375,34990.19921875,34861.80078125,34932.6015625,0,2025-08-05 04:45:00+00:00
34933.5,35055.1484375,34883.5,35049.30078125,0,2025-08-05 05:45:00+00:00
35052.6015625,35052.6015625,34912.8515625,34932.44921875,0,2025-08-05 06:45:00+00:00
34932.69921875,34973.05078125,34904.05078125,34940.69921875,0,2025-08-05 07:45:00+00:00
34940.8515625,35077.25,34932.75,35072.44921875,0,2025-08-05 08:45:00+00:00
35071.69921875,35072.6015625,34994.69921875,35008.8515625,0,2025-08-05 09:45:00+00:00
34963.6015625,34986.1484375,34615.69921875,34633.25,0,2025-08-06 03:45:00+00:00
34633.8515625,34679.25,34455.44921875,34472.5,0,2025-08-06 04:45:00+00:00
34471.8984375,34561.55078125,34420.75,34555.94921875,0,2025-08-06 05:45:00+00:00
34555.8984375,34632.3515625,34543.25,34599.69921875,0,2025-08-06 06:45:00+00:00
34600.1484375,34607.69921875,34482.6015625,34494.75,0,2025-08-06 07:45:00+00:00
34495.1484375,34511.30078125,34428.69921875,34444.6484375,0,2025-08-06 08:45:00+00:00
34445.80078125,34445.80078125,34348.6015625,34375.69921875,0,2025-08-06 09:45:00+00:00
34287.55078125,34561.25,34285.30078125,34474.94921875,0,2025-08-07 03:45:00+00:00
34475.1484375,34476.19921875,34275.8984375,34305.19921875,0,2025-08-07 04:45:00+00:00
34308.44921875,34419.5,34298.55078125,34403.44921875,0,2025-08-07 05:45:00+00:00
34403.8984375,34465.94921875,34313.5,34320.3984375,0,2025-08-07 06:45:00+00:00
34320.44921875,34482.94921875,34225.8515625,34472.55078125,0,2025-08-07 07:45:00+00:00
34472.55078125,34753.05078125,34448.8515625,34717.6484375,0,2025-08-07 08:45:00+00:00
34718.75,34805.94921875,34709.6484375,34796.8984375,0,2025-08-07 09:45:00+00:00
34611.05078125,34636.25,34415.3515625,34419.55078125,0,2025-08-08 03:45:00+00:00
34418.8984375,34502.80078125,34359.8515625,34463.55078125,0,2025-08-08 04:45:00+00:00
34462.8515625,34560.25,34439.44921875,34512.5,0,2025-08-08 05:45:00+00:00
34512.30078125,34557.94921875,34470.0,34485.6484375,0,2025-08-08 06:45:00+00:00
34481.3984375,34554.1484375,34429.0,34448.55078125,0,2025-08-08 07:45:00+00:00
34448.44921875,34506.1484375,34363.05078125,34364.44921875,0,2025-08-08 08:45:00+00:00
34364.8984375,34406.8984375,34354.25,34395.6015625,0,2025-08-08 09:45:00+00:00
34371.25,34458.69921875,34229.19921875,34307.5,0,2025-08-11 03:45:00+00:00
34307.5,34532.5,34290.3515625,34475.44921875,0,2025-08-11 04:45:00+00:00
34476.80078125,34558.6484375,34441.44921875,34506.3515625,0,2025-08-11 05:45:00+00:00
34506.3515625,34591.80078125,34484.0,34537.75,0,2025-08-11 06:45:00+00:00
34538.8984375,34597.69921875,34517.80078125,34565.1015625,0,2025-08-11 07:45:00+00:00
34565.1015625,34624.3984375,34537.44921875,34537.44921875,0,2025-08-11 08:45:00+00:00
34538.19921875,34556.80078125,34474.8984375,34510.1484375,0,2025-08-11 09:45:00+00:00
34614.75,35072.05078125,34561.30078125,34966.3515625,0,2025-08-12 03:45:00+00:00
34966.8984375,34981.94921875,34757.3515625,34803.44921875,0,2025-08-12 04:45:00+00:00
34803.3515625,34865.6015625,34711.8515625,34776.55078125,0,2025-08-12 05:45:00+00:00
34778.6015625,34887.69921875,34770.75,34803.1484375,0,2025-08-12 06:45:00+00:00
34803.6484375,34858.55078125,34781.19921875,34821.1015625,0,2025-08-12 07:45:00+00:00
34820.55078125,34832.6015625,34608.30078125,34682.8515625,0,2025-08-12 08:45:00+00:00
34684.80078125,34706.6484375,34674.55078125,34697.6015625,0,2025-08-12 09:45:00+00:00
34790.6015625,34836.8515625,34611.6484375,34669.3515625,0,2025-08-13 03:45:00+00:00
34671.05078125,34726.8984375,34605.75,34635.80078125,0,2025-08-13 04:45:00+00:00
34636.6015625,34667.19921875,34553.44921875,34600.44921875,0,2025-08-13 05:45:00+00:00
34604.25,34774.8984375,34591.25,34731.6015625,0,2025-08-13 06:45:00+00:00
34731.8515625,34778.3515625,34682.05078125,34772.44921875,0,2025-08-13 07:45:00+00:00
34773.6015625,34792.0,34685.8984375,34686.55078125,0,2025-08-13 08:45:00+00:00
34688.3515625,34692.69921875,34648.8515625,34662.6484375,0,2025-08-13 09:45:00+00:00
34820.19921875,35035.25,34758.55078125,34907.94921875,0,2025-08-14 03:45:00+00:00
34907.3984375,35331.8515625,34890.5,35254.05078125,0,2025-08-14 04:45:00+00:00
35255.80078125,35255.80078125,34968.05078125,34972.3515625,0,2025-08-14 05:45:00+00:00
34974.8984375,35060.1015625,34893.1484375,34901.8984375,0,2025-08-14 06:45:00+00:00
34902.0,34973.69921875,34857.8984375,34903.44921875,0,2025-08-14 07:45:00+00:00
34903.6484375,34930.30078125,34819.6484375,34831.44921875,0,2025-08-14 08:45:00+00:00
34829.69921875,34847.44921875,34810.69921875,34836.3984375,0,2025-08-14 09:45:00+00:00
35152.69921875,35152.69921875,34760.6015625,34844.1015625,0,2025-08-18 03:45:00+00:00
34846.1015625,34847.5,34728.30078125,34759.3515625,0,2025-08-18 04:45:00+00:00
34760.75,34780.55078125,34514.6015625,34533.6484375,0,2025-08-18 05:45:00+00:00
34533.8984375,34676.8515625,34530.80078125,34661.8515625,0,2025-08-18 06:45:00+00:00
34664.25,34703.6015625,34631.6015625,34681.1484375,0,2025-08-18 07:45:00+00:00
34680.1484375,34705.8984375,34613.44921875,34625.1015625,0,2025-08-18 08:45:00+00:00
34623.80078125,34657.5,34618.69921875,34640.3515625,0,2025-08-18 09:45:00+00:00
34663.1484375,34735.75,34549.75,34645.3515625,0,2025-08-19 03:45:00+00:00
34646.1015625,34687.3984375,34598.1015625,34673.55078125,0,2025-08-19 04:45:00+00:00
34672.75,34762.55078125,34647.30078125,34755.3515625,0,2025-08-19 05:45:00+00:00
34756.1015625,34807.80078125,34729.30078125,34797.55078125,0,2025-08-19 06:45:00+00:00
34796.94921875,34824.55078125,34705.75,34736.25,0,2025-08-19 07:45:00+00:00
34736.6484375,34787.3984375,34698.6015625,34748.44921875,0,2025-08-19 08:45:00+00:00
34749.75,34814.3984375,34740.8515625,34809.25,0,2025-08-19 09:45:00+00:00
34647.19921875,35076.69921875,34647.19921875,35076.69921875,0,2025-08-20 03:45:00+00:00
35076.8984375,35329.25,35048.05078125,35323.1484375,0,2025-08-20 04:45:00+00:00
35322.94921875,35568.3984375,35285.75,35553.3984375,0,2025-08-20 05:45:00+00:00
35553.8515625,35638.69921875,35516.30078125,35636.5,0,2025-08-20 06:45:00+00:00
35636.80078125,35659.1015625,35536.25,35566.25,0,2025-08-20 07:45:00+00:00
35565.44921875,35773.6484375,35556.80078125,35702.75,0,2025-08-20 08:45:00+00:00
35702.0,35709.1015625,35654.3984375,35680.30078125,0,2025-08-20 09:45:00+00:00
35918.80078125,35918.80078125,35462.3984375,35595.94921875,0,2025-08-21 03:45:00+00:00
35595.94921875,35814.3515625,35591.1484375,35775.8984375,0,2025-08-21 04:45:00+00:00
35776.1484375,35868.6015625,35756.8984375,35831.25,0,2025-08-21 05:45:00+00:00
35828.05078125,35854.75,35755.3984375,35818.3984375,0,2025-08-21 06:45:00+00:00
35814.30078125,35831.55078125,35690.75,35795.8984375,0,2025-08-21 07:45:00+00:00
35794.94921875,35836.75,35714.6015625,35734.1484375,0,2025-08-21 08:45:00+00:00
35730.19921875,35733.5,35691.6015625,35708.44921875,0,2025-08-21 09:45:00+00:00
35735.44921875,35752.25,35477.5,35522.94921875,0,2025-08-22 03:45:00+00:00
35525.19921875,35528.6484375,35446.75,35511.3984375,0,2025-08-22 04:45:00+00:00
35513.1015625,35624.05078125,35496.05078125,35533.3515625,0,2025-08-22 05:45:00+00:00
35531.6484375,35617.55078125,35527.8984375,35553.80078125,0,2025-08-22 06:45:00+00:00
35553.55078125,35599.8984375,35515.69921875,35555.3515625,0,2025-08-22 07:45:00+00:00
35554.44921875,35560.30078125,35428.1015625,35435.30078125,0,2025-08-22 08:45:00+00:00
35435.94921875,35446.0,35415.55078125,35424.1484375,0,2025-08-22 09:45:00+00:00
35832.5,36357.75,35816.55078125,36200.8984375,0,2025-08-25 03:45:00+00:00
36200.1015625,36416.6484375,36172.69921875,36411.30078125,0,2025-08-25 04:45:00+00:00
36415.05078125,36445.05078125,36352.6015625,36406.1484375,0,2025-08-25 05:45:00+00:00
36406.25,36425.30078125,36375.80078125,36407.8984375,0,2025-08-25 06:45:00+00:00
36408.25,36434.80078125,36364.1015625,36366.55078125,0,2025-08-25 07:45:00+00:00
36365.94921875,36408.8515625,36252.8984375,36276.94921875,0,2025-08-25 08:45:00+00:00
36273.1015625,36307.3515625,36264.05078125,36291.80078125,0,2025-08-25 09:45:00+00:00
36091.8515625,36323.30078125,36079.55078125,36236.69921875,0,2025-08-26 03:45:00+00:00
36236.69921875,36303.1484375,36168.75,36235.94921875,0,2025-08-26 04:45:00+00:00
36234.3515625,36301.5,36137.3515625,36170.6484375,0,2025-08-26 05:45:00+00:00
36170.55078125,36184.1484375,36099.6015625,36149.55078125,0,2025-08-26 06:45:00+00:00
36149.55078125,36168.8515625,36045.55078125,36057.3515625,0,2025-08-26 07:45:00+00:00
36056.55078125,36144.94921875,36017.30078125,36032.8515625,0,2025-08-26 08:45:00+00:00
36032.75,36076.75,36009.69921875,36020.1484375,0,2025-08-26 09:45:00+00:00
36017.1484375,36017.1484375,35549.19921875,35552.0,0,2025-08-28 03:45:00+00:00
35552.69921875,35743.6015625,35529.94921875,35698.8515625,0,2025-08-28 04:45:00+00:00
35700.5,35715.69921875,35617.5,35638.1484375,0,2025-08-28 05:45:00+00:00
35638.6484375,35645.0,35524.3515625,35557.0,0,2025-08-28 06:45:00+00:00
35557.19921875,35692.05078125,35552.6015625,35662.44921875,0,2025-08-28 07:45:00+00:00
35671.25,35679.80078125,35444.80078125,35491.44921875,0,2025-08-28 08:45:00+00:00
35487.44921875,35515.94921875,35456.8515625,35487.1484375,0,2025-08-28 09:45:00+00:00
35483.6484375,35574.5,35206.6484375,35281.6484375,0,2025-08-29 03:45:00+00:00
35281.6484375,35517.1484375,35271.3984375,35484.05078125,0,2025-08-29 04:45:00+00:00
35484.19921875,35515.94921875,35388.0,35414.94921875,0,2025-08-29 05:45:00+00:00
35414.94921875,35450.19921875,35337.8984375,35365.05078125,0,2025-08-29 06:45:00+00:00
35364.80078125,35382.94921875,35227.3984375,35256.1484375,0,2025-08-29 07:45:00+00:00
35256.8515625,35266.3515625,35170.55078125,35170.55078125,0,2025-08-29 08:45:00+00:00
35169.3515625,35200.3984375,35131.1015625,35188.3984375,0,2025-08-29 09:45:00+00:00
35267.3984375,35771.25,35267.3984375,35619.0,0,2025-09-01 03:45:00+00:00
35619.44921875,35764.30078125,35591.3515625,35754.25,0,2025-09-01 04:45:00+00:00
35755.25,35787.44921875,35721.44921875,35757.25,0,2025-09-01 05:45:00+00:00
35757.75,35766.44921875,35639.1484375,35733.6484375,0,2025-09-01 06:45:00+00:00
35733.75,35738.30078125,35667.1015625,35724.44921875,0,2025-09-01 07:45:00+00:00
35723.75,35773.55078125,35677.30078125,35749.1484375,0,2025-09-01 08:45:00+00:00
35743.19921875,35758.1015625,35728.8984375,35751.3515625,0,2025-09-01 09:45:00+00:00
35768.5,35846.3515625,35541.55078125,35834.55078125,0,2025-09-02 03:45:00+00:00
35835.30078125,35865.94921875,35768.25,35853.1484375,0,2025-09-02 04:45:00+00:00
35854.6484375,35994.3515625,35826.6015625,35982.25,0,2025-09-02 05:45:00+00:00
35982.94921875,36060.55078125,35916.3984375,35941.6484375,0,2025-09-02 06:45:00+00:00
35944.3515625,35957.6484375,35686.44921875,35693.75,0,2025-09-02 07:45:00+00:00
35693.05078125,35822.55078125,35664.69921875,35741.3515625,0,2025-09-02 08:45:00+00:00
35745.3515625,35749.1015625,35674.8984375,35702.05078125,0,2025-09-02 09:45:00+00:00
35812.1484375,35832.0,35508.25,35522.80078125,0,2025-09-03 03:45:00+00:00
35523.25,35528.25,35293.94921875,35348.3515625,0,2025-09-03 04:45:00+00:00
35346.94921875,35456.25,35326.1015625,35437.8984375,0,2025-09-03 05:45:00+00:00
35438.1484375,35461.1015625,35336.3984375,35352.8515625,0,2025-09-03 06:45:00+00:00
35353.8515625,35428.30078125,35348.1484375,35409.0,0,2025-09-03 07:45:00+00:00
35408.30078125,35493.8515625,35400.8984375,35479.75,0,2025-09-03 08:45:00+00:00
35482.8515625,35507.1484375,35470.3515625,35499.05078125,0,2025-09-03 09:45:00+00:00
35581.19921875,35593.8515625,35345.1015625,35349.19921875,0,2025-09-04 03:45:00+00:00
35349.19921875,35375.44921875,35213.25,35260.1484375,0,2025-09-04 04:45:00+00:00
35260.3984375,35331.69921875,35224.94921875,35310.30078125,0,2025-09-04 05:45:00+00:00
35311.6015625,35327.0,35230.55078125,35290.8984375,0,2025-09-04 06:45:00+00:00
35287.80078125,35317.1015625,35211.3984375,35229.1015625,0,2025-09-04 07:45:00+00:00
35231.5,35254.25,35106.94921875,35117.94921875,0,2025-09-04 08:45:00+00:00
35118.55078125,35165.1015625,35097.75,35123.3984375,0,2025-09-04 09:45:00+00:00
35245.80078125,35331.5,34589.0,34596.25,0,2025-09-05 03:45:00+00:00
34594.69921875,34847.8984375,34346.19921875,34639.8515625,0,2025-09-05 04:45:00+00:00
34640.5,34706.55078125,34505.75,34551.6484375,0,2025-09-05 05:45:00+00:00
34551.19921875,34594.05078125,34505.44921875,34588.75,0,2025-09-05 06:45:00+00:00
34590.30078125,34745.1015625,34585.8984375,34666.44921875,0,2025-09-05 07:45:00+00:00
34672.25,34704.25,34604.30078125,34613.75,0,2025-09-05 08:45:00+00:00
34615.5,34676.44921875,34606.25,34662.6484375,0,2025-09-05 09:45:00+00:00
34764.1484375,34912.1015625,34491.80078125,34502.3515625,0,2025-09-08 03:45:00+00:00
34498.25,34562.6484375,34420.25,34456.6015625,0,2025-09-08 04:45:00+00:00
34458.80078125,34507.19921875,34424.94921875,34459.3984375,0,2025-09-08 05:45:00+00:00
34459.25,34503.3984375,34417.75,34475.3984375,0,2025-09-08 06:45:00+00:00
34475.05078125,34478.69921875,34349.1015625,34388.44921875,0,2025-09-08 07:45:00+00:00
34390.25,34422.8984375,34259.6015625,34286.94921875,0,2025-09-08 08:45:00+00:00
34287.0,34360.1015625,34278.25,34357.8515625,0,2025-09-08 09:45:00+00:00
34773.05078125,35119.3984375,34773.05078125,34999.0,0,2025-09-09 03:45:00+00:00
34999.1484375,35153.6484375,34996.1015625,35125.94921875,0,2025-09-09 04:45:00+00:00
35126.3984375,35190.55078125,35092.8515625,35177.8984375,0,2025-09-09 05:45:00+00:00
35178.25,35244.05078125,35146.75,35175.05078125,0,2025-09-09 06:45:00+00:00
35175.1015625,35280.1484375,35099.8984375,35215.25,0,2025-09-09 07:45:00+00:00
35208.75,35304.0,35162.05078125,35270.80078125,0,2025-09-09 08:45:00+00:00
35271.75,35293.6015625,35219.94921875,35236.0,0,2025-09-09 09:45:00+00:00
35438.55078125,36151.25,35436.94921875,36062.5,0,2025-09-10 03:45:00+00:00
36060.19921875,36248.30078125,36045.8515625,36219.8515625,0,2025-09-10 04:45:00+00:00
36219.8515625,36221.55078125,36112.3984375,36201.6015625,0,2025-09-10 05:45:00+00:00
36200.8515625,36254.8515625,36148.6484375,36211.1015625,0,2025-09-10 06:45:00+00:00
36212.25,36212.25,36136.8984375,36156.05078125,0,2025-09-10 07:45:00+00:00
36157.05078125,36203.6484375,36102.69921875,36198.80078125,0,2025-09-10 08:45:00+00:00
36198.80078125,36220.3984375,36156.0,36182.1015625,0,2025-09-10 09:45:00+00:00
36246.3515625,36267.55078125,35830.94921875,35847.25,0,2025-09-11 03:45:00+00:00
35850.5,35950.94921875,35848.44921875,35898.94921875,0,2025-09-11 04:45:00+00:00
35898.69921875,35955.6484375,35851.30078125,35910.1484375,0,2025-09-11 05:45:00+00:00
35911.6015625,35954.0,35868.6484375,35950.25,0,2025-09-11 06:45:00+00:00
35949.6484375,35957.8984375,35902.8984375,35926.80078125,0,2025-09-11 07:45:00+00:00
35927.80078125,36029.5,35915.8515625,36001.69921875,0,2025-09-11 08:45:00+00:00
35995.8515625,36053.1015625,35995.8515625,36036.94921875,0,2025-09-11 09:45:00+00:00
36306.44921875,36351.8515625,36026.05078125,36161.6015625,0,2025-09-12 03:45:00+00:00
36161.55078125,36174.25,36072.8984375,36109.44921875,0,2025-09-12 04:45:00+00:00
36110.1484375,36161.3515625,36071.8984375,36080.94921875,0,2025-09-12 05:45:00+00:00
36080.94921875,36127.44921875,36075.0,36098.25,0,2025-09-12 06:45:00+00:00
36098.25,36158.94921875,36092.6015625,36138.8515625,0,2025-09-12 07:45:00+00:00
36135.30078125,36138.94921875,36067.44921875,36116.3984375,0,2025-09-12 08:45:00+00:00
36116.3984375,36134.3515625,36076.30078125,36102.8515625,0,2025-09-12 09:45:00+00:00
36139.69921875,36149.69921875,35759.05078125,35762.80078125,0,2025-09-15 03:45:00+00:00
35762.75,35784.05078125,35686.1484375,35753.05078125,0,2025-09-15 04:45:00+00:00
35753.55078125,35856.80078125,35731.75,35854.94921875,0,2025-09-15 05:45:00+00:00
35854.94921875,35938.30078125,35854.5,35904.80078125,0,2025-09-15 06:45:00+00:00
35904.80078125,35925.19921875,35845.8984375,35884.1484375,0,2025-09-15 07:45:00+00:00
35883.8984375,35944.0,35870.3984375,35896.6015625,0,2025-09-15 08:45:00+00:00
35895.55078125,35925.25,35879.1015625,35907.55078125,0,2025-09-15 09:45:00+00:00
35969.44921875,36033.75,35861.44921875,36000.3984375,0,2025-09-16 03:45:00+00:00
36000.3984375,36010.6015625,35938.05078125,35948.94921875,0,2025-09-16 04:45:00+00:00
35948.94921875,35997.19921875,35932.55078125,35969.69921875,0,2025-09-16 05:45:00+00:00
35969.0,36027.05078125,35955.25,36009.69921875,0,2025-09-16 06:45:00+00:00
36009.8515625,36013.6015625,35998.3515625,36003.25,0,2025-09-16 07:45:00+00:00
36012.19921875,36236.6484375,35999.6015625,36223.8515625,0,2025-09-16 08:45:00+00:00
36222.80078125,36273.75,36211.44921875,36263.0,0,2025-09-16 09:45:00+00:00
36326.30078125,36608.6484375,36253.8984375,36413.1015625,0,2025-09-17 03:45:00+00:00
36415.69921875,36501.44921875,36390.3984375,36444.19921875,0,2025-09-17 04:45:00+00:00
36445.75,36508.3515625,36429.0,36457.6484375,0,2025-09-17 05:45:00+00:00
36457.6484375,36510.05078125,36427.44921875,36497.1484375,0,2025-09-17 06:45:00+00:00
36498.0,36500.55078125,36378.69921875,36395.69921875,0,2025-09-17 07:45:00+00:00
36394.0,36481.8515625,36346.94921875,36464.80078125,0,2025-09-17 08:45:00+00:00
36463.80078125,36468.6484375,36410.30078125,36447.6015625,0,2025-09-17 09:45:00+00:00
36801.5,37064.94921875,36778.3515625,36787.19921875,0,2025-09-18 03:45:00+00:00
36787.6484375,36846.75,36756.6484375,36761.25,0,2025-09-18 04:45:00+00:00
36760.3984375,36779.3515625,36690.1484375,36764.69921875,0,2025-09-18 05:45:00+00:00
36765.3984375,36809.5,36676.25,36717.3984375,0,2025-09-18 06:45:00+00:00
36716.55078125,36733.5,36631.44921875,36684.19921875,0,2025-09-18 07:45:00+00:00
36683.6015625,36762.8984375,36650.6015625,36738.5,0,2025-09-18 08:45:00+00:00
36739.1484375,36777.8515625,36732.19921875,36759.6484375,0,2025-09-18 09:45:00+00:00
36788.3984375,36819.30078125,36473.69921875,36583.05078125,0,2025-09-19 03:45:00+00:00
36585.75,36585.75,36468.05078125,36498.6484375,0,2025-09-19 04:45:00+00:00
36498.6484375,36514.44921875,36417.30078125,36428.5,0,2025-09-19 05:45:00+00:00
36428.5,36430.6484375,36370.75,36411.80078125,0,2025-09-19 06:45:00+00:00
36411.55078125,36515.6015625,36400.80078125,36514.30078125,0,2025-09-19 07:45:00+00:00
36514.8515625,36570.3984375,36430.75,36561.6015625,0,2025-09-19 08:45:00+00:00
36560.8984375,36650.8515625,36558.3515625,36638.80078125,0,2025-09-19 09:45:00+00:00
35499.3515625,35780.1484375,35148.1015625,35663.94921875,0,2025-09-22 03:45:00+00:00
35663.3984375,35666.80078125,35471.80078125,35523.75,0,2025-09-22 04:45:00+00:00
35524.1484375,35594.8515625,35459.0,35578.55078125,0,2025-09-22 05:45:00+00:00
35576.6484375,35630.3515625,35508.5,35527.5,0,2025-09-22 06:45:00+00:00
35528.80078125,35556.8984375,35421.6484375,35497.8984375,0,2025-09-22 07:45:00+00:00
35497.3984375,35520.19921875,35361.3515625,35502.55078125,0,2025-09-22 08:45:00+00:00
35503.0,35524.0,35477.5,35521.8515625,0,2025-09-22 09:45:00+00:00
35518.1484375,35641.19921875,35270.25,35283.05078125,0,2025-09-23 03:45:00+00:00
35282.6484375,35316.30078125,35196.19921875,35201.3515625,0,2025-09-23 04:45:00+00:00
35201.30078125,35354.1015625,35177.94921875,35354.1015625,0,2025-09-23 05:45:00+00:00
35355.1484375,35411.19921875,35285.1484375,35332.5,0,2025-09-23 06:45:00+00:00
35335.30078125,35481.55078125,35299.3984375,35373.1484375,0,2025-09-23 07:45:00+00:00
35372.6484375,35401.94921875,35198.8984375,35242.75,0,2025-09-23 08:45:00+00:00
35244.25,35302.0,35228.1484375,35298.75,0,2025-09-23 09:45:00+00:00
35127.8515625,35193.25,34877.75,34974.5,0,2025-09-24 03:45:00+00:00
34974.5,35050.94921875,34857.69921875,34912.44921875,0,2025-09-24 04:45:00+00:00
34912.55078125,34969.55078125,34873.0,34965.0,0,2025-09-24 05:45:00+00:00
34964.5,35018.05078125,34944.6015625,34996.0,0,2025-09-24 06:45:00+00:00
34996.5,35032.30078125,34961.1015625,35004.5,0,2025-09-24 07:45:00+00:00
35004.75,35021.8515625,34942.3984375,34993.3515625,0,2025-09-24 08:45:00+00:00
34993.8515625,35012.0,34985.05078125,34988.3515625,0,2025-09-24 09:45:00+00:00
34918.8515625,35090.19921875,34891.1484375,34966.75,0,2025-09-25 03:45:00+00:00
34967.44921875,34972.25,34863.3515625,34913.44921875,0,2025-09-25 04:45:00+00:00
34913.69921875,34935.44921875,34758.80078125,34793.80078125,0,2025-09-25 05:45:00+00:00
34793.30078125,34813.55078125,34622.44921875,34705.6015625,0,2025-09-25 06:45:00+00:00
34705.5,34712.55078125,34461.3984375,34493.75,0,2025-09-25 07:45:00+00:00
34493.75,34597.1484375,34482.1484375,34546.5,0,2025-09-25 08:45:00+00:00
34548.3984375,34616.1484375,34535.75,34607.6015625,0,2025-09-25 09:45:00+00:00
34433.55078125,34461.5,34015.5,34093.1484375,0,2025-09-26 03:45:00+00:00
34093.44921875,34136.5,34044.19921875,34048.94921875,0,2025-09-26 04:45:00+00:00
34049.94921875,34053.6015625,33924.94921875,33932.6484375,0,2025-09-26 05:45:00+00:00
33931.1484375,33988.55078125,33916.25,33944.8515625,0,2025-09-26 06:45:00+00:00
33946.0,33952.69921875,33671.8984375,33686.8515625,0,2025-09-26 07:45:00+00:00
33686.05078125,33760.8515625,33637.5,33664.69921875,0,2025-09-26 08:45:00+00:00
33663.6015625,33761.6484375,33645.75,33752.30078125,0,2025-09-26 09:45:00+00:00
33899.19921875,33968.69921875,33739.3515625,33930.19921875,0,2025-09-29 03:45:00+00:00
33932.3984375,33970.05078125,33866.6015625,33889.44921875,0,2025-09-29 04:45:00+00:00
33889.44921875,33896.30078125,33627.05078125,33628.6484375,0,2025-09-29 05:45:00+00:00
33631.6484375,33763.1015625,33606.6015625,33759.6484375,0,2025-09-29 06:45:00+00:00
33756.1484375,33798.30078125,33680.3984375,33764.94921875,0,2025-09-29 07:45:00+00:00
33768.55078125,33833.30078125,33675.44921875,33683.25,0,2025-09-29 08:45:00+00:00
33689.5,33789.0,33643.8984375,33755.75,0,2025-09-29 09:45:00+00:00
33789.69921875,33889.1015625,33662.55078125,33825.25,0,2025-09-30 03:45:00+00:00
33826.94921875,33906.3515625,33783.5,33903.5,0,2025-09-30 04:45:00+00:00
33901.80078125,33921.3984375,33797.5,33800.8984375,0,2025-09-30 05:45:00+00:00
33801.44921875,33882.94921875,33794.6015625,33799.3515625,0,2025-09-30 06:45:00+00:00
33801.0,33825.30078125,33679.8984375,33725.3984375,0,2025-09-30 07:45:00+00:00
33725.3984375,33741.1015625,33638.3515625,33651.94921875,0,2025-09-30 08:45:00+00:00
33652.55078125,33672.3984375,33635.3515625,33657.75,0,2025-09-30 09:45:00+00:00
33697.6015625,33727.94921875,33454.6484375,33511.1015625,0,2025-10-01 03:45:00+00:00
33508.30078125,33618.19921875,33433.6484375,33583.44921875,0,2025-10-01 04:45:00+00:00
33583.69921875,33847.44921875,33583.69921875,33800.1015625,0,2025-10-01 05:45:00+00:00
33799.94921875,33808.1015625,33651.0,33705.05078125,0,2025-10-01 06:45:00+00:00
33703.80078125,33770.94921875,33667.44921875,33770.94921875,0,2025-10-01 07:45:00+00:00
33770.25,34014.8984375,33768.94921875,33884.3984375,0,2025-10-01 08:45:00+00:00
33886.3984375,33959.1484375,33877.3984375,33942.30078125,0,2025-10-01 09:45:00+00:00
33921.1015625,33989.0,33763.6484375,33883.19921875,0,2025-10-03 03:45:00+00:00
33883.5,33943.3984375,33809.1015625,33850.3984375,0,2025-10-03 04:45:00+00:00
33850.3984375,33911.8515625,33840.1484375,33866.1015625,0,2025-10-03 05:45:00+00:00
33864.3515625,33901.30078125,33791.3984375,33889.6015625,0,2025-10-03 06:45:00+00:00
33886.6484375,33889.55078125,33821.94921875,33824.25,0,2025-10-03 07:45:00+00:00
33823.6015625,33971.6015625,33822.69921875,33945.25,0,2025-10-03 08:45:00+00:00
33947.80078125,33967.44921875,33936.3515625,33940.3984375,0,2025-10-03 09:45:00+00:00
33968.1484375,34311.25,33928.0,34310.30078125,0,2025-10-06 03:45:00+00:00
34310.5,34489.30078125,34304.5,34488.6484375,0,2025-10-06 04:45:00+00:00
34484.75,34555.8515625,34423.19921875,34488.75,0,2025-10-06 05:45:00+00:00
34489.55078125,34573.3515625,34401.55078125,34572.8984375,0,2025-10-06 06:45:00+00:00
34571.1015625,34655.69921875,34508.8515625,34643.8515625,0,2025-10-06 07:45:00+00:00
34640.55078125,34733.44921875,34560.75,34726.8515625,0,2025-10-06 08:45:00+00:00
34728.1015625,34743.25,34681.5,34699.80078125,0,2025-10-06 09:45:00+00:00
34820.5,34879.1484375,34562.3984375,34643.6015625,0,2025-10-07 03:45:00+00:00
34643.8984375,34703.19921875,34587.05078125,34638.6484375,0,2025-10-07 04:45:00+00:00
34637.80078125,34660.8984375,34564.1015625,34593.94921875,0,2025-10-07 05:45:00+00:00
34591.6015625,34733.94921875,34535.44921875,34662.6015625,0,2025-10-07 06:45:00+00:00
34661.3515625,34797.6015625,34634.0,34791.1484375,0,2025-10-07 07:45:00+00:00
34791.1484375,34808.75,34658.05078125,34673.05078125,0,2025-10-07 08:45:00+00:00
34666.0,34742.8515625,34666.0,34712.94921875,0,2025-10-07 09:45:00+00:00
34664.3984375,35390.6015625,34619.30078125,35217.8515625,0,2025-10-08 03:45:00+00:00
35216.30078125,35226.3515625,35074.75,35105.1015625,0,2025-10-08 04:45:00+00:00
35100.0,35192.80078125,35070.19921875,35176.1484375,0,2025-10-08 05:45:00+00:00
35176.8515625,35255.69921875,35074.3984375,35252.75,0,2025-10-08 06:45:00+00:00
35253.5,35355.80078125,35190.8515625,35214.75,0,2025-10-08 07:45:00+00:00
35221.0,35295.5,35197.6015625,35216.75,0,2025-10-08 08:45:00+00:00
35218.05078125,35246.3984375,35206.30078125,35211.44921875,0,2025-10-08 09:45:00+00:00
35322.8984375,35491.3515625,35197.6015625,35228.44921875,0,2025-10-09 03:45:00+00:00
35227.44921875,35473.6015625,35174.94921875,35407.25,0,2025-10-09 04:45:00+00:00
35407.25,35492.8515625,35349.6015625,35473.05078125,0,2025-10-09 05:45:00+00:00
35473.6015625,35682.6484375,35471.05078125,35523.1015625,0,2025-10-09 06:45:00+00:00
35523.3984375,35538.55078125,35401.3984375,35469.25,0,2025-10-09 07:45:00+00:00
35472.19921875,35663.80078125,35456.6484375,35618.8984375,0,2025-10-09 08:45:00+00:00
35619.1484375,35643.6015625,35579.44921875,35621.3515625,0,2025-10-09 09:45:00+00:00
35689.3984375,35818.0,35325.05078125,35689.69921875,0,2025-10-10 03:45:00+00:00
35690.19921875,35807.30078125,35610.30078125,35735.75,0,2025-10-10 04:45:00+00:00
35735.25,35750.1484375,35566.25,35597.8984375,0,2025-10-10 05:45:00+00:00
35598.8515625,35631.80078125,35531.19921875,35578.6484375,0,2025-10-10 06:45:00+00:00
35580.75,35626.44921875,35517.69921875,35562.5,0,2025-10-10 07:45:00+00:00
35558.8984375,35644.1015625,35526.6015625,35600.5,0,2025-10-10 08:45:00+00:00
35598.80078125,35636.05078125,35569.5,35577.30078125,0,2025-10-10 09:45:00+00:00
35397.19921875,35504.8984375,35244.1015625,35302.25,0,2025-10-13 03:45:00+00:00
35301.1484375,35302.3515625,35125.8515625,35150.80078125,0,2025-10-13 04:45:00+00:00
35149.75,35178.80078125,35072.8984375,35143.55078125,0,2025-10-13 05:45:00+00:00
35140.75,35268.94921875,35133.25,35260.5,0,2025-10-13 06:45:00+00:00
35258.3984375,35300.94921875,35217.44921875,35244.19921875,0,2025-10-13 07:45:00+00:00
35245.3984375,35407.6015625,35223.25,35320.80078125,0,2025-10-13 08:45:00+00:00
35321.05078125,35358.69921875,35308.75,35325.5,0,2025-10-13 09:45:00+00:00
35531.94921875,35765.69921875,35386.75,35431.1015625,0,2025-10-14 03:45:00+00:00
35430.8984375,35461.6484375,35322.0,35351.25,0,2025-10-14 04:45:00+00:00
35350.3515625,35394.6484375,35233.1015625,35292.8515625,0,2025-10-14 05:45:00+00:00
35290.1484375,35326.8515625,35232.44921875,35257.44921875,0,2025-10-14 06:45:00+00:00
35257.44921875,35341.8984375,35232.6015625,35309.6015625,0,2025-10-14 07:45:00+00:00
35307.1015625,35400.94921875,35190.3515625,35222.25,0,2025-10-14 08:45:00+00:00
35222.75,35268.1484375,35150.3515625,35166.8984375,0,2025-10-14 09:45:00+00:00
35338.55078125,35570.3984375,35226.1484375,35356.1484375,0,2025-10-15 03:45:00+00:00
35354.6484375,35361.80078125,35229.5,35255.5,0,2025-10-15 04:45:00+00:00
35256.8515625,35386.1484375,35251.44921875,35352.3515625,0,2025-10-15 05:45:00+00:00
35350.19921875,35393.8515625,35320.69921875,35336.8984375,0,2025-10-15 06:45:00+00:00
35338.1015625,35424.8984375,35330.8515625,35416.75,0,2025-10-15 07:45:00+00:00
35418.25,35455.6015625,35345.55078125,35401.25,0,2025-10-15 08:45:00+00:00
35399.75,35417.44921875,35380.75,35400.5,0,2025-10-15 09:45:00+00:00
35429.3984375,35451.3984375,35235.69921875,35277.25,0,2025-10-16 03:45:00+00:00
35275.6015625,35434.8515625,35243.0,35419.44921875,0,2025-10-16 04:45:00+00:00
35419.0,35467.6015625,35378.3984375,35446.1015625,0,2025-10-16 05:45:00+00:00
35446.1015625,35466.6015625,35390.3515625,35444.3984375,0,2025-10-16 06:45:00+00:00
35444.80078125,35531.6015625,35388.1015625,35476.0,0,2025-10-16 07:45:00+00:00
35476.8984375,35573.8515625,35470.3984375,35537.6015625,0,2025-10-16 08:45:00+00:00
35536.1484375,35560.0,35451.6015625,35506.55078125,0,2025-10-16 09:45:00+00:00
35325.6015625,35331.19921875,34940.69921875,35104.30078125,0,2025-10-17 03:45:00+00:00
35103.5,35137.80078125,34964.3515625,35121.8984375,0,2025-10-17 04:45:00+00:00
35120.94921875,35174.6015625,34971.25,35069.6484375,0,2025-10-17 05:45:00+00:00
35069.30078125,35124.25,34928.8984375,34947.80078125,0,2025-10-17 06:45:00+00:00
34947.55078125,34998.3515625,34873.1484375,34918.30078125,0,2025-10-17 07:45:00+00:00
34919.05078125,34989.05078125,34898.69921875,34938.94921875,0,2025-10-17 08:45:00+00:00
34937.6015625,34962.94921875,34925.8515625,34936.94921875,0,2025-10-17 09:45:00+00:00
35090.19921875,35358.30078125,35082.25,35297.05078125,0,2025-10-20 03:45:00+00:00
35299.8984375,35326.80078125,35168.80078125,35247.5,0,2025-10-20 04:45:00+00:00
35250.8515625,35367.94921875,35194.69921875,35298.5,0,2025-10-20 05:45:00+00:00
35300.1015625,35377.8515625,35263.1484375,35357.80078125,0,2025-10-20 06:45:00+00:00
35357.3515625,35369.80078125,35258.05078125,35293.19921875,0,2025-10-20 07:45:00+00:00
35291.75,35328.75,35246.3515625,35294.75,0,2025-10-20 08:45:00+00:00
35293.69921875,35320.6484375,35269.1484375,35315.1015625,0,2025-10-20 09:45:00+00:00
35500.8984375,35556.19921875,35393.80078125,35399.1015625,0,2025-10-21 07:45:00+00:00
35403.6484375,35413.80078125,35222.80078125,35251.30078125,0,2025-10-21 08:45:00+00:00
35936.75,36264.3984375,35897.44921875,36237.94921875,0,2025-10-23 03:45:00+00:00
36240.1015625,36434.6484375,36233.3515625,36388.8515625,0,2025-10-23 04:45:00+00:00
36387.3984375,36428.80078125,36273.6484375,36412.6015625,0,2025-10-23 05:45:00+00:00
36414.05078125,36461.30078125,36376.30078125,36402.55078125,0,2025-10-23 06:45:00+00:00
36402.69921875,36413.1484375,36221.75,36250.3984375,0,2025-10-23 07:45:00+00:00
36250.1484375,36307.05078125,36035.5,36040.44921875,0,2025-10-23 08:45:00+00:00
36038.19921875,36084.55078125,36033.3984375,36064.44921875,0,2025-10-23 09:45:00+00:00
36211.3984375,36267.30078125,36001.3984375,36153.5,0,2025-10-24 03:45:00+00:00
36153.5,36155.8984375,36005.05078125,36089.6484375,0,2025-10-24 04:45:00+00:00
36091.19921875,36176.3984375,36057.0,36127.75,0,2025-10-24 05:45:00+00:00
36127.3984375,36142.0,36076.6015625,36090.8515625,0,2025-10-24 06:45:00+00:00
36089.6015625,36099.6015625,35886.1484375,35913.80078125,0,2025-10-24 07:45:00+00:00
35913.8515625,36016.30078125,35901.25,35990.44921875,0,2025-10-24 08:45:00+00:00
35989.1484375,35997.55078125,35967.3515625,35971.05078125,0,2025-10-24 09:45:00+00:00
36079.0,36270.19921875,35964.3984375,36246.80078125,0,2025-10-27 03:45:00+00:00
36246.0,36279.19921875,36161.25,36215.69921875,0,2025-10-27 04:45:00+00:00
36212.69921875,36261.5,36160.5,36218.94921875,0,2025-10-27 05:45:00+00:00
36219.8515625,36231.1015625,36131.3984375,36142.05078125,0,2025-10-27 06:45:00+00:00
36141.19921875,36149.44921875,36088.8984375,36099.6015625,0,2025-10-27 07:45:00+00:00
36097.30078125,36166.55078125,36069.5,36137.5,0,2025-10-27 08:45:00+00:00
36137.25,36146.75,36120.6015625,36126.1015625,0,2025-10-27 09:45:00+00:00
36088.6484375,36189.1015625,35943.1484375,36000.3984375,0,2025-10-28 03:45:00+00:00
36001.75,36010.8515625,35800.6484375,35815.5,0,2025-10-28 04:45:00+00:00
35815.0,35858.25,35727.3984375,35739.1484375,0,2025-10-28 05:45:00+00:00
35739.1484375,35871.94921875,35729.6484375,35823.0,0,2025-10-28 06:45:00+00:00
35818.8984375,35861.69921875,35688.05078125,35711.19921875,0,2025-10-28 07:45:00+00:00
35712.25,35889.69921875,35680.19921875,35881.25,0,2025-10-28 08:45:00+00:00
35882.05078125,35902.75,35859.6015625,35882.1484375,0,2025-10-28 09:45:00+00:00
35916.1015625,36001.5,35778.30078125,35866.55078125,0,2025-10-29 03:45:00+00:00
35867.1484375,36128.55078125,35866.5,36040.1015625,0,2025-10-29 04:45:00+00:00
36040.80078125,36109.69921875,35987.1015625,36086.94921875,0,2025-10-29 05:45:00+00:00
36087.05078125,36201.55078125,36083.80078125,36144.80078125,0,2025-10-29 06:45:00+00:00
36143.8984375,36150.25,36073.19921875,36085.3515625,0,2025-10-29 07:45:00+00:00
36086.30078125,36113.6015625,36029.69921875,36068.8984375,0,2025-10-29 08:45:00+00:00
36066.6484375,36141.69921875,36062.0,36118.3984375,0,2025-10-29 09:45:00+00:00
36073.1484375,36127.44921875,35820.3984375,35871.8984375,0,2025-10-30 03:45:00+00:00
35872.30078125,35905.25,35836.05078125,35897.6484375,0,2025-10-30 04:45:00+00:00
35897.6484375,35951.5,35823.6484375,35885.1015625,0,2025-10-30 05:45:00+00:00
35886.55078125,35913.05078125,35836.44921875,35869.0,0,2025-10-30 06:45:00+00:00
35871.05078125,35892.8515625,35813.75,35858.8984375,0,2025-10-30 07:45:00+00:00
35858.8984375,35919.69921875,35829.69921875,35904.6015625,0,2025-10-30 08:45:00+00:00
35905.30078125,35936.6015625,35882.30078125,35911.25,0,2025-10-30 09:45:00+00:00
35921.5,36048.94921875,35756.3984375,35924.75,0,2025-10-31 03:45:00+00:00
35924.0,35924.0,35769.80078125,35799.44921875,0,2025-10-31 04:45:00+00:00
35799.1015625,35873.5,35793.75,35796.1484375,0,2025-10-31 05:45:00+00:00
35799.05078125,35812.5,35762.75,35764.30078125,0,2025-10-31 06:45:00+00:00
35761.1015625,35802.8984375,35705.25,35801.8984375,0,2025-10-31 07:45:00+00:00
35801.8984375,35822.3984375,35682.5,35690.25,0,2025-10-31 08:45:00+00:00
35690.8515625,35726.19921875,35688.1015625,35719.6484375,0,2025-10-31 09:45:00+00:00
35669.3984375,35699.8515625,35510.8984375,35514.44921875,0,2025-11-03 03:45:00+00:00
35514.5,35657.19921875,35482.1015625,35642.1015625,0,2025-11-03 04:45:00+00:00
35642.0,35735.55078125,35491.1484375,35498.55078125,0,2025-11-03 05:45:00+00:00
35499.25,35584.6015625,35479.6015625,35549.69921875,0,2025-11-03 06:45:00+00:00
35552.6015625,35606.5,35530.25,35585.69921875,0,2025-11-03 07:45:00+00:00
35586.3515625,35654.44921875,35580.5,35652.5,0,2025-11-03 08:45:00+00:00
35653.5,35691.05078125,35651.1015625,35660.75,0,2025-11-03 09:45:00+00:00
35580.55078125,35668.75,35423.5,35444.1015625,0,2025-11-04 03:45:00+00:00
35444.1015625,35473.94921875,35294.6015625,35295.5,0,2025-11-04 04:45:00+00:00
35295.8515625,35319.1015625,35255.94921875,35288.8515625,0,2025-11-04 05:45:00+00:00
35288.94921875,35307.8984375,35240.1484375,35289.8515625,0,2025-11-04 06:45:00+00:00
35289.5,35327.8984375,35245.3984375,35249.30078125,0,2025-11-04 07:45:00+00:00
35249.44921875,35295.05078125,35199.8515625,35283.19921875,0,2025-11-04 08:45:00+00:00
35286.1015625,35307.8515625,35244.1484375,35244.1484375,0,2025-11-04 09:45:00+00:00
35366.3515625,35506.05078125,35284.25,35351.1015625,0,2025-11-06 03:45:00+00:00
35351.1015625,35384.30078125,35248.80078125,35348.75,0,2025-11-06 04:45:00+00:00
35349.75,35399.94921875,35300.3515625,35302.19921875,0,2025-11-06 05:45:00+00:00
35302.30078125,35496.3984375,35292.75,35474.75,0,2025-11-06 06:45:00+00:00
35474.6484375,35485.55078125,35357.55078125,35395.3984375,0,2025-11-06 07:45:00+00:00
35395.6484375,35440.05078125,35319.55078125,35338.1015625,0,2025-11-06 08:45:00+00:00
35338.30078125,35345.25,35299.3984375,35324.5,0,2025-11-06 09:45:00+00:00
35230.6015625,35259.6484375,34735.44921875,34883.6484375,0,2025-11-07 03:45:00+00:00
34884.1015625,35006.05078125,34854.5,34998.80078125,0,2025-11-07 04:45:00+00:00
34999.8515625,35034.3984375,34919.94921875,34983.5,0,2025-11-07 05:45:00+00:00
34983.44921875,35030.3515625,34958.6015625,35023.69921875,0,2025-11-07 06:45:00+00:00
35023.80078125,35137.05078125,35017.94921875,35047.1015625,0,2025-11-07 07:45:00+00:00
35047.1015625,35170.8984375,35034.55078125,35099.8984375,0,2025-11-07 08:45:00+00:00
35099.6484375,35146.6484375,35094.0,35135.80078125,0,2025-11-07 09:45:00+00:00
35259.8984375,35489.25,35237.19921875,35480.6015625,0,2025-11-10 03:45:00+00:00
35476.6484375,35830.94921875,35475.3515625,35829.1015625,0,2025-11-10 04:45:00+00:00
35828.3515625,35854.8984375,35715.19921875,35721.44921875,0,2025-11-10 05:45:00+00:00
35719.8984375,35777.8984375,35715.5,35728.0,0,2025-11-10 06:45:00+00:00
35729.19921875,35786.5,35684.1484375,35748.8515625,0,2025-11-10 07:45:00+00:00
35748.5,35800.6484375,35667.1015625,35672.05078125,0,2025-11-10 08:45:00+00:00
35671.55078125,35715.0,35648.55078125,35701.19921875,0,2025-11-10 09:45:00+00:00
35891.8515625,35989.5,35683.8984375,35836.8515625,0,2025-11-11 03:45:00+00:00
35835.1015625,35871.0,35745.80078125,35842.5,0,2025-11-11 04:45:00+00:00
35843.30078125,35874.44921875,35752.44921875,35823.1484375,0,2025-11-11 05:45:00+00:00
35823.30078125,35970.55078125,35813.75,35949.8984375,0,2025-11-11 06:45:00+00:00
35951.3984375,36050.69921875,35947.30078125,36015.6484375,0,2025-11-11 07:45:00+00:00
36012.25,36145.25,36004.94921875,36099.30078125,0,2025-11-11 08:45:00+00:00
36099.8515625,36148.94921875,36094.6015625,36142.44921875,0,2025-11-11 09:45:00+00:00
36301.44921875,36655.8984375,36294.0,36588.69921875,0,2025-11-12 03:45:00+00:00
36586.1484375,36831.5,36586.1484375,36786.0,0,2025-11-12 04:45:00+00:00
36786.19921875,36850.6484375,36745.94921875,36844.8515625,0,2025-11-12 05:45:00+00:00
36843.5,36909.75,36811.75,36902.3984375,0,2025-11-12 06:45:00+00:00
36902.3984375,36911.94921875,36810.5,36826.25,0,2025-11-12 07:45:00+00:00
36829.25,36910.69921875,36799.0,36872.25,0,2025-11-12 08:45:00+00:00
36873.3984375,36873.3984375,36796.25,36833.3515625,0,2025-11-12 09:45:00+00:00
36930.3515625,36930.3515625,36525.3984375,36683.94921875,0,2025-11-13 03:45:00+00:00
36686.1015625,36835.80078125,36679.05078125,36828.94921875,0,2025-11-13 04:45:00+00:00
36829.6484375,36840.94921875,36766.55078125,36817.69921875,0,2025-11-13 05:45:00+00:00
36817.0,36873.1015625,36784.8984375,36864.69921875,0,2025-11-13 06:45:00+00:00
36863.75,36906.3984375,36722.8984375,36767.19921875,0,2025-11-13 07:45:00+00:00
36765.6015625,36808.55078125,36651.94921875,36670.8984375,0,2025-11-13 08:45:00+00:00
36671.55078125,36715.0,36638.3984375,36659.8984375,0,2025-11-13 09:45:00+00:00
36363.6484375,36502.69921875,36167.19921875,36193.5,0,2025-11-14 03:45:00+00:00
36192.1484375,36368.1015625,36130.8515625,36351.1484375,0,2025-11-14 04:45:00+00:00
36351.1484375,36382.3984375,36222.6015625,36251.05078125,0,2025-11-14 05:45:00+00:00
36248.19921875,36263.44921875,35958.5,35981.05078125,0,2025-11-14 06:45:00+00:00
35981.1484375,36068.25,35973.0,36031.30078125,0,2025-11-14 07:45:00+00:00
36032.75,36346.19921875,36014.8984375,36325.80078125,0,2025-11-14 08:45:00+00:00
36326.55078125,36380.6484375,36307.5,36355.8515625,0,2025-11-14 09:45:00+00:00
36263.6484375,36370.8984375,36159.25,36275.1015625,0,2025-11-17 03:45:00+00:00
36275.25,36301.25,36138.19921875,36220.55078125,0,2025-11-17 04:45:00+00:00
36221.3515625,36302.0,36180.94921875,36283.94921875,0,2025-11-17 05:45:00+00:00
36282.80078125,36357.3984375,36250.69921875,36314.3515625,0,2025-11-17 06:45:00+00:00
36314.25,36400.5,36294.94921875,36362.80078125,0,2025-11-17 07:45:00+00:00
36363.05078125,36393.94921875,36315.3515625,36388.5,0,2025-11-17 08:45:00+00:00
36388.69921875,36405.1484375,36333.75,36355.8515625,0,2025-11-17 09:45:00+00:00
36296.3515625,36306.80078125,36027.80078125,36046.3984375,0,2025-11-18 03:45:00+00:00
36045.3515625,36089.3515625,36002.25,36062.1484375,0,2025-11-18 04:45:00+00:00
36061.6015625,36143.30078125,36030.69921875,36102.44921875,0,2025-11-18 05:45:00+00:00
36104.0,36110.55078125,35986.3515625,36037.80078125,0,2025-11-18 06:45:00+00:00
36037.55078125,36107.94921875,36022.0,36077.6015625,0,2025-11-18 07:45:00+00:00
36077.19921875,36090.19921875,35946.8515625,35946.8984375,0,2025-11-18 08:45:00+00:00
35947.80078125,35961.30078125,35914.5,35941.94921875,0,2025-11-18 09:45:00+00:00
36062.19921875,36758.0,36029.6484375,36703.1484375,0,2025-11-19 03:45:00+00:00
36703.6015625,36958.75,36697.3515625,36848.0,0,2025-11-19 04:45:00+00:00
36846.8984375,37029.1015625,36833.3515625,37023.05078125,0,2025-11-19 05:45:00+00:00
37024.25,37050.6015625,36945.75,37038.44921875,0,2025-11-19 06:45:00+00:00
37038.3984375,37063.8515625,36974.69921875,37058.6015625,0,2025-11-19 07:45:00+00:00
37065.19921875,37116.1484375,37037.25,37064.30078125,0,2025-11-19 08:45:00+00:00
37063.5,37065.0,37014.94921875,37047.94921875,0,2025-11-19 09:45:00+00:00
37228.05078125,37278.75,36964.3515625,37177.6484375,0,2025-11-20 03:45:00+00:00
37177.6484375,37253.25,37140.69921875,37141.44921875,0,2025-11-20 04:45:00+00:00
37141.44921875,37166.8515625,37090.80078125,37103.0,0,2025-11-20 05:45:00+00:00
37102.8515625,37159.30078125,37091.8515625,37133.80078125,0,2025-11-20 06:45:00+00:00
37139.6015625,37191.44921875,37122.30078125,37163.3984375,0,2025-11-20 07:45:00+00:00
37168.75,37190.1484375,36982.1484375,37080.80078125,0,2025-11-20 08:45:00+00:00
37081.44921875,37085.25,37042.5,37061.19921875,0,2025-11-20 09:45:00+00:00
36930.25,37096.1484375,36763.44921875,36819.3515625,0,2025-11-21 03:45:00+00:00
36824.6015625,36979.6484375,36797.0,36975.6484375,0,2025-11-21 04:45:00+00:00
36975.0,37011.05078125,36895.44921875,36986.1015625,0,2025-11-21 05:45:00+00:00
36987.6015625,37071.6015625,36955.55078125,36972.6015625,0,2025-11-21 06:45:00+00:00
36971.8984375,37018.19921875,36914.44921875,37012.3984375,0,2025-11-21 07:45:00+00:00
37013.1484375,37024.80078125,36827.1484375,36878.1015625,0,2025-11-21 08:45:00+00:00
36878.05078125,36902.6484375,36853.05078125,36864.6484375,0,2025-11-21 09:45:00+00:00
37111.25,37552.8984375,37105.25,37369.55078125,0,2025-11-24 03:45:00+00:00
37369.94921875,37403.8984375,37259.94921875,37312.8515625,0,2025-11-24 04:45:00+00:00
37312.3515625,37378.25,37200.69921875,37284.30078125,0,2025-11-24 05:45:00+00:00
37282.1484375,37347.6484375,37248.0,37302.25,0,2025-11-24 06:45:00+00:00
37304.8515625,37358.6015625,37202.55078125,37248.6484375,0,2025-11-24 07:45:00+00:00
37246.44921875,37247.55078125,37011.8984375,37023.5,0,2025-11-24 08:45:00+00:00
37024.0,37053.6484375,36956.75,37022.6015625,0,2025-11-24 09:45:00+00:00
37094.05078125,37111.69921875,36826.69921875,36899.6484375,0,2025-11-25 03:45:00+00:00
36900.30078125,36904.6484375,36730.80078125,36750.05078125,0,2025-11-25 04:45:00+00:00
36750.55078125,36836.19921875,36744.75,36801.8515625,0,2025-11-25 05:45:00+00:00
36801.6484375,36860.6484375,36727.6015625,36851.6484375,0,2025-11-25 06:45:00+00:00
36854.3515625,36901.8515625,36785.69921875,36877.6015625,0,2025-11-25 07:45:00+00:00
36876.6484375,36889.8515625,36779.0,36834.8515625,0,2025-11-25 08:45:00+00:00
36831.5,36845.69921875,36803.6484375,36808.75,0,2025-11-25 09:45:00+00:00
36881.94921875,37159.6484375,36881.94921875,37125.8984375,0,2025-11-26 03:45:00+00:00
37126.1015625,37146.8515625,37057.69921875,37136.0,0,2025-11-26 04:45:00+00:00
37136.1015625,37242.25,37135.8515625,37215.94921875,0,2025-11-26 05:45:00+00:00
37215.94921875,37313.8984375,37189.6015625,37304.05078125,0,2025-11-26 06:45:00+00:00
37311.8515625,37382.1484375,37256.69921875,37358.6484375,0,2025-11-26 07:45:00+00:00
37358.6484375,37381.44921875,37270.1484375,37367.19921875,0,2025-11-26 08:45:00+00:00
37366.55078125,37391.19921875,37346.8984375,37368.1015625,0,2025-11-26 09:45:00+00:00
37487.6484375,37667.8515625,37314.19921875,37591.80078125,0,2025-11-27 03:45:00+00:00
37588.6484375,37595.80078125,37463.55078125,37482.8984375,0,2025-11-27 04:45:00+00:00
37482.80078125,37492.75,37367.80078125,37399.30078125,0,2025-11-27 05:45:00+00:00
37399.05078125,37411.6015625,37239.8984375,37255.44921875,0,2025-11-27 06:45:00+00:00
37256.80078125,37327.0,37209.1484375,37290.25,0,2025-11-27 07:45:00+00:00
37290.8515625,37487.30078125,37289.94921875,37444.1484375,0,2025-11-27 08:45:00+00:00
37443.75,37476.19921875,37417.69921875,37419.44921875,0,2025-11-27 09:45:00+00:00
37482.3984375,37554.3515625,37323.94921875,37518.0,0,2025-11-28 03:45:00+00:00
37517.5,37537.8984375,37390.3515625,37478.05078125,0,2025-11-28 04:45:00+00:00
37476.3515625,37484.55078125,37414.55078125,37467.5,0,2025-11-28 05:45:00+00:00
37466.80078125,37486.3984375,37361.6015625,37430.8515625,0,2025-11-28 06:45:00+00:00
37430.3515625,37518.25,37418.3984375,37476.69921875,0,2025-11-28 07:45:00+00:00
37478.1015625,37505.6484375,37405.1484375,37407.55078125,0,2025-11-28 08:45:00+00:00
37406.3515625,37433.05078125,37355.30078125,37398.6015625,0,2025-11-28 09:45:00+00:00
37481.55078125,37659.3984375,37429.6015625,37534.5,0,2025-12-01 03:45:00+00:00
37534.5,37538.5,37414.30078125,37453.3515625,0,2025-12-01 04:45:00+00:00
37452.8515625,37565.5,37414.69921875,37508.6484375,0,2025-12-01 05:45:00+00:00
37508.25,37543.44921875,37466.44921875,37493.80078125,0,2025-12-01 06:45:00+00:00
37493.69921875,37585.94921875,37468.30078125,37527.1484375,0,2025-12-01 07:45:00+00:00
37527.69921875,37578.44921875,37486.6015625,37553.25,0,2025-12-01 08:45:00+00:00
37552.8515625,37556.5,37517.8984375,37538.3515625,0,2025-12-01 09:45:00+00:00
37559.3984375,37732.94921875,37488.1015625,37499.8515625,0,2025-12-02 03:45:00+00:00
37499.8515625,37561.0,37455.80078125,37502.69921875,0,2025-12-02 04:45:00+00:00
37503.19921875,37510.8984375,37418.5,37501.44921875,0,2025-12-02 05:45:00+00:00
37501.75,37588.75,37477.8515625,37478.25,0,2025-12-02 06:45:00+00:00
37478.25,37534.44921875,37445.25,37478.1484375,0,2025-12-02 07:45:00+00:00
37480.8515625,37549.69921875,37429.25,37530.30078125,0,2025-12-02 08:45:00+00:00
37529.25,37593.5,37520.75,37555.25,0,2025-12-02 09:45:00+00:00
37527.1484375,37834.6484375,37527.1484375,37656.3515625,0,2025-12-03 03:45:00+00:00
37656.69921875,37928.1015625,37615.0,37858.19921875,0,2025-12-03 04:45:00+00:00
37856.8515625,38007.30078125,37833.1484375,37924.1015625,0,2025-12-03 05:45:00+00:00
37920.69921875,37968.75,37722.55078125,37811.6015625,0,2025-12-03 06:45:00+00:00
37812.1484375,37855.6015625,37778.55078125,37817.69921875,0,2025-12-03 07:45:00+00:00
37817.19921875,37870.1015625,37762.5,37828.1484375,0,2025-12-03 08:45:00+00:00
37827.8515625,37828.3984375,37782.55078125,37797.44921875,0,2025-12-03 09:45:00+00:00
37875.69921875,38407.25,37848.80078125,38397.19921875,0,2025-12-04 03:45:00+00:00
38396.0,38423.0,38311.55078125,38403.05078125,0,2025-12-04 04:45:00+00:00
38403.69921875,38470.19921875,38350.25,38412.69921875,0,2025-12-04 05:45:00+00:00
38412.19921875,38467.6484375,38379.05078125,38408.8984375,0,2025-12-04 06:45:00+00:00
38410.25,38429.55078125,38319.8984375,38349.55078125,0,2025-12-04 07:45:00+00:00
38348.3984375,38385.5,38262.6015625,38371.3515625,0,2025-12-04 08:45:00+00:00
38371.5,38381.25,38317.5,38325.69921875,0,2025-12-04 09:45:00+00:00
38477.75,38607.8515625,38369.8984375,38555.44921875,0,2025-12-05 03:45:00+00:00
38555.94921875,38872.30078125,38444.75,38836.94921875,0,2025-12-05 04:45:00+00:00
38837.94921875,38919.1484375,38815.19921875,38883.44921875,0,2025-12-05 05:45:00+00:00
38885.3515625,38920.1015625,38746.19921875,38792.94921875,0,2025-12-05 06:45:00+00:00
38793.6015625,38831.6015625,38653.75,38672.8515625,0,2025-12-05 07:45:00+00:00
38673.05078125,38731.3984375,38610.3515625,38731.3984375,0,2025-12-05 08:45:00+00:00
38730.19921875,38741.0,38667.55078125,38673.69921875,0,2025-12-05 09:45:00+00:00
38791.25,38937.3515625,38685.6484375,38805.0,0,2025-12-08 03:45:00+00:00
38804.55078125,38833.8515625,38726.19921875,38793.44921875,0,2025-12-08 04:45:00+00:00
38793.69921875,38797.8515625,38653.1015625,38655.3515625,0,2025-12-08 05:45:00+00:00
38660.30078125,38727.8984375,38614.25,38654.6484375,0,2025-12-08 06:45:00+00:00
38654.6484375,38670.25,38405.30078125,38428.05078125,0,2025-12-08 07:45:00+00:00
38430.1015625,38638.44921875,38322.55078125,38608.3515625,0,2025-12-08 08:45:00+00:00
38608.3515625,38613.3515625,38533.3515625,38546.55078125,0,2025-12-08 09:45:00+00:00
38438.5,38456.05078125,37968.3515625,37994.6484375,0,2025-12-09 03:45:00+00:00
37996.19921875,38128.1484375,37908.8984375,38105.8984375,0,2025-12-09 04:45:00+00:00
38103.8515625,38251.05078125,38078.69921875,38242.8984375,0,2025-12-09 05:45:00+00:00
38241.3515625,38276.1015625,38088.3984375,38162.3515625,0,2025-12-09 06:45:00+00:00
38161.94921875,38221.05078125,38128.19921875,38207.05078125,0,2025-12-09 07:45:00+00:00
38207.44921875,38210.3984375,38076.3984375,38118.69921875,0,2025-12-09 08:45:00+00:00
38123.55078125,38143.1015625,38095.55078125,38105.30078125,0,2025-12-09 09:45:00+00:00
38260.1015625,38298.44921875,38098.6015625,38146.94921875,0,2025-12-10 03:45:00+00:00
38148.80078125,38225.80078125,37892.80078125,37999.3984375,0,2025-12-10 04:45:00+00:00
38002.0,38044.1484375,37961.25,37998.3984375,0,2025-12-10 05:45:00+00:00
37998.8984375,38015.44921875,37906.94921875,37961.8984375,0,2025-12-10 06:45:00+00:00
37962.30078125,38001.25,37827.80078125,37877.3984375,0,2025-12-10 07:45:00+00:00
37877.55078125,37884.30078125,37764.3515625,37787.0,0,2025-12-10 08:45:00+00:00
37787.44921875,37799.25,37745.94921875,37774.0,0,2025-12-10 09:45:00+00:00
37921.19921875,38136.44921875,37672.6484375,37927.44921875,0,2025-12-11 03:45:00+00:00
37930.44921875,37960.94921875,37706.6015625,37763.6015625,0,2025-12-11 04:45:00+00:00
37758.25,37984.1484375,37757.1484375,37965.55078125,0,2025-12-11 05:45:00+00:00
37966.5,38052.1484375,37904.3515625,37937.25,0,2025-12-11 06:45:00+00:00
37937.55078125,37993.25,37895.8515625,37909.75,0,2025-12-11 07:45:00+00:00
37911.30078125,38114.1484375,37910.1484375,38091.05078125,0,2025-12-11 08:45:00+00:00
38090.69921875,38121.3984375,38069.30078125,38106.5,0,2025-12-11 09:45:00+00:00
38203.8515625,38208.80078125,37904.1015625,37962.19921875,0,2025-12-12 03:45:00+00:00
37962.94921875,38063.05078125,37958.55078125,38058.69921875,0,2025-12-12 04:45:00+00:00
38056.44921875,38142.1015625,38049.55078125,38117.1484375,0,2025-12-12 05:45:00+00:00
38115.8984375,38158.3515625,38073.0,38152.75,0,2025-12-12 06:45:00+00:00
38154.5,38220.8984375,38117.30078125,38202.55078125,0,2025-12-12 07:45:00+00:00
38204.6015625,38298.1015625,38147.3515625,38279.94921875,0,2025-12-12 08:45:00+00:00
38279.94921875,38299.3984375,38245.80078125,38265.25,0,2025-12-12 09:45:00+00:00
38126.55078125,38246.5,38044.8984375,38224.8515625,0,2025-12-15 03:45:00+00:00
38224.8515625,38406.8984375,38222.1015625,38370.05078125,0,2025-12-15 04:45:00+00:00
38369.1015625,38371.5,38264.25,38370.69921875,0,2025-12-15 05:45:00+00:00
38370.75,38398.05078125,38358.6015625,38394.44921875,0,2025-12-15 06:45:00+00:00
38394.5,38409.25,38309.0,38324.0,0,2025-12-15 07:45:00+00:00
38323.3515625,38408.30078125,38308.5,38389.8515625,0,2025-12-15 08:45:00+00:00
38387.05078125,38404.94921875,38358.8984375,38371.69921875,0,2025-12-15 09:45:00+00:00
38291.0,38291.0,38002.80078125,38056.5,0,2025-12-16 03:45:00+00:00
38056.5,38119.05078125,37949.0,37977.75,0,2025-12-16 04:45:00+00:00
37977.75,38044.75,37964.6484375,37997.3515625,0,2025-12-16 05:45:00+00:00
37997.3515625,38067.1484375,37977.30078125,38013.55078125,0,2025-12-16 06:45:00+00:00
38012.44921875,38088.6484375,37999.19921875,38006.0,0,2025-12-16 07:45:00+00:00
38005.30078125,38079.1484375,37951.5,38044.3984375,0,2025-12-16 08:45:00+00:00
38046.6484375,38072.6484375,38021.30078125,38043.6484375,0,2025-12-16 09:45:00+00:00
37996.94921875,38367.3515625,37973.30078125,38185.75,0,2025-12-17 03:45:00+00:00
38180.94921875,38210.0,38123.05078125,38208.19921875,0,2025-12-17 04:45:00+00:00
38207.8984375,38232.3984375,38108.3515625,38144.25,0,2025-12-17 05:45:00+00:00
38144.5,38206.5,38115.1015625,38193.1015625,0,2025-12-17 06:45:00+00:00
38193.1015625,38232.75,38111.3984375,38130.3515625,0,2025-12-17 07:45:00+00:00
38131.25,38193.6015625,38062.19921875,38178.25,0,2025-12-17 08:45:00+00:00
38177.94921875,38183.80078125,38154.1484375,38163.6484375,0,2025-12-17 09:45:00+00:00
38396.8984375,38591.69921875,38270.44921875,38403.55078125,0,2025-12-18 03:45:00+00:00
38405.80078125,38450.94921875,38336.19921875,38407.1484375,0,2025-12-18 04:45:00+00:00
38407.1015625,38562.6484375,38372.19921875,38561.25,0,2025-12-18 05:45:00+00:00
38561.94921875,38587.19921875,38483.6015625,38557.55078125,0,2025-12-18 06:45:00+00:00
38558.3515625,38558.3515625,38475.69921875,38486.55078125,0,2025-12-18 07:45:00+00:00
38486.30078125,38651.1015625,38435.05078125,38648.6484375,0,2025-12-18 08:45:00+00:00
38647.25,38664.44921875,38628.6015625,38641.75,0,2025-12-18 09:45:00+00:00
38991.30078125,39035.55078125,38658.25,38670.3984375,0,2025-12-19 03:45:00+00:00
38668.94921875,38893.0,38668.69921875,38804.94921875,0,2025-12-19 04:45:00+00:00
38800.94921875,38809.30078125,38592.69921875,38642.6484375,0,2025-12-19 05:45:00+00:00
38642.6484375,38685.05078125,38602.25,38606.1484375,0,2025-12-19 06:45:00+00:00
38611.30078125,38675.5,38590.25,38673.3515625,0,2025-12-19 07:45:00+00:00
38671.30078125,38715.3984375,38616.69921875,38696.25,0,2025-12-19 08:45:00+00:00
38694.94921875,38709.6484375,38647.25,38669.3515625,0,2025-12-19 09:45:00+00:00
39023.25,39273.0,39009.80078125,39237.44921875,0,2025-12-22 03:45:00+00:00
39238.80078125,39314.80078125,39206.8515625,39309.1015625,0,2025-12-22 04:45:00+00:00
39304.3515625,39410.05078125,39302.1015625,39362.69921875,0,2025-12-22 05:45:00+00:00
39363.3984375,39448.6484375,39350.3515625,39446.6484375,0,2025-12-22 06:45:00+00:00
39447.3515625,39509.25,39405.1015625,39428.3984375,0,2025-12-22 07:45:00+00:00
39429.05078125,39528.3984375,39369.75,39496.6015625,0,2025-12-22 08:45:00+00:00
39493.75,39498.75,39430.55078125,39449.3984375,0,2025-12-22 09:45:00+00:00
39357.3984375,39357.3984375,38943.1015625,39101.44921875,0,2025-12-23 03:45:00+00:00
39102.80078125,39185.6484375,39025.3984375,39181.94921875,0,2025-12-23 04:45:00+00:00
39181.05078125,39202.75,39104.6015625,39165.1015625,0,2025-12-23 05:45:00+00:00
39164.30078125,39191.19921875,39107.94921875,39153.05078125,0,2025-12-23 06:45:00+00:00
39153.44921875,39195.30078125,39135.30078125,39186.75,0,2025-12-23 07:45:00+00:00
39187.75,39243.6015625,39063.55078125,39169.8515625,0,2025-12-23 08:45:00+00:00
39164.0,39176.30078125,39099.8984375,39110.0,0,2025-12-23 09:45:00+00:00
39081.8984375,39098.05078125,38901.3515625,39057.5,0,2025-12-24 03:45:00+00:00
39058.1484375,39098.25,38969.44921875,38995.1484375,0,2025-12-24 04:45:00+00:00
38991.8515625,39004.0,38901.3984375,38980.3984375,0,2025-12-24 05:45:00+00:00
38979.1015625,39015.8984375,38973.8984375,39007.05078125,0,2025-12-24 06:45:00+00:00
39007.3984375,39011.30078125,38904.80078125,38989.5,0,2025-12-24 07:45:00+00:00
38993.1015625,39021.1015625,38927.0,38999.80078125,0,2025-12-24 08:45:00+00:00
38997.94921875,39004.94921875,38949.30078125,38973.80078125,0,2025-12-24 09:45:00+00:00
38915.75,39019.6015625,38826.30078125,38864.80078125,0,2025-12-26 03:45:00+00:00
38862.8984375,38862.8984375,38699.0,38708.3515625,0,2025-12-26 04:45:00+00:00
38709.69921875,38709.69921875,38600.8984375,38632.80078125,0,2025-12-26 05:45:00+00:00
38632.1484375,38655.94921875,38580.8984375,38624.6015625,0,2025-12-26 06:45:00+00:00
38622.5,38645.3984375,38568.0,38605.30078125,0,2025-12-26 07:45:00+00:00
38603.1015625,38610.19921875,38496.3515625,38582.75,0,2025-12-26 08:45:00+00:00
38584.1015625,38599.25,38539.8984375,38563.94921875,0,2025-12-26 09:45:00+00:00
38619.19921875,38715.8515625,38519.0,38581.30078125,0,2025-12-29 03:45:00+00:00
38581.6484375,38588.55078125,38371.94921875,38391.80078125,0,2025-12-29 04:45:00+00:00
38391.1015625,38401.05078125,38326.5,38399.75,0,2025-12-29 05:45:00+00:00
38395.80078125,38411.0,38302.0,38340.75,0,2025-12-29 06:45:00+00:00
38338.44921875,38347.44921875,38269.6015625,38312.8984375,0,2025-12-29 07:45:00+00:00
38315.44921875,38384.5,38206.75,38306.05078125,0,2025-12-29 08:45:00+00:00
38304.55078125,38310.69921875,38252.69921875,38287.05078125,0,2025-12-29 09:45:00+00:00
38279.05078125,38279.05078125,38111.8515625,38181.80078125,0,2025-12-30 03:45:00+00:00
38181.69921875,38244.8984375,38114.5,38136.5,0,2025-12-30 04:45:00+00:00
38138.6484375,38154.30078125,38044.55078125,38046.8515625,0,2025-12-30 05:45:00+00:00
38045.94921875,38152.30078125,38016.8515625,38128.5,0,2025-12-30 06:45:00+00:00
38130.19921875,38212.8984375,38110.55078125,38123.69921875,0,2025-12-30 07:45:00+00:00
38124.3515625,38141.1015625,37907.75,37988.3515625,0,2025-12-30 08:45:00+00:00
37987.1015625,38125.80078125,37972.25,38090.6015625,0,2025-12-30 09:45:00+00:00
38060.3984375,38108.3515625,37839.25,37845.80078125,0,2025-12-31 03:45:00+00:00
37845.55078125,37931.1484375,37843.75,37890.6015625,0,2025-12-31 04:45:00+00:00
37890.6015625,37921.80078125,37823.30078125,37920.1484375,0,2025-12-31 05:45:00+00:00
37919.3515625,38019.69921875,37891.44921875,37995.5,0,2025-12-31 06:45:00+00:00
37995.5,38000.30078125,37917.80078125,37987.1484375,0,2025-12-31 07:45:00+00:00
37986.1015625,38010.19921875,37852.8984375,37865.1015625,0,2025-12-31 08:45:00+00:00
37864.1484375,37913.3515625,37859.0,37905.1484375,0,2025-12-31 09:45:00+00:00
37928.8515625,38071.19921875,37863.0,37971.44921875,0,2026-01-01 03:45:00+00:00
37973.75,38084.3984375,37941.75,38077.30078125,0,2026-01-01 04:45:00+00:00
38075.94921875,38255.69921875,38063.25,38196.8984375,0,2026-01-01 05:45:00+00:00
38196.6484375,38256.69921875,38158.80078125,38225.6484375,0,2026-01-01 06:45:00+00:00
38222.25,38256.30078125,38150.94921875,38210.1015625,0,2026-01-01 07:45:00+00:00
38205.8515625,38229.69921875,38153.1015625,38170.5,0,2026-01-01 08:45:00+00:00
38169.6015625,38175.3984375,38132.8984375,38151.6484375,0,2026-01-01 09:45:00+00:00
38251.3515625,38265.44921875,38087.6484375,38173.6015625,0,2026-01-02 03:45:00+00:00
38173.6015625,38302.75,38151.8515625,38289.8984375,0,2026-01-02 04:45:00+00:00
38289.55078125,38345.3515625,38264.3515625,38302.6484375,0,2026-01-02 05:45:00+00:00
38302.3515625,38350.0,38287.3984375,38325.1015625,0,2026-01-02 06:45:00+00:00
38325.80078125,38349.3515625,38287.05078125,38297.3984375,0,2026-01-02 07:45:00+00:00
38295.5,38339.0,38204.55078125,38324.80078125,0,2026-01-02 08:45:00+00:00
38325.1015625,38357.75,38308.19921875,38331.69921875,0,2026-01-02 09:45:00+00:00
38222.0,38251.94921875,37367.75,37617.55078125,0,2026-01-05 03:45:00+00:00
37618.25,37770.94921875,37586.8515625,37744.05078125,0,2026-01-05 04:45:00+00:00
37745.3984375,37828.25,37720.05078125,37818.3984375,0,2026-01-05 05:45:00+00:00
37823.30078125,37898.5,37814.30078125,37815.0,0,2026-01-05 06:45:00+00:00
37812.94921875,37887.19921875,37747.6484375,37769.1484375,0,2026-01-05 07:45:00+00:00
37769.8515625,37840.1484375,37721.8515625,37762.05078125,0,2026-01-05 08:45:00+00:00
37761.94921875,37787.8515625,37705.8515625,37744.44921875,0,2026-01-05 09:45:00+00:00
37712.30078125,38029.80078125,37701.05078125,37908.44921875,0,2026-01-06 03:45:00+00:00
37908.6015625,38052.6015625,37803.94921875,38002.5,0,2026-01-06 04:45:00+00:00
38005.6484375,38010.3515625,37891.6484375,37946.0,0,2026-01-06 05:45:00+00:00
37945.0,38019.3984375,37937.0,37980.55078125,0,2026-01-06 06:45:00+00:00
37979.5,37982.55078125,37865.94921875,37869.5,0,2026-01-06 07:45:00+00:00
37867.8515625,38012.80078125,37866.3984375,37986.55078125,0,2026-01-06 08:45:00+00:00
37988.0,37988.0,37904.5,37912.69921875,0,2026-01-06 09:45:00+00:00
37951.30078125,38485.1015625,37951.30078125,38480.1484375,0,2026-01-07 03:45:00+00:00
38479.19921875,38610.19921875,38384.44921875,38536.3515625,0,2026-01-07 04:45:00+00:00
38536.3515625,38619.80078125,38477.44921875,38510.5,0,2026-01-07 05:45:00+00:00
38510.8984375,38617.0,38416.1484375,38573.44921875,0,2026-01-07 06:45:00+00:00
38573.25,38663.0,38514.3515625,38659.75,0,2026-01-07 07:45:00+00:00
38660.6484375,38727.1484375,38590.30078125,38719.75,0,2026-01-07 08:45:00+00:00
38720.8515625,38733.44921875,38671.8515625,38722.94921875,0,2026-01-07 09:45:00+00:00
38651.1484375,38726.44921875,38210.05078125,38286.19921875,0,2026-01-08 03:45:00+00:00
38286.44921875,38287.6484375,38029.5,38103.75,0,2026-01-08 04:45:00+00:00
38100.55078125,38198.3984375,38050.3515625,38138.94921875,0,2026-01-08 05:45:00+00:00
38137.44921875,38195.55078125,38084.25,38118.8515625,0,2026-01-08 06:45:00+00:00
38118.75,38120.5,37922.55078125,37956.69921875,0,2026-01-08 07:45:00+00:00
37955.55078125,38027.30078125,37854.94921875,37931.69921875,0,2026-01-08 08:45:00+00:00
37932.1484375,37933.3515625,37855.44921875,37855.44921875,0,2026-01-08 09:45:00+00:00
37917.3515625,38243.19921875,37917.1484375,38098.55078125,0,2026-01-09 03:45:00+00:00
38099.05078125,38243.55078125,38059.8515625,38167.94921875,0,2026-01-09 04:45:00+00:00
38166.1484375,38208.0,38026.8984375,38036.30078125,0,2026-01-09 05:45:00+00:00
38039.94921875,38084.75,37956.75,38049.3984375,0,2026-01-09 06:45:00+00:00
38049.3984375,38094.75,37986.25,38006.1484375,0,2026-01-09 07:45:00+00:00
38012.5,38062.1015625,37890.6015625,38050.3984375,0,2026-01-09 08:45:00+00:00
38048.25,38096.44921875,38028.6015625,38065.19921875,0,2026-01-09 09:45:00+00:00
