open,high,low,close,volume,timestamp
23565.75,23595.30078125,23344.75,23396.55078125,0,2025-01-10 03:45:00+00:00
23396.599609375,23557.650390625,23380.94921875,23557.650390625,0,2025-01-10 04:45:00+00:00
23557.400390625,23596.349609375,23477.75,23523.400390625,0,2025-01-10 05:45:00+00:00
23520.099609375,23566.0,23494.150390625,23517.75,0,2025-01-10 06:45:00+00:00
23516.55078125,23536.30078125,23441.25,23441.25,0,2025-01-10 07:45:00+00:00
23440.94921875,23454.650390625,23396.849609375,23412.19921875,0,2025-01-10 08:45:00+00:00
23414.599609375,23449.400390625,23413.55078125,23437.349609375,0,2025-01-10 09:45:00+00:00
23195.400390625,23274.0,23173.650390625,23268.94921875,0,2025-01-13 03:45:00+00:00
23273.19921875,23340.849609375,23258.5,23275.94921875,0,2025-01-13 04:45:00+00:00
23275.0,23298.599609375,23210.19921875,23214.599609375,0,2025-01-13 05:45:00+00:00
23215.099609375,23234.69921875,23166.599609375,23174.849609375,0,2025-01-13 06:45:00+00:00
23177.44921875,23191.400390625,23101.900390625,23114.599609375,0,2025-01-13 07:45:00+00:00
23116.400390625,23137.849609375,23048.150390625,23091.099609375,0,2025-01-13 08:45:00+00:00
23090.849609375,23101.80078125,23082.75,23091.0,0,2025-01-13 09:45:00+00:00
23171.349609375,23226.400390625,23139.900390625,23156.19921875,0,2025-01-14 03:45:00+00:00
23155.75,23264.94921875,23134.55078125,23260.05078125,0,2025-01-14 04:45:00+00:00
23260.30078125,23261.349609375,23169.69921875,23181.099609375,0,2025-01-14 05:45:00+00:00
23180.55078125,23199.30078125,23144.099609375,23168.19921875,0,2025-01-14 06:45:00+00:00
23168.400390625,23184.849609375,23145.05078125,23182.44921875,0,2025-01-14 07:45:00+00:00
23182.150390625,23198.94921875,23151.900390625,23173.25,0,2025-01-14 08:45:00+00:00
23172.900390625,23223.05078125,23168.94921875,23206.849609375,0,2025-01-14 09:45:00+00:00
23250.44921875,23269.44921875,23165.44921875,23219.599609375,0,2025-01-15 03:45:00+00:00
23219.650390625,23293.400390625,23215.0,23256.5,0,2025-01-15 04:45:00+00:00
23257.400390625,23264.19921875,23204.69921875,23221.900390625,0,2025-01-15 05:45:00+00:00
23221.5,23266.349609375,23198.0,23213.099609375,0,2025-01-15 06:45:00+00:00
23212.349609375,23212.650390625,23147.94921875,23182.19921875,0,2025-01-15 07:45:00+00:00
23181.5,23227.69921875,23159.25,23214.400390625,0,2025-01-15 08:45:00+00:00
23214.55078125,23229.30078125,23190.849609375,23228.55078125,0,2025-01-15 09:45:00+00:00
23378.80078125,23384.599609375,23292.650390625,23308.0,0,2025-01-16 03:45:00+00:00
23308.19921875,23320.30078125,23273.80078125,23289.55078125,0,2025-01-16 04:45:00+00:00
23288.25,23308.80078125,23282.400390625,23298.900390625,0,2025-01-16 05:45:00+00:00
23300.05078125,23328.80078125,23290.30078125,23318.0,0,2025-01-16 06:45:00+00:00
23317.80078125,23340.900390625,23311.44921875,23333.349609375,0,2025-01-16 07:45:00+00:00
23333.400390625,23333.400390625,23290.69921875,23309.650390625,0,2025-01-16 08:45:00+00:00
23309.44921875,23353.25,23304.44921875,23350.80078125,0,2025-01-16 09:45:00+00:00
23268.099609375,23277.099609375,23168.44921875,23204.150390625,0,2025-01-17 03:45:00+00:00
23204.400390625,23269.25,23100.75,23131.849609375,0,2025-01-17 04:45:00+00:00
23132.650390625,23218.19921875,23124.349609375,23208.94921875,0,2025-01-17 05:45:00+00:00
23208.599609375,23264.30078125,23197.099609375,23200.25,0,2025-01-17 06:45:00+00:00
23200.30078125,23208.25,23160.849609375,23198.5,0,2025-01-17 07:45:00+00:00
23198.650390625,23245.05078125,23187.30078125,23196.650390625,0,2025-01-17 08:45:00+00:00
23197.80078125,23210.55078125,23194.80078125,23203.099609375,0,2025-01-17 09:45:00+00:00
23298.900390625,23306.55078125,23171.55078125,23228.05078125,0,2025-01-20 03:45:00+00:00
23228.349609375,23283.05078125,23227.650390625,23273.19921875,0,2025-01-20 04:45:00+00:00
23275.150390625,23376.400390625,23272.19921875,23342.94921875,0,2025-01-20 05:45:00+00:00
23343.69921875,23372.19921875,23326.30078125,23359.69921875,0,2025-01-20 06:45:00+00:00
23359.55078125,23390.94921875,23328.25,23359.94921875,0,2025-01-20 07:45:00+00:00
23359.94921875,23366.25,23327.650390625,23351.69921875,0,2025-01-20 08:45:00+00:00
23352.25,23352.849609375,23329.400390625,23337.05078125,0,2025-01-20 09:45:00+00:00
23421.650390625,23426.30078125,23247.69921875,23266.0,0,2025-01-21 03:45:00+00:00
23266.400390625,23266.599609375,23129.0,23165.5,0,2025-01-21 04:45:00+00:00
23165.599609375,23421.25,23143.55078125,23283.5,0,2025-01-21 05:45:00+00:00
23281.150390625,23294.80078125,23111.44921875,23256.849609375,0,2025-01-21 06:45:00+00:00
23256.30078125,23296.55078125,23120.150390625,23199.349609375,0,2025-01-21 07:45:00+00:00
23196.849609375,23207.099609375,22977.19921875,23022.94921875,0,2025-01-21 08:45:00+00:00
23022.44921875,23057.44921875,23022.44921875,23052.599609375,0,2025-01-21 09:45:00+00:00
23110.55078125,23127.099609375,23051.099609375,23096.849609375,0,2025-01-22 03:45:00+00:00
23096.75,23144.0,23061.30078125,23064.94921875,0,2025-01-22 04:45:00+00:00
23065.19921875,23079.400390625,23012.0,23036.94921875,0,2025-01-22 05:45:00+00:00
23037.650390625,23050.849609375,22990.19921875,23043.05078125,0,2025-01-22 06:45:00+00:00
23043.30078125,23084.849609375,22981.44921875,23065.55078125,0,2025-01-22 07:45:00+00:00
23065.75,23169.349609375,23054.30078125,23164.25,0,2025-01-22 08:45:00+00:00
23163.80078125,23165.150390625,23147.599609375,23161.75,0,2025-01-22 09:45:00+00:00
23128.30078125,23234.69921875,23091.900390625,23217.80078125,0,2025-01-23 03:45:00+00:00
23217.599609375,23245.900390625,23202.5,23224.05078125,0,2025-01-23 04:45:00+00:00
23223.75,23238.599609375,23201.05078125,23232.849609375,0,2025-01-23 05:45:00+00:00
23232.75,23269.19921875,23220.099609375,23246.150390625,0,2025-01-23 06:45:00+00:00
23244.55078125,23256.650390625,23225.55078125,23244.55078125,0,2025-01-23 07:45:00+00:00
23239.94921875,23246.69921875,23200.099609375,23202.5,0,2025-01-23 08:45:00+00:00
23201.25,23218.19921875,23191.69921875,23217.849609375,0,2025-01-23 09:45:00+00:00
23204.44921875,23291.80078125,23128.650390625,23156.349609375,0,2025-01-24 03:45:00+00:00
23155.25,23289.19921875,23103.5,23279.19921875,0,2025-01-24 04:45:00+00:00
23277.94921875,23347.099609375,23254.0,23300.80078125,0,2025-01-24 05:45:00+00:00
23300.349609375,23319.400390625,23164.849609375,23216.5,0,2025-01-24 06:45:00+00:00
23214.69921875,23214.69921875,23140.349609375,23142.25,0,2025-01-24 07:45:00+00:00
23141.849609375,23168.599609375,23050.94921875,23077.5,0,2025-01-24 08:45:00+00:00
23077.75,23105.099609375,23077.75,23090.349609375,0,2025-01-24 09:45:00+00:00
22946.05078125,23007.05078125,22911.150390625,22970.69921875,0,2025-01-27 03:45:00+00:00
22971.25,22971.25,22827.19921875,22864.5,0,2025-01-27 04:45:00+00:00
22864.55078125,22941.650390625,22856.25,22881.55078125,0,2025-01-27 05:45:00+00:00
22882.0,22943.69921875,22840.55078125,22885.44921875,0,2025-01-27 06:45:00+00:00
22885.94921875,22892.349609375,22822.44921875,22834.900390625,0,2025-01-27 07:45:00+00:00
22835.099609375,22857.900390625,22790.30078125,22835.69921875,0,2025-01-27 08:45:00+00:00
22835.5,22838.400390625,22814.349609375,22816.849609375,0,2025-01-27 09:45:00+00:00
22967.94921875,22969.150390625,22860.30078125,22881.25,0,2025-01-28 03:45:00+00:00
22882.5,22985.94921875,22858.650390625,22959.599609375,0,2025-01-28 04:45:00+00:00
22958.55078125,23040.650390625,22944.30078125,23032.650390625,0,2025-01-28 05:45:00+00:00
23032.150390625,23068.55078125,22999.099609375,23065.25,0,2025-01-28 06:45:00+00:00
23067.349609375,23075.55078125,23021.75,23051.75,0,2025-01-28 07:45:00+00:00
23051.94921875,23137.44921875,22909.25,22967.55078125,0,2025-01-28 08:45:00+00:00
22968.349609375,22984.5,22951.5,22976.30078125,0,2025-01-28 09:45:00+00:00
23023.75,23096.80078125,22978.150390625,23067.150390625,0,2025-01-29 03:45:00+00:00
23067.55078125,23125.5,23053.80078125,23085.400390625,0,2025-01-29 04:45:00+00:00
23084.75,23128.75,22984.150390625,23120.94921875,0,2025-01-29 05:45:00+00:00
23121.099609375,23168.05078125,23086.55078125,23112.80078125,0,2025-01-29 06:45:00+00:00
23113.05078125,23181.0,23109.900390625,23174.05078125,0,2025-01-29 07:45:00+00:00
23174.55078125,23180.80078125,23115.099609375,23159.349609375,0,2025-01-29 08:45:00+00:00
23160.30078125,23182.69921875,23153.849609375,23176.19921875,0,2025-01-29 09:45:00+00:00
23168.400390625,23300.55078125,23141.0,23271.400390625,0,2025-01-30 03:45:00+00:00
23271.599609375,23310.849609375,23224.0,23288.30078125,0,2025-01-30 04:45:00+00:00
23289.150390625,23301.0,23228.05078125,23250.80078125,0,2025-01-30 05:45:00+00:00
23250.30078125,23289.900390625,23229.69921875,23261.94921875,0,2025-01-30 06:45:00+00:00
23263.400390625,23268.44921875,23141.900390625,23167.599609375,0,2025-01-30 07:45:00+00:00
23168.150390625,23255.05078125,23139.94921875,23249.55078125,0,2025-01-30 08:45:00+00:00
23248.44921875,23318.75,23244.69921875,23297.94921875,0,2025-01-30 09:45:00+00:00
23297.599609375,23403.30078125,23280.55078125,23340.19921875,0,2025-01-31 03:45:00+00:00
23340.19921875,23444.25,23331.69921875,23422.80078125,0,2025-01-31 04:45:00+00:00
23422.400390625,23449.05078125,23388.44921875,23444.19921875,0,2025-01-31 05:45:00+00:00
23444.5,23502.55078125,23426.05078125,23500.099609375,0,2025-01-31 06:45:00+00:00
23500.05078125,23530.650390625,23426.099609375,23447.849609375,0,2025-01-31 07:45:00+00:00
23446.80078125,23518.05078125,23422.599609375,23515.150390625,0,2025-01-31 08:45:00+00:00
23513.849609375,23546.400390625,23498.25,23533.849609375,0,2025-01-31 09:45:00+00:00
23538.30078125,23591.599609375,23479.69921875,23555.900390625,0,2025-02-01 03:45:00+00:00
23555.69921875,23601.94921875,23530.80078125,23582.94921875,0,2025-02-01 04:45:00+00:00
23581.55078125,23632.349609375,23364.099609375,23447.05078125,0,2025-02-01 05:45:00+00:00
23449.099609375,23549.0,23323.099609375,23373.400390625,0,2025-02-01 06:45:00+00:00
23374.650390625,23533.69921875,23341.599609375,23520.25,0,2025-02-01 07:45:00+00:00
23520.900390625,23547.94921875,23454.94921875,23481.19921875,0,2025-02-01 08:45:00+00:00
23480.75,23499.75,23463.349609375,23495.30078125,0,2025-02-01 09:45:00+00:00
23321.650390625,23343.849609375,23222.55078125,23263.69921875,0,2025-02-03 03:45:00+00:00
23262.5,23328.349609375,23239.69921875,23322.650390625,0,2025-02-03 04:45:00+00:00
23322.30078125,23338.599609375,23253.099609375,23299.849609375,0,2025-02-03 05:45:00+00:00
23299.5,23361.599609375,23258.05078125,23360.69921875,0,2025-02-03 06:45:00+00:00
23360.80078125,23368.94921875,23306.349609375,23346.599609375,0,2025-02-03 07:45:00+00:00
23346.80078125,23381.349609375,23327.0,23366.900390625,0,2025-02-03 08:45:00+00:00
23367.19921875,23369.80078125,23349.94921875,23359.69921875,0,2025-02-03 09:45:00+00:00
23501.05078125,23581.69921875,23482.69921875,23512.650390625,0,2025-02-04 03:45:00+00:00
23513.25,23534.5,23424.55078125,23506.5,0,2025-02-04 04:45:00+00:00
23508.05078125,23616.400390625,23493.900390625,23565.400390625,0,2025-02-04 05:45:00+00:00
23566.150390625,23642.30078125,23562.150390625,23640.05078125,0,2025-02-04 06:45:00+00:00
23641.05078125,23712.5,23625.400390625,23651.599609375,0,2025-02-04 07:45:00+00:00
23647.94921875,23761.900390625,23633.849609375,23744.0,0,2025-02-04 08:45:00+00:00
23744.400390625,23745.55078125,23697.05078125,23707.69921875,0,2025-02-04 09:45:00+00:00
23801.75,23803.55078125,23726.55078125,23747.849609375,0,2025-02-05 03:45:00+00:00
23746.400390625,23786.30078125,23728.44921875,23733.650390625,0,2025-02-05 04:45:00+00:00
23733.099609375,23759.0,23713.650390625,23732.05078125,0,2025-02-05 05:45:00+00:00
23732.55078125,23756.349609375,23712.55078125,23755.650390625,0,2025-02-05 06:45:00+00:00
23755.900390625,23774.5,23732.05078125,23741.900390625,0,2025-02-05 07:45:00+00:00
23743.099609375,23752.900390625,23680.650390625,23695.900390625,0,2025-02-05 08:45:00+00:00
23695.849609375,23700.900390625,23685.099609375,23685.099609375,0,2025-02-05 09:45:00+00:00
23766.75,23771.30078125,23619.849609375,23627.80078125,0,2025-02-06 03:45:00+00:00
23627.30078125,23656.900390625,23605.0,23616.349609375,0,2025-02-06 04:45:00+00:00
23616.94921875,23626.5,23594.599609375,23619.44921875,0,2025-02-06 05:45:00+00:00
23620.30078125,23629.25,23576.0,23586.19921875,0,2025-02-06 06:45:00+00:00
23586.30078125,23603.75,23562.55078125,23573.0,0,2025-02-06 07:45:00+00:00
23573.30078125,23610.599609375,23556.400390625,23595.900390625,0,2025-02-06 08:45:00+00:00
23596.099609375,23633.69921875,23592.400390625,23628.05078125,0,2025-02-06 09:45:00+00:00
23654.19921875,23667.5,23567.69921875,23612.0,0,2025-02-07 03:45:00+00:00
23611.80078125,23629.25,23493.94921875,23615.94921875,0,2025-02-07 04:45:00+00:00
23616.25,23694.19921875,23572.80078125,23573.900390625,0,2025-02-07 05:45:00+00:00
23572.349609375,23610.55078125,23537.650390625,23547.69921875,0,2025-02-07 06:45:00+00:00
23547.849609375,23591.5,23453.650390625,23461.05078125,0,2025-02-07 07:45:00+00:00
23460.94921875,23574.75,23444.25,23573.69921875,0,2025-02-07 08:45:00+00:00
23574.0,23591.25,23557.349609375,23563.150390625,0,2025-02-07 09:45:00+00:00
23547.599609375,23552.650390625,23366.44921875,23373.099609375,0,2025-02-10 03:45:00+00:00
23372.349609375,23406.150390625,23357.900390625,23401.30078125,0,2025-02-10 04:45:00+00:00
23400.80078125,23403.30078125,23338.55078125,23352.650390625,0,2025-02-10 05:45:00+00:00
23351.400390625,23371.25,23338.80078125,23353.849609375,0,2025-02-10 06:45:00+00:00
23353.30078125,23377.0,23317.80078125,23326.599609375,0,2025-02-10 07:45:00+00:00
23326.69921875,23409.900390625,23317.5,23380.349609375,0,2025-02-10 08:45:00+00:00
23380.80078125,23387.150390625,23370.849609375,23376.05078125,0,2025-02-10 09:45:00+00:00
23383.55078125,23383.55078125,23271.05078125,23278.55078125,0,2025-02-11 03:45:00+00:00
23277.30078125,23296.150390625,23251.0,23279.75,0,2025-02-11 04:45:00+00:00
23280.05078125,23301.75,23244.25,23252.80078125,0,2025-02-11 05:45:00+00:00
23253.150390625,23257.400390625,23027.05078125,23031.150390625,0,2025-02-11 06:45:00+00:00
23031.19921875,23101.400390625,22986.80078125,23052.349609375,0,2025-02-11 07:45:00+00:00
23052.650390625,23118.400390625,23006.400390625,23073.75,0,2025-02-11 08:45:00+00:00
23073.400390625,23080.80078125,23060.400390625,23068.55078125,0,2025-02-11 09:45:00+00:00
23068.400390625,23077.94921875,22815.349609375,22830.599609375,0,2025-02-12 03:45:00+00:00
22831.099609375,22954.44921875,22799.349609375,22925.55078125,0,2025-02-12 04:45:00+00:00
22924.900390625,23077.400390625,22895.900390625,23044.400390625,0,2025-02-12 05:45:00+00:00
23044.900390625,23119.75,22997.30078125,23103.05078125,0,2025-02-12 06:45:00+00:00
23105.44921875,23144.5,22964.55078125,23002.25,0,2025-02-12 07:45:00+00:00
23002.30078125,23059.650390625,22956.650390625,23051.55078125,0,2025-02-12 08:45:00+00:00
23050.849609375,23063.19921875,23043.150390625,23057.80078125,0,2025-02-12 09:45:00+00:00
23055.849609375,23192.0,22992.650390625,23171.69921875,0,2025-02-13 03:45:00+00:00
23172.0,23208.900390625,23131.75,23181.30078125,0,2025-02-13 04:45:00+00:00
23181.400390625,23235.19921875,23179.80078125,23195.80078125,0,2025-02-13 05:45:00+00:00
23195.69921875,23210.0,23153.099609375,23153.099609375,0,2025-02-13 06:45:00+00:00
23152.75,23177.650390625,23032.69921875,23063.0,0,2025-02-13 07:45:00+00:00
23063.650390625,23074.5,23004.69921875,23030.150390625,0,2025-02-13 08:45:00+00:00
23030.400390625,23039.650390625,23014.400390625,23019.400390625,0,2025-02-13 09:45:00+00:00
23096.69921875,23133.25,23007.30078125,23043.0,0,2025-02-14 03:45:00+00:00
23042.75,23082.25,22843.349609375,22893.94921875,0,2025-02-14 04:45:00+00:00
22893.349609375,22922.349609375,22818.599609375,22842.05078125,0,2025-02-14 05:45:00+00:00
22842.19921875,22866.94921875,22775.5,22806.349609375,0,2025-02-14 06:45:00+00:00
22805.900390625,22850.150390625,22775.94921875,22802.05078125,0,2025-02-14 07:45:00+00:00
22801.94921875,22966.44921875,22799.19921875,22933.400390625,0,2025-02-14 08:45:00+00:00
22933.849609375,22935.599609375,22895.849609375,22897.25,0,2025-02-14 09:45:00+00:00
22828.30078125,22874.099609375,22727.69921875,22756.849609375,0,2025-02-17 03:45:00+00:00
22757.349609375,22926.349609375,22750.75,22805.69921875,0,2025-02-17 04:45:00+00:00
22806.19921875,22889.5,22799.80078125,22823.69921875,0,2025-02-17 05:45:00+00:00
22824.099609375,22899.80078125,22796.19921875,22837.849609375,0,2025-02-17 06:45:00+00:00
22838.599609375,22959.099609375,22834.099609375,22886.5,0,2025-02-17 07:45:00+00:00
22887.099609375,22968.05078125,22883.30078125,22966.69921875,0,2025-02-17 08:45:00+00:00
22965.05078125,22974.0,22954.80078125,22963.5,0,2025-02-17 09:45:00+00:00
22975.099609375,22989.400390625,22868.650390625,22894.44921875,0,2025-02-18 03:45:00+00:00
22894.099609375,22909.05078125,22801.5,22813.69921875,0,2025-02-18 04:45:00+00:00
22814.349609375,22900.69921875,22807.5,22863.30078125,0,2025-02-18 05:45:00+00:00
22863.30078125,22909.55078125,22839.94921875,22871.849609375,0,2025-02-18 06:45:00+00:00
22872.05078125,22934.30078125,22871.75,22917.25,0,2025-02-18 07:45:00+00:00
22917.30078125,22970.80078125,22909.69921875,22951.400390625,0,2025-02-18 08:45:00+00:00
22952.099609375,22952.099609375,22918.30078125,22923.150390625,0,2025-02-18 09:45:00+00:00
22839.400390625,22996.0,22816.19921875,22985.599609375,0,2025-02-19 03:45:00+00:00
22986.400390625,23049.55078125,22922.44921875,22972.099609375,0,2025-02-19 04:45:00+00:00
22972.30078125,23011.400390625,22946.400390625,22999.349609375,0,2025-02-19 05:45:00+00:00
22998.69921875,23023.55078125,22914.25,22938.849609375,0,2025-02-19 06:45:00+00:00
22938.75,22961.05078125,22921.25,22950.80078125,0,2025-02-19 07:45:00+00:00
22950.55078125,22951.25,22858.80078125,22939.94921875,0,2025-02-19 08:45:00+00:00
22940.05078125,22940.19921875,22912.349609375,22914.400390625,0,2025-02-19 09:45:00+00:00
22821.099609375,22897.900390625,22813.400390625,22873.75,0,2025-02-20 03:45:00+00:00
22873.80078125,22912.75,22868.400390625,22911.30078125,0,2025-02-20 04:45:00+00:00
22911.19921875,22913.94921875,22879.05078125,22889.0,0,2025-02-20 05:45:00+00:00
22889.099609375,22908.80078125,22870.55078125,22878.25,0,2025-02-20 06:45:00+00:00
22878.05078125,22922.94921875,22875.75,22899.69921875,0,2025-02-20 07:45:00+00:00
22899.5,22923.349609375,22895.25,22916.900390625,0,2025-02-20 08:45:00+00:00
22917.150390625,22920.80078125,22905.0,22905.900390625,0,2025-02-20 09:45:00+00:00
22855.80078125,22920.5,22760.30078125,22760.650390625,0,2025-02-21 03:45:00+00:00
22760.19921875,22798.0,22733.75,22767.94921875,0,2025-02-21 04:45:00+00:00
22768.0,22820.900390625,22746.80078125,22786.30078125,0,2025-02-21 05:45:00+00:00
22786.19921875,22824.44921875,22757.94921875,22776.69921875,0,2025-02-21 06:45:00+00:00
22775.30078125,22787.19921875,22721.30078125,22778.900390625,0,2025-02-21 07:45:00+00:00
22778.599609375,22812.69921875,22760.05078125,22810.75,0,2025-02-21 08:45:00+00:00
22810.19921875,22812.25,22763.19921875,22764.349609375,0,2025-02-21 09:45:00+00:00
22609.349609375,22667.650390625,22561.0,22572.150390625,0,2025-02-24 03:45:00+00:00
22572.5,22580.94921875,22548.75,22568.599609375,0,2025-02-24 04:45:00+00:00
22567.94921875,22620.05078125,22559.349609375,22561.150390625,0,2025-02-24 05:45:00+00:00
22561.25,22591.0,22553.599609375,22572.349609375,0,2025-02-24 06:45:00+00:00
22572.30078125,22580.349609375,22520.55078125,22543.650390625,0,2025-02-24 07:45:00+00:00
22543.69921875,22590.150390625,22536.44921875,22554.400390625,0,2025-02-24 08:45:00+00:00
22554.349609375,22563.05078125,22544.150390625,22549.75,0,2025-02-24 09:45:00+00:00
22516.44921875,22625.19921875,22516.44921875,22597.80078125,0,2025-02-25 03:45:00+00:00
22597.5,22601.150390625,22555.150390625,22566.599609375,0,2025-02-25 04:45:00+00:00
22566.44921875,22581.150390625,22544.849609375,22572.650390625,0,2025-02-25 05:45:00+00:00
22572.650390625,22600.400390625,22566.05078125,22593.0,0,2025-02-25 06:45:00+00:00
22592.75,22595.900390625,22571.25,22581.849609375,0,2025-02-25 07:45:00+00:00
22582.05078125,22585.94921875,22546.25,22553.349609375,0,2025-02-25 08:45:00+00:00
22552.400390625,22559.94921875,22516.5,22529.05078125,0,2025-02-25 09:45:00+00:00
22583.30078125,22608.69921875,22530.44921875,22542.30078125,0,2025-02-27 03:45:00+00:00
22542.900390625,22564.69921875,22527.19921875,22548.94921875,0,2025-02-27 04:45:00+00:00
22549.349609375,22557.25,22519.650390625,22526.650390625,0,2025-02-27 05:45:00+00:00
22526.900390625,22537.650390625,22516.19921875,22527.80078125,0,2025-02-27 06:45:00+00:00
22528.75,22550.44921875,22525.94921875,22544.099609375,0,2025-02-27 07:45:00+00:00
22544.900390625,22556.900390625,22534.849609375,22542.69921875,0,2025-02-27 08:45:00+00:00
22542.349609375,22548.80078125,22510.849609375,22510.849609375,0,2025-02-27 09:45:00+00:00
22442.44921875,22446.900390625,22224.19921875,22262.150390625,0,2025-02-28 03:45:00+00:00
22261.80078125,22300.5,22240.19921875,22246.25,0,2025-02-28 04:45:00+00:00
22246.400390625,22280.0,22218.099609375,22222.55078125,0,2025-02-28 05:45:00+00:00
22221.75,22253.75,22106.19921875,22127.849609375,0,2025-02-28 06:45:00+00:00
22127.75,22163.80078125,22111.55078125,22138.5,0,2025-02-28 07:45:00+00:00
22138.150390625,22198.75,22117.25,22124.650390625,0,2025-02-28 08:45:00+00:00
22124.849609375,22127.650390625,22105.849609375,22127.400390625,0,2025-02-28 09:45:00+00:00
22194.55078125,22261.349609375,22012.599609375,22024.80078125,0,2025-03-03 03:45:00+00:00
22024.900390625,22104.19921875,22006.25,22031.349609375,0,2025-03-03 04:45:00+00:00
22031.599609375,22055.849609375,22005.0,22054.349609375,0,2025-03-03 05:45:00+00:00
22054.75,22155.05078125,22037.099609375,22155.05078125,0,2025-03-03 06:45:00+00:00
22154.80078125,22174.150390625,22071.900390625,22122.150390625,0,2025-03-03 07:45:00+00:00
22120.849609375,22153.55078125,22092.30078125,22117.599609375,0,2025-03-03 08:45:00+00:00
22117.25,22146.55078125,22110.099609375,22142.5,0,2025-03-03 09:45:00+00:00
21982.19921875,22090.94921875,21965.849609375,22049.94921875,0,2025-03-04 03:45:00+00:00
22049.25,22104.19921875,22048.150390625,22083.69921875,0,2025-03-04 04:45:00+00:00
22083.099609375,22086.349609375,22047.94921875,22058.0,0,2025-03-04 05:45:00+00:00
22058.19921875,22075.349609375,22035.05078125,22056.349609375,0,2025-03-04 06:45:00+00:00
22056.599609375,22105.05078125,22039.599609375,22087.599609375,0,2025-03-04 07:45:00+00:00
22088.55078125,22104.650390625,22074.849609375,22082.05078125,0,2025-03-04 08:45:00+00:00
22082.599609375,22090.94921875,22064.69921875,22080.30078125,0,2025-03-04 09:45:00+00:00
22071.650390625,22264.69921875,22071.650390625,22239.0,0,2025-03-05 03:45:00+00:00
22238.69921875,22296.099609375,22211.099609375,22282.349609375,0,2025-03-05 04:45:00+00:00
22282.650390625,22374.900390625,22277.0,22362.099609375,0,2025-03-05 05:45:00+00:00
22361.900390625,22394.69921875,22333.099609375,22348.80078125,0,2025-03-05 06:45:00+00:00
22348.400390625,22363.05078125,22301.75,22326.80078125,0,2025-03-05 07:45:00+00:00
22326.69921875,22353.849609375,22292.30078125,22335.0,0,2025-03-05 08:45:00+00:00
22335.150390625,22351.25,22326.349609375,22346.650390625,0,2025-03-05 09:45:00+00:00
22479.94921875,22487.25,22246.69921875,22331.599609375,0,2025-03-06 03:45:00+00:00
22330.900390625,22455.55078125,22322.94921875,22436.25,0,2025-03-06 04:45:00+00:00
22436.150390625,22438.80078125,22319.94921875,22412.44921875,0,2025-03-06 05:45:00+00:00
22411.599609375,22485.900390625,22408.099609375,22466.150390625,0,2025-03-06 06:45:00+00:00
22466.849609375,22528.400390625,22451.55078125,22509.19921875,0,2025-03-06 07:45:00+00:00
22508.69921875,22555.80078125,22491.150390625,22547.849609375,0,2025-03-06 08:45:00+00:00
22548.150390625,22553.349609375,22520.599609375,22529.19921875,0,2025-03-06 09:45:00+00:00
22509.05078125,22606.05078125,22467.099609375,22605.69921875,0,2025-03-07 03:45:00+00:00
22607.94921875,22625.349609375,22567.849609375,22615.19921875,0,2025-03-07 04:45:00+00:00
22614.05078125,22633.30078125,22516.099609375,22526.849609375,0,2025-03-07 05:45:00+00:00
22526.30078125,22583.30078125,22509.05078125,22539.19921875,0,2025-03-07 06:45:00+00:00
22539.650390625,22576.0,22522.69921875,22553.599609375,0,2025-03-07 07:45:00+00:00
22554.0,22607.650390625,22550.75,22556.849609375,0,2025-03-07 08:45:00+00:00
22557.55078125,22557.69921875,22530.349609375,22536.94921875,0,2025-03-07 09:45:00+00:00
22536.650390625,22676.650390625,22502.400390625,22631.75,0,2025-03-10 03:45:00+00:00
22631.75,22650.5,22603.80078125,22616.900390625,0,2025-03-10 04:45:00+00:00
22617.150390625,22645.349609375,22582.349609375,22587.5,0,2025-03-10 05:45:00+00:00
22587.44921875,22619.30078125,22563.349609375,22601.80078125,0,2025-03-10 06:45:00+00:00
22601.55078125,22602.19921875,22532.900390625,22548.599609375,0,2025-03-10 07:45:00+00:00
22548.69921875,22549.099609375,22429.400390625,22469.650390625,0,2025-03-10 08:45:00+00:00
22470.19921875,22472.55078125,22436.400390625,22441.099609375,0,2025-03-10 09:45:00+00:00
22345.55078125,22426.05078125,22316.0,22422.55078125,0,2025-03-11 03:45:00+00:00
22422.44921875,22485.099609375,22397.25,22452.30078125,0,2025-03-11 04:45:00+00:00
22452.55078125,22455.19921875,22415.55078125,22437.69921875,0,2025-03-11 05:45:00+00:00
22437.599609375,22466.400390625,22430.30078125,22446.69921875,0,2025-03-11 06:45:00+00:00
22446.099609375,22509.69921875,22437.650390625,22501.55078125,0,2025-03-11 07:45:00+00:00
22501.599609375,22515.75,22469.349609375,22499.5,0,2025-03-11 08:45:00+00:00
22499.849609375,22520.849609375,22490.75,22520.5,0,2025-03-11 09:45:00+00:00
22542.05078125,22573.30078125,22418.099609375,22425.19921875,0,2025-03-12 03:45:00+00:00
22423.75,22460.849609375,22395.400390625,22416.44921875,0,2025-03-12 04:45:00+00:00
22416.30078125,22420.5,22330.150390625,22367.19921875,0,2025-03-12 05:45:00+00:00
22367.55078125,22405.849609375,22331.75,22402.19921875,0,2025-03-12 06:45:00+00:00
22402.94921875,22445.30078125,22392.05078125,22437.0,0,2025-03-12 07:45:00+00:00
22436.900390625,22494.099609375,22432.599609375,22473.75,0,2025-03-12 08:45:00+00:00
22474.05078125,22474.05078125,22452.75,22468.5,0,2025-03-12 09:45:00+00:00
22541.599609375,22547.44921875,22460.599609375,22545.099609375,0,2025-03-13 03:45:00+00:00
22545.099609375,22557.75,22478.30078125,22519.650390625,0,2025-03-13 04:45:00+00:00
22520.05078125,22520.650390625,22404.30078125,22443.19921875,0,2025-03-13 05:45:00+00:00
22442.75,22462.05078125,22425.75,22429.80078125,0,2025-03-13 06:45:00+00:00
22429.150390625,22453.5,22419.75,22432.30078125,0,2025-03-13 07:45:00+00:00
22432.349609375,22434.900390625,22377.5,22399.599609375,0,2025-03-13 08:45:00+00:00
22399.5,22412.75,22379.44921875,22383.30078125,0,2025-03-13 09:45:00+00:00
22384.150390625,22576.75,22384.150390625,22513.400390625,0,2025-03-17 03:45:00+00:00
22513.30078125,22513.44921875,22455.400390625,22477.55078125,0,2025-03-17 04:45:00+00:00
22477.900390625,22530.69921875,22470.849609375,22510.099609375,0,2025-03-17 05:45:00+00:00
22509.55078125,22509.55078125,22442.0,22467.599609375,0,2025-03-17 06:45:00+00:00
22467.69921875,22528.599609375,22466.44921875,22520.650390625,0,2025-03-17 07:45:00+00:00
22520.849609375,22527.849609375,22481.75,22510.5,0,2025-03-17 08:45:00+00:00
22510.650390625,22520.5,22506.25,22515.25,0,2025-03-17 09:45:00+00:00
22649.650390625,22751.05078125,22601.05078125,22745.349609375,0,2025-03-18 03:45:00+00:00
22746.5,22774.30078125,22729.400390625,22757.05078125,0,2025-03-18 04:45:00+00:00
22757.19921875,22781.099609375,22741.900390625,22769.650390625,0,2025-03-18 05:45:00+00:00
22769.849609375,22770.400390625,22697.75,22761.19921875,0,2025-03-18 06:45:00+00:00
22762.400390625,22798.30078125,22758.599609375,22774.349609375,0,2025-03-18 07:45:00+00:00
22775.44921875,22845.349609375,22770.349609375,22842.94921875,0,2025-03-18 08:45:00+00:00
22842.099609375,22857.25,22833.94921875,22848.75,0,2025-03-18 09:45:00+00:00
22874.94921875,22885.69921875,22808.599609375,22864.099609375,0,2025-03-19 03:45:00+00:00
22864.05078125,22914.25,22864.05078125,22902.5,0,2025-03-19 04:45:00+00:00
22902.5,22907.150390625,22875.44921875,22887.150390625,0,2025-03-19 05:45:00+00:00
22887.650390625,22939.44921875,22882.80078125,22903.900390625,0,2025-03-19 06:45:00+00:00
22904.599609375,22928.150390625,22898.55078125,22908.75,0,2025-03-19 07:45:00+00:00
22909.349609375,22937.69921875,22905.30078125,22911.55078125,0,2025-03-19 08:45:00+00:00
22912.30078125,22917.69921875,22895.900390625,22911.80078125,0,2025-03-19 09:45:00+00:00
23038.599609375,23070.80078125,22974.150390625,22987.650390625,0,2025-03-20 03:45:00+00:00
22987.30078125,23068.25,22982.05078125,23063.55078125,0,2025-03-20 04:45:00+00:00
23063.94921875,23073.75,23042.650390625,23072.55078125,0,2025-03-20 05:45:00+00:00
23072.900390625,23145.849609375,23071.69921875,23143.349609375,0,2025-03-20 06:45:00+00:00
23143.55078125,23205.80078125,23132.69921875,23182.400390625,0,2025-03-20 07:45:00+00:00
23183.19921875,23216.05078125,23171.30078125,23183.849609375,0,2025-03-20 08:45:00+00:00
23183.94921875,23190.75,23162.25,23165.69921875,0,2025-03-20 09:45:00+00:00
23168.25,23276.349609375,23134.30078125,23257.099609375,0,2025-03-21 03:45:00+00:00
23257.30078125,23357.55078125,23247.900390625,23331.5,0,2025-03-21 04:45:00+00:00
23331.150390625,23370.650390625,23326.5,23357.400390625,0,2025-03-21 05:45:00+00:00
23356.5,23401.849609375,23350.80078125,23371.400390625,0,2025-03-21 06:45:00+00:00
23371.150390625,23386.80078125,23277.05078125,23335.44921875,0,2025-03-21 07:45:00+00:00
23335.94921875,23379.80078125,23330.30078125,23348.69921875,0,2025-03-21 08:45:00+00:00
23348.80078125,23373.55078125,23339.099609375,23352.19921875,0,2025-03-21 09:45:00+00:00
23487.94921875,23559.650390625,23433.75,23544.05078125,0,2025-03-24 03:45:00+00:00
23544.150390625,23638.349609375,23536.19921875,23614.099609375,0,2025-03-24 04:45:00+00:00
23614.19921875,23643.0,23579.5,23628.05078125,0,2025-03-24 05:45:00+00:00
23627.400390625,23656.19921875,23613.25,23654.650390625,0,2025-03-24 06:45:00+00:00
23654.30078125,23690.349609375,23628.55078125,23687.349609375,0,2025-03-24 07:45:00+00:00
23687.30078125,23708.05078125,23629.900390625,23652.900390625,0,2025-03-24 08:45:00+00:00
23651.900390625,23681.25,23651.900390625,23674.150390625,0,2025-03-24 09:45:00+00:00
23752.849609375,23869.150390625,23665.650390625,23770.400390625,0,2025-03-25 03:45:00+00:00
23769.349609375,23826.349609375,23656.80078125,23701.099609375,0,2025-03-25 04:45:00+00:00
23701.0,23730.0,23628.349609375,23693.150390625,0,2025-03-25 05:45:00+00:00
23693.55078125,23705.349609375,23653.650390625,23676.0,0,2025-03-25 06:45:00+00:00
23676.349609375,23744.099609375,23644.30078125,23739.900390625,0,2025-03-25 07:45:00+00:00
23739.05078125,23744.599609375,23661.69921875,23670.30078125,0,2025-03-25 08:45:00+00:00
23670.599609375,23675.30078125,23603.5,23605.94921875,0,2025-03-25 09:45:00+00:00
23698.69921875,23735.900390625,23614.75,23679.150390625,0,2025-03-26 03:45:00+00:00
23679.75,23720.19921875,23629.55078125,23653.0,0,2025-03-26 04:45:00+00:00
23653.5,23671.900390625,23572.19921875,23603.75,0,2025-03-26 05:45:00+00:00
23602.94921875,23638.05078125,23551.900390625,23566.099609375,0,2025-03-26 06:45:00+00:00
23565.400390625,23575.94921875,23501.150390625,23550.5,0,2025-03-26 07:45:00+00:00
23550.5,23562.25,23452.599609375,23501.44921875,0,2025-03-26 08:45:00+00:00
23501.400390625,23501.75,23464.30078125,23464.30078125,0,2025-03-26 09:45:00+00:00
23438.75,23618.650390625,23415.19921875,23600.349609375,0,2025-03-27 03:45:00+00:00
23599.55078125,23626.69921875,23559.80078125,23602.900390625,0,2025-03-27 04:45:00+00:00
23603.05078125,23615.25,23580.150390625,23600.5,0,2025-03-27 05:45:00+00:00
23600.150390625,23607.55078125,23574.849609375,23586.599609375,0,2025-03-27 06:45:00+00:00
23586.400390625,23616.80078125,23581.80078125,23609.099609375,0,2025-03-27 07:45:00+00:00
23610.099609375,23620.400390625,23572.099609375,23589.25,0,2025-03-27 08:45:00+00:00
23588.650390625,23636.599609375,23576.44921875,23601.05078125,0,2025-03-27 09:45:00+00:00
23605.25,23626.349609375,23505.44921875,23524.150390625,0,2025-03-28 03:45:00+00:00
23524.150390625,23649.150390625,23519.0,23581.30078125,0,2025-03-28 04:45:00+00:00
23581.69921875,23604.55078125,23561.69921875,23596.44921875,0,2025-03-28 05:45:00+00:00
23596.55078125,23598.150390625,23471.30078125,23499.55078125,0,2025-03-28 06:45:00+00:00
23499.599609375,23522.5,23451.599609375,23503.30078125,0,2025-03-28 07:45:00+00:00
23501.44921875,23612.05078125,23493.69921875,23543.650390625,0,2025-03-28 08:45:00+00:00
23544.25,23545.30078125,23485.75,23495.150390625,0,2025-03-28 09:45:00+00:00
23353.0,23563.19921875,23343.75,23456.099609375,0,2025-04-01 03:45:00+00:00
23455.599609375,23483.69921875,23221.349609375,23228.94921875,0,2025-04-01 04:45:00+00:00
23229.0,23258.80078125,23173.400390625,23209.900390625,0,2025-04-01 05:45:00+00:00
23209.25,23252.25,23174.30078125,23192.44921875,0,2025-04-01 06:45:00+00:00
23192.150390625,23195.150390625,23136.400390625,23161.55078125,0,2025-04-01 07:45:00+00:00
23163.099609375,23180.349609375,23137.44921875,23174.5,0,2025-04-01 08:45:00+00:00
23174.900390625,23182.30078125,23151.80078125,23179.69921875,0,2025-04-01 09:45:00+00:00
23209.05078125,23292.900390625,23160.400390625,23238.849609375,0,2025-04-02 03:45:00+00:00
23238.150390625,23311.849609375,23224.599609375,23287.5,0,2025-04-02 04:45:00+00:00
23287.55078125,23295.30078125,23246.150390625,23281.44921875,0,2025-04-02 05:45:00+00:00
23281.25,23300.0,23238.94921875,23287.650390625,0,2025-04-02 06:45:00+00:00
23287.900390625,23307.0,23254.75,23278.30078125,0,2025-04-02 07:45:00+00:00
23279.099609375,23349.849609375,23276.599609375,23337.75,0,2025-04-02 08:45:00+00:00
23338.0,23342.0,23324.599609375,23330.80078125,0,2025-04-02 09:45:00+00:00
23160.349609375,23281.849609375,23159.599609375,23277.599609375,0,2025-04-03 03:45:00+00:00
23278.30078125,23306.25,23253.400390625,23278.94921875,0,2025-04-03 04:45:00+00:00
23279.349609375,23294.75,23248.900390625,23273.5,0,2025-04-03 05:45:00+00:00
23275.94921875,23279.80078125,23250.599609375,23258.94921875,0,2025-04-03 06:45:00+00:00
23260.349609375,23278.400390625,23253.94921875,23255.30078125,0,2025-04-03 07:45:00+00:00
23254.80078125,23271.55078125,23240.80078125,23253.05078125,0,2025-04-03 08:45:00+00:00
23253.75,23255.75,23236.400390625,23241.599609375,0,2025-04-03 09:45:00+00:00
23208.150390625,23210.5,22941.25,22941.94921875,0,2025-04-04 03:45:00+00:00
22941.69921875,23029.900390625,22921.94921875,23013.05078125,0,2025-04-04 04:45:00+00:00
23013.75,23026.19921875,22944.75,22965.30078125,0,2025-04-04 05:45:00+00:00
22965.349609375,22991.599609375,22937.19921875,22938.05078125,0,2025-04-04 06:45:00+00:00
22938.150390625,22966.75,22875.150390625,22909.599609375,0,2025-04-04 07:45:00+00:00
22908.599609375,22921.55078125,22858.150390625,22911.0,0,2025-04-04 08:45:00+00:00
22909.44921875,22920.599609375,22896.44921875,22912.05078125,0,2025-04-04 09:45:00+00:00
21807.75,22188.400390625,21807.75,21918.150390625,0,2025-04-07 03:45:00+00:00
21916.0,22082.69921875,21898.30078125,21986.30078125,0,2025-04-07 04:45:00+00:00
21985.80078125,22069.5,21886.150390625,21890.94921875,0,2025-04-07 05:45:00+00:00
21890.150390625,21943.25,21796.900390625,21859.650390625,0,2025-04-07 06:45:00+00:00
21860.849609375,22037.80078125,21814.349609375,21997.69921875,0,2025-04-07 07:45:00+00:00
21998.900390625,22210.400390625,21973.400390625,22184.650390625,0,2025-04-07 08:45:00+00:00
22184.30078125,22253.19921875,22134.650390625,22238.0,0,2025-04-07 09:45:00+00:00
22473.349609375,22573.099609375,22378.5,22383.94921875,0,2025-04-08 03:45:00+00:00
22384.55078125,22489.94921875,22272.900390625,22436.55078125,0,2025-04-08 04:45:00+00:00
22436.150390625,22552.30078125,22319.400390625,22552.30078125,0,2025-04-08 05:45:00+00:00
22554.30078125,22671.150390625,22506.05078125,22666.400390625,0,2025-04-08 06:45:00+00:00
22666.30078125,22696.650390625,22461.75,22598.400390625,0,2025-04-08 07:45:00+00:00
22602.150390625,22664.900390625,22517.150390625,22528.400390625,0,2025-04-08 08:45:00+00:00
22528.30078125,22555.75,22517.94921875,22547.19921875,0,2025-04-08 09:45:00+00:00
22453.25,22468.30078125,22357.05078125,22371.19921875,0,2025-04-09 03:45:00+00:00
22370.25,22424.900390625,22353.5,22374.55078125,0,2025-04-09 04:45:00+00:00
22374.30078125,22435.44921875,22368.69921875,22432.150390625,0,2025-04-09 05:45:00+00:00
22431.55078125,22448.80078125,22409.69921875,22432.099609375,0,2025-04-09 06:45:00+00:00
22431.80078125,22432.900390625,22396.349609375,22402.25,0,2025-04-09 07:45:00+00:00
22402.400390625,22409.150390625,22387.349609375,22402.69921875,0,2025-04-09 08:45:00+00:00
22402.900390625,22424.75,22393.44921875,22420.400390625,0,2025-04-09 09:45:00+00:00
22732.5,22874.25,22709.94921875,22832.69921875,0,2025-04-11 03:45:00+00:00
22833.19921875,22845.44921875,22736.05078125,22834.69921875,0,2025-04-11 04:45:00+00:00
22834.19921875,22909.44921875,22820.30078125,22907.849609375,0,2025-04-11 05:45:00+00:00
22908.349609375,22923.900390625,22872.75,22904.5,0,2025-04-11 06:45:00+00:00
22905.400390625,22908.44921875,22770.400390625,22785.55078125,0,2025-04-11 07:45:00+00:00
22786.150390625,22840.150390625,22762.0,22830.349609375,0,2025-04-11 08:45:00+00:00
22831.05078125,22855.55078125,22810.94921875,22844.5,0,2025-04-11 09:45:00+00:00
23346.80078125,23346.80078125,23211.400390625,23312.099609375,0,2025-04-15 03:45:00+00:00
23311.94921875,23319.05078125,23292.80078125,23295.150390625,0,2025-04-15 04:45:00+00:00
23295.650390625,23334.5,23291.650390625,23332.55078125,0,2025-04-15 05:45:00+00:00
23332.55078125,23350.650390625,23328.25,23337.69921875,0,2025-04-15 06:45:00+00:00
23337.400390625,23340.900390625,23315.19921875,23326.05078125,0,2025-04-15 07:45:00+00:00
23326.0,23334.900390625,23308.349609375,23321.19921875,0,2025-04-15 08:45:00+00:00
23320.94921875,23357.099609375,23319.75,23344.099609375,0,2025-04-15 09:45:00+00:00
23344.099609375,23372.5,23277.900390625,23355.55078125,0,2025-04-16 03:45:00+00:00
23355.80078125,23358.94921875,23274.0,23319.30078125,0,2025-04-16 04:45:00+00:00
23318.849609375,23349.599609375,23316.0,23339.94921875,0,2025-04-16 05:45:00+00:00
23341.19921875,23362.05078125,23332.75,23356.599609375,0,2025-04-16 06:45:00+00:00
23357.30078125,23430.25,23286.0,23428.599609375,0,2025-04-16 07:45:00+00:00
23430.5,23439.150390625,23395.69921875,23423.5,0,2025-04-16 08:45:00+00:00
23424.55078125,23452.05078125,23420.849609375,23434.349609375,0,2025-04-16 09:45:00+00:00
23387.0,23434.55078125,23299.150390625,23353.400390625,0,2025-04-17 03:45:00+00:00
23352.75,23444.849609375,23342.30078125,23440.099609375,0,2025-04-17 04:45:00+00:00
23440.94921875,23646.75,23439.349609375,23634.44921875,0,2025-04-17 05:45:00+00:00
23634.25,23788.650390625,23623.0,23788.650390625,0,2025-04-17 06:45:00+00:00
23787.849609375,23871.25,23761.69921875,23831.150390625,0,2025-04-17 07:45:00+00:00
23828.69921875,23871.30078125,23783.80078125,23847.0,0,2025-04-17 08:45:00+00:00
23847.19921875,23862.19921875,23831.349609375,23837.75,0,2025-04-17 09:45:00+00:00
23922.150390625,24061.19921875,23903.900390625,24033.44921875,0,2025-04-21 03:45:00+00:00
24032.0,24110.75,24009.30078125,24110.0,0,2025-04-21 04:45:00+00:00
24110.900390625,24150.150390625,24099.05078125,24148.349609375,0,2025-04-21 05:45:00+00:00
24149.099609375,24188.5,24141.30078125,24173.75,0,2025-04-21 06:45:00+00:00
24172.150390625,24175.55078125,24106.5,24143.44921875,0,2025-04-21 07:45:00+00:00
24143.349609375,24156.94921875,24109.94921875,24114.400390625,0,2025-04-21 08:45:00+00:00
24114.55078125,24135.650390625,24112.25,24121.19921875,0,2025-04-21 09:45:00+00:00
24196.5,24202.55078125,24073.25,24195.69921875,0,2025-04-22 03:45:00+00:00
24195.5,24242.25,24187.349609375,24230.0,0,2025-04-22 04:45:00+00:00
24230.30078125,24233.5,24166.150390625,24202.849609375,0,2025-04-22 05:45:00+00:00
24201.849609375,24203.30078125,24168.25,24182.099609375,0,2025-04-22 06:45:00+00:00
24183.80078125,24197.55078125,24173.599609375,24178.80078125,0,2025-04-22 07:45:00+00:00
24179.349609375,24184.69921875,24144.05078125,24161.150390625,0,2025-04-22 08:45:00+00:00
24162.30078125,24173.94921875,24126.94921875,24134.05078125,0,2025-04-22 09:45:00+00:00
24350.150390625,24354.30078125,24189.94921875,24190.650390625,0,2025-04-23 03:45:00+00:00
24191.55078125,24242.099609375,24120.150390625,24191.69921875,0,2025-04-23 04:45:00+00:00
24192.30078125,24251.80078125,24180.0,24222.650390625,0,2025-04-23 05:45:00+00:00
24222.5,24266.75,24201.900390625,24243.30078125,0,2025-04-23 06:45:00+00:00
24243.5,24306.599609375,24230.55078125,24303.44921875,0,2025-04-23 07:45:00+00:00
24303.80078125,24340.25,24278.80078125,24334.80078125,0,2025-04-23 08:45:00+00:00
24334.75,24336.900390625,24287.900390625,24300.849609375,0,2025-04-23 09:45:00+00:00
24277.900390625,24347.55078125,24239.69921875,24297.349609375,0,2025-04-24 03:45:00+00:00
24297.849609375,24313.099609375,24268.80078125,24279.05078125,0,2025-04-24 04:45:00+00:00
24279.150390625,24283.75,24252.900390625,24260.30078125,0,2025-04-24 05:45:00+00:00
24260.30078125,24273.400390625,24248.400390625,24257.5,0,2025-04-24 06:45:00+00:00
24258.75,24265.19921875,24242.05078125,24247.099609375,0,2025-04-24 07:45:00+00:00
24247.400390625,24263.150390625,24217.19921875,24250.150390625,0,2025-04-24 08:45:00+00:00
24250.94921875,24257.19921875,24240.75,24245.05078125,0,2025-04-24 09:45:00+00:00
24289.0,24364.849609375,23950.349609375,24032.400390625,0,2025-04-25 03:45:00+00:00
24033.650390625,24043.650390625,23901.44921875,23941.44921875,0,2025-04-25 04:45:00+00:00
23940.349609375,23946.650390625,23848.349609375,23937.94921875,0,2025-04-25 05:45:00+00:00
23938.150390625,24060.80078125,23922.0,24047.44921875,0,2025-04-25 06:45:00+00:00
24047.150390625,24150.650390625,24029.5,24077.80078125,0,2025-04-25 07:45:00+00:00
24077.099609375,24130.25,24038.150390625,24052.80078125,0,2025-04-25 08:45:00+00:00
24052.94921875,24054.650390625,23986.099609375,23991.05078125,0,2025-04-25 09:45:00+00:00
24071.69921875,24279.05078125,24059.150390625,24275.849609375,0,2025-04-28 03:45:00+00:00
24276.0,24282.900390625,24227.75,24235.0,0,2025-04-28 04:45:00+00:00
24236.19921875,24296.5,24210.75,24289.650390625,0,2025-04-28 05:45:00+00:00
24292.30078125,24354.75,24286.94921875,24339.0,0,2025-04-28 06:45:00+00:00
24341.849609375,24352.30078125,24319.900390625,24350.599609375,0,2025-04-28 07:45:00+00:00
24352.599609375,24353.69921875,24260.900390625,24324.099609375,0,2025-04-28 08:45:00+00:00
24325.599609375,24337.75,24309.55078125,24312.900390625,0,2025-04-28 09:45:00+00:00
24370.69921875,24456.849609375,24291.0,24351.55078125,0,2025-04-29 03:45:00+00:00
24351.30078125,24369.849609375,24305.5,24356.05078125,0,2025-04-29 04:45:00+00:00
24356.55078125,24360.349609375,24302.44921875,24316.599609375,0,2025-04-29 05:45:00+00:00
24316.400390625,24369.5,24304.099609375,24356.849609375,0,2025-04-29 06:45:00+00:00
24355.44921875,24376.05078125,24341.349609375,24365.94921875,0,2025-04-29 07:45:00+00:00
24366.900390625,24368.30078125,24324.44921875,24326.44921875,0,2025-04-29 08:45:00+00:00
24326.19921875,24348.5,24310.599609375,24325.44921875,0,2025-04-29 09:45:00+00:00
24342.05078125,24395.150390625,24270.349609375,24353.349609375,0,2025-04-30 03:45:00+00:00
24353.75,24362.94921875,24290.400390625,24329.650390625,0,2025-04-30 04:45:00+00:00
24329.94921875,24371.599609375,24313.55078125,24344.75,0,2025-04-30 05:45:00+00:00
24344.94921875,24365.0,24326.69921875,24334.5,0,2025-04-30 06:45:00+00:00
24333.80078125,24353.25,24327.44921875,24340.650390625,0,2025-04-30 07:45:00+00:00
24340.650390625,24395.80078125,24324.150390625,24349.400390625,0,2025-04-30 08:45:00+00:00
24348.849609375,24353.150390625,24230.099609375,24243.44921875,0,2025-04-30 09:45:00+00:00
24320.349609375,24588.650390625,24313.0,24581.94921875,0,2025-05-02 03:45:00+00:00
24581.849609375,24587.25,24404.69921875,24422.900390625,0,2025-05-02 04:45:00+00:00
24424.650390625,24443.05078125,24303.05078125,24315.0,0,2025-05-02 05:45:00+00:00
24314.05078125,24314.150390625,24239.30078125,24297.0,0,2025-05-02 06:45:00+00:00
24297.05078125,24412.19921875,24296.25,24373.55078125,0,2025-05-02 07:45:00+00:00
24372.44921875,24397.75,24286.900390625,24367.150390625,0,2025-05-02 08:45:00+00:00
24365.44921875,24368.150390625,24309.849609375,24313.650390625,0,2025-05-02 09:45:00+00:00
24411.44921875,24510.599609375,24403.099609375,24479.099609375,0,2025-05-05 03:45:00+00:00
24479.80078125,24526.19921875,24459.650390625,24486.19921875,0,2025-05-05 04:45:00+00:00
24487.19921875,24495.900390625,24414.44921875,24448.69921875,0,2025-05-05 05:45:00+00:00
24448.69921875,24477.0,24430.0,24451.05078125,0,2025-05-05 06:45:00+00:00
24451.25,24492.900390625,24434.05078125,24472.900390625,0,2025-05-05 07:45:00+00:00
24473.900390625,24492.150390625,24442.150390625,24448.30078125,0,2025-05-05 08:45:00+00:00
24448.599609375,24475.19921875,24447.5,24459.5,0,2025-05-05 09:45:00+00:00
24501.400390625,24501.400390625,24380.650390625,24389.69921875,0,2025-05-06 03:45:00+00:00
24388.69921875,24406.150390625,24369.19921875,24387.94921875,0,2025-05-06 04:45:00+00:00
24388.099609375,24396.849609375,24356.94921875,24392.19921875,0,2025-05-06 05:45:00+00:00
24390.400390625,24402.05078125,24367.05078125,24383.25,0,2025-05-06 06:45:00+00:00
24382.80078125,24408.400390625,24376.0,24389.05078125,0,2025-05-06 07:45:00+00:00
24387.25,24400.650390625,24356.400390625,24387.650390625,0,2025-05-06 08:45:00+00:00
24387.69921875,24389.25,24332.75,24335.900390625,0,2025-05-06 09:45:00+00:00
24224.650390625,24449.349609375,24224.650390625,24304.099609375,0,2025-05-07 03:45:00+00:00
24303.5,24373.75,24285.0,24372.599609375,0,2025-05-07 04:45:00+00:00
24372.5,24430.400390625,24349.75,24374.849609375,0,2025-05-07 05:45:00+00:00
24374.650390625,24400.400390625,24354.94921875,24362.05078125,0,2025-05-07 06:45:00+00:00
24362.0,24422.94921875,24345.349609375,24406.900390625,0,2025-05-07 07:45:00+00:00
24410.94921875,24426.05078125,24367.849609375,24407.05078125,0,2025-05-07 08:45:00+00:00
24406.80078125,24425.05078125,24403.80078125,24409.30078125,0,2025-05-07 09:45:00+00:00
24431.5,24445.25,24373.849609375,24391.849609375,0,2025-05-08 03:45:00+00:00
24391.55078125,24412.30078125,24384.349609375,24399.599609375,0,2025-05-08 04:45:00+00:00
24398.05078125,24415.80078125,24396.69921875,24403.55078125,0,2025-05-08 05:45:00+00:00
24403.400390625,24411.19921875,24381.05078125,24385.0,0,2025-05-08 06:45:00+00:00
24385.94921875,24386.69921875,24314.400390625,24317.5,0,2025-05-08 07:45:00+00:00
24316.94921875,24357.30078125,24244.400390625,24308.44921875,0,2025-05-08 08:45:00+00:00
24309.150390625,24310.900390625,24151.44921875,24153.19921875,0,2025-05-08 09:45:00+00:00
23960.25,24163.650390625,23949.19921875,24060.650390625,0,2025-05-09 03:45:00+00:00
24061.19921875,24086.75,23976.650390625,24012.849609375,0,2025-05-09 04:45:00+00:00
24012.30078125,24121.30078125,23999.44921875,24049.69921875,0,2025-05-09 05:45:00+00:00
24049.849609375,24054.55078125,23992.80078125,24009.25,0,2025-05-09 06:45:00+00:00
24008.80078125,24024.69921875,23961.69921875,24005.05078125,0,2025-05-09 07:45:00+00:00
24004.599609375,24032.75,23960.94921875,24000.55078125,0,2025-05-09 08:45:00+00:00
23999.30078125,24046.900390625,23997.349609375,24038.650390625,0,2025-05-09 09:45:00+00:00
24401.0,24737.19921875,24386.599609375,24682.650390625,0,2025-05-12 03:45:00+00:00
24682.30078125,24723.55078125,24669.099609375,24702.849609375,0,2025-05-12 04:45:00+00:00
24703.19921875,24745.44921875,24698.55078125,24721.30078125,0,2025-05-12 05:45:00+00:00
24723.30078125,24806.55078125,24690.349609375,24789.150390625,0,2025-05-12 06:45:00+00:00
24789.150390625,24866.30078125,24789.0,24866.19921875,0,2025-05-12 07:45:00+00:00
24866.25,24930.349609375,24854.75,24907.44921875,0,2025-05-12 08:45:00+00:00
24906.05078125,24944.19921875,24904.75,24920.25,0,2025-05-12 09:45:00+00:00
24864.05078125,24971.55078125,24676.849609375,24771.94921875,0,2025-05-13 03:45:00+00:00
24770.849609375,24837.80078125,24636.55078125,24724.55078125,0,2025-05-13 04:45:00+00:00
24724.55078125,24817.900390625,24693.900390625,24757.599609375,0,2025-05-13 05:45:00+00:00
24755.44921875,24772.0,24597.900390625,24633.150390625,0,2025-05-13 06:45:00+00:00
24630.80078125,24637.0,24577.75,24591.55078125,0,2025-05-13 07:45:00+00:00
24590.44921875,24636.849609375,24559.44921875,24559.44921875,0,2025-05-13 08:45:00+00:00
24560.0,24594.30078125,24548.05078125,24592.25,0,2025-05-13 09:45:00+00:00
24618.75,24758.25,24587.30078125,24758.150390625,0,2025-05-14 03:45:00+00:00
24757.400390625,24767.19921875,24683.44921875,24700.94921875,0,2025-05-14 04:45:00+00:00
24699.650390625,24724.900390625,24633.05078125,24677.099609375,0,2025-05-14 05:45:00+00:00
24677.25,24679.650390625,24535.900390625,24636.05078125,0,2025-05-14 06:45:00+00:00
24636.44921875,24660.94921875,24596.75,24615.0,0,2025-05-14 07:45:00+00:00
24614.55078125,24675.19921875,24577.69921875,24669.55078125,0,2025-05-14 08:45:00+00:00
24669.94921875,24696.75,24651.30078125,24685.75,0,2025-05-14 09:45:00+00:00
24699.55078125,24699.55078125,24494.94921875,24561.69921875,0,2025-05-15 03:45:00+00:00
24562.19921875,24806.44921875,24533.19921875,24617.25,0,2025-05-15 04:45:00+00:00
24617.25,24707.900390625,24601.150390625,24661.05078125,0,2025-05-15 05:45:00+00:00
24662.05078125,24887.55078125,24626.30078125,24886.30078125,0,2025-05-15 06:45:00+00:00
24887.150390625,25104.5,24848.80078125,25091.0,0,2025-05-15 07:45:00+00:00
25091.5,25114.80078125,25040.0,25056.400390625,0,2025-05-15 08:45:00+00:00
25055.19921875,25063.44921875,25035.30078125,25035.30078125,0,2025-05-15 09:45:00+00:00
25061.80078125,25069.55078125,24976.25,25005.150390625,0,2025-05-16 03:45:00+00:00
25005.650390625,25040.849609375,24953.150390625,24975.44921875,0,2025-05-16 04:45:00+00:00
24975.150390625,24997.900390625,24958.69921875,24976.05078125,0,2025-05-16 05:45:00+00:00
24974.650390625,25018.5,24968.80078125,25006.80078125,0,2025-05-16 06:45:00+00:00
25006.75,25034.80078125,24994.44921875,25019.94921875,0,2025-05-16 07:45:00+00:00
25019.599609375,25034.5,24992.349609375,25024.19921875,0,2025-05-16 08:45:00+00:00
25025.44921875,25025.599609375,25002.69921875,25013.099609375,0,2025-05-16 09:45:00+00:00
25005.349609375,25056.55078125,24967.94921875,25040.849609375,0,2025-05-19 03:45:00+00:00
25040.19921875,25062.94921875,24999.44921875,25027.05078125,0,2025-05-19 04:45:00+00:00
25026.55078125,25043.099609375,24979.099609375,24987.5,0,2025-05-19 05:45:00+00:00
24987.400390625,25018.599609375,24972.25,24980.55078125,0,2025-05-19 06:45:00+00:00
24980.44921875,25006.099609375,24919.30078125,24940.349609375,0,2025-05-19 07:45:00+00:00
24940.19921875,24960.55078125,24916.650390625,24945.650390625,0,2025-05-19 08:45:00+00:00
24945.349609375,24951.650390625,24927.44921875,24935.349609375,0,2025-05-19 09:45:00+00:00
25000.94921875,25007.650390625,24864.05078125,24899.400390625,0,2025-05-20 03:45:00+00:00
24899.5,24967.25,24879.0,24920.75,0,2025-05-20 04:45:00+00:00
24921.05078125,24921.05078125,24844.80078125,24859.19921875,0,2025-05-20 05:45:00+00:00
24862.0,24876.19921875,24781.400390625,24790.69921875,0,2025-05-20 06:45:00+00:00
24790.44921875,24795.099609375,24728.349609375,24738.349609375,0,2025-05-20 07:45:00+00:00
24737.099609375,24745.599609375,24670.0,24693.099609375,0,2025-05-20 08:45:00+00:00
24692.849609375,24713.849609375,24672.05078125,24713.849609375,0,2025-05-20 09:45:00+00:00
24744.25,24869.650390625,24692.650390625,24869.25,0,2025-05-21 03:45:00+00:00
24869.19921875,24945.400390625,24858.05078125,24896.69921875,0,2025-05-21 04:45:00+00:00
24896.94921875,24914.400390625,24727.099609375,24733.650390625,0,2025-05-21 05:45:00+00:00
24733.44921875,24808.5,24685.94921875,24799.69921875,0,2025-05-21 06:45:00+00:00
24800.05078125,24839.349609375,24740.80078125,24798.69921875,0,2025-05-21 07:45:00+00:00
24799.19921875,24829.849609375,24780.650390625,24809.69921875,0,2025-05-21 08:45:00+00:00
24809.400390625,24819.94921875,24794.849609375,24800.400390625,0,2025-05-21 09:45:00+00:00
24732.349609375,24732.349609375,24542.099609375,24606.05078125,0,2025-05-22 03:45:00+00:00
24606.44921875,24628.599609375,24571.150390625,24594.599609375,0,2025-05-22 04:45:00+00:00
24594.650390625,24607.5,24543.05078125,24572.80078125,0,2025-05-22 05:45:00+00:00
24572.75,24574.650390625,24509.349609375,24539.650390625,0,2025-05-22 06:45:00+00:00
24540.44921875,24556.599609375,24515.05078125,24529.80078125,0,2025-05-22 07:45:00+00:00
24529.30078125,24639.849609375,24464.150390625,24606.25,0,2025-05-22 08:45:00+00:00
24606.349609375,24647.150390625,24597.5,24637.0,0,2025-05-22 09:45:00+00:00
24643.849609375,24826.349609375,24614.650390625,24818.099609375,0,2025-05-23 03:45:00+00:00
24817.44921875,24908.849609375,24748.55078125,24890.099609375,0,2025-05-23 04:45:00+00:00
24890.80078125,24903.400390625,24804.30078125,24834.75,0,2025-05-23 05:45:00+00:00
24834.69921875,24902.0,24828.849609375,24877.44921875,0,2025-05-23 06:45:00+00:00
24876.69921875,24898.400390625,24838.05078125,24869.099609375,0,2025-05-23 07:45:00+00:00
24868.849609375,24884.150390625,24819.30078125,24850.75,0,2025-05-23 08:45:00+00:00
24850.5,24862.099609375,24842.900390625,24845.150390625,0,2025-05-23 09:45:00+00:00
24919.5,25079.05078125,24908.5,25044.150390625,0,2025-05-26 03:45:00+00:00
25043.900390625,25048.25,24910.5,24972.75,0,2025-05-26 04:45:00+00:00
24972.75,25024.400390625,24954.099609375,24989.80078125,0,2025-05-26 05:45:00+00:00
24987.80078125,25013.80078125,24939.44921875,24981.900390625,0,2025-05-26 06:45:00+00:00
24980.599609375,25013.349609375,24967.849609375,25001.0,0,2025-05-26 07:45:00+00:00
24999.599609375,25019.650390625,24969.25,25004.44921875,0,2025-05-26 08:45:00+00:00
25002.900390625,25006.80078125,24992.599609375,24996.349609375,0,2025-05-26 09:45:00+00:00
24957.75,24969.55078125,24737.75,24777.099609375,0,2025-05-27 03:45:00+00:00
24776.900390625,24960.19921875,24751.349609375,24877.650390625,0,2025-05-27 04:45:00+00:00
24880.650390625,25062.400390625,24880.650390625,24957.44921875,0,2025-05-27 05:45:00+00:00
24957.400390625,24962.75,24800.80078125,24829.849609375,0,2025-05-27 06:45:00+00:00
24830.0,24871.849609375,24744.55078125,24767.599609375,0,2025-05-27 07:45:00+00:00
24768.25,24842.69921875,24706.05078125,24831.80078125,0,2025-05-27 08:45:00+00:00
24832.599609375,24843.30078125,24816.55078125,24837.69921875,0,2025-05-27 09:45:00+00:00
24844.400390625,24863.150390625,24743.349609375,24760.5,0,2025-05-28 03:45:00+00:00
24760.0,24801.900390625,24737.25,24768.05078125,0,2025-05-28 04:45:00+00:00
24767.75,24783.849609375,24746.349609375,24761.69921875,0,2025-05-28 05:45:00+00:00
24762.19921875,24827.05078125,24759.05078125,24791.349609375,0,2025-05-28 06:45:00+00:00
24791.099609375,24797.099609375,24761.099609375,24788.55078125,0,2025-05-28 07:45:00+00:00
24788.349609375,24798.0,24748.400390625,24748.5,0,2025-05-28 08:45:00+00:00
24749.5,24757.44921875,24740.05078125,24757.150390625,0,2025-05-28 09:45:00+00:00
24845.19921875,24888.30078125,24780.30078125,24801.75,0,2025-05-29 03:45:00+00:00
24802.44921875,24806.150390625,24714.650390625,24723.55078125,0,2025-05-29 04:45:00+00:00
24722.19921875,24748.30078125,24709.05078125,24732.05078125,0,2025-05-29 05:45:00+00:00
24732.0,24772.900390625,24677.599609375,24760.75,0,2025-05-29 06:45:00+00:00
24760.349609375,24773.69921875,24717.80078125,24725.599609375,0,2025-05-29 07:45:00+00:00
24725.599609375,24853.75,24718.05078125,24850.75,0,2025-05-29 08:45:00+00:00
24850.44921875,24891.150390625,24837.099609375,24880.849609375,0,2025-05-29 09:45:00+00:00
24830.5,24863.599609375,24780.69921875,24794.75,0,2025-05-30 03:45:00+00:00
24795.80078125,24795.80078125,24717.849609375,24753.94921875,0,2025-05-30 04:45:00+00:00
24754.30078125,24787.94921875,24735.30078125,24741.849609375,0,2025-05-30 05:45:00+00:00
24732.69921875,24768.900390625,24729.349609375,24758.25,0,2025-05-30 06:45:00+00:00
24758.599609375,24801.69921875,24750.75,24753.900390625,0,2025-05-30 07:45:00+00:00
24753.599609375,24786.80078125,24729.80078125,24752.150390625,0,2025-05-30 08:45:00+00:00
24751.650390625,24757.150390625,24731.099609375,24736.650390625,0,2025-05-30 09:45:00+00:00
24669.69921875,24700.5,24526.150390625,24581.94921875,0,2025-06-02 03:45:00+00:00
24581.75,24638.849609375,24554.19921875,24623.150390625,0,2025-06-02 04:45:00+00:00
24623.25,24673.25,24611.599609375,24665.94921875,0,2025-06-02 05:45:00+00:00
24665.55078125,24737.05078125,24665.55078125,24702.44921875,0,2025-06-02 06:45:00+00:00
24702.900390625,24732.900390625,24682.150390625,24693.599609375,0,2025-06-02 07:45:00+00:00
24693.849609375,24754.30078125,24654.80078125,24723.94921875,0,2025-06-02 08:45:00+00:00
24724.0,24724.75,24666.599609375,24690.69921875,0,2025-06-02 09:45:00+00:00
24773.94921875,24841.900390625,24601.80078125,24661.69921875,0,2025-06-03 03:45:00+00:00
24662.400390625,24766.44921875,24588.05078125,24590.19921875,0,2025-06-03 04:45:00+00:00
24590.25,24662.599609375,24572.55078125,24615.349609375,0,2025-06-03 05:45:00+00:00
24614.849609375,24648.94921875,24502.75,24541.44921875,0,2025-06-03 06:45:00+00:00
24540.5,24579.55078125,24516.5,24577.150390625,0,2025-06-03 07:45:00+00:00
24576.400390625,24601.69921875,24534.400390625,24535.19921875,0,2025-06-03 08:45:00+00:00
24535.5,24550.650390625,24524.44921875,24538.400390625,0,2025-06-03 09:45:00+00:00
24568.150390625,24612.0,24530.75,24578.75,0,2025-06-04 03:45:00+00:00
24578.94921875,24609.599609375,24569.599609375,24581.55078125,0,2025-06-04 04:45:00+00:00
24582.05078125,24607.94921875,24572.0,24607.75,0,2025-06-04 05:45:00+00:00
24607.5,24619.900390625,24582.19921875,24600.25,0,2025-06-04 06:45:00+00:00
24600.400390625,24632.0,24588.80078125,24616.55078125,0,2025-06-04 07:45:00+00:00
24616.55078125,24644.25,24608.650390625,24616.900390625,0,2025-06-04 08:45:00+00:00
24617.650390625,24622.05078125,24604.099609375,24612.0,0,2025-06-04 09:45:00+00:00
24674.05078125,24761.25,24613.650390625,24732.25,0,2025-06-05 03:45:00+00:00
24733.0,24741.150390625,24690.900390625,24708.80078125,0,2025-06-05 04:45:00+00:00
24708.099609375,24873.099609375,24707.849609375,24865.150390625,0,2025-06-05 05:45:00+00:00
24870.75,24898.900390625,24785.55078125,24796.25,0,2025-06-05 06:45:00+00:00
24777.150390625,24790.19921875,24693.099609375,24713.55078125,0,2025-06-05 07:45:00+00:00
24713.80078125,24780.650390625,24701.099609375,24752.55078125,0,2025-06-05 08:45:00+00:00
24752.849609375,24775.400390625,24745.44921875,24761.099609375,0,2025-06-05 09:45:00+00:00
24758.94921875,24816.94921875,24671.650390625,24750.599609375,0,2025-06-06 03:45:00+00:00
24750.25,24983.599609375,24735.75,24983.05078125,0,2025-06-06 04:45:00+00:00
24982.650390625,25029.30078125,24960.55078125,24998.849609375,0,2025-06-06 05:45:00+00:00
24998.55078125,24999.55078125,24966.0,24969.05078125,0,2025-06-06 06:45:00+00:00
24969.44921875,24997.69921875,24962.349609375,24990.0,0,2025-06-06 07:45:00+00:00
24989.69921875,25021.75,24983.19921875,25002.099609375,0,2025-06-06 08:45:00+00:00
25002.099609375,25010.05078125,24992.650390625,25000.30078125,0,2025-06-06 09:45:00+00:00
25160.099609375,25160.099609375,25078.94921875,25118.94921875,0,2025-06-09 03:45:00+00:00
25119.150390625,25142.69921875,25110.0,25122.30078125,0,2025-06-09 04:45:00+00:00
25121.599609375,25128.19921875,25102.30078125,25116.25,0,2025-06-09 05:45:00+00:00
25116.55078125,25127.849609375,25103.44921875,25109.05078125,0,2025-06-09 06:45:00+00:00
25109.099609375,25117.099609375,25088.349609375,25090.69921875,0,2025-06-09 07:45:00+00:00
25090.400390625,25107.25,25083.5,25103.19921875,0,2025-06-09 08:45:00+00:00
25103.19921875,25110.94921875,25099.400390625,25102.150390625,0,2025-06-09 09:45:00+00:00
25191.25,25191.25,25055.94921875,25156.900390625,0,2025-06-10 03:45:00+00:00
25156.5,25163.75,25099.80078125,25127.69921875,0,2025-06-10 04:45:00+00:00
25127.80078125,25150.5,25115.5,25133.5,0,2025-06-10 05:45:00+00:00
25133.5,25142.75,25120.0,25130.5,0,2025-06-10 06:45:00+00:00
25127.650390625,25140.80078125,25121.150390625,25127.55078125,0,2025-06-10 07:45:00+00:00
25126.400390625,25129.25,25086.150390625,25104.69921875,0,2025-06-10 08:45:00+00:00
25103.94921875,25111.80078125,25087.69921875,25091.5,0,2025-06-10 09:45:00+00:00
25122.150390625,25158.599609375,25084.400390625,25146.349609375,0,2025-06-11 03:45:00+00:00
25147.150390625,25188.849609375,25132.400390625,25180.80078125,0,2025-06-11 04:45:00+00:00
25180.44921875,25215.80078125,25179.25,25205.94921875,0,2025-06-11 05:45:00+00:00
25206.19921875,25222.19921875,25186.30078125,25208.05078125,0,2025-06-11 06:45:00+00:00
25207.94921875,25214.19921875,25108.150390625,25127.849609375,0,2025-06-11 07:45:00+00:00
25127.30078125,25157.599609375,25125.80078125,25144.94921875,0,2025-06-11 08:45:00+00:00
25145.0,25146.69921875,25124.94921875,25126.80078125,0,2025-06-11 09:45:00+00:00
25131.69921875,25195.55078125,25065.25,25096.80078125,0,2025-06-12 03:45:00+00:00
25096.599609375,25115.75,25038.25,25046.150390625,0,2025-06-12 04:45:00+00:00
25045.849609375,25092.75,25010.0,25039.150390625,0,2025-06-12 05:45:00+00:00
25039.349609375,25074.5,25021.650390625,25041.099609375,0,2025-06-12 06:45:00+00:00
25041.19921875,25045.44921875,24826.69921875,24847.400390625,0,2025-06-12 07:45:00+00:00
24847.55078125,24920.94921875,24844.5,24887.55078125,0,2025-06-12 08:45:00+00:00
24887.349609375,24887.349609375,24850.80078125,24856.0,0,2025-06-12 09:45:00+00:00
24508.099609375,24654.400390625,24508.099609375,24644.150390625,0,2025-06-13 03:45:00+00:00
24642.5,24692.349609375,24625.19921875,24653.75,0,2025-06-13 04:45:00+00:00
24652.75,24702.0,24639.75,24688.94921875,0,2025-06-13 05:45:00+00:00
24688.80078125,24724.55078125,24674.44921875,24686.0,0,2025-06-13 06:45:00+00:00
24685.19921875,24754.099609375,24680.650390625,24715.849609375,0,2025-06-13 07:45:00+00:00
24714.349609375,24728.44921875,24650.900390625,24725.599609375,0,2025-06-13 08:45:00+00:00
24725.150390625,24744.94921875,24709.75,24735.55078125,0,2025-06-13 09:45:00+00:00
24733.75,24817.400390625,24704.599609375,24763.69921875,0,2025-06-16 03:45:00+00:00
24763.599609375,24930.5,24763.25,24906.75,0,2025-06-16 04:45:00+00:00
24906.75,24925.05078125,24874.25,24916.900390625,0,2025-06-16 05:45:00+00:00
24917.30078125,24952.69921875,24891.650390625,24934.400390625,0,2025-06-16 06:45:00+00:00
24934.349609375,24966.30078125,24927.650390625,24961.5,0,2025-06-16 07:45:00+00:00
24961.650390625,24965.75,24928.5,24950.69921875,0,2025-06-16 08:45:00+00:00
24951.55078125,24957.94921875,24936.44921875,24940.94921875,0,2025-06-16 09:45:00+00:00
24966.30078125,24975.80078125,24846.80078125,24851.69921875,0,2025-06-17 03:45:00+00:00
24851.75,24908.400390625,24850.25,24878.80078125,0,2025-06-17 04:45:00+00:00
24878.80078125,24899.849609375,24854.0,24855.69921875,0,2025-06-17 05:45:00+00:00
24855.05078125,24864.05078125,24814.0,24839.44921875,0,2025-06-17 06:45:00+00:00
24839.80078125,24866.25,24830.599609375,24862.349609375,0,2025-06-17 07:45:00+00:00
24862.25,24869.25,24836.75,24862.400390625,0,2025-06-17 08:45:00+00:00
24859.5,24868.44921875,24833.849609375,24841.5,0,2025-06-17 09:45:00+00:00
24789.349609375,24947.400390625,24777.849609375,24916.94921875,0,2025-06-18 03:45:00+00:00
24917.25,24928.849609375,24826.0,24837.94921875,0,2025-06-18 04:45:00+00:00
24837.80078125,24837.80078125,24767.19921875,24816.349609375,0,2025-06-18 05:45:00+00:00
24815.80078125,24817.5,24760.650390625,24800.5,0,2025-06-18 06:45:00+00:00
24799.849609375,24814.94921875,24765.599609375,24776.900390625,0,2025-06-18 07:45:00+00:00
24777.19921875,24829.650390625,24750.900390625,24813.05078125,0,2025-06-18 08:45:00+00:00
24813.25,24823.30078125,24794.94921875,24798.75,0,2025-06-18 09:45:00+00:00
24802.349609375,24862.400390625,24738.55078125,24833.19921875,0,2025-06-19 03:45:00+00:00
24832.400390625,24839.5,24796.44921875,24814.55078125,0,2025-06-19 04:45:00+00:00
24814.30078125,24822.19921875,24791.25,24811.80078125,0,2025-06-19 05:45:00+00:00
24811.849609375,24813.75,24772.19921875,24794.55078125,0,2025-06-19 06:45:00+00:00
24794.400390625,24842.0,24780.55078125,24832.400390625,0,2025-06-19 07:45:00+00:00
24833.30078125,24849.849609375,24787.75,24791.75,0,2025-06-19 08:45:00+00:00
24791.44921875,24805.150390625,24734.0,24744.69921875,0,2025-06-19 09:45:00+00:00
24795.900390625,24919.099609375,24787.44921875,24919.05078125,0,2025-06-20 03:45:00+00:00
24918.849609375,25039.55078125,24918.849609375,25016.55078125,0,2025-06-20 04:45:00+00:00
25016.650390625,25044.650390625,25002.900390625,25040.099609375,0,2025-06-20 05:45:00+00:00
25039.75,25047.44921875,24964.05078125,25038.25,0,2025-06-20 06:45:00+00:00
25038.900390625,25077.55078125,25034.55078125,25049.650390625,0,2025-06-20 07:45:00+00:00
25050.44921875,25132.099609375,25031.400390625,25116.599609375,0,2025-06-20 08:45:00+00:00
25116.05078125,25134.55078125,25072.80078125,25079.75,0,2025-06-20 09:45:00+00:00
24939.75,24985.55078125,24824.900390625,24862.44921875,0,2025-06-23 03:45:00+00:00
24863.099609375,24939.05078125,24856.75,24928.30078125,0,2025-06-23 04:45:00+00:00
24928.55078125,24968.80078125,24920.349609375,24941.099609375,0,2025-06-23 05:45:00+00:00
24941.900390625,24964.150390625,24938.30078125,24962.25,0,2025-06-23 06:45:00+00:00
24963.55078125,25056.55078125,24961.80078125,25014.30078125,0,2025-06-23 07:45:00+00:00
25015.099609375,25018.599609375,24972.5,24983.900390625,0,2025-06-23 08:45:00+00:00
24979.69921875,24986.0,24951.69921875,24958.19921875,0,2025-06-23 09:45:00+00:00
25182.599609375,25248.94921875,25119.05078125,25232.599609375,0,2025-06-24 03:45:00+00:00
25233.349609375,25276.0,25167.099609375,25256.400390625,0,2025-06-24 04:45:00+00:00
25256.400390625,25316.5,25248.099609375,25308.75,0,2025-06-24 05:45:00+00:00
25307.44921875,25311.099609375,25143.94921875,25182.349609375,0,2025-06-24 06:45:00+00:00
25183.349609375,25202.099609375,25000.349609375,25040.150390625,0,2025-06-24 07:45:00+00:00
25042.849609375,25077.05078125,25015.5,25041.5,0,2025-06-24 08:45:00+00:00
25042.5,25078.349609375,25038.849609375,25071.55078125,0,2025-06-24 09:45:00+00:00
25150.349609375,25208.599609375,25142.150390625,25173.05078125,0,2025-06-25 03:45:00+00:00
25173.900390625,25217.94921875,25172.650390625,25194.900390625,0,2025-06-25 04:45:00+00:00
25195.349609375,25220.25,25189.94921875,25194.25,0,2025-06-25 05:45:00+00:00
25194.349609375,25244.69921875,25180.30078125,25240.44921875,0,2025-06-25 06:45:00+00:00
25240.400390625,25265.94921875,25224.30078125,25245.25,0,2025-06-25 07:45:00+00:00
25246.05078125,25262.05078125,25215.75,25248.599609375,0,2025-06-25 08:45:00+00:00
25248.80078125,25249.650390625,25234.650390625,25238.349609375,0,2025-06-25 09:45:00+00:00
25271.69921875,25437.5,25260.400390625,25386.19921875,0,2025-06-26 03:45:00+00:00
25385.900390625,25395.80078125,25292.5,25337.75,0,2025-06-26 04:45:00+00:00
25337.849609375,25400.55078125,25313.900390625,25396.400390625,0,2025-06-26 05:45:00+00:00
25399.349609375,25421.19921875,25351.30078125,25392.44921875,0,2025-06-26 06:45:00+00:00
25393.5,25526.5,25389.30078125,25515.94921875,0,2025-06-26 07:45:00+00:00
25517.599609375,25564.75,25480.349609375,25542.099609375,0,2025-06-26 08:45:00+00:00
25541.05078125,25559.5,25528.599609375,25530.400390625,0,2025-06-26 09:45:00+00:00
25553.44921875,25620.94921875,25524.099609375,25567.650390625,0,2025-06-27 03:45:00+00:00
25568.099609375,25610.25,25539.599609375,25606.150390625,0,2025-06-27 04:45:00+00:00
25607.349609375,25617.80078125,25595.650390625,25612.25,0,2025-06-27 05:45:00+00:00
25612.44921875,25649.150390625,25612.099609375,25616.650390625,0,2025-06-27 06:45:00+00:00
25617.349609375,25639.349609375,25608.80078125,25634.25,0,2025-06-27 07:45:00+00:00
25634.400390625,25653.349609375,25611.25,25633.0,0,2025-06-27 08:45:00+00:00
25632.599609375,25649.94921875,25629.599609375,25632.44921875,0,2025-06-27 09:45:00+00:00
25660.94921875,25664.849609375,25543.80078125,25586.400390625,0,2025-06-30 03:45:00+00:00
25586.69921875,25600.0,25537.05078125,25547.849609375,0,2025-06-30 04:45:00+00:00
25547.650390625,25589.80078125,25539.0,25585.94921875,0,2025-06-30 05:45:00+00:00
25586.900390625,25599.30078125,25499.25,25505.69921875,0,2025-06-30 06:45:00+00:00
25506.25,25518.80078125,25473.30078125,25489.650390625,0,2025-06-30 07:45:00+00:00
25490.900390625,25526.650390625,25477.599609375,25525.150390625,0,2025-06-30 08:45:00+00:00
25524.80078125,25526.099609375,25505.349609375,25507.44921875,0,2025-06-30 09:45:00+00:00
25558.19921875,25593.150390625,25513.80078125,25531.30078125,0,2025-07-01 03:45:00+00:00
25530.650390625,25554.25,25513.80078125,25524.099609375,0,2025-07-01 04:45:00+00:00
25524.400390625,25535.599609375,25502.69921875,25524.400390625,0,2025-07-01 05:45:00+00:00
25524.650390625,25551.30078125,25522.44921875,25531.19921875,0,2025-07-01 06:45:00+00:00
25531.19921875,25551.849609375,25509.19921875,25551.849609375,0,2025-07-01 07:45:00+00:00
25552.099609375,25552.19921875,25515.05078125,25537.25,0,2025-07-01 08:45:00+00:00
25537.0,25556.94921875,25527.0,25533.0,0,2025-07-01 09:45:00+00:00
25588.30078125,25605.80078125,25513.30078125,25525.80078125,0,2025-07-02 03:45:00+00:00
25526.099609375,25528.150390625,25466.75,25476.25,0,2025-07-02 04:45:00+00:00
25477.19921875,25503.94921875,25463.69921875,25498.69921875,0,2025-07-02 05:45:00+00:00
25499.5,25501.349609375,25460.5,25463.650390625,0,2025-07-02 06:45:00+00:00
25463.099609375,25463.650390625,25384.150390625,25415.44921875,0,2025-07-02 07:45:00+00:00
25415.30078125,25472.80078125,25379.400390625,25459.900390625,0,2025-07-02 08:45:00+00:00
25459.55078125,25459.900390625,25440.05078125,25444.75,0,2025-07-02 09:45:00+00:00
25496.30078125,25559.55078125,25429.900390625,25543.05078125,0,2025-07-03 03:45:00+00:00
25542.5,25567.349609375,25526.44921875,25554.19921875,0,2025-07-03 04:45:00+00:00
25554.849609375,25576.30078125,25484.849609375,25503.94921875,0,2025-07-03 05:45:00+00:00
25503.80078125,25538.55078125,25486.44921875,25507.55078125,0,2025-07-03 06:45:00+00:00
25506.900390625,25587.150390625,25479.75,25492.099609375,0,2025-07-03 07:45:00+00:00
25491.75,25495.150390625,25384.650390625,25397.94921875,0,2025-07-03 08:45:00+00:00
25399.5,25418.44921875,25388.650390625,25397.400390625,0,2025-07-03 09:45:00+00:00
25438.650390625,25458.650390625,25370.55078125,25410.25,0,2025-07-04 03:45:00+00:00
25409.599609375,25426.849609375,25395.75,25423.55078125,0,2025-07-04 04:45:00+00:00
25424.05078125,25424.94921875,25333.599609375,25352.900390625,0,2025-07-04 05:45:00+00:00
25351.900390625,25374.94921875,25345.44921875,25370.69921875,0,2025-07-04 06:45:00+00:00
25370.25,25388.69921875,25358.44921875,25384.30078125,0,2025-07-04 07:45:00+00:00
25384.19921875,25466.400390625,25373.5,25462.80078125,0,2025-07-04 08:45:00+00:00
25462.5,25469.75,25449.30078125,25467.80078125,0,2025-07-04 09:45:00+00:00
25451.94921875,25489.650390625,25408.19921875,25436.099609375,0,2025-07-07 03:45:00+00:00
25436.099609375,25478.75,25427.44921875,25457.69921875,0,2025-07-07 04:45:00+00:00
25458.900390625,25461.650390625,25425.19921875,25430.25,0,2025-07-07 05:45:00+00:00
25430.55078125,25455.349609375,25417.150390625,25448.80078125,0,2025-07-07 06:45:00+00:00
25447.599609375,25467.80078125,25438.69921875,25452.05078125,0,2025-07-07 07:45:00+00:00
25453.599609375,25466.599609375,25415.849609375,25459.94921875,0,2025-07-07 08:45:00+00:00
25459.80078125,25473.19921875,25453.349609375,25454.94921875,0,2025-07-07 09:45:00+00:00
25441.05078125,25494.69921875,25428.099609375,25448.19921875,0,2025-07-08 03:45:00+00:00
25448.900390625,25460.55078125,25431.05078125,25436.55078125,0,2025-07-08 04:45:00+00:00
25436.80078125,25461.099609375,25432.30078125,25449.900390625,0,2025-07-08 05:45:00+00:00
25450.0,25480.25,25441.599609375,25474.94921875,0,2025-07-08 06:45:00+00:00
25474.44921875,25478.80078125,25447.150390625,25460.599609375,0,2025-07-08 07:45:00+00:00
25460.80078125,25538.900390625,25447.44921875,25536.0,0,2025-07-08 08:45:00+00:00
25536.19921875,25547.400390625,25517.30078125,25523.099609375,0,2025-07-08 09:45:00+00:00
25514.599609375,25529.349609375,25472.05078125,25527.75,0,2025-07-09 03:45:00+00:00
25527.650390625,25537.25,25515.75,25534.099609375,0,2025-07-09 04:45:00+00:00
25534.150390625,25548.69921875,25503.25,25538.25,0,2025-07-09 05:45:00+00:00
25537.94921875,25545.94921875,25490.5,25524.599609375,0,2025-07-09 06:45:00+00:00
25525.400390625,25537.80078125,25516.849609375,25529.55078125,0,2025-07-09 07:45:00+00:00
25530.30078125,25533.19921875,25424.80078125,25478.44921875,0,2025-07-09 08:45:00+00:00
25478.400390625,25482.349609375,25464.400390625,25467.099609375,0,2025-07-09 09:45:00+00:00
25511.650390625,25521.849609375,25402.900390625,25412.80078125,0,2025-07-10 03:45:00+00:00
25413.05078125,25427.55078125,25375.80078125,25398.05078125,0,2025-07-10 04:45:00+00:00
25397.0,25399.69921875,25357.400390625,25368.69921875,0,2025-07-10 05:45:00+00:00
25368.25,25410.75,25365.650390625,25383.650390625,0,2025-07-10 06:45:00+00:00
25382.25,25431.05078125,25357.099609375,25395.25,0,2025-07-10 07:45:00+00:00
25393.94921875,25416.599609375,25343.349609375,25362.150390625,0,2025-07-10 08:45:00+00:00
25362.75,25374.69921875,25345.55078125,25348.25,0,2025-07-10 09:45:00+00:00
25255.5,25322.400390625,25247.099609375,25256.75,0,2025-07-11 03:45:00+00:00
25256.900390625,25257.25,25149.849609375,25179.150390625,0,2025-07-11 04:45:00+00:00
25179.05078125,25180.80078125,25136.75,25166.5,0,2025-07-11 05:45:00+00:00
25166.55078125,25205.150390625,25140.5,25155.69921875,0,2025-07-11 06:45:00+00:00
25155.69921875,25191.55078125,25144.0,25168.400390625,0,2025-07-11 07:45:00+00:00
25168.30078125,25175.80078125,25150.150390625,25150.150390625,0,2025-07-11 08:45:00+00:00
25149.80078125,25153.599609375,25130.44921875,25140.55078125,0,2025-07-11 09:45:00+00:00
25149.05078125,25149.05078125,25042.099609375,25119.80078125,0,2025-07-14 03:45:00+00:00
25120.75,25127.05078125,25061.849609375,25063.94921875,0,2025-07-14 04:45:00+00:00
25063.75,25066.400390625,25019.80078125,25045.400390625,0,2025-07-14 05:45:00+00:00
25046.44921875,25060.94921875,25002.75,25026.349609375,0,2025-07-14 06:45:00+00:00
25027.25,25058.55078125,25012.900390625,25046.650390625,0,2025-07-14 07:45:00+00:00
25046.849609375,25108.5,25037.19921875,25079.849609375,0,2025-07-14 08:45:00+00:00
25080.0,25092.69921875,25077.099609375,25087.099609375,0,2025-07-14 09:45:00+00:00
25093.0,25155.69921875,25089.25,25128.25,0,2025-07-15 03:45:00+00:00
25128.25,25243.69921875,25100.80078125,25221.400390625,0,2025-07-15 04:45:00+00:00
25221.19921875,25228.30078125,25199.55078125,25205.94921875,0,2025-07-15 05:45:00+00:00
25206.19921875,25220.400390625,25173.099609375,25204.19921875,0,2025-07-15 06:45:00+00:00
25204.75,25207.44921875,25159.5,25184.849609375,0,2025-07-15 07:45:00+00:00
25185.0,25202.849609375,25156.05078125,25201.900390625,0,2025-07-15 08:45:00+00:00
25201.94921875,25225.05078125,25198.099609375,25219.650390625,0,2025-07-15 09:45:00+00:00
25213.349609375,25213.349609375,25127.849609375,25141.75,0,2025-07-16 03:45:00+00:00
25141.30078125,25156.80078125,25121.19921875,25145.75,0,2025-07-16 04:45:00+00:00
25145.80078125,25210.0,25127.75,25179.099609375,0,2025-07-16 05:45:00+00:00
25179.150390625,25233.400390625,25171.400390625,25214.599609375,0,2025-07-16 06:45:00+00:00
25214.75,25255.30078125,25186.0,25243.75,0,2025-07-16 07:45:00+00:00
25243.400390625,25252.849609375,25207.25,25207.5,0,2025-07-16 08:45:00+00:00
25209.19921875,25215.650390625,25190.599609375,25198.55078125,0,2025-07-16 09:45:00+00:00
25233.599609375,25233.69921875,25159.69921875,25160.099609375,0,2025-07-17 03:45:00+00:00
25162.650390625,25200.099609375,25144.0,25178.900390625,0,2025-07-17 04:45:00+00:00
25177.94921875,25205.19921875,25167.099609375,25184.30078125,0,2025-07-17 05:45:00+00:00
25184.05078125,25210.44921875,25163.650390625,25167.099609375,0,2025-07-17 06:45:00+00:00
25168.05078125,25194.5,25149.25,25156.0,0,2025-07-17 07:45:00+00:00
25156.150390625,25163.05078125,25102.30078125,25120.599609375,0,2025-07-17 08:45:00+00:00
25120.099609375,25121.900390625,25106.25,25109.5,0,2025-07-17 09:45:00+00:00
25108.55078125,25144.19921875,25004.80078125,25013.19921875,0,2025-07-18 03:45:00+00:00
25013.30078125,25013.30078125,24925.599609375,24957.400390625,0,2025-07-18 04:45:00+00:00
24958.400390625,24976.55078125,24920.650390625,24933.599609375,0,2025-07-18 05:45:00+00:00
24933.400390625,24991.19921875,24919.0,24949.900390625,0,2025-07-18 06:45:00+00:00
24949.25,24994.25,24935.55078125,24970.099609375,0,2025-07-18 07:45:00+00:00
24969.349609375,25005.19921875,24952.94921875,24970.69921875,0,2025-07-18 08:45:00+00:00
24971.0,24978.400390625,24963.30078125,24965.55078125,0,2025-07-18 09:45:00+00:00
25031.19921875,25070.75,24882.5,25052.55078125,0,2025-07-21 03:45:00+00:00
25052.30078125,25079.30078125,25035.44921875,25065.69921875,0,2025-07-21 04:45:00+00:00
25065.55078125,25071.30078125,25000.099609375,25044.75,0,2025-07-21 05:45:00+00:00
25044.44921875,25059.19921875,25010.0,25047.94921875,0,2025-07-21 06:45:00+00:00
25044.900390625,25053.099609375,24988.099609375,25024.900390625,0,2025-07-21 07:45:00+00:00
25024.900390625,25090.55078125,25000.0,25088.099609375,0,2025-07-21 08:45:00+00:00
25089.849609375,25111.349609375,25084.25,25093.30078125,0,2025-07-21 09:45:00+00:00
25169.94921875,25171.44921875,25086.099609375,25111.05078125,0,2025-07-22 03:45:00+00:00
25111.30078125,25123.80078125,25055.849609375,25072.0,0,2025-07-22 04:45:00+00:00
25072.30078125,25087.599609375,25035.75,25075.099609375,0,2025-07-22 05:45:00+00:00
25075.599609375,25119.69921875,25071.099609375,25092.19921875,0,2025-07-22 06:45:00+00:00
25092.349609375,25107.650390625,25073.5,25086.44921875,0,2025-07-22 07:45:00+00:00
25086.5,25089.55078125,25044.849609375,25058.5,0,2025-07-22 08:45:00+00:00
25059.55078125,25071.05078125,25054.94921875,25064.900390625,0,2025-07-22 09:45:00+00:00
25142.94921875,25145.400390625,25085.900390625,25109.30078125,0,2025-07-23 03:45:00+00:00
25108.94921875,25142.30078125,25095.94921875,25127.849609375,0,2025-07-23 04:45:00+00:00
25128.05078125,25162.650390625,25102.80078125,25151.849609375,0,2025-07-23 05:45:00+00:00
25150.94921875,25188.5,25150.400390625,25159.19921875,0,2025-07-23 06:45:00+00:00
25159.599609375,25208.05078125,25139.94921875,25208.05078125,0,2025-07-23 07:45:00+00:00
25208.150390625,25233.400390625,25192.0,25229.349609375,0,2025-07-23 08:45:00+00:00
25228.849609375,25230.5,25205.80078125,25209.19921875,0,2025-07-23 09:45:00+00:00
25241.0,25242.849609375,25155.150390625,25158.44921875,0,2025-07-24 03:45:00+00:00
25158.55078125,25182.900390625,25146.849609375,25148.44921875,0,2025-07-24 04:45:00+00:00
25147.94921875,25148.69921875,25019.30078125,25049.44921875,0,2025-07-24 05:45:00+00:00
25049.599609375,25091.19921875,25030.650390625,25066.19921875,0,2025-07-24 06:45:00+00:00
25066.099609375,25101.599609375,25050.44921875,25091.349609375,0,2025-07-24 07:45:00+00:00
25091.0,25103.25,25046.900390625,25069.0,0,2025-07-24 08:45:00+00:00
25068.80078125,25069.599609375,25046.30078125,25051.900390625,0,2025-07-24 09:45:00+00:00
25010.349609375,25010.349609375,24903.30078125,24903.30078125,0,2025-07-25 03:45:00+00:00
24903.19921875,24903.30078125,24844.44921875,24868.5,0,2025-07-25 04:45:00+00:00
24868.900390625,24916.849609375,24831.349609375,24844.150390625,0,2025-07-25 05:45:00+00:00
24844.400390625,24886.599609375,24812.75,24857.55078125,0,2025-07-25 06:45:00+00:00
24857.55078125,24880.05078125,24807.55078125,24839.349609375,0,2025-07-25 07:45:00+00:00
24839.150390625,24854.349609375,24808.400390625,24844.400390625,0,2025-07-25 08:45:00+00:00
24844.400390625,24845.400390625,24823.05078125,24832.19921875,0,2025-07-25 09:45:00+00:00
24790.5,24853.099609375,24733.400390625,24844.25,0,2025-07-28 03:45:00+00:00
24844.099609375,24888.0,24775.400390625,24807.55078125,0,2025-07-28 04:45:00+00:00
24807.400390625,24824.599609375,24778.94921875,24782.80078125,0,2025-07-28 05:45:00+00:00
24782.55078125,24798.349609375,24701.05078125,24707.599609375,0,2025-07-28 06:45:00+00:00
24707.44921875,24714.099609375,24646.75,24675.05078125,0,2025-07-28 07:45:00+00:00
24676.900390625,24705.849609375,24670.19921875,24679.75,0,2025-07-28 08:45:00+00:00
24679.75,24687.849609375,24669.599609375,24673.94921875,0,2025-07-28 09:45:00+00:00
24619.599609375,24726.94921875,24608.30078125,24664.55078125,0,2025-07-29 03:45:00+00:00
24665.150390625,24670.900390625,24614.30078125,24658.599609375,0,2025-07-29 04:45:00+00:00
24658.650390625,24705.44921875,24658.650390625,24695.05078125,0,2025-07-29 05:45:00+00:00
24695.05078125,24737.75,24683.69921875,24734.69921875,0,2025-07-29 06:45:00+00:00
24734.69921875,24810.0,24727.19921875,24798.349609375,0,2025-07-29 07:45:00+00:00
24799.150390625,24827.94921875,24771.69921875,24813.44921875,0,2025-07-29 08:45:00+00:00
24814.150390625,24846.349609375,24813.5,24830.400390625,0,2025-07-29 09:45:00+00:00
24862.75,24880.19921875,24813.94921875,24843.05078125,0,2025-07-30 03:45:00+00:00
24843.44921875,24858.75,24773.05078125,24846.5,0,2025-07-30 04:45:00+00:00
24847.30078125,24902.30078125,24840.900390625,24851.849609375,0,2025-07-30 05:45:00+00:00
24851.849609375,24875.0,24832.650390625,24849.55078125,0,2025-07-30 06:45:00+00:00
24849.900390625,24874.900390625,24831.599609375,24859.94921875,0,2025-07-30 07:45:00+00:00
24860.150390625,24890.69921875,24850.44921875,24858.150390625,0,2025-07-30 08:45:00+00:00
24859.5,24860.44921875,24840.75,24844.55078125,0,2025-07-30 09:45:00+00:00
24654.599609375,24728.55078125,24639.55078125,24673.599609375,0,2025-07-31 03:45:00+00:00
24673.19921875,24776.19921875,24662.599609375,24747.150390625,0,2025-07-31 04:45:00+00:00
24746.94921875,24821.80078125,24742.05078125,24819.349609375,0,2025-07-31 05:45:00+00:00
24819.69921875,24927.94921875,24819.25,24900.150390625,0,2025-07-31 06:45:00+00:00
24900.44921875,24955.80078125,24890.099609375,24924.69921875,0,2025-07-31 07:45:00+00:00
24924.44921875,24926.099609375,24752.5,24762.44921875,0,2025-07-31 08:45:00+00:00
24762.30078125,24766.599609375,24747.55078125,24765.599609375,0,2025-07-31 09:45:00+00:00
24736.400390625,24759.19921875,24672.30078125,24745.650390625,0,2025-08-01 03:45:00+00:00
24745.599609375,24784.099609375,24707.099609375,24710.25,0,2025-08-01 04:45:00+00:00
24710.849609375,24718.0,24644.650390625,24654.05078125,0,2025-08-01 05:45:00+00:00
24654.94921875,24697.69921875,24611.150390625,24655.400390625,0,2025-08-01 06:45:00+00:00
24656.099609375,24692.650390625,24615.599609375,24651.75,0,2025-08-01 07:45:00+00:00
24651.44921875,24659.69921875,24535.349609375,24545.650390625,0,2025-08-01 08:45:00+00:00
24544.30078125,24575.19921875,24539.900390625,24572.150390625,0,2025-08-01 09:45:00+00:00
24600.400390625,24669.75,24555.349609375,24624.30078125,0,2025-08-04 03:45:00+00:00
24623.69921875,24669.5,24603.55078125,24664.349609375,0,2025-08-04 04:45:00+00:00
24664.5,24684.400390625,24632.55078125,24676.80078125,0,2025-08-04 05:45:00+00:00
24676.75,24722.0,24667.30078125,24698.75,0,2025-08-04 06:45:00+00:00
24698.650390625,24734.30078125,24644.099609375,24719.44921875,0,2025-08-04 07:45:00+00:00
24721.099609375,24734.349609375,24689.099609375,24719.25,0,2025-08-04 08:45:00+00:00
24719.5,24735.80078125,24718.55078125,24726.900390625,0,2025-08-04 09:45:00+00:00
24720.25,24720.400390625,24593.19921875,24618.69921875,0,2025-08-05 03:45:00+00:00
24618.75,24644.69921875,24596.849609375,24633.599609375,0,2025-08-05 04:45:00+00:00
24635.0,24668.69921875,24615.69921875,24658.69921875,0,2025-08-05 05:45:00+00:00
24658.099609375,24665.05078125,24617.0,24626.599609375,0,2025-08-05 06:45:00+00:00
24628.80078125,24629.30078125,24592.349609375,24611.650390625,0,2025-08-05 07:45:00+00:00
24612.25,24671.150390625,24592.650390625,24666.650390625,0,2025-08-05 08:45:00+00:00
24667.5,24669.30078125,24646.400390625,24648.849609375,0,2025-08-05 09:45:00+00:00
24652.0,24671.30078125,24579.80078125,24605.400390625,0,2025-08-06 03:45:00+00:00
24605.849609375,24649.44921875,24544.55078125,24561.099609375,0,2025-08-06 04:45:00+00:00
24561.55078125,24600.099609375,24550.30078125,24587.94921875,0,2025-08-06 05:45:00+00:00
24587.900390625,24633.599609375,24583.25,24618.099609375,0,2025-08-06 06:45:00+00:00
24617.400390625,24628.80078125,24578.44921875,24583.80078125,0,2025-08-06 07:45:00+00:00
24583.599609375,24601.25,24539.849609375,24576.349609375,0,2025-08-06 08:45:00+00:00
24577.599609375,24585.75,24563.400390625,24569.599609375,0,2025-08-06 09:45:00+00:00
24466.55078125,24542.69921875,24466.55078125,24476.05078125,0,2025-08-07 03:45:00+00:00
24476.94921875,24486.650390625,24388.55078125,24411.599609375,0,2025-08-07 04:45:00+00:00
24410.94921875,24449.69921875,24410.30078125,24442.30078125,0,2025-08-07 05:45:00+00:00
24440.19921875,24452.5,24398.69921875,24403.150390625,0,2025-08-07 06:45:00+00:00
24402.94921875,24442.75,24344.5,24427.599609375,0,2025-08-07 07:45:00+00:00
24427.349609375,24601.30078125,24426.599609375,24592.0,0,2025-08-07 08:45:00+00:00
24592.25,24633.80078125,24590.05078125,24626.650390625,0,2025-08-07 09:45:00+00:00
24544.25,24585.30078125,24437.55078125,24449.599609375,0,2025-08-08 03:45:00+00:00
24449.30078125,24481.25,24409.0,24440.80078125,0,2025-08-08 04:45:00+00:00
24441.05078125,24452.75,24403.05078125,24423.099609375,0,2025-08-08 05:45:00+00:00
24423.05078125,24481.349609375,24411.599609375,24435.94921875,0,2025-08-08 06:45:00+00:00
24435.94921875,24463.5,24388.25,24413.25,0,2025-08-08 07:45:00+00:00
24413.05078125,24434.849609375,24337.94921875,24344.44921875,0,2025-08-08 08:45:00+00:00
24349.19921875,24365.349609375,24339.19921875,24349.19921875,0,2025-08-08 09:45:00+00:00
24371.5,24428.349609375,24349.19921875,24410.150390625,0,2025-08-11 03:45:00+00:00
24410.44921875,24467.75,24404.349609375,24442.349609375,0,2025-08-11 04:45:00+00:00
24442.69921875,24475.150390625,24402.099609375,24445.599609375,0,2025-08-11 05:45:00+00:00
24445.599609375,24506.900390625,24429.05078125,24475.30078125,0,2025-08-11 06:45:00+00:00
24475.19921875,24543.30078125,24467.900390625,24537.0,0,2025-08-11 07:45:00+00:00
24539.44921875,24600.75,24524.19921875,24585.349609375,0,2025-08-11 08:45:00+00:00
24585.94921875,24587.150390625,24544.55078125,24560.44921875,0,2025-08-11 09:45:00+00:00
24563.349609375,24702.5,24535.69921875,24662.099609375,0,2025-08-12 03:45:00+00:00
24662.349609375,24682.0,24532.69921875,24544.19921875,0,2025-08-12 04:45:00+00:00
24544.150390625,24593.25,24531.44921875,24562.25,0,2025-08-12 05:45:00+00:00
24561.75,24640.349609375,24559.099609375,24597.400390625,0,2025-08-12 06:45:00+00:00
24597.19921875,24607.599609375,24534.849609375,24543.5,0,2025-08-12 07:45:00+00:00
24542.650390625,24562.30078125,24466.349609375,24489.05078125,0,2025-08-12 08:45:00+00:00
24490.25,24501.19921875,24477.75,24485.19921875,0,2025-08-12 09:45:00+00:00
24582.44921875,24613.599609375,24535.599609375,24580.5,0,2025-08-13 03:45:00+00:00
24580.30078125,24605.80078125,24554.400390625,24583.099609375,0,2025-08-13 04:45:00+00:00
24583.849609375,24595.349609375,24538.900390625,24578.19921875,0,2025-08-13 05:45:00+00:00
24578.150390625,24637.80078125,24567.650390625,24621.75,0,2025-08-13 06:45:00+00:00
24622.55078125,24664.30078125,24594.650390625,24658.150390625,0,2025-08-13 07:45:00+00:00
24658.900390625,24658.900390625,24611.650390625,24614.75,0,2025-08-13 08:45:00+00:00
24615.30078125,24635.650390625,24610.150390625,24630.400390625,0,2025-08-13 09:45:00+00:00
24618.400390625,24672.69921875,24615.80078125,24629.400390625,0,2025-08-14 03:45:00+00:00
24630.19921875,24673.650390625,24623.650390625,24646.5,0,2025-08-14 04:45:00+00:00
24646.25,24656.44921875,24603.849609375,24629.69921875,0,2025-08-14 05:45:00+00:00
24630.599609375,24665.55078125,24627.75,24652.30078125,0,2025-08-14 06:45:00+00:00
24653.099609375,24664.099609375,24626.400390625,24637.69921875,0,2025-08-14 07:45:00+00:00
24636.650390625,24663.30078125,24597.099609375,24630.30078125,0,2025-08-14 08:45:00+00:00
24630.349609375,24632.05078125,24607.25,24616.05078125,0,2025-08-14 09:45:00+00:00
24923.150390625,25021.25,24884.5,24988.099609375,0,2025-08-18 03:45:00+00:00
24987.599609375,25001.150390625,24946.900390625,24957.25,0,2025-08-18 04:45:00+00:00
24957.55078125,24974.05078125,24873.099609375,24873.650390625,0,2025-08-18 05:45:00+00:00
24873.69921875,24953.650390625,24852.849609375,24947.849609375,0,2025-08-18 06:45:00+00:00
24948.69921875,24959.25,24892.400390625,24930.599609375,0,2025-08-18 07:45:00+00:00
24930.349609375,24943.80078125,24869.25,24870.150390625,0,2025-08-18 08:45:00+00:00
24871.25,24890.400390625,24866.900390625,24884.05078125,0,2025-08-18 09:45:00+00:00
24907.650390625,24935.55078125,24874.05078125,24921.900390625,0,2025-08-19 03:45:00+00:00
24921.19921875,24943.44921875,24902.19921875,24935.25,0,2025-08-19 04:45:00+00:00
24935.5,24975.650390625,24927.30078125,24973.5,0,2025-08-19 05:45:00+00:00
24974.30078125,25011.94921875,24970.900390625,24986.25,0,2025-08-19 06:45:00+00:00
24986.0,25004.55078125,24919.400390625,24938.900390625,0,2025-08-19 07:45:00+00:00
24940.0,24995.400390625,24922.55078125,24975.599609375,0,2025-08-19 08:45:00+00:00
24975.69921875,24995.650390625,24973.05078125,24989.69921875,0,2025-08-19 09:45:00+00:00
24965.80078125,24995.5,24930.05078125,24995.5,0,2025-08-20 03:45:00+00:00
24995.69921875,25029.5,24985.94921875,25028.05078125,0,2025-08-20 04:45:00+00:00
25027.650390625,25043.19921875,25008.69921875,25036.900390625,0,2025-08-20 05:45:00+00:00
25037.099609375,25063.25,25029.900390625,25053.30078125,0,2025-08-20 06:45:00+00:00
25052.05078125,25084.94921875,25031.349609375,25071.69921875,0,2025-08-20 07:45:00+00:00
25071.05078125,25087.849609375,25044.650390625,25049.400390625,0,2025-08-20 08:45:00+00:00
25048.75,25059.650390625,25038.19921875,25047.150390625,0,2025-08-20 09:45:00+00:00
25138.30078125,25138.30078125,25054.900390625,25115.150390625,0,2025-08-21 03:45:00+00:00
25115.19921875,25145.599609375,25113.0,25120.400390625,0,2025-08-21 04:45:00+00:00
25121.0,25133.150390625,25096.0,25106.80078125,0,2025-08-21 05:45:00+00:00
25107.650390625,25128.400390625,25090.849609375,25118.599609375,0,2025-08-21 06:45:00+00:00
25119.099609375,25127.44921875,25075.25,25125.349609375,0,2025-08-21 07:45:00+00:00
25125.650390625,25152.099609375,25078.900390625,25081.5,0,2025-08-21 08:45:00+00:00
25081.44921875,25086.25,25068.55078125,25076.94921875,0,2025-08-21 09:45:00+00:00
25070.650390625,25079.55078125,24946.0,24961.400390625,0,2025-08-22 03:45:00+00:00
24960.44921875,24961.30078125,24897.900390625,24909.05078125,0,2025-08-22 04:45:00+00:00
24909.19921875,24959.150390625,24893.599609375,24925.5,0,2025-08-22 05:45:00+00:00
24926.150390625,24933.94921875,24912.650390625,24921.69921875,0,2025-08-22 06:45:00+00:00
24920.349609375,24952.150390625,24917.400390625,24922.0,0,2025-08-22 07:45:00+00:00
24921.900390625,24922.5,24865.849609375,24873.30078125,0,2025-08-22 08:45:00+00:00
24873.400390625,24876.75,24860.5,24869.44921875,0,2025-08-22 09:45:00+00:00
24949.150390625,24973.80078125,24899.05078125,24906.25,0,2025-08-25 03:45:00+00:00
24905.94921875,24961.849609375,24894.5,24950.44921875,0,2025-08-25 04:45:00+00:00
24950.80078125,24973.900390625,24941.69921875,24973.099609375,0,2025-08-25 05:45:00+00:00
24973.44921875,25002.849609375,24969.75,25000.849609375,0,2025-08-25 06:45:00+00:00
25001.80078125,25012.44921875,24986.0,24997.25,0,2025-08-25 07:45:00+00:00
24997.099609375,25020.19921875,24949.19921875,24954.900390625,0,2025-08-25 08:45:00+00:00
24954.75,24984.5,24952.900390625,24978.55078125,0,2025-08-25 09:45:00+00:00
24894.25,24917.69921875,24755.80078125,24797.44921875,0,2025-08-26 03:45:00+00:00
24796.94921875,24812.849609375,24765.150390625,24799.30078125,0,2025-08-26 04:45:00+00:00
24799.650390625,24838.30078125,24794.75,24799.75,0,2025-08-26 05:45:00+00:00
24800.599609375,24812.0,24775.19921875,24804.900390625,0,2025-08-26 06:45:00+00:00
24804.69921875,24824.69921875,24765.25,24772.55078125,0,2025-08-26 07:45:00+00:00
24772.69921875,24791.55078125,24690.05078125,24695.0,0,2025-08-26 08:45:00+00:00
24695.5,24717.69921875,24692.599609375,24710.69921875,0,2025-08-26 09:45:00+00:00
24699.349609375,24699.349609375,24507.599609375,24576.94921875,0,2025-08-28 03:45:00+00:00
24575.900390625,24677.900390625,24554.80078125,24653.900390625,0,2025-08-28 04:45:00+00:00
24654.19921875,24673.400390625,24611.80078125,24626.599609375,0,2025-08-28 05:45:00+00:00
24627.19921875,24631.650390625,24543.55078125,24557.900390625,0,2025-08-28 06:45:00+00:00
24560.25,24588.05078125,24531.5,24573.44921875,0,2025-08-28 07:45:00+00:00
24573.900390625,24592.099609375,24482.25,24502.25,0,2025-08-28 08:45:00+00:00
24501.5,24545.599609375,24488.75,24533.099609375,0,2025-08-28 09:45:00+00:00
24502.69921875,24563.900390625,24464.44921875,24470.849609375,0,2025-08-29 03:45:00+00:00
24471.0,24564.0,24466.25,24556.44921875,0,2025-08-29 04:45:00+00:00
24556.75,24572.44921875,24533.5,24553.25,0,2025-08-29 05:45:00+00:00
24552.849609375,24554.650390625,24495.5,24496.599609375,0,2025-08-29 06:45:00+00:00
24496.80078125,24522.0,24476.75,24513.599609375,0,2025-08-29 07:45:00+00:00
24513.30078125,24552.5,24406.55078125,24406.75,0,2025-08-29 08:45:00+00:00
24406.75,24444.900390625,24405.44921875,24433.650390625,0,2025-08-29 09:45:00+00:00
24432.69921875,24560.75,24432.69921875,24523.25,0,2025-09-01 03:45:00+00:00
24523.150390625,24553.30078125,24502.849609375,24549.400390625,0,2025-09-01 04:45:00+00:00
24548.69921875,24556.0,24517.94921875,24547.849609375,0,2025-09-01 05:45:00+00:00
24546.849609375,24592.55078125,24540.25,24591.150390625,0,2025-09-01 06:45:00+00:00
24590.5,24620.349609375,24581.5,24617.94921875,0,2025-09-01 07:45:00+00:00
24617.099609375,24635.0,24598.80078125,24625.75,0,2025-09-01 08:45:00+00:00
24624.44921875,24631.30078125,24619.849609375,24624.150390625,0,2025-09-01 09:45:00+00:00
24683.25,24747.30078125,24631.650390625,24728.75,0,2025-09-02 03:45:00+00:00
24728.849609375,24749.05078125,24708.80078125,24731.75,0,2025-09-02 04:45:00+00:00
24731.55078125,24741.400390625,24715.349609375,24726.05078125,0,2025-09-02 05:45:00+00:00
24726.599609375,24755.400390625,24710.900390625,24724.849609375,0,2025-09-02 06:45:00+00:00
24723.30078125,24726.650390625,24537.400390625,24561.30078125,0,2025-09-02 07:45:00+00:00
24558.849609375,24617.25,24524.80078125,24584.80078125,0,2025-09-02 08:45:00+00:00
24587.5,24591.75,24567.30078125,24575.0,0,2025-09-02 09:45:00+00:00
24623.75,24623.75,24533.30078125,24606.75,0,2025-09-03 03:45:00+00:00
24606.599609375,24608.19921875,24553.69921875,24576.900390625,0,2025-09-03 04:45:00+00:00
24576.30078125,24632.69921875,24557.55078125,24630.55078125,0,2025-09-03 05:45:00+00:00
24630.349609375,24648.69921875,24593.099609375,24603.0,0,2025-09-03 06:45:00+00:00
24602.94921875,24673.5,24598.19921875,24659.0,0,2025-09-03 07:45:00+00:00
24658.900390625,24736.599609375,24656.19921875,24725.349609375,0,2025-09-03 08:45:00+00:00
24724.599609375,24728.80078125,24705.05078125,24713.599609375,0,2025-09-03 09:45:00+00:00
24970.30078125,24970.30078125,24835.44921875,24835.69921875,0,2025-09-04 03:45:00+00:00
24834.94921875,24877.0,24804.75,24815.5,0,2025-09-04 04:45:00+00:00
24815.94921875,24837.69921875,24788.099609375,24806.099609375,0,2025-09-04 05:45:00+00:00
24806.349609375,24838.75,24767.19921875,24815.849609375,0,2025-09-04 06:45:00+00:00
24816.0,24828.900390625,24757.80078125,24765.5,0,2025-09-04 07:45:00+00:00
24765.55078125,24779.55078125,24713.55078125,24718.5,0,2025-09-04 08:45:00+00:00
24719.75,24751.75,24708.75,24739.80078125,0,2025-09-04 09:45:00+00:00
24818.849609375,24831.650390625,24675.30078125,24679.349609375,0,2025-09-05 03:45:00+00:00
24678.55078125,24737.75,24632.30078125,24691.94921875,0,2025-09-05 04:45:00+00:00
24691.599609375,24708.30078125,24651.55078125,24651.55078125,0,2025-09-05 05:45:00+00:00
24651.650390625,24671.5,24623.55078125,24670.650390625,0,2025-09-05 06:45:00+00:00
24671.400390625,24790.75,24667.900390625,24745.349609375,0,2025-09-05 07:45:00+00:00
24748.19921875,24765.349609375,24720.75,24735.55078125,0,2025-09-05 08:45:00+00:00
24736.400390625,24749.55078125,24734.19921875,24743.94921875,0,2025-09-05 09:45:00+00:00
24802.5,24845.44921875,24758.5,24800.44921875,0,2025-09-08 03:45:00+00:00
24800.30078125,24815.650390625,24764.94921875,24806.80078125,0,2025-09-08 04:45:00+00:00
24806.650390625,24836.849609375,24797.75,24835.75,0,2025-09-08 05:45:00+00:00
24835.349609375,24868.099609375,24821.0,24867.80078125,0,2025-09-08 06:45:00+00:00
24867.75,24870.599609375,24828.94921875,24856.099609375,0,2025-09-08 07:45:00+00:00
24856.599609375,24885.30078125,24751.849609375,24768.75,0,2025-09-08 08:45:00+00:00
24768.400390625,24800.80078125,24762.94921875,24791.19921875,0,2025-09-08 09:45:00+00:00
24861.900390625,24878.80078125,24823.599609375,24824.099609375,0,2025-09-09 03:45:00+00:00
24825.19921875,24847.0,24814.900390625,24838.5,0,2025-09-09 04:45:00+00:00
24838.05078125,24855.80078125,24814.150390625,24841.349609375,0,2025-09-09 05:45:00+00:00
24842.25,24869.30078125,24836.94921875,24854.80078125,0,2025-09-09 06:45:00+00:00
24854.80078125,24877.0,24843.599609375,24873.75,0,2025-09-09 07:45:00+00:00
24874.349609375,24891.099609375,24825.599609375,24870.349609375,0,2025-09-09 08:45:00+00:00
24871.05078125,24883.05078125,24860.900390625,24878.80078125,0,2025-09-09 09:45:00+00:00
24988.94921875,25017.099609375,24958.849609375,25005.44921875,0,2025-09-10 03:45:00+00:00
25004.30078125,25035.349609375,24990.349609375,25013.099609375,0,2025-09-10 04:45:00+00:00
25012.849609375,25014.349609375,24967.94921875,24990.150390625,0,2025-09-10 05:45:00+00:00
24990.30078125,25000.900390625,24958.69921875,24959.599609375,0,2025-09-10 06:45:00+00:00
24959.900390625,24978.650390625,24946.69921875,24962.849609375,0,2025-09-10 07:45:00+00:00
24962.80078125,24979.80078125,24915.349609375,24978.599609375,0,2025-09-10 08:45:00+00:00
24978.55078125,24987.900390625,24972.349609375,24977.55078125,0,2025-09-10 09:45:00+00:00
24945.5,25008.75,24945.5,24964.5,0,2025-09-11 03:45:00+00:00
24965.44921875,24991.80078125,24964.75,24981.0,0,2025-09-11 04:45:00+00:00
24982.0,24989.0,24956.849609375,24986.94921875,0,2025-09-11 05:45:00+00:00
24987.0,25014.69921875,24985.94921875,25007.30078125,0,2025-09-11 06:45:00+00:00
25007.05078125,25026.30078125,24991.25,25013.849609375,0,2025-09-11 07:45:00+00:00
25012.900390625,25036.94921875,24986.900390625,25000.69921875,0,2025-09-11 08:45:00+00:00
25000.80078125,25016.150390625,24992.80078125,25008.099609375,0,2025-09-11 09:45:00+00:00
25074.44921875,25085.400390625,25038.650390625,25074.69921875,0,2025-09-12 03:45:00+00:00
25074.849609375,25103.94921875,25064.19921875,25099.75,0,2025-09-12 04:45:00+00:00
25099.80078125,25139.30078125,25097.69921875,25121.05078125,0,2025-09-12 05:45:00+00:00
25120.599609375,25125.30078125,25101.900390625,25118.80078125,0,2025-09-12 06:45:00+00:00
25118.75,25129.650390625,25097.25,25117.900390625,0,2025-09-12 07:45:00+00:00
25118.400390625,25120.69921875,25099.5,25115.80078125,0,2025-09-12 08:45:00+00:00
25116.349609375,25120.099609375,25102.400390625,25104.55078125,0,2025-09-12 09:45:00+00:00
25125.05078125,25137.44921875,25070.0,25084.75,0,2025-09-15 03:45:00+00:00
25085.099609375,25102.75,25065.099609375,25075.80078125,0,2025-09-15 04:45:00+00:00
25075.75,25118.349609375,25068.75,25101.5,0,2025-09-15 05:45:00+00:00
25101.69921875,25113.30078125,25089.400390625,25104.849609375,0,2025-09-15 06:45:00+00:00
25105.5,25116.900390625,25049.0,25071.94921875,0,2025-09-15 07:45:00+00:00
25071.55078125,25114.19921875,25063.19921875,25067.099609375,0,2025-09-15 08:45:00+00:00
25067.349609375,25074.05078125,25060.69921875,25069.69921875,0,2025-09-15 09:45:00+00:00
25079.5,25181.05078125,25072.25,25165.05078125,0,2025-09-16 03:45:00+00:00
25165.05078125,25173.849609375,25149.599609375,25165.0,0,2025-09-16 04:45:00+00:00
25164.849609375,25178.05078125,25159.80078125,25173.25,0,2025-09-16 05:45:00+00:00
25172.650390625,25202.400390625,25170.05078125,25187.25,0,2025-09-16 06:45:00+00:00
25187.19921875,25188.599609375,25168.69921875,25181.05078125,0,2025-09-16 07:45:00+00:00
25181.400390625,25254.75,25177.80078125,25240.650390625,0,2025-09-16 08:45:00+00:00
25245.0,25260.5,25244.0,25254.75,0,2025-09-16 09:45:00+00:00
25276.599609375,25342.150390625,25276.599609375,25315.25,0,2025-09-17 03:45:00+00:00
25314.150390625,25339.19921875,25305.44921875,25333.69921875,0,2025-09-17 04:45:00+00:00
25333.94921875,25339.5,25317.650390625,25325.80078125,0,2025-09-17 05:45:00+00:00
25325.5,25346.25,25318.75,25335.80078125,0,2025-09-17 06:45:00+00:00
25335.400390625,25346.25,25294.349609375,25305.0,0,2025-09-17 07:45:00+00:00
25304.099609375,25337.099609375,25279.849609375,25328.150390625,0,2025-09-17 08:45:00+00:00
25328.30078125,25335.150390625,25321.30078125,25330.05078125,0,2025-09-17 09:45:00+00:00
25440.69921875,25440.69921875,25393.900390625,25408.0,0,2025-09-18 03:45:00+00:00
25408.25,25442.400390625,25402.94921875,25423.19921875,0,2025-09-18 04:45:00+00:00
25425.75,25434.44921875,25408.44921875,25418.94921875,0,2025-09-18 05:45:00+00:00
25419.69921875,25427.099609375,25347.150390625,25361.94921875,0,2025-09-18 06:45:00+00:00
25361.55078125,25389.30078125,25342.94921875,25365.75,0,2025-09-18 07:45:00+00:00
25364.75,25436.75,25330.44921875,25423.05078125,0,2025-09-18 08:45:00+00:00
25423.0,25436.099609375,25415.25,25420.75,0,2025-09-18 09:45:00+00:00
25424.650390625,25424.650390625,25297.44921875,25324.44921875,0,2025-09-19 03:45:00+00:00
25325.650390625,25345.25,25301.599609375,25310.099609375,0,2025-09-19 04:45:00+00:00
25310.099609375,25328.30078125,25286.55078125,25305.0,0,2025-09-19 05:45:00+00:00
25305.5,25332.75,25287.900390625,25330.650390625,0,2025-09-19 06:45:00+00:00
25330.099609375,25359.55078125,25327.650390625,25353.849609375,0,2025-09-19 07:45:00+00:00
25353.69921875,25360.400390625,25306.099609375,25318.44921875,0,2025-09-19 08:45:00+00:00
25319.0,25359.0,25317.19921875,25352.5,0,2025-09-19 09:45:00+00:00
25255.44921875,25330.599609375,25212.349609375,25311.44921875,0,2025-09-22 03:45:00+00:00
25311.0,25322.25,25291.150390625,25295.650390625,0,2025-09-22 04:45:00+00:00
25295.5,25300.05078125,25266.900390625,25285.5,0,2025-09-22 05:45:00+00:00
25287.400390625,25317.30078125,25283.349609375,25304.150390625,0,2025-09-22 06:45:00+00:00
25305.55078125,25306.25,25251.05078125,25276.5,0,2025-09-22 07:45:00+00:00
25277.19921875,25278.400390625,25151.599609375,25195.55078125,0,2025-09-22 08:45:00+00:00
25194.900390625,25212.849609375,25190.650390625,25200.19921875,0,2025-09-22 09:45:00+00:00
25209.0,25248.599609375,25110.30078125,25150.900390625,0,2025-09-23 03:45:00+00:00
25151.0,25154.349609375,25096.400390625,25098.55078125,0,2025-09-23 04:45:00+00:00
25098.900390625,25141.94921875,25084.80078125,25140.900390625,0,2025-09-23 05:45:00+00:00
25142.599609375,25223.80078125,25131.900390625,25197.75,0,2025-09-23 06:45:00+00:00
25197.900390625,25261.599609375,25190.94921875,25206.19921875,0,2025-09-23 07:45:00+00:00
25206.900390625,25236.25,25150.94921875,25171.900390625,0,2025-09-23 08:45:00+00:00
25174.5,25185.5,25161.599609375,25184.900390625,0,2025-09-23 09:45:00+00:00
25142.55078125,25146.25,25050.55078125,25094.69921875,0,2025-09-24 03:45:00+00:00
25093.150390625,25114.099609375,25027.900390625,25053.75,0,2025-09-24 04:45:00+00:00
25053.099609375,25093.25,25051.599609375,25092.55078125,0,2025-09-24 05:45:00+00:00
25091.30078125,25132.05078125,25085.599609375,25131.650390625,0,2025-09-24 06:45:00+00:00
25131.349609375,25142.05078125,25096.0,25100.80078125,0,2025-09-24 07:45:00+00:00
25100.599609375,25116.400390625,25039.55078125,25059.75,0,2025-09-24 08:45:00+00:00
25059.150390625,25067.25,25052.0,25060.900390625,0,2025-09-24 09:45:00+00:00
25041.55078125,25090.25,25004.900390625,25031.69921875,0,2025-09-25 03:45:00+00:00
25031.80078125,25053.80078125,24999.75,25026.099609375,0,2025-09-25 04:45:00+00:00
25027.099609375,25044.900390625,24965.55078125,24981.5,0,2025-09-25 05:45:00+00:00
24981.400390625,25010.400390625,24959.900390625,24989.69921875,0,2025-09-25 06:45:00+00:00
24989.75,25004.05078125,24949.69921875,24966.099609375,0,2025-09-25 07:45:00+00:00
24966.400390625,24984.75,24878.69921875,24883.30078125,0,2025-09-25 08:45:00+00:00
24884.19921875,24905.75,24881.80078125,24904.55078125,0,2025-09-25 09:45:00+00:00
24820.349609375,24855.5,24759.25,24780.5,0,2025-09-26 03:45:00+00:00
24780.25,24808.25,24763.5,24768.599609375,0,2025-09-26 04:45:00+00:00
24769.5,24780.849609375,24739.94921875,24764.30078125,0,2025-09-26 05:45:00+00:00
24764.400390625,24795.30078125,24753.30078125,24758.75,0,2025-09-26 06:45:00+00:00
24759.099609375,24760.5,24638.44921875,24663.55078125,0,2025-09-26 07:45:00+00:00
24663.94921875,24674.650390625,24629.650390625,24644.5,0,2025-09-26 08:45:00+00:00
24644.599609375,24674.55078125,24643.599609375,24673.099609375,0,2025-09-26 09:45:00+00:00
24720.80078125,24767.05078125,24668.25,24758.400390625,0,2025-09-29 03:45:00+00:00
24760.349609375,24791.150390625,24725.099609375,24740.44921875,0,2025-09-29 04:45:00+00:00
24741.19921875,24742.650390625,24633.94921875,24641.69921875,0,2025-09-29 05:45:00+00:00
24642.150390625,24688.75,24606.19921875,24687.05078125,0,2025-09-29 06:45:00+00:00
24686.75,24738.349609375,24656.80078125,24723.849609375,0,2025-09-29 07:45:00+00:00
24725.150390625,24745.900390625,24614.150390625,24639.650390625,0,2025-09-29 08:45:00+00:00
24639.30078125,24691.44921875,24619.44921875,24677.55078125,0,2025-09-29 09:45:00+00:00
24703.150390625,24731.55078125,24633.650390625,24636.69921875,0,2025-09-30 03:45:00+00:00
24637.0,24670.69921875,24594.30078125,24666.900390625,0,2025-09-30 04:45:00+00:00
24666.75,24683.5,24625.599609375,24646.19921875,0,2025-09-30 05:45:00+00:00
24646.25,24683.44921875,24642.599609375,24664.94921875,0,2025-09-30 06:45:00+00:00
24664.400390625,24680.05078125,24600.400390625,24623.900390625,0,2025-09-30 07:45:00+00:00
24624.19921875,24654.0,24588.0,24614.849609375,0,2025-09-30 08:45:00+00:00
24613.5,24634.900390625,24603.30078125,24633.599609375,0,2025-09-30 09:45:00+00:00
24632.400390625,24693.25,24606.150390625,24659.94921875,0,2025-10-01 03:45:00+00:00
24658.599609375,24704.5,24645.05078125,24702.19921875,0,2025-10-01 04:45:00+00:00
24703.05078125,24811.80078125,24703.05078125,24803.349609375,0,2025-10-01 05:45:00+00:00
24803.05078125,24808.349609375,24747.05078125,24770.69921875,0,2025-10-01 06:45:00+00:00
24770.19921875,24811.5,24755.05078125,24795.19921875,0,2025-10-01 07:45:00+00:00
24796.150390625,24867.849609375,24775.75,24822.5,0,2025-10-01 08:45:00+00:00
24824.0,24853.400390625,24821.19921875,24853.400390625,0,2025-10-01 09:45:00+00:00
24783.0,24838.900390625,24748.150390625,24798.349609375,0,2025-10-03 03:45:00+00:00
24798.5,24822.349609375,24772.94921875,24815.599609375,0,2025-10-03 04:45:00+00:00
24815.05078125,24850.75,24810.44921875,24840.400390625,0,2025-10-03 05:45:00+00:00
24839.94921875,24847.0,24796.80078125,24843.650390625,0,2025-10-03 06:45:00+00:00
24843.25,24844.69921875,24808.150390625,24809.05078125,0,2025-10-03 07:45:00+00:00
24808.150390625,24904.75,24808.150390625,24888.5,0,2025-10-03 08:45:00+00:00
24888.94921875,24900.80078125,24879.5,24895.0,0,2025-10-03 09:45:00+00:00
24923.900390625,24972.19921875,24881.900390625,24968.900390625,0,2025-10-06 03:45:00+00:00
24969.650390625,25016.30078125,24960.849609375,25014.80078125,0,2025-10-06 04:45:00+00:00
25014.900390625,25015.55078125,24982.55078125,25008.05078125,0,2025-10-06 05:45:00+00:00
25008.150390625,25063.30078125,24998.19921875,25060.05078125,0,2025-10-06 06:45:00+00:00
25058.55078125,25088.19921875,25026.150390625,25059.75,0,2025-10-06 07:45:00+00:00
25059.650390625,25095.69921875,25032.44921875,25074.5,0,2025-10-06 08:45:00+00:00
25075.05078125,25084.650390625,25064.599609375,25072.55078125,0,2025-10-06 09:45:00+00:00
25087.55078125,25201.94921875,25077.099609375,25183.650390625,0,2025-10-07 03:45:00+00:00
25185.150390625,25195.94921875,25143.5,25152.19921875,0,2025-10-07 04:45:00+00:00
25152.0,25175.30078125,25098.19921875,25154.30078125,0,2025-10-07 05:45:00+00:00
25154.25,25193.69921875,25140.599609375,25188.099609375,0,2025-10-07 06:45:00+00:00
25188.650390625,25216.349609375,25165.849609375,25212.55078125,0,2025-10-07 07:45:00+00:00
25212.25,25220.349609375,25085.900390625,25091.0,0,2025-10-07 08:45:00+00:00
25091.599609375,25121.55078125,25088.599609375,25112.80078125,0,2025-10-07 09:45:00+00:00
25091.19921875,25192.0,25090.80078125,25149.55078125,0,2025-10-08 03:45:00+00:00
25148.349609375,25152.849609375,25041.55078125,25042.650390625,0,2025-10-08 04:45:00+00:00
25042.05078125,25069.849609375,25022.599609375,25051.099609375,0,2025-10-08 05:45:00+00:00
25050.849609375,25103.900390625,25008.55078125,25098.05078125,0,2025-10-08 06:45:00+00:00
25096.650390625,25134.349609375,25051.150390625,25070.30078125,0,2025-10-08 07:45:00+00:00
25073.19921875,25084.849609375,25032.400390625,25036.400390625,0,2025-10-08 08:45:00+00:00
25035.849609375,25047.400390625,25022.349609375,25023.80078125,0,2025-10-08 09:45:00+00:00
25074.30078125,25119.900390625,25024.30078125,25041.80078125,0,2025-10-09 03:45:00+00:00
25042.05078125,25157.599609375,25032.75,25152.55078125,0,2025-10-09 04:45:00+00:00
25152.849609375,25181.099609375,25122.900390625,25140.0,0,2025-10-09 05:45:00+00:00
25140.349609375,25161.400390625,25119.75,25132.94921875,0,2025-10-09 06:45:00+00:00
25132.900390625,25182.44921875,25127.69921875,25140.25,0,2025-10-09 07:45:00+00:00
25139.69921875,25199.05078125,25120.5,25177.69921875,0,2025-10-09 08:45:00+00:00
25177.44921875,25194.44921875,25160.900390625,25170.30078125,0,2025-10-09 09:45:00+00:00
25177.25,25284.650390625,25157.19921875,25262.44921875,0,2025-10-10 03:45:00+00:00
25262.44921875,25310.69921875,25257.75,25309.94921875,0,2025-10-10 04:45:00+00:00
25310.349609375,25315.19921875,25266.849609375,25286.30078125,0,2025-10-10 05:45:00+00:00
25286.599609375,25320.650390625,25274.349609375,25306.19921875,0,2025-10-10 06:45:00+00:00
25308.0,25330.19921875,25279.55078125,25305.80078125,0,2025-10-10 07:45:00+00:00
25305.69921875,25316.099609375,25266.25,25284.19921875,0,2025-10-10 08:45:00+00:00
25283.0,25298.0,25276.19921875,25278.19921875,0,2025-10-10 09:45:00+00:00
25182.80078125,25239.849609375,25153.5,25199.25,0,2025-10-13 03:45:00+00:00
25199.349609375,25229.400390625,25175.69921875,25191.400390625,0,2025-10-13 04:45:00+00:00
25191.099609375,25203.400390625,25161.900390625,25189.650390625,0,2025-10-13 05:45:00+00:00
25187.150390625,25212.25,25168.849609375,25210.0,0,2025-10-13 06:45:00+00:00
25209.05078125,25222.400390625,25176.650390625,25207.5,0,2025-10-13 07:45:00+00:00
25210.75,25266.94921875,25195.55078125,25220.44921875,0,2025-10-13 08:45:00+00:00
25221.099609375,25246.25,25220.150390625,25237.150390625,0,2025-10-13 09:45:00+00:00
25260.0,25310.099609375,25176.849609375,25196.69921875,0,2025-10-14 03:45:00+00:00
25196.650390625,25240.25,25159.55078125,25174.0,0,2025-10-14 04:45:00+00:00
25173.650390625,25173.94921875,25101.94921875,25118.349609375,0,2025-10-14 05:45:00+00:00
25118.44921875,25128.5,25061.25,25084.05078125,0,2025-10-14 06:45:00+00:00
25084.55078125,25137.94921875,25079.55078125,25122.75,0,2025-10-14 07:45:00+00:00
25123.0,25197.44921875,25099.19921875,25144.80078125,0,2025-10-14 08:45:00+00:00
25145.25,25161.400390625,25112.69921875,25123.349609375,0,2025-10-14 09:45:00+00:00
25181.55078125,25267.30078125,25163.19921875,25251.25,0,2025-10-15 03:45:00+00:00
25250.55078125,25326.0,25250.05078125,25292.599609375,0,2025-10-15 04:45:00+00:00
25292.25,25322.900390625,25288.25,25288.25,0,2025-10-15 05:45:00+00:00
25289.30078125,25336.099609375,25282.69921875,25325.5,0,2025-10-15 06:45:00+00:00
25326.900390625,25364.349609375,25311.900390625,25326.900390625,0,2025-10-15 07:45:00+00:00
25328.25,25337.94921875,25287.099609375,25327.94921875,0,2025-10-15 08:45:00+00:00
25328.19921875,25336.650390625,25323.849609375,25327.75,0,2025-10-15 09:45:00+00:00
25401.0,25452.75,25382.849609375,25423.44921875,0,2025-10-16 03:45:00+00:00
25423.650390625,25472.599609375,25417.55078125,25462.25,0,2025-10-16 04:45:00+00:00
25461.75,25478.05078125,25441.599609375,25477.0,0,2025-10-16 05:45:00+00:00
25476.900390625,25525.599609375,25474.75,25524.0,0,2025-10-16 06:45:00+00:00
25523.80078125,25576.400390625,25504.099609375,25551.849609375,0,2025-10-16 07:45:00+00:00
25552.650390625,25624.80078125,25552.599609375,25568.55078125,0,2025-10-16 08:45:00+00:00
25567.80078125,25582.900390625,25565.900390625,25566.30078125,0,2025-10-16 09:45:00+00:00
25541.30078125,25677.0,25508.94921875,25670.150390625,0,2025-10-17 03:45:00+00:00
25670.150390625,25757.94921875,25665.099609375,25750.650390625,0,2025-10-17 04:45:00+00:00
25751.05078125,25776.69921875,25710.400390625,25760.599609375,0,2025-10-17 05:45:00+00:00
25763.94921875,25780.94921875,25652.80078125,25668.75,0,2025-10-17 06:45:00+00:00
25670.25,25709.099609375,25620.44921875,25682.099609375,0,2025-10-17 07:45:00+00:00
25683.94921875,25751.69921875,25658.25,25708.349609375,0,2025-10-17 08:45:00+00:00
25708.30078125,25717.349609375,25696.0,25704.69921875,0,2025-10-17 09:45:00+00:00
25816.349609375,25924.650390625,25788.55078125,25856.55078125,0,2025-10-20 03:45:00+00:00
25859.19921875,25892.94921875,25816.349609375,25873.80078125,0,2025-10-20 04:45:00+00:00
25874.900390625,25878.25,25822.349609375,25855.25,0,2025-10-20 05:45:00+00:00
25854.55078125,25910.25,25833.849609375,25898.400390625,0,2025-10-20 06:45:00+00:00
25897.900390625,25901.5,25837.650390625,25861.05078125,0,2025-10-20 07:45:00+00:00
25860.5,25884.150390625,25796.75,25846.30078125,0,2025-10-20 08:45:00+00:00
25845.150390625,25861.599609375,25839.55078125,25850.69921875,0,2025-10-20 09:45:00+00:00
25901.19921875,25932.5,25873.80078125,25896.900390625,0,2025-10-21 07:45:00+00:00
25897.0,25908.099609375,25826.25,25868.599609375,0,2025-10-21 08:45:00+00:00
26058.5,26096.69921875,25991.849609375,26095.900390625,0,2025-10-23 03:45:00+00:00
26095.900390625,26099.599609375,26044.0,26058.0,0,2025-10-23 04:45:00+00:00
26057.05078125,26087.05078125,26041.900390625,26077.099609375,0,2025-10-23 05:45:00+00:00
26076.650390625,26103.80078125,26038.44921875,26059.599609375,0,2025-10-23 06:45:00+00:00
26059.05078125,26079.30078125,25946.69921875,25958.55078125,0,2025-10-23 07:45:00+00:00
25958.19921875,25996.849609375,25863.5,25865.349609375,0,2025-10-23 08:45:00+00:00
25864.5,25900.30078125,25862.599609375,25870.30078125,0,2025-10-23 09:45:00+00:00
25939.30078125,25939.30078125,25840.400390625,25876.19921875,0,2025-10-24 03:45:00+00:00
25875.75,25875.75,25796.5,25827.30078125,0,2025-10-24 04:45:00+00:00
25826.30078125,25857.849609375,25783.75,25850.44921875,0,2025-10-24 05:45:00+00:00
25850.25,25874.69921875,25806.0,25825.94921875,0,2025-10-24 06:45:00+00:00
25826.400390625,25831.099609375,25718.650390625,25755.400390625,0,2025-10-24 07:45:00+00:00
25755.400390625,25807.75,25737.94921875,25799.5,0,2025-10-24 08:45:00+00:00
25798.94921875,25809.25,25790.150390625,25797.44921875,0,2025-10-24 09:45:00+00:00
25851.94921875,25974.849609375,25828.099609375,25961.849609375,0,2025-10-27 03:45:00+00:00
25962.75,25981.30078125,25946.75,25976.30078125,0,2025-10-27 04:45:00+00:00
25975.650390625,26004.900390625,25946.25,25996.25,0,2025-10-27 05:45:00+00:00
25996.849609375,26001.099609375,25956.30078125,25970.599609375,0,2025-10-27 06:45:00+00:00
25970.650390625,25971.0,25918.400390625,25938.5,0,2025-10-27 07:45:00+00:00
25939.30078125,25984.900390625,25926.75,25963.80078125,0,2025-10-27 08:45:00+00:00
25963.75,25981.0,25958.05078125,25974.0,0,2025-10-27 09:45:00+00:00
25937.099609375,26040.900390625,25886.55078125,25905.25,0,2025-10-28 03:45:00+00:00
25905.099609375,25912.5,25840.19921875,25852.30078125,0,2025-10-28 04:45:00+00:00
25852.25,25899.400390625,25826.400390625,25843.650390625,0,2025-10-28 05:45:00+00:00
25843.94921875,25949.05078125,25829.650390625,25926.349609375,0,2025-10-28 06:45:00+00:00
25926.05078125,25956.0,25841.55078125,25873.69921875,0,2025-10-28 07:45:00+00:00
25872.650390625,25948.75,25810.5,25943.0,0,2025-10-28 08:45:00+00:00
25941.849609375,25968.150390625,25940.55078125,25965.400390625,0,2025-10-28 09:45:00+00:00
25979.900390625,26024.80078125,25960.55078125,25997.69921875,0,2025-10-29 03:45:00+00:00
25998.19921875,26064.0,25987.650390625,26022.44921875,0,2025-10-29 04:45:00+00:00
26022.30078125,26063.650390625,26007.900390625,26054.75,0,2025-10-29 05:45:00+00:00
26055.19921875,26084.30078125,26048.94921875,26080.25,0,2025-10-29 06:45:00+00:00
26080.0,26097.849609375,26038.900390625,26052.849609375,0,2025-10-29 07:45:00+00:00
26053.150390625,26082.400390625,26015.30078125,26043.55078125,0,2025-10-29 08:45:00+00:00
26044.80078125,26075.5,26042.80078125,26068.30078125,0,2025-10-29 09:45:00+00:00
26006.400390625,26028.30078125,25892.75,25959.44921875,0,2025-10-30 03:45:00+00:00
25959.5,25967.400390625,25911.94921875,25956.099609375,0,2025-10-30 04:45:00+00:00
25956.30078125,25975.0,25902.25,25912.25,0,2025-10-30 05:45:00+00:00
25911.849609375,25927.599609375,25896.900390625,25923.05078125,0,2025-10-30 06:45:00+00:00
25924.0,25932.349609375,25864.44921875,25889.349609375,0,2025-10-30 07:45:00+00:00
25887.75,25917.80078125,25845.55078125,25873.75,0,2025-10-30 08:45:00+00:00
25874.599609375,25893.94921875,25873.80078125,25891.19921875,0,2025-10-30 09:45:00+00:00
25863.80078125,25953.69921875,25822.19921875,25878.849609375,0,2025-10-31 03:45:00+00:00
25879.0,25879.0,25763.349609375,25776.75,0,2025-10-31 04:45:00+00:00
25777.19921875,25834.75,25769.55078125,25797.849609375,0,2025-10-31 05:45:00+00:00
25798.150390625,25816.400390625,25779.900390625,25800.150390625,0,2025-10-31 06:45:00+00:00
25800.650390625,25809.849609375,25754.150390625,25776.55078125,0,2025-10-31 07:45:00+00:00
25777.400390625,25786.400390625,25713.0,25715.55078125,0,2025-10-31 08:45:00+00:00
25715.75,25736.25,25711.400390625,25731.900390625,0,2025-10-31 09:45:00+00:00
25694.099609375,25761.5,25645.94921875,25712.349609375,0,2025-11-03 03:45:00+00:00
25711.849609375,25773.30078125,25695.349609375,25753.900390625,0,2025-11-03 04:45:00+00:00
25753.94921875,25760.900390625,25700.599609375,25702.69921875,0,2025-11-03 05:45:00+00:00
25703.099609375,25759.80078125,25697.0,25752.099609375,0,2025-11-03 06:45:00+00:00
25752.0,25780.349609375,25726.94921875,25770.80078125,0,2025-11-03 07:45:00+00:00
25771.099609375,25802.5,25736.55078125,25765.94921875,0,2025-11-03 08:45:00+00:00
25765.599609375,25785.900390625,25761.75,25774.30078125,0,2025-11-03 09:45:00+00:00
25744.75,25785.69921875,25685.400390625,25698.19921875,0,2025-11-04 03:45:00+00:00
25698.55078125,25720.55078125,25674.05078125,25684.69921875,0,2025-11-04 04:45:00+00:00
25684.69921875,25692.05078125,25649.099609375,25680.5,0,2025-11-04 05:45:00+00:00
25680.5,25690.400390625,25654.0,25658.55078125,0,2025-11-04 06:45:00+00:00
25660.349609375,25683.05078125,25607.5,25616.5,0,2025-11-04 07:45:00+00:00
25617.05078125,25634.650390625,25585.150390625,25601.25,0,2025-11-04 08:45:00+00:00
25600.0,25602.94921875,25579.44921875,25585.349609375,0,2025-11-04 09:45:00+00:00
25604.05078125,25678.150390625,25542.44921875,25542.75,0,2025-11-06 03:45:00+00:00
25542.900390625,25575.25,25520.75,25560.5,0,2025-11-06 04:45:00+00:00
25560.69921875,25574.400390625,25525.0,25546.650390625,0,2025-11-06 05:45:00+00:00
25546.650390625,25616.849609375,25530.55078125,25583.599609375,0,2025-11-06 06:45:00+00:00
25584.19921875,25603.099609375,25516.0,25552.94921875,0,2025-11-06 07:45:00+00:00
25552.25,25564.599609375,25491.75,25500.599609375,0,2025-11-06 08:45:00+00:00
25500.349609375,25521.44921875,25498.69921875,25519.94921875,0,2025-11-06 09:45:00+00:00
25433.80078125,25438.5,25318.650390625,25343.25,0,2025-11-07 03:45:00+00:00
25343.94921875,25413.80078125,25338.19921875,25409.94921875,0,2025-11-07 04:45:00+00:00
25410.55078125,25471.05078125,25405.150390625,25454.19921875,0,2025-11-07 05:45:00+00:00
25454.849609375,25502.349609375,25447.05078125,25486.30078125,0,2025-11-07 06:45:00+00:00
25487.5,25550.80078125,25456.599609375,25474.400390625,0,2025-11-07 07:45:00+00:00
25474.0,25540.5,25469.30078125,25486.849609375,0,2025-11-07 08:45:00+00:00
25486.599609375,25516.099609375,25485.75,25510.80078125,0,2025-11-07 09:45:00+00:00
25515.80078125,25595.5,25515.30078125,25576.0,0,2025-11-10 03:45:00+00:00
25575.900390625,25631.80078125,25575.19921875,25629.900390625,0,2025-11-10 04:45:00+00:00
25629.099609375,25651.44921875,25618.75,25624.30078125,0,2025-11-10 05:45:00+00:00
25623.099609375,25653.19921875,25620.30078125,25630.25,0,2025-11-10 06:45:00+00:00
25630.75,25642.94921875,25579.5,25618.900390625,0,2025-11-10 07:45:00+00:00
25620.19921875,25649.44921875,25562.099609375,25565.44921875,0,2025-11-10 08:45:00+00:00
25565.05078125,25579.05078125,25563.55078125,25574.25,0,2025-11-10 09:45:00+00:00
25616.150390625,25634.400390625,25487.5,25501.94921875,0,2025-11-11 03:45:00+00:00
25502.30078125,25512.30078125,25450.849609375,25478.44921875,0,2025-11-11 04:45:00+00:00
25478.55078125,25556.44921875,25463.19921875,25538.30078125,0,2025-11-11 05:45:00+00:00
25538.19921875,25590.55078125,25534.30078125,25588.349609375,0,2025-11-11 06:45:00+00:00
25587.849609375,25672.5,25586.80078125,25647.19921875,0,2025-11-11 07:45:00+00:00
25646.400390625,25702.150390625,25645.150390625,25694.900390625,0,2025-11-11 08:45:00+00:00
25695.30078125,25713.80078125,25686.94921875,25705.55078125,0,2025-11-11 09:45:00+00:00
25822.599609375,25863.849609375,25781.25,25839.849609375,0,2025-11-12 03:45:00+00:00
25839.75,25884.19921875,25829.94921875,25881.900390625,0,2025-11-12 04:45:00+00:00
25882.599609375,25907.599609375,25878.5,25888.75,0,2025-11-12 05:45:00+00:00
25887.900390625,25926.75,25887.150390625,25923.25,0,2025-11-12 06:45:00+00:00
25922.94921875,25934.0,25878.099609375,25893.30078125,0,2025-11-12 07:45:00+00:00
25893.19921875,25908.5,25869.599609375,25884.400390625,0,2025-11-12 08:45:00+00:00
25884.349609375,25885.0,25853.55078125,25874.0,0,2025-11-12 09:45:00+00:00
25902.44921875,25902.44921875,25809.0,25898.5,0,2025-11-13 03:45:00+00:00
25898.55078125,25975.75,25892.44921875,25963.349609375,0,2025-11-13 04:45:00+00:00
25963.400390625,25984.75,25958.05078125,25980.099609375,0,2025-11-13 05:45:00+00:00
25980.5,25989.400390625,25936.849609375,25977.94921875,0,2025-11-13 06:45:00+00:00
25978.55078125,26010.0,25871.099609375,25894.44921875,0,2025-11-13 07:45:00+00:00
25894.0,25939.94921875,25866.099609375,25878.55078125,0,2025-11-13 08:45:00+00:00
25878.19921875,25903.099609375,25868.44921875,25884.099609375,0,2025-11-13 09:45:00+00:00
25776.849609375,25878.94921875,25765.0,25780.05078125,0,2025-11-14 03:45:00+00:00
25779.69921875,25864.05078125,25751.849609375,25855.25,0,2025-11-14 04:45:00+00:00
25854.75,25863.099609375,25786.150390625,25826.400390625,0,2025-11-14 05:45:00+00:00
25824.75,25839.25,25781.75,25799.599609375,0,2025-11-14 06:45:00+00:00
25799.0,25820.19921875,25741.69921875,25774.400390625,0,2025-11-14 07:45:00+00:00
25772.849609375,25939.650390625,25757.150390625,25930.19921875,0,2025-11-14 08:45:00+00:00
25930.94921875,25936.80078125,25906.30078125,25916.80078125,0,2025-11-14 09:45:00+00:00
25940.599609375,25979.5,25906.599609375,25949.30078125,0,2025-11-17 03:45:00+00:00
25949.44921875,25971.349609375,25924.75,25946.19921875,0,2025-11-17 04:45:00+00:00
25946.80078125,25973.80078125,25915.099609375,25967.650390625,0,2025-11-17 05:45:00+00:00
25968.5,25996.19921875,25962.69921875,25980.94921875,0,2025-11-17 06:45:00+00:00
25980.349609375,26022.94921875,25965.650390625,26010.5,0,2025-11-17 07:45:00+00:00
26011.19921875,26014.94921875,25977.19921875,26012.400390625,0,2025-11-17 08:45:00+00:00
26013.150390625,26023.650390625,26009.349609375,26014.30078125,0,2025-11-17 09:45:00+00:00
26023.599609375,26023.599609375,25882.30078125,25895.849609375,0,2025-11-18 03:45:00+00:00
25895.25,25936.19921875,25877.25,25933.900390625,0,2025-11-18 04:45:00+00:00
25932.599609375,25983.19921875,25924.19921875,25962.5,0,2025-11-18 05:45:00+00:00
25962.5,25965.19921875,25927.599609375,25953.5,0,2025-11-18 06:45:00+00:00
25952.94921875,25997.150390625,25952.94921875,25988.69921875,0,2025-11-18 07:45:00+00:00
25988.44921875,25994.94921875,25897.349609375,25897.75,0,2025-11-18 08:45:00+00:00
25896.94921875,25909.05078125,25876.75,25894.69921875,0,2025-11-18 09:45:00+00:00
25929.849609375,25954.5,25856.69921875,25952.099609375,0,2025-11-19 03:45:00+00:00
25952.30078125,25978.900390625,25925.599609375,25927.0,0,2025-11-19 04:45:00+00:00
25927.19921875,25999.75,25917.80078125,25993.30078125,0,2025-11-19 05:45:00+00:00
25993.5,26038.599609375,25993.5,26027.900390625,0,2025-11-19 06:45:00+00:00
26029.0,26034.0,25987.30078125,26033.0,0,2025-11-19 07:45:00+00:00
26033.099609375,26074.55078125,26032.55078125,26059.099609375,0,2025-11-19 08:45:00+00:00
26059.25,26059.650390625,26041.150390625,26052.69921875,0,2025-11-19 09:45:00+00:00
26128.69921875,26128.69921875,26064.05078125,26099.650390625,0,2025-11-20 03:45:00+00:00
26100.69921875,26144.849609375,26097.400390625,26133.099609375,0,2025-11-20 04:45:00+00:00
26133.400390625,26152.599609375,26125.849609375,26146.05078125,0,2025-11-20 05:45:00+00:00
26146.150390625,26184.69921875,26135.349609375,26177.80078125,0,2025-11-20 06:45:00+00:00
26177.099609375,26227.80078125,26172.900390625,26224.650390625,0,2025-11-20 07:45:00+00:00
26224.25,26246.19921875,26169.599609375,26203.19921875,0,2025-11-20 08:45:00+00:00
26204.599609375,26205.25,26187.30078125,26197.400390625,0,2025-11-20 09:45:00+00:00
26121.19921875,26173.69921875,26082.05078125,26087.400390625,0,2025-11-21 03:45:00+00:00
26088.0,26110.55078125,26055.94921875,26106.69921875,0,2025-11-21 04:45:00+00:00
26107.19921875,26126.349609375,26070.94921875,26123.900390625,0,2025-11-21 05:45:00+00:00
26124.55078125,26179.099609375,26122.55078125,26135.55078125,0,2025-11-21 06:45:00+00:00
26136.400390625,26148.69921875,26099.349609375,26147.150390625,0,2025-11-21 07:45:00+00:00
26146.75,26161.69921875,26064.05078125,26069.349609375,0,2025-11-21 08:45:00+00:00
26070.150390625,26080.400390625,26052.80078125,26063.94921875,0,2025-11-21 09:45:00+00:00
26128.30078125,26134.19921875,26064.69921875,26128.5,0,2025-11-24 03:45:00+00:00
26129.05078125,26142.5,26094.400390625,26098.099609375,0,2025-11-24 04:45:00+00:00
26098.400390625,26130.94921875,26063.400390625,26069.099609375,0,2025-11-24 05:45:00+00:00
26068.650390625,26093.30078125,26047.0,26080.599609375,0,2025-11-24 06:45:00+00:00
26081.80078125,26096.05078125,26035.099609375,26057.150390625,0,2025-11-24 07:45:00+00:00
26054.650390625,26060.05078125,25952.55078125,25954.400390625,0,2025-11-24 08:45:00+00:00
25954.55078125,25960.650390625,25913.0,25943.349609375,0,2025-11-24 09:45:00+00:00
25997.599609375,26025.25,25924.55078125,26018.599609375,0,2025-11-25 03:45:00+00:00
26019.349609375,26024.0,25927.150390625,25945.19921875,0,2025-11-25 04:45:00+00:00
25945.25,25994.75,25942.349609375,25981.400390625,0,2025-11-25 05:45:00+00:00
25981.599609375,26009.30078125,25954.349609375,25990.25,0,2025-11-25 06:45:00+00:00
25990.0,26028.55078125,25983.349609375,26020.25,0,2025-11-25 07:45:00+00:00
26020.599609375,26032.099609375,25869.75,25886.0,0,2025-11-25 08:45:00+00:00
25886.05078125,25886.05078125,25858.400390625,25860.30078125,0,2025-11-25 09:45:00+00:00
25842.94921875,26098.19921875,25842.94921875,26084.5,0,2025-11-26 03:45:00+00:00
26084.25,26130.5,26061.900390625,26116.5,0,2025-11-26 04:45:00+00:00
26116.75,26161.19921875,26115.900390625,26156.849609375,0,2025-11-26 05:45:00+00:00
26156.94921875,26195.25,26147.25,26188.900390625,0,2025-11-26 06:45:00+00:00
26188.55078125,26211.94921875,26151.900390625,26197.349609375,0,2025-11-26 07:45:00+00:00
26197.599609375,26214.80078125,26159.05078125,26212.599609375,0,2025-11-26 08:45:00+00:00
26213.5,26213.5,26196.599609375,26202.69921875,0,2025-11-26 09:45:00+00:00
26261.25,26304.150390625,26210.849609375,26283.0,0,2025-11-27 03:45:00+00:00
26282.69921875,26310.05078125,26265.650390625,26297.650390625,0,2025-11-27 04:45:00+00:00
26297.650390625,26302.349609375,26228.650390625,26243.94921875,0,2025-11-27 05:45:00+00:00
26244.0,26256.94921875,26175.80078125,26178.30078125,0,2025-11-27 06:45:00+00:00
26177.25,26197.25,26142.150390625,26180.94921875,0,2025-11-27 07:45:00+00:00
26180.5,26228.19921875,26172.30078125,26213.150390625,0,2025-11-27 08:45:00+00:00
26212.650390625,26234.19921875,26207.599609375,26220.80078125,0,2025-11-27 09:45:00+00:00
26246.900390625,26267.19921875,26172.900390625,26240.400390625,0,2025-11-28 03:45:00+00:00
26240.650390625,26280.19921875,26218.80078125,26266.5,0,2025-11-28 04:45:00+00:00
26266.900390625,26273.25,26232.599609375,26240.75,0,2025-11-28 05:45:00+00:00
26239.349609375,26240.55078125,26204.0,26217.900390625,0,2025-11-28 06:45:00+00:00
26217.44921875,26234.900390625,26194.0,26200.75,0,2025-11-28 07:45:00+00:00
26200.94921875,26222.44921875,26194.900390625,26197.55078125,0,2025-11-28 08:45:00+00:00
26197.44921875,26213.650390625,26191.900390625,26204.55078125,0,2025-11-28 09:45:00+00:00
26319.900390625,26319.900390625,26263.94921875,26284.94921875,0,2025-12-01 03:45:00+00:00
26283.650390625,26289.55078125,26224.55078125,26242.400390625,0,2025-12-01 04:45:00+00:00
26242.599609375,26261.900390625,26168.900390625,26175.650390625,0,2025-12-01 05:45:00+00:00
26175.900390625,26188.55078125,26149.849609375,26186.94921875,0,2025-12-01 06:45:00+00:00
26187.05078125,26228.94921875,26164.650390625,26213.849609375,0,2025-12-01 07:45:00+00:00
26214.55078125,26217.599609375,26124.80078125,26179.5,0,2025-12-01 08:45:00+00:00
26179.650390625,26185.05078125,26166.94921875,26175.94921875,0,2025-12-01 09:45:00+00:00
26096.05078125,26154.599609375,26055.650390625,26058.69921875,0,2025-12-02 03:45:00+00:00
26058.900390625,26100.5,26047.099609375,26080.75,0,2025-12-02 04:45:00+00:00
26080.55078125,26085.30078125,26041.05078125,26051.55078125,0,2025-12-02 05:45:00+00:00
26051.75,26085.099609375,26032.05078125,26035.80078125,0,2025-12-02 06:45:00+00:00
26035.400390625,26061.650390625,26028.849609375,26045.05078125,0,2025-12-02 07:45:00+00:00
26045.599609375,26046.75,25999.099609375,26036.75,0,2025-12-02 08:45:00+00:00
26036.400390625,26060.30078125,26027.80078125,26057.0,0,2025-12-02 09:45:00+00:00
26004.900390625,26062.650390625,25898.19921875,25928.099609375,0,2025-12-03 03:45:00+00:00
25928.19921875,25939.900390625,25897.099609375,25920.400390625,0,2025-12-03 04:45:00+00:00
25919.650390625,25962.0,25891.150390625,25954.19921875,0,2025-12-03 05:45:00+00:00
25952.80078125,25966.849609375,25916.0,25938.75,0,2025-12-03 06:45:00+00:00
25938.099609375,25955.5,25905.650390625,25948.900390625,0,2025-12-03 07:45:00+00:00
25948.349609375,26005.55078125,25918.44921875,25992.75,0,2025-12-03 08:45:00+00:00
25992.44921875,25995.05078125,25976.349609375,25981.150390625,0,2025-12-03 09:45:00+00:00
25981.849609375,26044.849609375,25940.099609375,26041.900390625,0,2025-12-04 03:45:00+00:00
26042.75,26097.80078125,26037.150390625,26077.05078125,0,2025-12-04 04:45:00+00:00
26077.05078125,26077.44921875,26014.400390625,26027.80078125,0,2025-12-04 05:45:00+00:00
26028.150390625,26030.75,25989.25,26001.0,0,2025-12-04 06:45:00+00:00
26000.80078125,26027.599609375,25962.400390625,26004.30078125,0,2025-12-04 07:45:00+00:00
26004.05078125,26059.05078125,25988.150390625,26038.599609375,0,2025-12-04 08:45:00+00:00
26037.69921875,26040.900390625,26004.900390625,26010.349609375,0,2025-12-04 09:45:00+00:00
26001.150390625,26102.05078125,25991.849609375,26078.55078125,0,2025-12-05 03:45:00+00:00
26077.150390625,26146.349609375,26007.25,26143.5,0,2025-12-05 04:45:00+00:00
26142.94921875,26156.400390625,26121.5,26130.150390625,0,2025-12-05 05:45:00+00:00
26130.099609375,26202.55078125,26127.44921875,26180.94921875,0,2025-12-05 06:45:00+00:00
26180.25,26200.400390625,26148.30078125,26165.099609375,0,2025-12-05 07:45:00+00:00
26165.19921875,26196.69921875,26122.80078125,26188.650390625,0,2025-12-05 08:45:00+00:00
26187.55078125,26199.25,26176.400390625,26176.650390625,0,2025-12-05 09:45:00+00:00
26158.849609375,26178.400390625,26068.69921875,26096.5,0,2025-12-08 03:45:00+00:00
26096.599609375,26109.150390625,26051.900390625,26070.69921875,0,2025-12-08 04:45:00+00:00
26070.55078125,26077.849609375,26034.55078125,26035.30078125,0,2025-12-08 05:45:00+00:00
26034.0,26050.30078125,26004.69921875,26030.19921875,0,2025-12-08 06:45:00+00:00
26030.80078125,26031.150390625,25903.099609375,25914.400390625,0,2025-12-08 07:45:00+00:00
25914.05078125,25984.099609375,25892.400390625,25971.150390625,0,2025-12-08 08:45:00+00:00
25970.30078125,25973.349609375,25918.19921875,25932.80078125,0,2025-12-08 09:45:00+00:00
25867.099609375,25889.849609375,25728.05078125,25784.05078125,0,2025-12-09 03:45:00+00:00
25784.05078125,25868.150390625,25778.849609375,25864.400390625,0,2025-12-09 04:45:00+00:00
25865.0,25899.69921875,25817.80078125,25893.05078125,0,2025-12-09 05:45:00+00:00
25892.150390625,25923.150390625,25852.0,25876.19921875,0,2025-12-09 06:45:00+00:00
25875.55078125,25907.400390625,25864.349609375,25885.5,0,2025-12-09 07:45:00+00:00
25884.650390625,25886.099609375,25801.599609375,25837.650390625,0,2025-12-09 08:45:00+00:00
25835.349609375,25847.69921875,25831.80078125,25838.94921875,0,2025-12-09 09:45:00+00:00
25863.900390625,25922.25,25833.80078125,25919.849609375,0,2025-12-10 03:45:00+00:00
25920.80078125,25947.650390625,25822.69921875,25874.650390625,0,2025-12-10 04:45:00+00:00
25876.05078125,25880.80078125,25817.349609375,25830.650390625,0,2025-12-10 05:45:00+00:00
25830.69921875,25839.349609375,25768.05078125,25801.849609375,0,2025-12-10 06:45:00+00:00
25802.30078125,25850.19921875,25750.55078125,25758.5,0,2025-12-10 07:45:00+00:00
25758.44921875,25788.69921875,25734.900390625,25760.099609375,0,2025-12-10 08:45:00+00:00
25761.400390625,25767.400390625,25742.650390625,25742.650390625,0,2025-12-10 09:45:00+00:00
25777.44921875,25807.55078125,25693.30078125,25807.55078125,0,2025-12-11 03:45:00+00:00
25805.5,25844.44921875,25764.5,25797.44921875,0,2025-12-11 04:45:00+00:00
25797.5,25889.80078125,25789.900390625,25876.599609375,0,2025-12-11 05:45:00+00:00
25878.599609375,25918.099609375,25840.80078125,25855.150390625,0,2025-12-11 06:45:00+00:00
25854.05078125,25901.849609375,25850.55078125,25866.19921875,0,2025-12-11 07:45:00+00:00
25863.25,25921.75,25848.25,25895.44921875,0,2025-12-11 08:45:00+00:00
25895.099609375,25903.400390625,25891.05078125,25898.400390625,0,2025-12-11 09:45:00+00:00
25971.19921875,26038.150390625,25964.900390625,25988.5,0,2025-12-12 03:45:00+00:00
25989.150390625,26008.25,25939.05078125,25990.44921875,0,2025-12-12 04:45:00+00:00
25990.80078125,26037.849609375,25989.25,26013.650390625,0,2025-12-12 05:45:00+00:00
26014.19921875,26037.849609375,26007.55078125,26034.05078125,0,2025-12-12 06:45:00+00:00
26034.69921875,26056.25,26008.94921875,26043.05078125,0,2025-12-12 07:45:00+00:00
26042.900390625,26057.400390625,26015.80078125,26054.099609375,0,2025-12-12 08:45:00+00:00
26053.94921875,26054.5,26037.150390625,26037.150390625,0,2025-12-12 09:45:00+00:00
25957.25,26004.0,25904.75,25961.349609375,0,2025-12-15 03:45:00+00:00
25961.349609375,25997.55078125,25946.94921875,25980.94921875,0,2025-12-15 04:45:00+00:00
25980.849609375,26028.0,25961.55078125,26018.55078125,0,2025-12-15 05:45:00+00:00
26019.55078125,26044.599609375,26003.44921875,26042.099609375,0,2025-12-15 06:45:00+00:00
26041.94921875,26043.94921875,25990.150390625,26009.849609375,0,2025-12-15 07:45:00+00:00
26009.5,26047.0,26007.400390625,26030.05078125,0,2025-12-15 08:45:00+00:00
26029.849609375,26031.55078125,26013.349609375,26014.0,0,2025-12-15 09:45:00+00:00
25966.75,25970.0,25879.55078125,25892.849609375,0,2025-12-16 03:45:00+00:00
25892.44921875,25922.69921875,25888.150390625,25898.80078125,0,2025-12-16 04:45:00+00:00
25898.25,25911.19921875,25870.5,25887.5,0,2025-12-16 05:45:00+00:00
25887.05078125,25914.44921875,25875.849609375,25886.849609375,0,2025-12-16 06:45:00+00:00
25887.650390625,25929.150390625,25875.900390625,25883.25,0,2025-12-16 07:45:00+00:00
25883.80078125,25902.05078125,25848.55078125,25856.05078125,0,2025-12-16 08:45:00+00:00
25858.75,25858.75,25834.849609375,25851.349609375,0,2025-12-16 09:45:00+00:00
25902.400390625,25928.650390625,25823.94921875,25841.05078125,0,2025-12-17 03:45:00+00:00
25840.150390625,25851.75,25801.80078125,25842.75,0,2025-12-17 04:45:00+00:00
25842.05078125,25851.30078125,25789.349609375,25796.400390625,0,2025-12-17 05:45:00+00:00
25796.25,25812.849609375,25779.69921875,25791.400390625,0,2025-12-17 06:45:00+00:00
25791.44921875,25826.150390625,25780.900390625,25798.55078125,0,2025-12-17 07:45:00+00:00
25798.5,25832.650390625,25770.80078125,25816.349609375,0,2025-12-17 08:45:00+00:00
25816.25,25835.75,25809.19921875,25822.650390625,0,2025-12-17 09:45:00+00:00
25785.69921875,25804.349609375,25726.75,25791.150390625,0,2025-12-18 03:45:00+00:00
25792.30078125,25863.900390625,25785.650390625,25831.69921875,0,2025-12-18 04:45:00+00:00
25831.44921875,25882.650390625,25821.69921875,25878.80078125,0,2025-12-18 05:45:00+00:00
25878.94921875,25901.30078125,25861.650390625,25879.80078125,0,2025-12-18 06:45:00+00:00
25880.0,25880.0,25802.150390625,25805.25,0,2025-12-18 07:45:00+00:00
25805.30078125,25833.94921875,25770.849609375,25820.400390625,0,2025-12-18 08:45:00+00:00
25821.25,25826.19921875,25806.69921875,25815.650390625,0,2025-12-18 09:45:00+00:00
25907.849609375,25970.25,25884.30078125,25935.599609375,0,2025-12-19 03:45:00+00:00
25935.44921875,25978.69921875,25931.349609375,25954.75,0,2025-12-19 04:45:00+00:00
25953.5,25960.400390625,25905.599609375,25943.94921875,0,2025-12-19 05:45:00+00:00
25944.55078125,25962.400390625,25920.80078125,25930.19921875,0,2025-12-19 06:45:00+00:00
25930.30078125,25984.69921875,25926.80078125,25967.5,0,2025-12-19 07:45:00+00:00
25967.94921875,25993.099609375,25945.44921875,25969.849609375,0,2025-12-19 08:45:00+00:00
25968.5,25974.25,25955.599609375,25961.400390625,0,2025-12-19 09:45:00+00:00
26055.849609375,26141.900390625,26052.0,26129.25,0,2025-12-22 03:45:00+00:00
26128.849609375,26147.25,26118.19921875,26123.94921875,0,2025-12-22 04:45:00+00:00
26124.099609375,26148.099609375,26117.400390625,26134.55078125,0,2025-12-22 05:45:00+00:00
26134.650390625,26153.650390625,26111.75,26139.94921875,0,2025-12-22 06:45:00+00:00
26141.44921875,26157.25,26125.849609375,26143.5,0,2025-12-22 07:45:00+00:00
26143.849609375,26180.55078125,26128.55078125,26174.80078125,0,2025-12-22 08:45:00+00:00
26174.94921875,26176.44921875,26160.94921875,26162.75,0,2025-12-22 09:45:00+00:00
26205.19921875,26205.19921875,26120.0,26184.19921875,0,2025-12-23 03:45:00+00:00
26184.650390625,26195.44921875,26162.80078125,26190.0,0,2025-12-23 04:45:00+00:00
26189.75,26196.94921875,26157.55078125,26187.69921875,0,2025-12-23 05:45:00+00:00
26187.400390625,26198.94921875,26167.099609375,26186.650390625,0,2025-12-23 06:45:00+00:00
26186.650390625,26206.099609375,26179.80078125,26203.349609375,0,2025-12-23 07:45:00+00:00
26203.400390625,26233.55078125,26158.69921875,26183.5,0,2025-12-23 08:45:00+00:00
26184.0,26187.650390625,26158.94921875,26164.55078125,0,2025-12-23 09:45:00+00:00
26183.75,26229.19921875,26142.0,26227.19921875,0,2025-12-24 03:45:00+00:00
26228.5,26236.30078125,26198.05078125,26210.150390625,0,2025-12-24 04:45:00+00:00
26210.30078125,26221.0,26178.650390625,26192.0,0,2025-12-24 05:45:00+00:00
26191.849609375,26209.099609375,26173.19921875,26181.05078125,0,2025-12-24 06:45:00+00:00
26181.0,26181.5,26139.599609375,26158.5,0,2025-12-24 07:45:00+00:00
26160.599609375,26166.55078125,26124.19921875,26154.80078125,0,2025-12-24 08:45:00+00:00
26155.900390625,26157.650390625,26129.900390625,26141.650390625,0,2025-12-24 09:45:00+00:00
26120.75,26139.849609375,26071.69921875,26091.44921875,0,2025-12-26 03:45:00+00:00
26090.349609375,26097.599609375,26067.650390625,26072.80078125,0,2025-12-26 04:45:00+00:00
26072.30078125,26074.44921875,26048.69921875,26062.25,0,2025-12-26 05:45:00+00:00
26062.0,26067.099609375,26031.0,26042.150390625,0,2025-12-26 06:45:00+00:00
26041.75,26054.349609375,26032.400390625,26044.150390625,0,2025-12-26 07:45:00+00:00
26042.5,26051.349609375,26008.75,26048.30078125,0,2025-12-26 08:45:00+00:00
26048.25,26052.44921875,26031.05078125,26047.650390625,0,2025-12-26 09:45:00+00:00
26065.75,26102.75,26027.05078125,26034.55078125,0,2025-12-29 03:45:00+00:00
26035.599609375,26037.75,25979.0,25983.69921875,0,2025-12-29 04:45:00+00:00
25983.900390625,25990.099609375,25965.25,25979.900390625,0,2025-12-29 05:45:00+00:00
25979.900390625,25982.05078125,25952.349609375,25954.349609375,0,2025-12-29 06:45:00+00:00
25954.69921875,25961.05078125,25931.099609375,25943.349609375,0,2025-12-29 07:45:00+00:00
25942.94921875,25972.44921875,25922.25,25944.05078125,0,2025-12-29 08:45:00+00:00
25943.349609375,25953.349609375,25936.0,25949.80078125,0,2025-12-29 09:45:00+00:00
25951.0,25954.69921875,25878.0,25943.25,0,2025-12-30 03:45:00+00:00
25943.75,25975.80078125,25910.349609375,25921.44921875,0,2025-12-30 04:45:00+00:00
25921.69921875,25928.05078125,25883.0,25884.80078125,0,2025-12-30 05:45:00+00:00
25885.44921875,25913.650390625,25879.900390625,25890.349609375,0,2025-12-30 06:45:00+00:00
25891.19921875,25960.349609375,25887.80078125,25943.599609375,0,2025-12-30 07:45:00+00:00
25942.25,25958.349609375,25915.44921875,25942.0,0,2025-12-30 08:45:00+00:00
25940.44921875,25976.75,25936.599609375,25970.55078125,0,2025-12-30 09:45:00+00:00
25975.44921875,26026.849609375,25969.349609375,25997.0,0,2025-12-31 03:45:00+00:00
25998.349609375,26057.5,25998.349609375,26055.80078125,0,2025-12-31 04:45:00+00:00
26055.44921875,26091.55078125,26040.349609375,26089.55078125,0,2025-12-31 05:45:00+00:00
26089.900390625,26156.099609375,26083.55078125,26155.349609375,0,2025-12-31 06:45:00+00:00
26154.5,26179.25,26135.900390625,26167.0,0,2025-12-31 07:45:00+00:00
26166.0,26187.0,26115.05078125,26122.94921875,0,2025-12-31 08:45:00+00:00
26124.19921875,26141.849609375,26121.55078125,26141.849609375,0,2025-12-31 09:45:00+00:00
26175.05078125,26197.0,26147.349609375,26151.150390625,0,2026-01-01 03:45:00+00:00
26151.650390625,26185.599609375,26118.400390625,26170.5,0,2026-01-01 04:45:00+00:00
26170.5,26177.75,26123.94921875,26125.0,0,2026-01-01 05:45:00+00:00
26124.349609375,26162.55078125,26114.19921875,26151.44921875,0,2026-01-01 06:45:00+00:00
26150.80078125,26176.19921875,26129.69921875,26168.0,0,2026-01-01 07:45:00+00:00
26166.849609375,26178.0,26135.94921875,26142.849609375,0,2026-01-01 08:45:00+00:00
26142.55078125,26146.19921875,26126.80078125,26140.25,0,2026-01-01 09:45:00+00:00
26150.25,26270.80078125,26125.099609375,26254.650390625,0,2026-01-02 03:45:00+00:00
26254.900390625,26267.849609375,26235.05078125,26254.05078125,0,2026-01-02 04:45:00+00:00
26253.30078125,26297.099609375,26252.75,26287.599609375,0,2026-01-02 05:45:00+00:00
26287.099609375,26312.25,26277.0,26302.75,0,2026-01-02 06:45:00+00:00
26302.75,26314.5,26295.80078125,26302.80078125,0,2026-01-02 07:45:00+00:00
26302.599609375,26331.80078125,26265.849609375,26324.75,0,2026-01-02 08:45:00+00:00
26322.69921875,26339.099609375,26319.5,26335.69921875,0,2026-01-02 09:45:00+00:00
26341.900390625,26350.400390625,26263.80078125,26339.150390625,0,2026-01-05 03:45:00+00:00
26339.099609375,26372.849609375,26333.94921875,26359.25,0,2026-01-05 04:45:00+00:00
26358.94921875,26361.349609375,26311.5,26333.19921875,0,2026-01-05 05:45:00+00:00
26334.19921875,26349.349609375,26307.80078125,26308.75,0,2026-01-05 06:45:00+00:00
26308.150390625,26312.900390625,26210.349609375,26226.75,0,2026-01-05 07:45:00+00:00
26226.80078125,26282.900390625,26210.80078125,26249.25,0,2026-01-05 08:45:00+00:00
26249.849609375,26250.55078125,26232.599609375,26244.650390625,0,2026-01-05 09:45:00+00:00
26183.900390625,26273.150390625,26158.349609375,26243.25,0,2026-01-06 03:45:00+00:00
26242.19921875,26252.900390625,26192.650390625,26194.44921875,0,2026-01-06 04:45:00+00:00
26194.80078125,26200.19921875,26141.05078125,26167.650390625,0,2026-01-06 05:45:00+00:00
26167.5,26195.0,26150.150390625,26174.69921875,0,2026-01-06 06:45:00+00:00
26173.94921875,26179.69921875,26126.099609375,26133.150390625,0,2026-01-06 07:45:00+00:00
26133.25,26187.69921875,26125.55078125,26175.94921875,0,2026-01-06 08:45:00+00:00
26175.0,26186.5,26170.849609375,26174.650390625,0,2026-01-06 09:45:00+00:00
26149.900390625,26168.150390625,26097.25,26167.25,0,2026-01-07 03:45:00+00:00
26167.75,26186.94921875,26125.19921875,26151.599609375,0,2026-01-07 04:45:00+00:00
26151.69921875,26166.44921875,26106.19921875,26112.099609375,0,2026-01-07 05:45:00+00:00
26112.55078125,26115.55078125,26077.5,26102.900390625,0,2026-01-07 06:45:00+00:00
26103.25,26106.150390625,26068.30078125,26098.849609375,0,2026-01-07 07:45:00+00:00
26099.25,26152.94921875,26083.19921875,26151.80078125,0,2026-01-07 08:45:00+00:00
26153.400390625,26153.599609375,26133.75,26142.900390625,0,2026-01-07 09:45:00+00:00
26102.650390625,26132.900390625,26048.44921875,26061.150390625,0,2026-01-08 03:45:00+00:00
26061.80078125,26062.0,26001.0,26003.80078125,0,2026-01-08 04:45:00+00:00
26002.69921875,26008.19921875,25884.75,25933.75,0,2026-01-08 05:45:00+00:00
25934.0,25945.400390625,25900.75,25926.099609375,0,2026-01-08 06:45:00+00:00
25925.25,25942.19921875,25886.400390625,25926.94921875,0,2026-01-08 07:45:00+00:00
25926.30078125,25946.19921875,25860.650390625,25878.05078125,0,2026-01-08 08:45:00+00:00
25878.05078125,25882.150390625,25858.75,25868.900390625,0,2026-01-08 09:45:00+00:00
25871.75,25940.25,25818.349609375,25856.599609375,0,2026-01-09 03:45:00+00:00
25858.0,25896.849609375,25799.0,25799.0,0,2026-01-09 04:45:00+00:00
25800.150390625,25821.650390625,25734.94921875,25739.349609375,0,2026-01-09 05:45:00+00:00
25740.44921875,25756.650390625,25665.25,25691.05078125,0,2026-01-09 06:45:00+00:00
25691.05078125,25730.400390625,25659.599609375,25660.150390625,0,2026-01-09 07:45:00+00:00
25662.849609375,25703.0,25623.5,25695.05078125,0,2026-01-09 08:45:00+00:00
25694.150390625,25703.69921875,25677.05078125,25703.69921875,0,2026-01-09 09:45:00+00:00
