open,high,low,close,volume,timestamp
49422.6484375,49473.6015625,48839.1484375,49015.3515625,0,2025-01-10 03:45:00+00:00
49011.1015625,49273.6484375,48939.6484375,49273.6484375,0,2025-01-10 04:45:00+00:00
49275.8515625,49359.3515625,48955.8984375,49057.8515625,0,2025-01-10 05:45:00+00:00
49053.5,49131.8515625,48951.0,48979.80078125,0,2025-01-10 06:45:00+00:00
48982.75,49034.05078125,48799.5,48800.55078125,0,2025-01-10 07:45:00+00:00
48800.1484375,48833.5,48632.6015625,48636.3984375,0,2025-01-10 08:45:00+00:00
48637.0,48793.75,48637.0,48779.80078125,0,2025-01-10 09:45:00+00:00
48256.30078125,48466.05078125,48116.80078125,48461.3515625,0,2025-01-13 03:45:00+00:00
48475.3515625,48605.80078125,48339.8984375,48481.5,0,2025-01-13 04:45:00+00:00
48482.30078125,48573.05078125,48251.44921875,48282.3515625,0,2025-01-13 05:45:00+00:00
48279.75,48334.69921875,48154.6484375,48180.3984375,0,2025-01-13 06:45:00+00:00
48183.6484375,48212.94921875,48016.1015625,48047.30078125,0,2025-01-13 07:45:00+00:00
48049.8515625,48082.94921875,47900.8984375,48036.19921875,0,2025-01-13 08:45:00+00:00
48037.44921875,48118.8515625,48021.3984375,48047.30078125,0,2025-01-13 09:45:00+00:00
48259.30078125,48708.5,48257.05078125,48555.3984375,0,2025-01-14 03:45:00+00:00
48556.05078125,48805.5,48433.0,48784.5,0,2025-01-14 04:45:00+00:00
48782.8984375,48788.75,48496.94921875,48531.3984375,0,2025-01-14 05:45:00+00:00
48530.55078125,48592.6015625,48430.6484375,48571.1484375,0,2025-01-14 06:45:00+00:00
48571.1015625,48919.55078125,48555.25,48907.3515625,0,2025-01-14 07:45:00+00:00
48907.44921875,49003.55078125,48588.3984375,48727.44921875,0,2025-01-14 08:45:00+00:00
48728.1484375,48910.75,48717.30078125,48884.6015625,0,2025-01-14 09:45:00+00:00
48832.75,49005.6015625,48653.8515625,48917.8515625,0,2025-01-15 03:45:00+00:00
48914.1484375,49082.6484375,48868.0,48997.05078125,0,2025-01-15 04:45:00+00:00
48996.3515625,49023.05078125,48833.80078125,48920.3984375,0,2025-01-15 05:45:00+00:00
48918.80078125,48933.8984375,48792.0,48798.19921875,0,2025-01-15 06:45:00+00:00
48796.25,48797.75,48523.1484375,48636.1015625,0,2025-01-15 07:45:00+00:00
48636.19921875,48819.6015625,48612.5,48735.1015625,0,2025-01-15 08:45:00+00:00
48735.69921875,48784.05078125,48699.6015625,48783.3515625,0,2025-01-15 09:45:00+00:00
49097.6484375,49427.3515625,49061.25,49231.19921875,0,2025-01-16 03:45:00+00:00
49231.30078125,49356.8515625,49170.94921875,49236.05078125,0,2025-01-16 04:45:00+00:00
49238.30078125,49357.6484375,49195.3515625,49282.0,0,2025-01-16 05:45:00+00:00
49284.94921875,49457.3515625,49240.75,49445.30078125,0,2025-01-16 06:45:00+00:00
49445.19921875,49450.3515625,49333.75,49348.05078125,0,2025-01-16 07:45:00+00:00
49349.75,49349.75,49134.3515625,49304.8984375,0,2025-01-16 08:45:00+00:00
49305.94921875,49390.75,49289.0,49386.3984375,0,2025-01-16 09:45:00+00:00
49005.30078125,49032.69921875,48565.05078125,48591.1015625,0,2025-01-17 03:45:00+00:00
48591.8515625,48684.8984375,48315.3984375,48403.0,0,2025-01-17 04:45:00+00:00
48400.05078125,48578.5,48389.75,48513.3515625,0,2025-01-17 05:45:00+00:00
48512.94921875,48610.1015625,48439.19921875,48461.55078125,0,2025-01-17 06:45:00+00:00
48462.94921875,48506.80078125,48375.1015625,48471.05078125,0,2025-01-17 07:45:00+00:00
48474.0,48607.5,48452.30078125,48521.8984375,0,2025-01-17 08:45:00+00:00
48527.05078125,48585.3515625,48521.05078125,48553.8515625,0,2025-01-17 09:45:00+00:00
48862.0,48992.75,48684.1015625,48945.1484375,0,2025-01-20 03:45:00+00:00
48943.3984375,49063.94921875,48938.0,49054.69921875,0,2025-01-20 04:45:00+00:00
49052.44921875,49374.05078125,49051.05078125,49311.30078125,0,2025-01-20 05:45:00+00:00
49315.8984375,49561.0,49291.75,49541.8515625,0,2025-01-20 06:45:00+00:00
49545.30078125,49650.3984375,49399.1015625,49463.94921875,0,2025-01-20 07:45:00+00:00
49463.94921875,49489.6015625,49359.69921875,49386.94921875,0,2025-01-20 08:45:00+00:00
49389.3515625,49389.3515625,49295.8984375,49334.55078125,0,2025-01-20 09:45:00+00:00
49532.0,49539.55078125,48984.55078125,49034.44921875,0,2025-01-21 03:45:00+00:00
49035.69921875,49036.19921875,48695.8984375,48745.1015625,0,2025-01-21 04:45:00+00:00
48745.80078125,49280.69921875,48693.1484375,48934.6015625,0,2025-01-21 05:45:00+00:00
48934.3515625,48961.80078125,48626.19921875,48857.25,0,2025-01-21 06:45:00+00:00
48852.69921875,48916.3984375,48636.8984375,48742.5,0,2025-01-21 07:45:00+00:00
48741.5,48767.1015625,48431.55078125,48580.94921875,0,2025-01-21 08:45:00+00:00
48581.1015625,48639.30078125,48578.3984375,48626.1015625,0,2025-01-21 09:45:00+00:00
48701.8984375,48735.80078125,48461.94921875,48675.1484375,0,2025-01-22 03:45:00+00:00
48673.94921875,48727.80078125,48443.69921875,48469.8515625,0,2025-01-22 04:45:00+00:00
48471.8515625,48478.3984375,48281.75,48321.6484375,0,2025-01-22 05:45:00+00:00
48323.19921875,48354.1015625,48111.0,48258.1015625,0,2025-01-22 06:45:00+00:00
48259.94921875,48422.69921875,48076.8984375,48385.19921875,0,2025-01-22 07:45:00+00:00
48388.0,48781.1015625,48353.30078125,48768.6484375,0,2025-01-22 08:45:00+00:00
48762.5,48775.80078125,48677.69921875,48766.3984375,0,2025-01-22 09:45:00+00:00
48763.8984375,48806.5,48494.3515625,48786.6484375,0,2025-01-23 03:45:00+00:00
48788.8515625,48890.6015625,48630.5,48717.80078125,0,2025-01-23 04:45:00+00:00
48715.55078125,48749.80078125,48559.6015625,48613.44921875,0,2025-01-23 05:45:00+00:00
48613.0,48764.30078125,48590.8515625,48719.05078125,0,2025-01-23 06:45:00+00:00
48714.75,48802.3984375,48618.8984375,48663.3515625,0,2025-01-23 07:45:00+00:00
48670.8515625,48676.3984375,48551.0,48591.30078125,0,2025-01-23 08:45:00+00:00
48593.30078125,48604.0,48563.05078125,48595.8515625,0,2025-01-23 09:45:00+00:00
48546.05078125,48718.25,48351.30078125,48451.1484375,0,2025-01-24 03:45:00+00:00
48441.1015625,48814.69921875,48349.05078125,48796.30078125,0,2025-01-24 04:45:00+00:00
48790.3515625,48832.19921875,48653.8984375,48804.94921875,0,2025-01-24 05:45:00+00:00
48803.0,48857.30078125,48505.44921875,48590.55078125,0,2025-01-24 06:45:00+00:00
48583.19921875,48590.55078125,48393.75,48399.6484375,0,2025-01-24 07:45:00+00:00
48398.30078125,48420.3515625,48203.0,48352.94921875,0,2025-01-24 08:45:00+00:00
48352.0,48399.94921875,48340.1484375,48349.3984375,0,2025-01-24 09:45:00+00:00
47888.55078125,48244.75,47873.55078125,48134.30078125,0,2025-01-27 03:45:00+00:00
48129.19921875,48146.19921875,47924.75,48076.25,0,2025-01-27 04:45:00+00:00
48076.0,48271.6015625,48073.05078125,48161.19921875,0,2025-01-27 05:45:00+00:00
48160.05078125,48318.8984375,48124.25,48234.0,0,2025-01-27 06:45:00+00:00
48234.0,48254.1015625,48081.8984375,48122.1015625,0,2025-01-27 07:45:00+00:00
48118.55078125,48195.3984375,47981.3515625,48111.19921875,0,2025-01-27 08:45:00+00:00
48109.1484375,48111.1015625,47997.1484375,48026.30078125,0,2025-01-27 09:45:00+00:00
48641.30078125,48789.19921875,48464.6484375,48725.3984375,0,2025-01-28 03:45:00+00:00
48724.19921875,48908.44921875,48720.6015625,48897.75,0,2025-01-28 04:45:00+00:00
48899.6484375,49124.19921875,48832.75,49116.75,0,2025-01-28 05:45:00+00:00
49119.69921875,49182.69921875,49038.05078125,49176.8984375,0,2025-01-28 06:45:00+00:00
49172.1015625,49183.8515625,49047.55078125,49066.3984375,0,2025-01-28 07:45:00+00:00
49066.8515625,49243.1484375,48755.30078125,48861.25,0,2025-01-28 08:45:00+00:00
48863.94921875,48939.3984375,48832.0,48886.6015625,0,2025-01-28 09:45:00+00:00
48997.19921875,49059.55078125,48854.44921875,49032.19921875,0,2025-01-29 03:45:00+00:00
49031.80078125,49165.3515625,49013.55078125,49036.8515625,0,2025-01-29 04:45:00+00:00
49034.75,49146.25,48859.69921875,49052.94921875,0,2025-01-29 05:45:00+00:00
49053.1015625,49149.5,48968.44921875,48994.5,0,2025-01-29 06:45:00+00:00
48994.8515625,49162.5,48986.44921875,49145.30078125,0,2025-01-29 07:45:00+00:00
49148.75,49185.8515625,49094.8515625,49157.6484375,0,2025-01-29 08:45:00+00:00
49154.8515625,49199.44921875,49132.3515625,49163.1015625,0,2025-01-29 09:45:00+00:00
49166.1015625,49274.3515625,49040.3984375,49247.0,0,2025-01-30 03:45:00+00:00
49247.44921875,49360.0,49114.05078125,49241.30078125,0,2025-01-30 04:45:00+00:00
49236.69921875,49269.5,49176.44921875,49238.75,0,2025-01-30 05:45:00+00:00
49238.44921875,49339.94921875,49211.05078125,49319.1015625,0,2025-01-30 06:45:00+00:00
49322.05078125,49380.3515625,49263.55078125,49314.0,0,2025-01-30 07:45:00+00:00
49314.1015625,49336.19921875,49213.8984375,49308.80078125,0,2025-01-30 08:45:00+00:00
49305.25,49424.6015625,49279.94921875,49400.5,0,2025-01-30 09:45:00+00:00
49301.19921875,49304.30078125,49032.5,49104.8515625,0,2025-01-31 03:45:00+00:00
49105.3984375,49369.1484375,49099.0,49286.8515625,0,2025-01-31 04:45:00+00:00
49284.8984375,49411.8984375,49218.80078125,49388.8515625,0,2025-01-31 05:45:00+00:00
49391.8984375,49607.8984375,49348.94921875,49568.05078125,0,2025-01-31 06:45:00+00:00
49565.94921875,49674.0,49339.5,49370.94921875,0,2025-01-31 07:45:00+00:00
49367.05078125,49605.55078125,49302.1015625,49598.6015625,0,2025-01-31 08:45:00+00:00
49594.25,49647.80078125,49567.3515625,49619.6484375,0,2025-01-31 09:45:00+00:00
49605.3515625,49774.6015625,49489.6484375,49737.75,0,2025-02-01 03:45:00+00:00
49740.3984375,49848.94921875,49719.1015625,49845.75,0,2025-02-01 04:45:00+00:00
49844.5,50008.5,49275.80078125,49286.44921875,0,2025-02-01 05:45:00+00:00
49294.25,49540.8984375,48925.44921875,49067.05078125,0,2025-02-01 06:45:00+00:00
49065.1015625,49535.30078125,48941.8515625,49516.3984375,0,2025-02-01 07:45:00+00:00
49524.1484375,49669.0,49442.6015625,49514.94921875,0,2025-02-01 08:45:00+00:00
49515.1484375,49527.94921875,49429.1484375,49520.94921875,0,2025-02-01 09:45:00+00:00
49074.80078125,49275.55078125,48909.55078125,49084.0,0,2025-02-03 03:45:00+00:00
49081.44921875,49279.8984375,49050.44921875,49271.94921875,0,2025-02-03 04:45:00+00:00
49270.1484375,49286.19921875,49054.6484375,49198.55078125,0,2025-02-03 05:45:00+00:00
49198.94921875,49369.3515625,49123.30078125,49344.55078125,0,2025-02-03 06:45:00+00:00
49347.69921875,49358.44921875,49188.1484375,49257.6484375,0,2025-02-03 07:45:00+00:00
49255.94921875,49297.69921875,49185.80078125,49222.55078125,0,2025-02-03 08:45:00+00:00
49225.94921875,49235.0,49183.25,49218.3984375,0,2025-02-03 09:45:00+00:00
49531.25,50017.3984375,49498.3515625,49859.1484375,0,2025-02-04 03:45:00+00:00
49859.19921875,49922.8515625,49611.3515625,49819.44921875,0,2025-02-04 04:45:00+00:00
49823.30078125,49919.69921875,49767.69921875,49848.05078125,0,2025-02-04 05:45:00+00:00
49846.05078125,50082.94921875,49841.69921875,50055.75,0,2025-02-04 06:45:00+00:00
50057.75,50111.80078125,49912.94921875,49967.8515625,0,2025-02-04 07:45:00+00:00
49959.80078125,50202.94921875,49888.3515625,50192.25,0,2025-02-04 08:45:00+00:00
50192.0,50198.0,50083.6484375,50111.6484375,0,2025-02-04 09:45:00+00:00
50400.69921875,50479.1015625,50216.5,50431.25,0,2025-02-05 03:45:00+00:00
50429.1484375,50492.80078125,50341.30078125,50374.25,0,2025-02-05 04:45:00+00:00
50369.44921875,50453.3515625,50320.8515625,50342.25,0,2025-02-05 05:45:00+00:00
50343.30078125,50499.80078125,50326.1015625,50498.5,0,2025-02-05 06:45:00+00:00
50498.3984375,50521.8984375,50422.55078125,50433.8515625,0,2025-02-05 07:45:00+00:00
50433.6015625,50494.3984375,50325.3515625,50354.75,0,2025-02-05 08:45:00+00:00
50353.69921875,50354.30078125,50280.44921875,50299.8984375,0,2025-02-05 09:45:00+00:00
50468.3515625,50525.30078125,50204.8515625,50305.0,0,2025-02-06 03:45:00+00:00
50305.30078125,50371.05078125,50211.6015625,50243.8515625,0,2025-02-06 04:45:00+00:00
50243.25,50286.44921875,50150.3515625,50273.25,0,2025-02-06 05:45:00+00:00
50276.69921875,50315.44921875,50173.25,50219.19921875,0,2025-02-06 06:45:00+00:00
50219.3515625,50316.1484375,50199.05078125,50260.80078125,0,2025-02-06 07:45:00+00:00
50256.05078125,50410.6484375,50246.55078125,50374.69921875,0,2025-02-06 08:45:00+00:00
50378.3515625,50447.1015625,50362.6484375,50427.1015625,0,2025-02-06 09:45:00+00:00
50466.44921875,50638.44921875,50299.75,50411.80078125,0,2025-02-07 03:45:00+00:00
50409.69921875,50436.0,50043.8984375,50290.05078125,0,2025-02-07 04:45:00+00:00
50286.69921875,50463.6015625,50114.25,50114.25,0,2025-02-07 05:45:00+00:00
50112.6015625,50217.8984375,50055.55078125,50086.44921875,0,2025-02-07 06:45:00+00:00
50086.30078125,50166.6484375,49890.55078125,49916.1484375,0,2025-02-07 07:45:00+00:00
49915.0,50182.75,49871.80078125,50180.8515625,0,2025-02-07 08:45:00+00:00
50181.69921875,50248.3515625,50145.8984375,50204.3515625,0,2025-02-07 09:45:00+00:00
50138.80078125,50138.80078125,49769.8984375,49776.55078125,0,2025-02-10 03:45:00+00:00
49774.55078125,49867.05078125,49703.8515625,49853.8515625,0,2025-02-10 04:45:00+00:00
49850.3984375,49895.75,49760.3515625,49822.55078125,0,2025-02-10 05:45:00+00:00
49819.55078125,49894.55078125,49779.1015625,49843.25,0,2025-02-10 06:45:00+00:00
49841.55078125,49960.69921875,49791.19921875,49826.1015625,0,2025-02-10 07:45:00+00:00
49823.5,50049.1015625,49806.8515625,49987.69921875,0,2025-02-10 08:45:00+00:00
49990.75,50007.5,49951.69921875,49960.80078125,0,2025-02-10 09:45:00+00:00
49819.8515625,49892.55078125,49535.5,49582.69921875,0,2025-02-11 03:45:00+00:00
49583.0,49663.30078125,49478.19921875,49608.30078125,0,2025-02-11 04:45:00+00:00
49607.25,49639.1015625,49526.1015625,49550.5,0,2025-02-11 05:45:00+00:00
49550.3515625,49600.19921875,49276.75,49294.80078125,0,2025-02-11 06:45:00+00:00
49294.25,49411.05078125,49177.5,49311.25,0,2025-02-11 07:45:00+00:00
49310.19921875,49477.6484375,49226.8984375,49415.19921875,0,2025-02-11 08:45:00+00:00
49414.19921875,49436.1015625,49344.3984375,49358.6015625,0,2025-02-11 09:45:00+00:00
49412.3515625,49448.8515625,48743.05078125,48807.25,0,2025-02-12 03:45:00+00:00
48810.94921875,49196.1484375,48734.94921875,49001.80078125,0,2025-02-12 04:45:00+00:00
49001.05078125,49449.6015625,48975.1015625,49376.6015625,0,2025-02-12 05:45:00+00:00
49378.8515625,49648.3515625,49286.05078125,49603.3515625,0,2025-02-12 06:45:00+00:00
49603.1484375,49701.44921875,49248.69921875,49332.5,0,2025-02-12 07:45:00+00:00
49334.3984375,49521.6015625,49236.6015625,49518.80078125,0,2025-02-12 08:45:00+00:00
49518.25,49552.1015625,49491.80078125,49526.55078125,0,2025-02-12 09:45:00+00:00
49475.6015625,49789.19921875,49435.05078125,49721.94921875,0,2025-02-13 03:45:00+00:00
49724.1484375,49834.6484375,49652.05078125,49757.1015625,0,2025-02-13 04:45:00+00:00
49756.6015625,49829.3984375,49668.0,49698.75,0,2025-02-13 05:45:00+00:00
49698.80078125,49743.6015625,49478.1015625,49478.1015625,0,2025-02-13 06:45:00+00:00
49480.80078125,49563.44921875,49284.0,49349.0,0,2025-02-13 07:45:00+00:00
49349.05078125,49429.0,49277.3515625,49356.80078125,0,2025-02-13 08:45:00+00:00
49357.75,49388.55078125,49320.1484375,49342.0,0,2025-02-13 09:45:00+00:00
49466.3515625,49588.8984375,49286.3515625,49385.0,0,2025-02-14 03:45:00+00:00
49385.05078125,49482.3515625,48921.1015625,49035.6015625,0,2025-02-14 04:45:00+00:00
49034.5,49073.6484375,48847.44921875,48865.1015625,0,2025-02-14 05:45:00+00:00
48865.3984375,48941.80078125,48720.25,48815.94921875,0,2025-02-14 06:45:00+00:00
48815.6015625,48891.05078125,48720.25,48778.8515625,0,2025-02-14 07:45:00+00:00
48777.44921875,49243.05078125,48765.94921875,49109.3984375,0,2025-02-14 08:45:00+00:00
49109.44921875,49122.1015625,49050.6015625,49057.75,0,2025-02-14 09:45:00+00:00
48880.3984375,48995.5,48528.80078125,48569.19921875,0,2025-02-17 03:45:00+00:00
48565.69921875,49036.3515625,48541.3984375,48741.8984375,0,2025-02-17 04:45:00+00:00
48738.1015625,48948.44921875,48725.3984375,48788.94921875,0,2025-02-17 05:45:00+00:00
48791.25,48987.1015625,48729.44921875,48851.44921875,0,2025-02-17 06:45:00+00:00
48854.19921875,49224.8515625,48842.30078125,49052.0,0,2025-02-17 07:45:00+00:00
49052.0,49284.80078125,49051.1015625,49267.25,0,2025-02-17 08:45:00+00:00
49262.55078125,49318.8984375,49247.5,49279.8984375,0,2025-02-17 09:45:00+00:00
49237.1015625,49318.05078125,48910.94921875,48981.05078125,0,2025-02-18 03:45:00+00:00
48980.3515625,49027.44921875,48814.94921875,48865.6484375,0,2025-02-18 04:45:00+00:00
48866.80078125,49088.8984375,48850.44921875,49012.44921875,0,2025-02-18 05:45:00+00:00
49012.6484375,49104.69921875,48908.55078125,48993.94921875,0,2025-02-18 06:45:00+00:00
48996.3515625,49136.19921875,48994.55078125,49048.1484375,0,2025-02-18 07:45:00+00:00
49047.05078125,49158.25,49035.94921875,49085.05078125,0,2025-02-18 08:45:00+00:00
49085.80078125,49099.8515625,49053.30078125,49064.1484375,0,2025-02-18 09:45:00+00:00
48872.3515625,49509.6484375,48807.3984375,49504.8515625,0,2025-02-19 03:45:00+00:00
49509.55078125,49626.1484375,49350.3984375,49502.25,0,2025-02-19 04:45:00+00:00
49503.94921875,49586.44921875,49407.8984375,49511.3515625,0,2025-02-19 05:45:00+00:00
49510.1015625,49560.75,49419.1484375,49460.3984375,0,2025-02-19 06:45:00+00:00
49459.8515625,49538.5,49430.5,49485.94921875,0,2025-02-19 07:45:00+00:00
49485.1484375,49607.8984375,49279.6015625,49579.25,0,2025-02-19 08:45:00+00:00
49580.30078125,49580.3515625,49510.94921875,49519.5,0,2025-02-19 09:45:00+00:00
49314.1015625,49455.05078125,49151.1015625,49251.6484375,0,2025-02-20 03:45:00+00:00
49251.80078125,49337.80078125,49240.3984375,49329.8515625,0,2025-02-20 04:45:00+00:00
49329.5,49346.3515625,49234.6015625,49235.5,0,2025-02-20 05:45:00+00:00
49233.30078125,49302.1015625,49221.6484375,49254.6484375,0,2025-02-20 06:45:00+00:00
49253.8515625,49396.44921875,49233.5,49338.5,0,2025-02-20 07:45:00+00:00
49337.69921875,49397.19921875,49321.1484375,49342.55078125,0,2025-02-20 08:45:00+00:00
49342.30078125,49344.5,49281.8515625,49289.69921875,0,2025-02-20 09:45:00+00:00
49143.1015625,49304.5,48827.25,48827.3515625,0,2025-02-21 03:45:00+00:00
48826.8515625,48930.8984375,48766.8515625,48917.1015625,0,2025-02-21 04:45:00+00:00
48916.75,49001.80078125,48878.3984375,48944.69921875,0,2025-02-21 05:45:00+00:00
48945.3515625,49069.6484375,48881.30078125,48921.30078125,0,2025-02-21 06:45:00+00:00
48921.1484375,48962.0,48799.80078125,48951.80078125,0,2025-02-21 07:45:00+00:00
48952.5,49058.1484375,48862.44921875,49007.30078125,0,2025-02-21 08:45:00+00:00
49008.25,49011.19921875,48885.3984375,48908.5,0,2025-02-21 09:45:00+00:00
48626.3984375,48740.25,48284.69921875,48425.80078125,0,2025-02-24 03:45:00+00:00
48426.1015625,48495.8984375,48371.6015625,48394.3984375,0,2025-02-24 04:45:00+00:00
48392.5,48686.6015625,48384.30078125,48521.8984375,0,2025-02-24 05:45:00+00:00
48521.69921875,48661.3515625,48508.44921875,48592.3515625,0,2025-02-24 06:45:00+00:00
48593.94921875,48635.6484375,48514.6484375,48573.6484375,0,2025-02-24 07:45:00+00:00
48573.6484375,48748.3984375,48564.3984375,48655.1015625,0,2025-02-24 08:45:00+00:00
48653.6015625,48689.75,48619.8984375,48657.25,0,2025-02-24 09:45:00+00:00
48691.19921875,48861.69921875,48649.19921875,48787.05078125,0,2025-02-25 03:45:00+00:00
48787.5,48794.05078125,48577.44921875,48627.6015625,0,2025-02-25 04:45:00+00:00
48629.75,48666.19921875,48582.44921875,48651.94921875,0,2025-02-25 05:45:00+00:00
48650.3515625,48706.25,48639.3515625,48669.0,0,2025-02-25 06:45:00+00:00
48668.6015625,48706.25,48629.1015625,48654.80078125,0,2025-02-25 07:45:00+00:00
48651.19921875,48661.8984375,48599.05078125,48622.8515625,0,2025-02-25 08:45:00+00:00
48619.6015625,48638.75,48539.94921875,48591.1015625,0,2025-02-25 09:45:00+00:00
48732.19921875,48972.55078125,48732.19921875,48895.0,0,2025-02-27 03:45:00+00:00
48894.1015625,48951.25,48873.6015625,48908.30078125,0,2025-02-27 04:45:00+00:00
48908.69921875,48913.8515625,48849.80078125,48875.6015625,0,2025-02-27 05:45:00+00:00
48874.44921875,48896.69921875,48830.19921875,48843.1015625,0,2025-02-27 06:45:00+00:00
48844.25,48902.8984375,48840.8984375,48863.55078125,0,2025-02-27 07:45:00+00:00
48863.75,48909.3984375,48726.55078125,48736.6484375,0,2025-02-27 08:45:00+00:00
48734.1015625,48736.69921875,48629.3515625,48641.5,0,2025-02-27 09:45:00+00:00
48437.19921875,48475.19921875,48163.25,48432.30078125,0,2025-02-28 03:45:00+00:00
48435.30078125,48534.44921875,48364.3984375,48491.8515625,0,2025-02-28 04:45:00+00:00
48491.5,48574.30078125,48405.05078125,48417.44921875,0,2025-02-28 05:45:00+00:00
48416.1484375,48498.3984375,48078.8984375,48115.44921875,0,2025-02-28 06:45:00+00:00
48118.25,48318.19921875,48104.8984375,48307.19921875,0,2025-02-28 07:45:00+00:00
48307.5,48499.75,48270.3515625,48351.3515625,0,2025-02-28 08:45:00+00:00
48351.30078125,48351.30078125,48238.6015625,48262.5,0,2025-02-28 09:45:00+00:00
48515.19921875,48566.19921875,47842.1015625,47885.75,0,2025-03-03 03:45:00+00:00
47891.1484375,48051.19921875,47871.69921875,47928.94921875,0,2025-03-03 04:45:00+00:00
47932.3984375,48051.80078125,47845.80078125,48047.80078125,0,2025-03-03 05:45:00+00:00
48053.0,48224.8984375,48008.8984375,48188.6484375,0,2025-03-03 06:45:00+00:00
48186.94921875,48258.44921875,48008.5,48101.30078125,0,2025-03-03 07:45:00+00:00
48096.30078125,48201.55078125,48054.94921875,48111.30078125,0,2025-03-03 08:45:00+00:00
48110.3515625,48162.5,48073.75,48159.8515625,0,2025-03-03 09:45:00+00:00
47935.80078125,48350.8515625,47935.80078125,48176.05078125,0,2025-03-04 03:45:00+00:00
48175.80078125,48342.8984375,48172.80078125,48250.05078125,0,2025-03-04 04:45:00+00:00
48249.8984375,48282.69921875,48132.55078125,48161.55078125,0,2025-03-04 05:45:00+00:00
48163.19921875,48272.30078125,48145.69921875,48272.30078125,0,2025-03-04 06:45:00+00:00
48267.3984375,48373.80078125,48223.30078125,48332.80078125,0,2025-03-04 07:45:00+00:00
48332.6015625,48347.5,48169.05078125,48233.0,0,2025-03-04 08:45:00+00:00
48234.19921875,48314.6015625,48226.05078125,48289.30078125,0,2025-03-04 09:45:00+00:00
48235.75,48655.6484375,48217.25,48529.1015625,0,2025-03-05 03:45:00+00:00
48528.3515625,48556.25,48409.19921875,48480.1484375,0,2025-03-05 04:45:00+00:00
48480.6484375,48612.6484375,48460.8515625,48600.69921875,0,2025-03-05 05:45:00+00:00
48600.5,48617.6015625,48445.30078125,48502.1484375,0,2025-03-05 06:45:00+00:00
48501.1484375,48522.3515625,48389.8515625,48466.6015625,0,2025-03-05 07:45:00+00:00
48466.6484375,48543.1484375,48406.3984375,48478.6015625,0,2025-03-05 08:45:00+00:00
48479.44921875,48508.3984375,48453.6015625,48506.3984375,0,2025-03-05 09:45:00+00:00
48755.30078125,48834.30078125,48300.6015625,48493.6484375,0,2025-03-06 03:45:00+00:00
48498.5,48674.19921875,48475.6484375,48622.0,0,2025-03-06 04:45:00+00:00
48623.6484375,48627.1015625,48408.5,48542.1484375,0,2025-03-06 05:45:00+00:00
48541.3515625,48611.19921875,48529.1484375,48582.19921875,0,2025-03-06 06:45:00+00:00
48584.94921875,48649.25,48559.8515625,48616.19921875,0,2025-03-06 07:45:00+00:00
48618.75,48681.0,48589.8515625,48634.94921875,0,2025-03-06 08:45:00+00:00
48636.69921875,48653.75,48596.8515625,48608.44921875,0,2025-03-06 09:45:00+00:00
48463.80078125,48617.25,48371.30078125,48616.6484375,0,2025-03-07 03:45:00+00:00
48618.5,48708.94921875,48548.05078125,48655.8984375,0,2025-03-07 04:45:00+00:00
48655.6015625,48693.44921875,48433.6015625,48483.75,0,2025-03-07 05:45:00+00:00
48484.0,48559.8984375,48409.8984375,48430.6015625,0,2025-03-07 06:45:00+00:00
48431.25,48505.55078125,48359.6484375,48427.8515625,0,2025-03-07 07:45:00+00:00
48429.3515625,48607.8984375,48419.8984375,48513.55078125,0,2025-03-07 08:45:00+00:00
48513.80078125,48516.6015625,48432.30078125,48453.8515625,0,2025-03-07 09:45:00+00:00
48293.0,48598.6015625,48293.0,48477.55078125,0,2025-03-10 03:45:00+00:00
48478.75,48543.80078125,48431.6484375,48447.1484375,0,2025-03-10 04:45:00+00:00
48448.1015625,48531.30078125,48419.55078125,48437.5,0,2025-03-10 05:45:00+00:00
48434.94921875,48584.0,48401.69921875,48554.3515625,0,2025-03-10 06:45:00+00:00
48551.8984375,48566.75,48445.25,48507.6484375,0,2025-03-10 07:45:00+00:00
48506.1015625,48510.25,48146.80078125,48235.80078125,0,2025-03-10 08:45:00+00:00
48237.94921875,48244.05078125,48131.25,48168.25,0,2025-03-10 09:45:00+00:00
47874.80078125,48018.6484375,47715.8515625,47840.80078125,0,2025-03-11 03:45:00+00:00
47841.19921875,47990.44921875,47793.75,47923.25,0,2025-03-11 04:45:00+00:00
47923.19921875,47928.0,47793.94921875,47814.1015625,0,2025-03-11 05:45:00+00:00
47814.5,47900.55078125,47783.6015625,47844.05078125,0,2025-03-11 06:45:00+00:00
47843.55078125,48028.6484375,47817.3515625,47979.3984375,0,2025-03-11 07:45:00+00:00
47980.0,47995.25,47786.30078125,47864.25,0,2025-03-11 08:45:00+00:00
47865.55078125,47896.0,47847.30078125,47885.6015625,0,2025-03-11 09:45:00+00:00
47892.30078125,48210.44921875,47892.30078125,48094.0,0,2025-03-12 03:45:00+00:00
48093.25,48221.8515625,48064.19921875,48113.19921875,0,2025-03-12 04:45:00+00:00
48112.69921875,48114.6015625,47847.55078125,47941.25,0,2025-03-12 05:45:00+00:00
47941.55078125,48042.75,47849.1015625,48029.1015625,0,2025-03-12 06:45:00+00:00
48029.05078125,48113.30078125,47979.8515625,48109.30078125,0,2025-03-12 07:45:00+00:00
48109.05078125,48150.6015625,48002.75,48054.75,0,2025-03-12 08:45:00+00:00
48055.75,48086.3984375,48018.1015625,48055.75,0,2025-03-12 09:45:00+00:00
48222.1015625,48283.19921875,48066.1484375,48278.1015625,0,2025-03-13 03:45:00+00:00
48275.80078125,48351.0,48236.5,48284.8984375,0,2025-03-13 04:45:00+00:00
48285.94921875,48286.3984375,48109.69921875,48153.69921875,0,2025-03-13 05:45:00+00:00
48154.75,48240.30078125,48128.94921875,48142.44921875,0,2025-03-13 06:45:00+00:00
48139.3984375,48202.55078125,48090.3984375,48123.6484375,0,2025-03-13 07:45:00+00:00
48124.3515625,48130.1015625,48009.69921875,48082.55078125,0,2025-03-13 08:45:00+00:00
48084.75,48092.25,48006.1015625,48024.0,0,2025-03-13 09:45:00+00:00
48223.3515625,48432.19921875,48210.1015625,48384.5,0,2025-03-17 03:45:00+00:00
48386.25,48420.55078125,48293.69921875,48415.5,0,2025-03-17 04:45:00+00:00
48414.6484375,48481.3515625,48367.8515625,48458.05078125,0,2025-03-17 05:45:00+00:00
48457.6484375,48457.8984375,48310.3515625,48381.80078125,0,2025-03-17 06:45:00+00:00
48382.6484375,48449.30078125,48288.30078125,48427.8515625,0,2025-03-17 07:45:00+00:00
48430.0,48438.1015625,48331.55078125,48359.30078125,0,2025-03-17 08:45:00+00:00
48358.6015625,48376.05078125,48331.5,48347.05078125,0,2025-03-17 09:45:00+00:00
48762.1015625,49009.1015625,48630.55078125,48994.94921875,0,2025-03-18 03:45:00+00:00
48997.1484375,49052.55078125,48963.44921875,49022.3515625,0,2025-03-18 04:45:00+00:00
49022.1015625,49102.3515625,48982.1015625,49089.3984375,0,2025-03-18 05:45:00+00:00
49090.25,49118.44921875,48908.19921875,49028.8515625,0,2025-03-18 06:45:00+00:00
49030.8515625,49174.44921875,49024.80078125,49125.55078125,0,2025-03-18 07:45:00+00:00
49128.80078125,49310.3515625,49109.75,49302.6015625,0,2025-03-18 08:45:00+00:00
49303.1015625,49399.25,49291.30078125,49383.80078125,0,2025-03-18 09:45:00+00:00
49405.8984375,49604.5,49331.69921875,49546.6015625,0,2025-03-19 03:45:00+00:00
49548.5,49748.1484375,49547.8984375,49719.8984375,0,2025-03-19 04:45:00+00:00
49720.69921875,49754.75,49669.25,49689.8984375,0,2025-03-19 05:45:00+00:00
49691.1015625,49806.1015625,49690.94921875,49743.19921875,0,2025-03-19 06:45:00+00:00
49743.1015625,49787.0,49730.1015625,49743.80078125,0,2025-03-19 07:45:00+00:00
49742.75,49791.5,49678.55078125,49705.44921875,0,2025-03-19 08:45:00+00:00
49705.75,49752.94921875,49672.8515625,49727.1015625,0,2025-03-19 09:45:00+00:00
49943.6015625,50031.0,49772.1484375,49819.19921875,0,2025-03-20 03:45:00+00:00
49818.5,49922.3984375,49808.1484375,49906.75,0,2025-03-20 04:45:00+00:00
49908.30078125,49923.6015625,49818.25,49855.75,0,2025-03-20 05:45:00+00:00
49855.8515625,49981.44921875,49827.6015625,49963.94921875,0,2025-03-20 06:45:00+00:00
49970.1484375,50129.05078125,49945.19921875,50048.3984375,0,2025-03-20 07:45:00+00:00
50045.0,50155.30078125,50026.94921875,50042.05078125,0,2025-03-20 08:45:00+00:00
50041.80078125,50071.3984375,49984.69921875,49993.80078125,0,2025-03-20 09:45:00+00:00
49975.5,50235.8515625,49956.94921875,50221.55078125,0,2025-03-21 03:45:00+00:00
50220.1484375,50500.80078125,50195.44921875,50479.05078125,0,2025-03-21 04:45:00+00:00
50480.30078125,50532.19921875,50366.8515625,50423.94921875,0,2025-03-21 05:45:00+00:00
50423.44921875,50516.25,50410.6015625,50440.5,0,2025-03-21 06:45:00+00:00
50439.8984375,50510.75,50270.6015625,50382.6015625,0,2025-03-21 07:45:00+00:00
50381.1015625,50649.75,50377.3984375,50576.75,0,2025-03-21 08:45:00+00:00
50579.8984375,50666.1484375,50532.6015625,50570.30078125,0,2025-03-21 09:45:00+00:00
50982.69921875,51415.69921875,50807.75,51407.3515625,0,2025-03-24 03:45:00+00:00
51404.05078125,51766.6015625,51391.6015625,51666.44921875,0,2025-03-24 04:45:00+00:00
51668.25,51676.5,51526.25,51596.1015625,0,2025-03-24 05:45:00+00:00
51594.5,51703.94921875,51585.44921875,51690.30078125,0,2025-03-24 06:45:00+00:00
51688.8984375,51720.0,51567.19921875,51707.69921875,0,2025-03-24 07:45:00+00:00
51706.3515625,51774.94921875,51625.25,51671.25,0,2025-03-24 08:45:00+00:00
51673.6484375,51797.94921875,51673.6484375,51769.6015625,0,2025-03-24 09:45:00+00:00
51843.0,52062.1484375,51647.8984375,51928.80078125,0,2025-03-25 03:45:00+00:00
51929.8515625,52052.69921875,51759.44921875,51820.25,0,2025-03-25 04:45:00+00:00
51820.5,51847.5,51625.05078125,51715.6484375,0,2025-03-25 05:45:00+00:00
51711.5,51726.30078125,51573.6484375,51624.69921875,0,2025-03-25 06:45:00+00:00
51626.19921875,51787.6484375,51537.94921875,51777.0,0,2025-03-25 07:45:00+00:00
51771.1015625,51787.25,51587.05078125,51615.55078125,0,2025-03-25 08:45:00+00:00
51618.3515625,51649.94921875,51441.6015625,51490.30078125,0,2025-03-25 09:45:00+00:00
51651.69921875,51819.1015625,51578.6484375,51749.94921875,0,2025-03-26 03:45:00+00:00
51749.80078125,51875.5,51513.25,51595.1015625,0,2025-03-26 04:45:00+00:00
51595.94921875,51626.44921875,51423.69921875,51477.1484375,0,2025-03-26 05:45:00+00:00
51473.8984375,51504.1484375,51223.94921875,51280.1484375,0,2025-03-26 06:45:00+00:00
51275.25,51280.75,51126.5,51184.0,0,2025-03-26 07:45:00+00:00
51185.8984375,51245.6484375,51070.30078125,51239.19921875,0,2025-03-26 08:45:00+00:00
51241.55078125,51241.55078125,51171.80078125,51180.69921875,0,2025-03-26 09:45:00+00:00
51084.0,51642.05078125,51080.69921875,51597.1015625,0,2025-03-27 03:45:00+00:00
51589.6015625,51669.1484375,51495.25,51653.19921875,0,2025-03-27 04:45:00+00:00
51653.30078125,51674.1484375,51568.94921875,51615.05078125,0,2025-03-27 05:45:00+00:00
51616.30078125,51637.8984375,51561.0,51596.5,0,2025-03-27 06:45:00+00:00
51596.80078125,51666.5,51582.94921875,51606.94921875,0,2025-03-27 07:45:00+00:00
51612.8984375,51711.69921875,51523.1015625,51536.1015625,0,2025-03-27 08:45:00+00:00
51531.25,51671.1484375,51484.1015625,51534.0,0,2025-03-27 09:45:00+00:00
51619.75,51811.69921875,51455.3984375,51546.6015625,0,2025-03-28 03:45:00+00:00
51550.1015625,51772.0,51509.94921875,51512.19921875,0,2025-03-28 04:45:00+00:00
51513.05078125,51606.3984375,51445.6484375,51582.0,0,2025-03-28 05:45:00+00:00
51587.44921875,51589.6484375,51335.3515625,51415.1015625,0,2025-03-28 06:45:00+00:00
51415.80078125,51559.6015625,51391.44921875,51552.44921875,0,2025-03-28 07:45:00+00:00
51552.44921875,51835.8515625,51527.44921875,51594.6015625,0,2025-03-28 08:45:00+00:00
51594.19921875,51595.69921875,51518.05078125,51552.6484375,0,2025-03-28 09:45:00+00:00
51178.1484375,51683.69921875,51178.1484375,51393.69921875,0,2025-04-01 03:45:00+00:00
51392.30078125,51489.19921875,50827.6484375,50910.75,0,2025-04-01 04:45:00+00:00
50909.69921875,50979.8515625,50743.6015625,50856.25,0,2025-04-01 05:45:00+00:00
50859.5,50963.0,50766.1484375,50843.69921875,0,2025-04-01 06:45:00+00:00
50844.55078125,50867.3984375,50756.1484375,50807.94921875,0,2025-04-01 07:45:00+00:00
50806.69921875,50890.6015625,50757.1484375,50838.25,0,2025-04-01 08:45:00+00:00
50836.6484375,50874.30078125,50813.3515625,50851.0,0,2025-04-01 09:45:00+00:00
50955.94921875,51240.80078125,50909.5,51104.1015625,0,2025-04-02 03:45:00+00:00
51101.3984375,51276.1015625,51070.05078125,51227.3515625,0,2025-04-02 04:45:00+00:00
51226.94921875,51267.75,51114.8984375,51246.3984375,0,2025-04-02 05:45:00+00:00
51246.1484375,51279.19921875,51110.94921875,51233.1015625,0,2025-04-02 06:45:00+00:00
51238.0,51286.8984375,51189.55078125,51218.3515625,0,2025-04-02 07:45:00+00:00
51223.5,51379.30078125,51203.69921875,51362.1015625,0,2025-04-02 08:45:00+00:00
51362.30078125,51404.19921875,51342.05078125,51372.75,0,2025-04-02 09:45:00+00:00
50910.0,51437.69921875,50910.0,51400.0,0,2025-04-03 03:45:00+00:00
51399.69921875,51527.1484375,51345.6015625,51492.8515625,0,2025-04-03 04:45:00+00:00
51495.94921875,51518.3984375,51441.8984375,51477.0,0,2025-04-03 05:45:00+00:00
51484.94921875,51491.75,51401.80078125,51466.19921875,0,2025-04-03 06:45:00+00:00
51470.0,51659.6484375,51434.1484375,51559.80078125,0,2025-04-03 07:45:00+00:00
51556.30078125,51632.55078125,51527.44921875,51613.55078125,0,2025-04-03 08:45:00+00:00
51612.8984375,51619.80078125,51571.8515625,51581.55078125,0,2025-04-03 09:45:00+00:00
51711.44921875,51891.05078125,51475.25,51522.8515625,0,2025-04-04 03:45:00+00:00
51523.1484375,51734.19921875,51511.25,51686.69921875,0,2025-04-04 04:45:00+00:00
51686.6484375,51763.3515625,51600.8515625,51661.0,0,2025-04-04 05:45:00+00:00
51659.8984375,51706.1484375,51602.25,51617.8515625,0,2025-04-04 06:45:00+00:00
51616.75,51676.05078125,51468.19921875,51617.5,0,2025-04-04 07:45:00+00:00
51610.25,51637.6484375,51360.8984375,51557.8984375,0,2025-04-04 08:45:00+00:00
51548.44921875,51558.25,51488.6015625,51515.25,0,2025-04-04 09:45:00+00:00
49285.1484375,50417.6484375,49285.1484375,49668.3984375,0,2025-04-07 03:45:00+00:00
49660.6484375,50013.3515625,49582.55078125,49672.05078125,0,2025-04-07 04:45:00+00:00
49671.55078125,49783.0,49278.6484375,49289.0,0,2025-04-07 05:45:00+00:00
49292.8984375,49471.44921875,49158.05078125,49333.44921875,0,2025-04-07 06:45:00+00:00
49336.44921875,49698.05078125,49215.94921875,49581.05078125,0,2025-04-07 07:45:00+00:00
49584.3515625,49958.19921875,49503.05078125,49907.44921875,0,2025-04-07 08:45:00+00:00
49909.8984375,50041.6015625,49843.19921875,49985.94921875,0,2025-04-07 09:45:00+00:00
50417.3515625,50790.8515625,50264.1015625,50290.3515625,0,2025-04-08 03:45:00+00:00
50291.6015625,50486.3984375,50031.3515625,50383.5,0,2025-04-08 04:45:00+00:00
50383.6484375,50548.75,50103.0,50548.75,0,2025-04-08 05:45:00+00:00
50550.6484375,50763.6484375,50447.1484375,50720.6484375,0,2025-04-08 06:45:00+00:00
50722.1015625,50771.5,50321.8984375,50555.1015625,0,2025-04-08 07:45:00+00:00
50562.55078125,50672.6484375,50419.5,50494.19921875,0,2025-04-08 08:45:00+00:00
50493.69921875,50607.6484375,50477.0,50575.1015625,0,2025-04-08 09:45:00+00:00
50474.8984375,50481.19921875,50145.5,50168.80078125,0,2025-04-09 03:45:00+00:00
50169.6015625,50355.19921875,49910.8515625,49953.0,0,2025-04-09 04:45:00+00:00
49950.69921875,50210.8515625,49935.30078125,50129.30078125,0,2025-04-09 05:45:00+00:00
50134.5,50295.3515625,50103.25,50280.8515625,0,2025-04-09 06:45:00+00:00
50283.8515625,50306.6015625,50180.25,50247.19921875,0,2025-04-09 07:45:00+00:00
50249.80078125,50305.69921875,50200.3984375,50248.8515625,0,2025-04-09 08:45:00+00:00
50247.75,50293.3984375,50231.3515625,50283.75,0,2025-04-09 09:45:00+00:00
50686.55078125,51064.3984375,50686.55078125,50927.80078125,0,2025-04-11 03:45:00+00:00
50927.5,50983.75,50756.55078125,50964.55078125,0,2025-04-11 04:45:00+00:00
50965.05078125,51205.3515625,50953.19921875,51203.6484375,0,2025-04-11 05:45:00+00:00
51205.3515625,51242.8515625,51152.94921875,51196.05078125,0,2025-04-11 06:45:00+00:00
51194.3515625,51210.69921875,50980.25,51011.44921875,0,2025-04-11 07:45:00+00:00
51014.8984375,51056.75,50900.1015625,51005.80078125,0,2025-04-11 08:45:00+00:00
51004.0,51037.19921875,50938.19921875,51007.55078125,0,2025-04-11 09:45:00+00:00
52244.69921875,52265.3515625,51869.19921875,52255.19921875,0,2025-04-15 03:45:00+00:00
52253.94921875,52276.0,52159.25,52258.05078125,0,2025-04-15 04:45:00+00:00
52260.3515625,52399.6015625,52255.05078125,52327.6015625,0,2025-04-15 05:45:00+00:00
52333.3984375,52363.0,52276.6015625,52311.1484375,0,2025-04-15 06:45:00+00:00
52312.3515625,52374.69921875,52298.55078125,52371.3515625,0,2025-04-15 07:45:00+00:00
52371.55078125,52398.6015625,52316.3515625,52358.75,0,2025-04-15 08:45:00+00:00
52360.5,52464.3984375,52355.55078125,52415.1484375,0,2025-04-15 09:45:00+00:00
52659.6484375,52819.8984375,52472.44921875,52786.19921875,0,2025-04-16 03:45:00+00:00
52787.69921875,52805.1484375,52612.05078125,52744.30078125,0,2025-04-16 04:45:00+00:00
52747.0,52813.8984375,52720.5,52771.55078125,0,2025-04-16 05:45:00+00:00
52771.5,52876.30078125,52745.94921875,52874.19921875,0,2025-04-16 06:45:00+00:00
52874.8515625,53123.44921875,52728.1484375,53116.5,0,2025-04-16 07:45:00+00:00
53121.80078125,53152.80078125,53037.8984375,53087.6015625,0,2025-04-16 08:45:00+00:00
53086.1484375,53163.1015625,53079.6015625,53109.25,0,2025-04-16 09:45:00+00:00
53153.75,53524.80078125,53104.8515625,53380.8515625,0,2025-04-17 03:45:00+00:00
53386.25,53486.0,53346.80078125,53459.69921875,0,2025-04-17 04:45:00+00:00
53460.8515625,53813.05078125,53447.75,53797.44921875,0,2025-04-17 05:45:00+00:00
53799.25,54308.8515625,53762.5,54305.55078125,0,2025-04-17 06:45:00+00:00
54304.5,54404.5,54225.3984375,54280.19921875,0,2025-04-17 07:45:00+00:00
54282.0,54400.44921875,54182.05078125,54259.19921875,0,2025-04-17 08:45:00+00:00
54260.1015625,54332.25,54214.6015625,54252.05078125,0,2025-04-17 09:45:00+00:00
54851.1015625,55290.3515625,54720.3515625,55167.1484375,0,2025-04-21 03:45:00+00:00
55162.8515625,55383.55078125,55094.55078125,55366.1015625,0,2025-04-21 04:45:00+00:00
55371.8515625,55433.1015625,55296.05078125,55385.3984375,0,2025-04-21 05:45:00+00:00
55386.25,55460.69921875,55368.25,55412.69921875,0,2025-04-21 06:45:00+00:00
55412.0,55432.0,55228.3515625,55320.1484375,0,2025-04-21 07:45:00+00:00
55321.3515625,55338.1484375,55244.1484375,55288.0,0,2025-04-21 08:45:00+00:00
55285.1484375,55346.25,55285.1484375,55295.5,0,2025-04-21 09:45:00+00:00
55447.3515625,55704.8984375,55244.0,55696.5,0,2025-04-22 03:45:00+00:00
55696.0,55960.3984375,55692.6484375,55906.69921875,0,2025-04-22 04:45:00+00:00
55910.44921875,55916.6015625,55603.80078125,55728.3984375,0,2025-04-22 05:45:00+00:00
55721.6484375,55768.0,55628.0,55755.1484375,0,2025-04-22 06:45:00+00:00
55758.80078125,55818.25,55670.55078125,55717.6015625,0,2025-04-22 07:45:00+00:00
55716.3984375,55766.6484375,55601.55078125,55666.8984375,0,2025-04-22 08:45:00+00:00
55666.25,55669.3984375,55529.55078125,55559.19921875,0,2025-04-22 09:45:00+00:00
56096.44921875,56096.44921875,55339.05078125,55342.8515625,0,2025-04-23 03:45:00+00:00
55344.6015625,55440.94921875,55162.5,55224.5,0,2025-04-23 04:45:00+00:00
55225.19921875,55390.1484375,55215.8515625,55263.30078125,0,2025-04-23 05:45:00+00:00
55263.3515625,55369.3515625,55185.44921875,55306.3984375,0,2025-04-23 06:45:00+00:00
55305.3515625,55443.3984375,55255.1015625,55414.6015625,0,2025-04-23 07:45:00+00:00
55414.3984375,55424.6484375,55343.05078125,55395.3984375,0,2025-04-23 08:45:00+00:00
55395.30078125,55398.8984375,55297.8515625,55318.8984375,0,2025-04-23 09:45:00+00:00
55106.94921875,55548.1015625,55106.94921875,55381.69921875,0,2025-04-24 03:45:00+00:00
55386.1015625,55409.3515625,55330.05078125,55378.8515625,0,2025-04-24 04:45:00+00:00
55377.0,55392.3515625,55286.3515625,55347.3984375,0,2025-04-24 05:45:00+00:00
55347.80078125,55384.1484375,55321.8515625,55341.5,0,2025-04-24 06:45:00+00:00
55347.0,55388.94921875,55338.1484375,55357.19921875,0,2025-04-24 07:45:00+00:00
55357.5,55400.3515625,55100.25,55225.1484375,0,2025-04-24 08:45:00+00:00
55221.75,55231.75,55104.1484375,55125.69921875,0,2025-04-24 09:45:00+00:00
55225.1484375,55349.6484375,54485.1484375,54668.55078125,0,2025-04-25 03:45:00+00:00
54669.75,54698.6015625,54321.44921875,54411.8515625,0,2025-04-25 04:45:00+00:00
54418.0,54435.25,54181.8515625,54377.44921875,0,2025-04-25 05:45:00+00:00
54377.6015625,54616.69921875,54333.25,54605.69921875,0,2025-04-25 06:45:00+00:00
54605.55078125,54911.0,54579.19921875,54774.1484375,0,2025-04-25 07:45:00+00:00
54773.25,54870.69921875,54635.80078125,54694.6484375,0,2025-04-25 08:45:00+00:00
54695.05078125,54696.5,54535.80078125,54552.44921875,0,2025-04-25 09:45:00+00:00
54610.30078125,55293.44921875,54598.3515625,55288.19921875,0,2025-04-28 03:45:00+00:00
55289.3984375,55327.80078125,55159.19921875,55168.80078125,0,2025-04-28 04:45:00+00:00
55169.55078125,55390.8984375,55121.6015625,55349.3515625,0,2025-04-28 05:45:00+00:00
55347.94921875,55576.75,55343.3515625,55514.75,0,2025-04-28 06:45:00+00:00
55519.69921875,55520.6484375,55423.1484375,55511.05078125,0,2025-04-28 07:45:00+00:00
55519.25,55527.1015625,55316.1484375,55422.3984375,0,2025-04-28 08:45:00+00:00
55422.25,55446.6015625,55377.5,55428.1015625,0,2025-04-28 09:45:00+00:00
55516.55078125,55957.25,55473.8515625,55531.75,0,2025-04-29 03:45:00+00:00
55529.05078125,55549.3984375,55371.75,55454.94921875,0,2025-04-29 04:45:00+00:00
55454.75,55482.8515625,55306.3984375,55352.25,0,2025-04-29 05:45:00+00:00
55352.6015625,55548.44921875,55289.05078125,55460.0,0,2025-04-29 06:45:00+00:00
55459.19921875,55479.30078125,55402.6484375,55446.6484375,0,2025-04-29 07:45:00+00:00
55447.5,55523.69921875,55391.80078125,55392.55078125,0,2025-04-29 08:45:00+00:00
55390.6484375,55400.1484375,55265.1484375,55301.1015625,0,2025-04-29 09:45:00+00:00
55371.0,55478.25,55095.6484375,55247.80078125,0,2025-04-30 03:45:00+00:00
55249.3984375,55291.75,55049.8515625,55158.3984375,0,2025-04-30 04:45:00+00:00
55159.69921875,55254.19921875,55115.94921875,55131.3984375,0,2025-04-30 05:45:00+00:00
55132.3515625,55283.94921875,55103.94921875,55225.6484375,0,2025-04-30 06:45:00+00:00
55222.0,55252.1484375,55135.30078125,55170.8515625,0,2025-04-30 07:45:00+00:00
55171.3515625,55233.6484375,55092.75,55136.6484375,0,2025-04-30 08:45:00+00:00
55138.19921875,55146.94921875,54935.44921875,54956.5,0,2025-04-30 09:45:00+00:00
55100.94921875,55689.6015625,55100.94921875,55579.8984375,0,2025-05-02 03:45:00+00:00
55579.75,55594.80078125,55321.6015625,55370.44921875,0,2025-05-02 04:45:00+00:00
55370.19921875,55422.0,55144.19921875,55173.75,0,2025-05-02 05:45:00+00:00
55170.8984375,55185.8984375,54996.05078125,55073.25,0,2025-05-02 06:45:00+00:00
55072.80078125,55290.75,55072.80078125,55227.6015625,0,2025-05-02 07:45:00+00:00
55226.80078125,55246.8515625,54997.0,55177.6015625,0,2025-05-02 08:45:00+00:00
55175.25,55183.1015625,55037.30078125,55051.1484375,0,2025-05-02 09:45:00+00:00
55051.69921875,55336.8984375,54891.3515625,55038.8984375,0,2025-05-05 03:45:00+00:00
55043.19921875,55180.0,54932.5,54975.80078125,0,2025-05-05 04:45:00+00:00
54979.69921875,54992.30078125,54824.8984375,54875.05078125,0,2025-05-05 05:45:00+00:00
54876.05078125,54930.55078125,54786.5,54895.3515625,0,2025-05-05 06:45:00+00:00
54889.80078125,55048.0,54859.0,55005.6015625,0,2025-05-05 07:45:00+00:00
55004.25,55081.1484375,54880.1484375,54904.8984375,0,2025-05-05 08:45:00+00:00
54904.25,54963.0,54895.19921875,54907.19921875,0,2025-05-05 09:45:00+00:00
54924.19921875,55036.94921875,54601.0,54601.0,0,2025-05-06 03:45:00+00:00
54595.19921875,54601.19921875,54489.1484375,54534.1484375,0,2025-05-06 04:45:00+00:00
54532.80078125,54545.75,54400.94921875,54515.05078125,0,2025-05-06 05:45:00+00:00
54515.55078125,54570.55078125,54453.5,54498.25,0,2025-05-06 06:45:00+00:00
54499.25,54583.25,54465.1484375,54512.3984375,0,2025-05-06 07:45:00+00:00
54517.6015625,54522.5,54245.30078125,54284.44921875,0,2025-05-06 08:45:00+00:00
54284.3515625,54290.3984375,54179.0,54183.8515625,0,2025-05-06 09:45:00+00:00
53945.05078125,54671.3515625,53933.6015625,54307.3515625,0,2025-05-07 03:45:00+00:00
54306.8984375,54389.69921875,54222.19921875,54327.8515625,0,2025-05-07 04:45:00+00:00
54326.8515625,54477.8515625,54291.44921875,54337.5,0,2025-05-07 05:45:00+00:00
54338.05078125,54389.44921875,54226.6015625,54271.5,0,2025-05-07 06:45:00+00:00
54271.05078125,54459.80078125,54257.8515625,54410.1015625,0,2025-05-07 07:45:00+00:00
54419.05078125,54605.0,54326.05078125,54597.6484375,0,2025-05-07 08:45:00+00:00
54597.1484375,54680.75,54594.25,54628.30078125,0,2025-05-07 09:45:00+00:00
54771.8984375,54933.8984375,54602.5,54763.5,0,2025-05-08 03:45:00+00:00
54760.30078125,54870.25,54733.3984375,54781.75,0,2025-05-08 04:45:00+00:00
54781.25,54802.75,54698.6484375,54743.1015625,0,2025-05-08 05:45:00+00:00
54740.94921875,54849.1015625,54719.0,54791.8515625,0,2025-05-08 06:45:00+00:00
54791.8515625,54842.8515625,54518.25,54540.19921875,0,2025-05-08 07:45:00+00:00
54536.8984375,54653.19921875,54343.8515625,54466.0,0,2025-05-08 08:45:00+00:00
54467.80078125,54470.05078125,54109.94921875,54141.75,0,2025-05-08 09:45:00+00:00
53620.25,54051.05078125,53547.55078125,53765.8984375,0,2025-05-09 03:45:00+00:00
53769.80078125,53843.69921875,53622.1484375,53713.3515625,0,2025-05-09 04:45:00+00:00
53713.80078125,53920.8515625,53604.6015625,53716.30078125,0,2025-05-09 05:45:00+00:00
53717.3984375,53738.25,53584.0,53615.1015625,0,2025-05-09 06:45:00+00:00
53614.30078125,53660.0,53533.75,53590.0,0,2025-05-09 07:45:00+00:00
53589.3984375,53643.8515625,53485.05078125,53588.5,0,2025-05-09 08:45:00+00:00
53589.5,53676.80078125,53573.1484375,53674.05078125,0,2025-05-09 09:45:00+00:00
54658.75,55290.30078125,54570.6484375,55146.3984375,0,2025-05-12 03:45:00+00:00
55148.3515625,55346.19921875,55135.30078125,55304.55078125,0,2025-05-12 04:45:00+00:00
55306.1484375,55390.25,55134.8984375,55150.55078125,0,2025-05-12 05:45:00+00:00
55155.3984375,55336.75,55123.44921875,55189.8984375,0,2025-05-12 06:45:00+00:00
55192.6015625,55291.94921875,55184.19921875,55291.25,0,2025-05-12 07:45:00+00:00
55289.75,55377.0,55227.75,55325.0,0,2025-05-12 08:45:00+00:00
55324.69921875,55464.94921875,55320.6484375,55411.30078125,0,2025-05-12 09:45:00+00:00
55233.55078125,55497.25,54983.30078125,55182.05078125,0,2025-05-13 03:45:00+00:00
55176.3515625,55314.0,54945.44921875,55108.80078125,0,2025-05-13 04:45:00+00:00
55107.69921875,55332.0,55087.8515625,55171.3515625,0,2025-05-13 05:45:00+00:00
55168.3515625,55211.55078125,54925.69921875,54990.80078125,0,2025-05-13 06:45:00+00:00
54986.94921875,54997.05078125,54889.19921875,54947.30078125,0,2025-05-13 07:45:00+00:00
54946.5,55038.05078125,54894.44921875,54929.69921875,0,2025-05-13 08:45:00+00:00
54932.75,54984.6484375,54890.55078125,54964.44921875,0,2025-05-13 09:45:00+00:00
55008.55078125,55205.25,54886.25,55089.30078125,0,2025-05-14 03:45:00+00:00
55084.55078125,55094.1015625,54951.6484375,55012.8515625,0,2025-05-14 04:45:00+00:00
55008.3515625,55033.94921875,54805.75,54839.3984375,0,2025-05-14 05:45:00+00:00
54842.8515625,54845.0,54492.6484375,54682.94921875,0,2025-05-14 06:45:00+00:00
54682.8515625,54711.55078125,54582.69921875,54654.94921875,0,2025-05-14 07:45:00+00:00
54655.1484375,54831.19921875,54578.6015625,54808.1484375,0,2025-05-14 08:45:00+00:00
54810.80078125,54898.80078125,54759.3984375,54860.55078125,0,2025-05-14 09:45:00+00:00
54853.69921875,54906.19921875,54443.8515625,54562.75,0,2025-05-15 03:45:00+00:00
54553.80078125,55018.0,54491.30078125,54616.69921875,0,2025-05-15 04:45:00+00:00
54617.1015625,54807.0,54570.69921875,54711.30078125,0,2025-05-15 05:45:00+00:00
54711.69921875,55100.30078125,54629.6484375,55096.3984375,0,2025-05-15 06:45:00+00:00
55098.80078125,55462.1484375,55017.75,55432.0,0,2025-05-15 07:45:00+00:00
55427.69921875,55486.3984375,55302.8984375,55362.55078125,0,2025-05-15 08:45:00+00:00
55357.5,55375.8984375,55319.55078125,55336.69921875,0,2025-05-15 09:45:00+00:00
55288.0,55417.3515625,55170.6015625,55277.44921875,0,2025-05-16 03:45:00+00:00
55280.25,55350.44921875,55220.05078125,55273.5,0,2025-05-16 04:45:00+00:00
55271.55078125,55315.3984375,55242.55078125,55263.05078125,0,2025-05-16 05:45:00+00:00
55257.8984375,55359.3515625,55230.19921875,55306.30078125,0,2025-05-16 06:45:00+00:00
55306.3984375,55381.1484375,55276.1015625,55347.69921875,0,2025-05-16 07:45:00+00:00
55347.30078125,55394.69921875,55313.25,55363.1015625,0,2025-05-16 08:45:00+00:00
55367.3984375,55376.75,55311.0,55350.80078125,0,2025-05-16 09:45:00+00:00
55331.3515625,55511.25,55305.25,55480.94921875,0,2025-05-19 03:45:00+00:00
55478.0,55648.05078125,55474.44921875,55587.3515625,0,2025-05-19 04:45:00+00:00
55588.3515625,55671.1484375,55542.19921875,55591.69921875,0,2025-05-19 05:45:00+00:00
55592.3984375,55694.30078125,55522.1484375,55542.05078125,0,2025-05-19 06:45:00+00:00
55542.05078125,55599.5,55355.8984375,55399.6015625,0,2025-05-19 07:45:00+00:00
55400.75,55457.5,55303.6484375,55417.1015625,0,2025-05-19 08:45:00+00:00
55418.30078125,55450.94921875,55376.94921875,55400.6484375,0,2025-05-19 09:45:00+00:00
55443.8515625,55565.94921875,55121.1484375,55194.3984375,0,2025-05-20 03:45:00+00:00
55196.05078125,55344.94921875,55140.30078125,55208.30078125,0,2025-05-20 04:45:00+00:00
55208.1015625,55209.44921875,55074.3515625,55122.19921875,0,2025-05-20 05:45:00+00:00
55131.1484375,55209.05078125,55007.30078125,55009.6484375,0,2025-05-20 06:45:00+00:00
55009.3984375,55049.6015625,54931.94921875,54965.5,0,2025-05-20 07:45:00+00:00
54962.8984375,54975.05078125,54830.0,54910.25,0,2025-05-20 08:45:00+00:00
54910.8515625,54934.30078125,54854.3984375,54932.3515625,0,2025-05-20 09:45:00+00:00
55069.5,55265.44921875,54933.3515625,55260.30078125,0,2025-05-21 03:45:00+00:00
55261.0,55336.75,55163.8515625,55218.1015625,0,2025-05-21 04:45:00+00:00
55219.25,55233.8515625,54790.94921875,54813.25,0,2025-05-21 05:45:00+00:00
54817.55078125,55026.69921875,54690.80078125,55011.1484375,0,2025-05-21 06:45:00+00:00
55012.94921875,55109.3515625,54891.8984375,55007.94921875,0,2025-05-21 07:45:00+00:00
55007.75,55112.44921875,54990.3984375,55066.8984375,0,2025-05-21 08:45:00+00:00
55066.6015625,55097.44921875,55036.5,55065.6015625,0,2025-05-21 09:45:00+00:00
54869.19921875,54934.3984375,54719.8515625,54849.5,0,2025-05-22 03:45:00+00:00
54849.80078125,54889.6015625,54742.1484375,54747.75,0,2025-05-22 04:45:00+00:00
54746.44921875,54776.6015625,54588.80078125,54644.80078125,0,2025-05-22 05:45:00+00:00
54646.6484375,54671.80078125,54577.69921875,54647.3515625,0,2025-05-22 06:45:00+00:00
54651.80078125,54692.1015625,54616.25,54653.75,0,2025-05-22 07:45:00+00:00
54653.5,54995.94921875,54587.1484375,54937.6484375,0,2025-05-22 08:45:00+00:00
54938.75,54989.6015625,54889.80078125,54963.25,0,2025-05-22 09:45:00+00:00
54959.30078125,55200.6015625,54855.19921875,55171.1484375,0,2025-05-23 03:45:00+00:00
55170.05078125,55338.44921875,55002.94921875,55309.25,0,2025-05-23 04:45:00+00:00
55311.8515625,55431.80078125,55192.6484375,55236.3984375,0,2025-05-23 05:45:00+00:00
55232.05078125,55430.5,55230.6015625,55362.25,0,2025-05-23 06:45:00+00:00
55361.69921875,55438.94921875,55302.6015625,55395.75,0,2025-05-23 07:45:00+00:00
55394.55078125,55420.8984375,55303.1015625,55391.25,0,2025-05-23 08:45:00+00:00
55391.25,55426.1015625,55379.6484375,55389.6015625,0,2025-05-23 09:45:00+00:00
55534.8984375,55875.6015625,55520.44921875,55741.3515625,0,2025-05-26 03:45:00+00:00
55739.55078125,55760.1015625,55308.05078125,55480.1015625,0,2025-05-26 04:45:00+00:00
55481.3515625,55576.25,55406.80078125,55531.1015625,0,2025-05-26 05:45:00+00:00
55531.19921875,55611.1015625,55422.75,55509.1015625,0,2025-05-26 06:45:00+00:00
55506.1484375,55555.1484375,55456.8984375,55527.1015625,0,2025-05-26 07:45:00+00:00
55528.94921875,55598.3515625,55447.30078125,55577.1015625,0,2025-05-26 08:45:00+00:00
55578.25,55612.6484375,55548.3515625,55558.8984375,0,2025-05-26 09:45:00+00:00
55483.8984375,55493.94921875,55041.3515625,55112.44921875,0,2025-05-27 03:45:00+00:00
55109.55078125,55449.75,55054.69921875,55354.3515625,0,2025-05-27 04:45:00+00:00
55365.6484375,55828.44921875,55364.44921875,55593.44921875,0,2025-05-27 05:45:00+00:00
55598.80078125,55623.1015625,55340.8515625,55411.5,0,2025-05-27 06:45:00+00:00
55412.55078125,55529.75,55213.55078125,55266.94921875,0,2025-05-27 07:45:00+00:00
55258.8984375,55393.94921875,55110.05078125,55384.55078125,0,2025-05-27 08:45:00+00:00
55386.55078125,55406.1015625,55319.05078125,55352.44921875,0,2025-05-27 09:45:00+00:00
55328.6015625,55521.6015625,55236.55078125,55335.6015625,0,2025-05-28 03:45:00+00:00
55335.30078125,55463.05078125,55278.94921875,55384.8984375,0,2025-05-28 04:45:00+00:00
55383.6015625,55432.55078125,55303.80078125,55318.5,0,2025-05-28 05:45:00+00:00
55319.94921875,55506.8515625,55311.30078125,55433.55078125,0,2025-05-28 06:45:00+00:00
55433.19921875,55464.6484375,55345.6015625,55415.05078125,0,2025-05-28 07:45:00+00:00
55415.6015625,55478.25,55335.5,55407.75,0,2025-05-28 08:45:00+00:00
55410.05078125,55454.25,55396.1015625,55447.55078125,0,2025-05-28 09:45:00+00:00
55589.3515625,55725.3515625,55319.0,55350.80078125,0,2025-05-29 03:45:00+00:00
55351.55078125,55385.0,55196.8984375,55213.1015625,0,2025-05-29 04:45:00+00:00
55197.25,55241.30078125,55150.6015625,55191.44921875,0,2025-05-29 05:45:00+00:00
55189.6484375,55282.3984375,55096.69921875,55266.3515625,0,2025-05-29 06:45:00+00:00
55261.6015625,55302.25,55187.94921875,55201.25,0,2025-05-29 07:45:00+00:00
55201.55078125,55594.8515625,55177.69921875,55591.80078125,0,2025-05-29 08:45:00+00:00
55591.0,55781.1015625,55566.0,55765.19921875,0,2025-05-29 09:45:00+00:00
55611.3984375,55695.55078125,55461.8984375,55559.8515625,0,2025-05-30 03:45:00+00:00
55557.1015625,55562.1484375,55356.8515625,55460.8515625,0,2025-05-30 04:45:00+00:00
55462.94921875,55551.44921875,55426.8515625,55430.5,0,2025-05-30 05:45:00+00:00
55415.80078125,55581.94921875,55402.25,55557.8515625,0,2025-05-30 06:45:00+00:00
55557.5,55776.3984375,55557.5,55624.1484375,0,2025-05-30 07:45:00+00:00
55626.0,55812.6015625,55618.1015625,55755.75,0,2025-05-30 08:45:00+00:00
55755.44921875,55778.8984375,55729.05078125,55755.69921875,0,2025-05-30 09:45:00+00:00
55598.25,55683.3515625,55401.94921875,55585.25,0,2025-06-02 03:45:00+00:00
55585.55078125,55686.44921875,55551.5,55615.69921875,0,2025-06-02 04:45:00+00:00
55616.55078125,55752.19921875,55572.8515625,55726.1015625,0,2025-06-02 05:45:00+00:00
55725.1015625,55834.8515625,55690.25,55780.8984375,0,2025-06-02 06:45:00+00:00
55781.25,55872.1015625,55759.05078125,55787.1484375,0,2025-06-02 07:45:00+00:00
55787.94921875,55964.0,55702.75,55918.30078125,0,2025-06-02 08:45:00+00:00
55918.0,55921.8515625,55811.5,55862.05078125,0,2025-06-02 09:45:00+00:00
56104.80078125,56143.8984375,55716.5,55841.6484375,0,2025-06-03 03:45:00+00:00
55841.94921875,56016.3984375,55704.19921875,55706.80078125,0,2025-06-03 04:45:00+00:00
55709.44921875,55805.30078125,55660.80078125,55680.05078125,0,2025-06-03 05:45:00+00:00
55683.25,55727.25,55459.75,55524.1015625,0,2025-06-03 06:45:00+00:00
55523.1484375,55659.44921875,55467.69921875,55647.6015625,0,2025-06-03 07:45:00+00:00
55650.3515625,55722.1015625,55582.19921875,55600.94921875,0,2025-06-03 08:45:00+00:00
55598.80078125,55635.8515625,55525.3515625,55540.0,0,2025-06-03 09:45:00+00:00
55652.1484375,55779.5,55408.44921875,55522.44921875,0,2025-06-04 03:45:00+00:00
55522.44921875,55641.6015625,55493.3984375,55595.5,0,2025-06-04 04:45:00+00:00
55594.5,55702.3515625,55588.6484375,55686.05078125,0,2025-06-04 05:45:00+00:00
55687.05078125,55700.19921875,55624.55078125,55645.3984375,0,2025-06-04 06:45:00+00:00
55645.55078125,55690.05078125,55597.19921875,55670.6484375,0,2025-06-04 07:45:00+00:00
55670.1015625,55738.0,55624.30078125,55666.30078125,0,2025-06-04 08:45:00+00:00
55665.55078125,55693.6015625,55656.30078125,55665.55078125,0,2025-06-04 09:45:00+00:00
55798.1484375,55849.44921875,55586.44921875,55748.80078125,0,2025-06-05 03:45:00+00:00
55744.6015625,55781.6484375,55666.6484375,55718.44921875,0,2025-06-05 04:45:00+00:00
55720.25,55970.55078125,55694.1484375,55953.75,0,2025-06-05 05:45:00+00:00
55968.55078125,56009.1484375,55773.6015625,55788.25,0,2025-06-05 06:45:00+00:00
55762.5,55796.94921875,55629.25,55676.8515625,0,2025-06-05 07:45:00+00:00
55677.1015625,55783.3515625,55659.1015625,55770.19921875,0,2025-06-05 08:45:00+00:00
55764.5,55841.5,55753.69921875,55809.75,0,2025-06-05 09:45:00+00:00
55699.44921875,55992.55078125,55560.3515625,55690.55078125,0,2025-06-06 03:45:00+00:00
55691.3984375,56577.1015625,55536.5,56567.8515625,0,2025-06-06 04:45:00+00:00
56569.3515625,56649.80078125,56478.6015625,56591.8984375,0,2025-06-06 05:45:00+00:00
56590.5,56627.30078125,56454.8515625,56568.3515625,0,2025-06-06 06:45:00+00:00
56567.75,56638.05078125,56495.94921875,56636.69921875,0,2025-06-06 07:45:00+00:00
56634.30078125,56693.6484375,56548.1015625,56571.1484375,0,2025-06-06 08:45:00+00:00
56571.1484375,56594.05078125,56539.8984375,56584.80078125,0,2025-06-06 09:45:00+00:00
57002.0,57008.30078125,56793.25,56996.3515625,0,2025-06-09 03:45:00+00:00
56991.25,57032.55078125,56942.8515625,56947.8984375,0,2025-06-09 04:45:00+00:00
56949.8515625,56956.05078125,56856.6484375,56933.55078125,0,2025-06-09 05:45:00+00:00
56934.6484375,56981.94921875,56878.94921875,56935.05078125,0,2025-06-09 06:45:00+00:00
56937.55078125,56955.30078125,56845.1015625,56850.0,0,2025-06-09 07:45:00+00:00
56847.19921875,56893.1484375,56827.05078125,56851.0,0,2025-06-09 08:45:00+00:00
56851.30078125,56857.44921875,56811.3984375,56846.19921875,0,2025-06-09 09:45:00+00:00
56993.8984375,57012.6015625,56570.44921875,56781.69921875,0,2025-06-10 03:45:00+00:00
56783.6484375,56804.69921875,56602.80078125,56666.8515625,0,2025-06-10 04:45:00+00:00
56670.30078125,56676.69921875,56573.3984375,56610.1015625,0,2025-06-10 05:45:00+00:00
56608.05078125,56732.55078125,56586.30078125,56688.3515625,0,2025-06-10 06:45:00+00:00
56676.8984375,56709.8984375,56639.1484375,56652.05078125,0,2025-06-10 07:45:00+00:00
56652.30078125,56679.80078125,56591.8515625,56647.3515625,0,2025-06-10 08:45:00+00:00
56648.05078125,56653.80078125,56565.1015625,56579.55078125,0,2025-06-10 09:45:00+00:00
56640.75,56662.55078125,56444.3515625,56621.3515625,0,2025-06-11 03:45:00+00:00
56619.6484375,56723.1484375,56568.25,56713.69921875,0,2025-06-11 04:45:00+00:00
56711.3984375,56780.44921875,56674.19921875,56743.25,0,2025-06-11 05:45:00+00:00
56743.25,56781.5,56664.30078125,56666.80078125,0,2025-06-11 06:45:00+00:00
56667.75,56672.5,56400.44921875,56423.0,0,2025-06-11 07:45:00+00:00
56425.75,56507.30078125,56411.1484375,56454.75,0,2025-06-11 08:45:00+00:00
56454.6484375,56473.25,56416.3515625,56438.05078125,0,2025-06-11 09:45:00+00:00
56454.69921875,56611.0,56383.0,56395.80078125,0,2025-06-12 03:45:00+00:00
56397.75,56439.05078125,56242.1015625,56268.1015625,0,2025-06-12 04:45:00+00:00
56267.75,56354.05078125,56197.30078125,56257.94921875,0,2025-06-12 05:45:00+00:00
56259.80078125,56333.55078125,56209.80078125,56245.0,0,2025-06-12 06:45:00+00:00
56245.0,56263.05078125,55969.80078125,56012.75,0,2025-06-12 07:45:00+00:00
56015.0,56205.69921875,56004.25,56076.8984375,0,2025-06-12 08:45:00+00:00
56076.1015625,56081.19921875,55980.44921875,55997.80078125,0,2025-06-12 09:45:00+00:00
55165.5,55514.8984375,55165.5,55455.8984375,0,2025-06-13 03:45:00+00:00
55452.8515625,55591.0,55380.8515625,55446.55078125,0,2025-06-13 04:45:00+00:00
55440.75,55542.55078125,55419.0,55471.80078125,0,2025-06-13 05:45:00+00:00
55471.8515625,55553.6484375,55440.0,55501.55078125,0,2025-06-13 06:45:00+00:00
55498.0,55687.5,55480.55078125,55560.8984375,0,2025-06-13 07:45:00+00:00
55560.6484375,55586.44921875,55376.19921875,55546.8515625,0,2025-06-13 08:45:00+00:00
55545.75,55581.3515625,55514.3515625,55577.1015625,0,2025-06-13 09:45:00+00:00
55565.8515625,55601.8984375,55382.25,55477.30078125,0,2025-06-16 03:45:00+00:00
55476.8984375,55801.6484375,55469.19921875,55739.6015625,0,2025-06-16 04:45:00+00:00
55736.69921875,55842.3984375,55657.3515625,55809.30078125,0,2025-06-16 05:45:00+00:00
55810.3984375,55914.19921875,55739.55078125,55876.1484375,0,2025-06-16 06:45:00+00:00
55876.80078125,55956.0,55836.6484375,55945.3515625,0,2025-06-16 07:45:00+00:00
55947.19921875,55961.1015625,55857.69921875,55957.3515625,0,2025-06-16 08:45:00+00:00
55957.6015625,55999.1484375,55942.3515625,55973.5,0,2025-06-16 09:45:00+00:00
55983.0,56067.30078125,55788.8515625,55850.3984375,0,2025-06-17 03:45:00+00:00
55846.8515625,55958.3515625,55795.25,55826.05078125,0,2025-06-17 04:45:00+00:00
55821.19921875,55826.5,55721.0,55728.0,0,2025-06-17 05:45:00+00:00
55728.0,55750.19921875,55654.0,55683.94921875,0,2025-06-17 06:45:00+00:00
55683.25,55725.6015625,55643.94921875,55715.80078125,0,2025-06-17 07:45:00+00:00
55715.19921875,55769.75,55679.25,55742.75,0,2025-06-17 08:45:00+00:00
55742.44921875,55743.6015625,55660.1015625,55678.69921875,0,2025-06-17 09:45:00+00:00
55567.80078125,55933.44921875,55528.44921875,55889.3984375,0,2025-06-18 03:45:00+00:00
55889.3984375,55908.0,55715.6015625,55752.8984375,0,2025-06-18 04:45:00+00:00
55752.6015625,55799.69921875,55612.19921875,55776.19921875,0,2025-06-18 05:45:00+00:00
55776.8984375,55793.25,55712.30078125,55770.1484375,0,2025-06-18 06:45:00+00:00
55770.5,55831.3984375,55681.6484375,55694.69921875,0,2025-06-18 07:45:00+00:00
55695.8515625,55858.94921875,55641.1015625,55823.25,0,2025-06-18 08:45:00+00:00
55827.19921875,55857.8515625,55775.05078125,55802.8515625,0,2025-06-18 09:45:00+00:00
55803.19921875,55941.94921875,55685.75,55809.94921875,0,2025-06-19 03:45:00+00:00
55808.6015625,55818.05078125,55662.05078125,55685.3515625,0,2025-06-19 04:45:00+00:00
55686.5,55694.05078125,55612.3515625,55653.8984375,0,2025-06-19 05:45:00+00:00
55653.19921875,55706.80078125,55543.0,55653.30078125,0,2025-06-19 06:45:00+00:00
55652.94921875,55710.3515625,55592.69921875,55678.25,0,2025-06-19 07:45:00+00:00
55677.1015625,55705.3515625,55562.1484375,55565.6015625,0,2025-06-19 08:45:00+00:00
55570.25,55597.8984375,55482.3984375,55497.05078125,0,2025-06-19 09:45:00+00:00
55566.69921875,55833.6015625,55566.69921875,55799.69921875,0,2025-06-20 03:45:00+00:00
55798.19921875,56134.69921875,55796.25,56132.8984375,0,2025-06-20 04:45:00+00:00
56133.94921875,56198.3984375,56095.3515625,56165.75,0,2025-06-20 05:45:00+00:00
56167.0,56186.8984375,56027.44921875,56168.6015625,0,2025-06-20 06:45:00+00:00
56169.3515625,56242.1015625,56137.80078125,56155.0,0,2025-06-20 07:45:00+00:00
56156.25,56294.80078125,56067.0,56239.1484375,0,2025-06-20 08:45:00+00:00
56240.94921875,56323.25,56208.69921875,56216.5,0,2025-06-20 09:45:00+00:00
55855.3515625,56057.44921875,55782.80078125,55828.3984375,0,2025-06-23 03:45:00+00:00
55826.69921875,55950.80078125,55811.55078125,55917.69921875,0,2025-06-23 04:45:00+00:00
55917.6015625,55949.1015625,55856.8984375,55914.0,0,2025-06-23 05:45:00+00:00
55914.1015625,55975.6484375,55902.5,55973.55078125,0,2025-06-23 06:45:00+00:00
55976.25,56231.8984375,55961.30078125,56125.44921875,0,2025-06-23 07:45:00+00:00
56125.69921875,56129.8984375,56011.8984375,56063.19921875,0,2025-06-23 08:45:00+00:00
56057.25,56085.80078125,56021.55078125,56034.55078125,0,2025-06-23 09:45:00+00:00
56529.44921875,56728.0,56461.44921875,56619.6015625,0,2025-06-24 03:45:00+00:00
56620.6484375,56711.8515625,56487.19921875,56692.80078125,0,2025-06-24 04:45:00+00:00
56691.75,56860.8515625,56653.55078125,56826.19921875,0,2025-06-24 05:45:00+00:00
56831.30078125,56840.3515625,56488.6484375,56566.05078125,0,2025-06-24 06:45:00+00:00
56566.44921875,56614.6015625,56278.3515625,56370.6484375,0,2025-06-24 07:45:00+00:00
56372.0,56513.3515625,56349.69921875,56457.6484375,0,2025-06-24 08:45:00+00:00
56457.75,56506.6484375,56440.80078125,56471.3984375,0,2025-06-24 09:45:00+00:00
56566.0,56663.5,56435.3984375,56567.25,0,2025-06-25 03:45:00+00:00
56571.1015625,56646.75,56561.25,56566.0,0,2025-06-25 04:45:00+00:00
56566.8984375,56619.80078125,56519.94921875,56564.55078125,0,2025-06-25 05:45:00+00:00
56564.19921875,56634.55078125,56529.75,56610.30078125,0,2025-06-25 06:45:00+00:00
56609.44921875,56643.3984375,56567.05078125,56625.3984375,0,2025-06-25 07:45:00+00:00
56622.05078125,56681.05078125,56586.94921875,56616.94921875,0,2025-06-25 08:45:00+00:00
56617.19921875,56629.69921875,56564.30078125,56591.0,0,2025-06-25 09:45:00+00:00
56689.8515625,56802.5,56569.55078125,56695.69921875,0,2025-06-26 03:45:00+00:00
56693.19921875,56743.75,56560.5,56609.75,0,2025-06-26 04:45:00+00:00
56609.75,57033.6015625,56567.3984375,56989.8515625,0,2025-06-26 05:45:00+00:00
56997.75,57027.0,56804.5,56861.69921875,0,2025-06-26 06:45:00+00:00
56863.44921875,57157.0,56843.75,57150.1484375,0,2025-06-26 07:45:00+00:00
57156.1015625,57250.75,57092.05078125,57187.8515625,0,2025-06-26 08:45:00+00:00
57184.05078125,57246.55078125,57143.6484375,57173.8515625,0,2025-06-26 09:45:00+00:00
57228.30078125,57251.8515625,56995.05078125,57159.5,0,2025-06-27 03:45:00+00:00
57160.1015625,57340.19921875,57158.1015625,57294.6015625,0,2025-06-27 04:45:00+00:00
57296.05078125,57381.0,57263.6015625,57352.80078125,0,2025-06-27 05:45:00+00:00
57352.44921875,57413.0,57315.69921875,57370.05078125,0,2025-06-27 06:45:00+00:00
57374.1484375,57435.8515625,57341.6484375,57379.3515625,0,2025-06-27 07:45:00+00:00
57380.5,57461.30078125,57312.25,57451.94921875,0,2025-06-27 08:45:00+00:00
57452.05078125,57472.75,57380.1484375,57399.94921875,0,2025-06-27 09:45:00+00:00
57529.25,57605.3515625,57323.80078125,57414.5,0,2025-06-30 03:45:00+00:00
57415.8984375,57470.05078125,57297.80078125,57358.80078125,0,2025-06-30 04:45:00+00:00
57358.0,57509.0,57332.25,57496.5,0,2025-06-30 05:45:00+00:00
57496.0,57524.75,57310.6484375,57347.3515625,0,2025-06-30 06:45:00+00:00
57349.8515625,57388.05078125,57212.6484375,57248.1484375,0,2025-06-30 07:45:00+00:00
57252.25,57340.6015625,57196.19921875,57332.1484375,0,2025-06-30 08:45:00+00:00
57331.1484375,57341.0,57261.1484375,57278.1484375,0,2025-06-30 09:45:00+00:00
57376.69921875,57422.1015625,57197.80078125,57205.94921875,0,2025-07-01 03:45:00+00:00
57202.69921875,57262.80078125,57151.75,57213.1015625,0,2025-07-01 04:45:00+00:00
57211.55078125,57303.44921875,57189.1484375,57283.80078125,0,2025-07-01 05:45:00+00:00
57284.6015625,57460.5,57271.44921875,57439.1484375,0,2025-07-01 06:45:00+00:00
57439.3984375,57530.3515625,57401.5,57530.3515625,0,2025-07-01 07:45:00+00:00
57530.3515625,57533.3515625,57406.80078125,57441.8984375,0,2025-07-01 08:45:00+00:00
57439.05078125,57501.30078125,57425.8984375,57442.69921875,0,2025-07-01 09:45:00+00:00
57535.30078125,57590.25,57209.75,57268.3515625,0,2025-07-02 03:45:00+00:00
57268.94921875,57278.75,57153.30078125,57202.05078125,0,2025-07-02 04:45:00+00:00
57201.3984375,57235.30078125,57138.69921875,57158.30078125,0,2025-07-02 05:45:00+00:00
57155.75,57177.6484375,57043.30078125,57043.30078125,0,2025-07-02 06:45:00+00:00
57042.30078125,57050.75,56852.5,56888.1484375,0,2025-07-02 07:45:00+00:00
56891.8984375,57066.1015625,56834.1015625,57017.05078125,0,2025-07-02 08:45:00+00:00
57018.69921875,57019.5,56951.80078125,56972.1484375,0,2025-07-02 09:45:00+00:00
57022.19921875,57190.19921875,56895.3984375,57119.3515625,0,2025-07-03 03:45:00+00:00
57121.05078125,57158.44921875,57061.44921875,57103.25,0,2025-07-03 04:45:00+00:00
57103.6015625,57135.5,56956.69921875,56989.75,0,2025-07-03 05:45:00+00:00
56989.3515625,57048.3984375,56949.8515625,56978.80078125,0,2025-07-03 06:45:00+00:00
56978.55078125,57116.1484375,56907.25,56923.30078125,0,2025-07-03 07:45:00+00:00
56921.8515625,56945.94921875,56767.44921875,56794.1484375,0,2025-07-03 08:45:00+00:00
56798.94921875,56832.6015625,56765.80078125,56772.75,0,2025-07-03 09:45:00+00:00
56825.6484375,56920.8984375,56680.19921875,56795.6015625,0,2025-07-04 03:45:00+00:00
56796.3515625,56898.19921875,56776.3984375,56855.69921875,0,2025-07-04 04:45:00+00:00
56855.5,56861.75,56628.8984375,56639.05078125,0,2025-07-04 05:45:00+00:00
56639.30078125,56759.3515625,56623.6015625,56752.1015625,0,2025-07-04 06:45:00+00:00
56751.25,56872.19921875,56728.3515625,56864.44921875,0,2025-07-04 07:45:00+00:00
56863.55078125,57056.30078125,56793.8515625,57045.55078125,0,2025-07-04 08:45:00+00:00
57044.8515625,57072.19921875,56997.8984375,57044.80078125,0,2025-07-04 09:45:00+00:00
56938.69921875,57064.75,56854.05078125,56919.3515625,0,2025-07-07 03:45:00+00:00
56920.25,57152.19921875,56896.1015625,57021.69921875,0,2025-07-07 04:45:00+00:00
57028.3984375,57042.6015625,56899.8984375,56909.8515625,0,2025-07-07 05:45:00+00:00
56909.94921875,56985.19921875,56838.8515625,56950.6484375,0,2025-07-07 06:45:00+00:00
56947.3515625,57029.5,56909.30078125,56965.94921875,0,2025-07-07 07:45:00+00:00
56975.44921875,56986.69921875,56856.1015625,56947.1015625,0,2025-07-07 08:45:00+00:00
56947.8515625,56965.3515625,56913.3515625,56919.8515625,0,2025-07-07 09:45:00+00:00
56996.19921875,57257.55078125,56941.30078125,57146.80078125,0,2025-07-08 03:45:00+00:00
57147.0,57220.5,57077.1015625,57087.5,0,2025-07-08 04:45:00+00:00
57087.3984375,57175.80078125,57060.69921875,57110.8984375,0,2025-07-08 05:45:00+00:00
57103.44921875,57200.0,57076.6484375,57147.8984375,0,2025-07-08 06:45:00+00:00
57146.05078125,57169.1015625,57074.30078125,57094.30078125,0,2025-07-08 07:45:00+00:00
57094.55078125,57287.75,57081.55078125,57271.3515625,0,2025-07-08 08:45:00+00:00
57272.1015625,57302.1015625,57220.6015625,57240.8515625,0,2025-07-08 09:45:00+00:00
57168.8515625,57231.1484375,57038.69921875,57193.8515625,0,2025-07-09 03:45:00+00:00
57193.94921875,57217.8984375,57127.80078125,57186.0,0,2025-07-09 04:45:00+00:00
57186.69921875,57217.0,57097.19921875,57197.44921875,0,2025-07-09 05:45:00+00:00
57201.8984375,57270.75,57174.5,57268.44921875,0,2025-07-09 06:45:00+00:00
57267.44921875,57290.6484375,57187.0,57212.8984375,0,2025-07-09 07:45:00+00:00
57221.55078125,57246.8515625,57154.5,57218.0,0,2025-07-09 08:45:00+00:00
57218.0,57230.69921875,57170.05078125,57187.8515625,0,2025-07-09 09:45:00+00:00
57339.75,57361.30078125,57152.80078125,57184.6484375,0,2025-07-10 03:45:00+00:00
57180.69921875,57280.1015625,57116.55078125,57187.1484375,0,2025-07-10 04:45:00+00:00
57187.1015625,57194.05078125,57023.94921875,57058.8984375,0,2025-07-10 05:45:00+00:00
57058.5,57203.3515625,57039.69921875,57075.30078125,0,2025-07-10 06:45:00+00:00
57074.30078125,57172.55078125,56994.5,57098.6484375,0,2025-07-10 07:45:00+00:00
57097.3984375,57150.5,56976.5,57002.25,0,2025-07-10 08:45:00+00:00
57005.8515625,57046.6484375,56946.1484375,56956.94921875,0,2025-07-10 09:45:00+00:00
56843.44921875,57090.30078125,56808.0,56816.5,0,2025-07-11 03:45:00+00:00
56814.6015625,56823.1484375,56647.19921875,56689.3515625,0,2025-07-11 04:45:00+00:00
56689.0,56736.19921875,56608.80078125,56661.25,0,2025-07-11 05:45:00+00:00
56660.1484375,56837.94921875,56639.44921875,56734.05078125,0,2025-07-11 06:45:00+00:00
56733.94921875,56816.30078125,56679.44921875,56760.3984375,0,2025-07-11 07:45:00+00:00
56761.6015625,56799.75,56706.0,56760.80078125,0,2025-07-11 08:45:00+00:00
56760.8515625,56764.75,56695.69921875,56712.8515625,0,2025-07-11 09:45:00+00:00
56765.55078125,56895.5,56653.5,56848.0,0,2025-07-14 03:45:00+00:00
56849.1015625,56892.5,56659.8984375,56673.5,0,2025-07-14 04:45:00+00:00
56673.5,56699.55078125,56597.69921875,56659.44921875,0,2025-07-14 05:45:00+00:00
56659.8984375,56728.44921875,56617.8984375,56648.80078125,0,2025-07-14 06:45:00+00:00
56650.19921875,56726.0,56595.19921875,56665.55078125,0,2025-07-14 07:45:00+00:00
56669.30078125,56830.6484375,56622.05078125,56764.3515625,0,2025-07-14 08:45:00+00:00
56764.8515625,56791.1015625,56732.44921875,56763.6015625,0,2025-07-14 09:45:00+00:00
56730.0,57063.05078125,56730.0,57036.5,0,2025-07-15 03:45:00+00:00
57038.0,57134.44921875,56989.8984375,57078.44921875,0,2025-07-15 04:45:00+00:00
57077.94921875,57114.75,57034.6484375,57054.94921875,0,2025-07-15 05:45:00+00:00
57056.44921875,57117.1015625,56992.05078125,57034.8515625,0,2025-07-15 06:45:00+00:00
57038.44921875,57048.1484375,56915.3984375,56983.69921875,0,2025-07-15 07:45:00+00:00
56983.6484375,57042.8984375,56908.19921875,57038.3515625,0,2025-07-15 08:45:00+00:00
57043.5,57076.80078125,57011.8515625,57049.6015625,0,2025-07-15 09:45:00+00:00
57111.25,57158.3515625,56991.55078125,57023.1015625,0,2025-07-16 03:45:00+00:00
57024.0,57085.3984375,56938.44921875,57030.80078125,0,2025-07-16 04:45:00+00:00
57030.6484375,57173.55078125,56984.6484375,57109.94921875,0,2025-07-16 05:45:00+00:00
57113.5,57271.0,57102.80078125,57249.6015625,0,2025-07-16 06:45:00+00:00
57251.8515625,57276.55078125,57163.44921875,57237.69921875,0,2025-07-16 07:45:00+00:00
57239.6015625,57252.6484375,57153.75,57179.05078125,0,2025-07-16 08:45:00+00:00
57181.25,57195.1484375,57084.1484375,57108.3984375,0,2025-07-16 09:45:00+00:00
57231.94921875,57251.3515625,56981.55078125,56992.6015625,0,2025-07-17 03:45:00+00:00
56990.6015625,57037.44921875,56916.8984375,56991.6015625,0,2025-07-17 04:45:00+00:00
56992.69921875,57039.1015625,56953.94921875,56955.80078125,0,2025-07-17 05:45:00+00:00
56955.5,56960.69921875,56868.75,56896.30078125,0,2025-07-17 06:45:00+00:00
56894.6015625,56956.05078125,56835.0,56862.80078125,0,2025-07-17 07:45:00+00:00
56861.3984375,56909.1015625,56817.3515625,56854.25,0,2025-07-17 08:45:00+00:00
56849.5,56852.19921875,56782.19921875,56805.1015625,0,2025-07-17 09:45:00+00:00
56558.8984375,56692.94921875,56404.05078125,56408.8984375,0,2025-07-18 03:45:00+00:00
56410.8984375,56411.5,56206.3984375,56311.3515625,0,2025-07-18 04:45:00+00:00
56316.6015625,56376.44921875,56268.1015625,56275.8515625,0,2025-07-18 05:45:00+00:00
56274.05078125,56376.5,56240.80078125,56273.5,0,2025-07-18 06:45:00+00:00
56274.75,56364.5,56245.30078125,56303.8984375,0,2025-07-18 07:45:00+00:00
56303.44921875,56431.94921875,56264.44921875,56280.80078125,0,2025-07-18 08:45:00+00:00
56280.05078125,56307.6015625,56237.8984375,56253.69921875,0,2025-07-18 09:45:00+00:00
56622.3515625,56760.3984375,56259.1015625,56720.6015625,0,2025-07-21 03:45:00+00:00
56725.19921875,56810.19921875,56633.0,56769.25,0,2025-07-21 04:45:00+00:00
56770.1015625,56827.1484375,56639.1484375,56777.8984375,0,2025-07-21 05:45:00+00:00
56776.44921875,56928.6015625,56690.69921875,56895.1015625,0,2025-07-21 06:45:00+00:00
56894.3984375,56923.05078125,56733.30078125,56816.8984375,0,2025-07-21 07:45:00+00:00
56817.6484375,56966.19921875,56757.8515625,56954.30078125,0,2025-07-21 08:45:00+00:00
56953.05078125,56982.3515625,56901.30078125,56916.75,0,2025-07-21 09:45:00+00:00
57262.75,57262.75,56918.6484375,57029.1015625,0,2025-07-22 03:45:00+00:00
57029.75,57122.30078125,56864.0,56916.05078125,0,2025-07-22 04:45:00+00:00
56917.1484375,56923.1015625,56812.05078125,56882.6015625,0,2025-07-22 05:45:00+00:00
56884.69921875,56969.69921875,56873.94921875,56888.44921875,0,2025-07-22 06:45:00+00:00
56887.75,56897.30078125,56794.30078125,56827.19921875,0,2025-07-22 07:45:00+00:00
56828.0,56841.6015625,56735.6484375,56769.5,0,2025-07-22 08:45:00+00:00
56771.25,56784.8984375,56693.44921875,56721.75,0,2025-07-22 09:45:00+00:00
56918.1484375,56918.1484375,56716.8984375,56761.1015625,0,2025-07-23 03:45:00+00:00
56759.25,56881.69921875,56727.30078125,56862.55078125,0,2025-07-23 04:45:00+00:00
56859.44921875,56957.3515625,56785.25,56939.69921875,0,2025-07-23 05:45:00+00:00
56938.19921875,57096.25,56934.1484375,57049.5,0,2025-07-23 06:45:00+00:00
57050.5,57192.3515625,57025.94921875,57192.3515625,0,2025-07-23 07:45:00+00:00
57192.25,57248.5,57138.05078125,57212.8984375,0,2025-07-23 08:45:00+00:00
57210.44921875,57219.44921875,57176.19921875,57191.6484375,0,2025-07-23 09:45:00+00:00
57316.6015625,57316.6015625,56995.0,57000.05078125,0,2025-07-24 03:45:00+00:00
56998.05078125,57107.25,56982.55078125,57031.30078125,0,2025-07-24 04:45:00+00:00
57031.30078125,57078.69921875,56852.30078125,56905.94921875,0,2025-07-24 05:45:00+00:00
56905.44921875,56981.75,56854.1484375,56931.80078125,0,2025-07-24 06:45:00+00:00
56931.8984375,57148.69921875,56913.05078125,57107.75,0,2025-07-24 07:45:00+00:00
57106.8515625,57151.05078125,57050.94921875,57075.05078125,0,2025-07-24 08:45:00+00:00
57074.75,57086.69921875,57001.55078125,57033.69921875,0,2025-07-24 09:45:00+00:00
57170.69921875,57170.69921875,56869.44921875,56941.80078125,0,2025-07-25 03:45:00+00:00
56940.94921875,56940.94921875,56644.6484375,56657.75,0,2025-07-25 04:45:00+00:00
56659.55078125,56778.80078125,56526.75,56547.69921875,0,2025-07-25 05:45:00+00:00
56547.3515625,56600.30078125,56465.25,56554.55078125,0,2025-07-25 06:45:00+00:00
56554.25,56610.8984375,56440.75,56504.1484375,0,2025-07-25 07:45:00+00:00
56504.25,56564.1484375,56463.8515625,56551.8984375,0,2025-07-25 08:45:00+00:00
56550.05078125,56553.55078125,56475.75,56520.44921875,0,2025-07-25 09:45:00+00:00
56254.94921875,56522.1015625,56190.6015625,56476.1015625,0,2025-07-28 03:45:00+00:00
56478.6015625,56577.1484375,56331.6015625,56418.0,0,2025-07-28 04:45:00+00:00
56418.1015625,56477.3984375,56335.5,56361.05078125,0,2025-07-28 05:45:00+00:00
56361.30078125,56414.1484375,56148.30078125,56163.0,0,2025-07-28 06:45:00+00:00
56162.94921875,56176.3984375,55998.3984375,56060.30078125,0,2025-07-28 07:45:00+00:00
56064.75,56178.55078125,56040.3515625,56074.5,0,2025-07-28 08:45:00+00:00
56074.3984375,56113.3515625,56051.94921875,56053.30078125,0,2025-07-28 09:45:00+00:00
55863.3984375,56148.0,55863.3984375,56048.0,0,2025-07-29 03:45:00+00:00
56049.8515625,56067.05078125,55897.94921875,55962.69921875,0,2025-07-29 04:45:00+00:00
55963.8984375,56094.44921875,55955.69921875,56037.19921875,0,2025-07-29 05:45:00+00:00
56040.80078125,56102.94921875,55980.94921875,56084.55078125,0,2025-07-29 06:45:00+00:00
56083.30078125,56295.6484375,56075.05078125,56244.55078125,0,2025-07-29 07:45:00+00:00
56251.3515625,56282.75,56082.1015625,56205.5,0,2025-07-29 08:45:00+00:00
56207.44921875,56279.30078125,56202.3984375,56230.1484375,0,2025-07-29 09:45:00+00:00
56292.8984375,56292.8984375,56106.1015625,56201.94921875,0,2025-07-30 03:45:00+00:00
56201.3515625,56211.6015625,56067.30078125,56210.1015625,0,2025-07-30 04:45:00+00:00
56207.69921875,56320.69921875,56191.5,56233.1484375,0,2025-07-30 05:45:00+00:00
56233.5,56292.75,56156.69921875,56190.55078125,0,2025-07-30 06:45:00+00:00
56189.6484375,56264.8984375,56152.75,56188.19921875,0,2025-07-30 07:45:00+00:00
56184.8515625,56255.3515625,56133.25,56140.8515625,0,2025-07-30 08:45:00+00:00
56144.80078125,56160.8984375,56098.5,56114.6015625,0,2025-07-30 09:45:00+00:00
55755.69921875,55956.8984375,55564.5,55607.19921875,0,2025-07-31 03:45:00+00:00
55606.75,55877.55078125,55552.3515625,55809.3515625,0,2025-07-31 04:45:00+00:00
55808.8515625,56121.19921875,55789.55078125,56090.30078125,0,2025-07-31 05:45:00+00:00
56091.55078125,56362.1015625,56076.6015625,56306.55078125,0,2025-07-31 06:45:00+00:00
56304.55078125,56403.55078125,56261.80078125,56308.0,0,2025-07-31 07:45:00+00:00
56307.19921875,56312.19921875,55937.8984375,55967.6484375,0,2025-07-31 08:45:00+00:00
55968.19921875,56005.55078125,55906.44921875,55992.6484375,0,2025-07-31 09:45:00+00:00
55896.55078125,55982.44921875,55774.69921875,55982.0,0,2025-08-01 03:45:00+00:00
55984.25,56096.69921875,55883.3984375,55896.94921875,0,2025-08-01 04:45:00+00:00
55897.6484375,55906.8515625,55756.0,55807.19921875,0,2025-08-01 05:45:00+00:00
55808.69921875,55895.55078125,55729.8515625,55809.44921875,0,2025-08-01 06:45:00+00:00
55809.69921875,55923.05078125,55743.80078125,55792.8515625,0,2025-08-01 07:45:00+00:00
55793.19921875,55814.6484375,55562.30078125,55591.55078125,0,2025-08-01 08:45:00+00:00
55594.5,55658.8984375,55570.05078125,55639.55078125,0,2025-08-01 09:45:00+00:00
55554.30078125,55751.6015625,55440.8515625,55528.05078125,0,2025-08-04 03:45:00+00:00
55528.1484375,55652.0,55462.75,55578.6484375,0,2025-08-04 04:45:00+00:00
55578.75,55670.6015625,55541.30078125,55635.6484375,0,2025-08-04 05:45:00+00:00
55637.69921875,55721.19921875,55604.44921875,55631.30078125,0,2025-08-04 06:45:00+00:00
55631.0,55689.8515625,55511.8984375,55614.80078125,0,2025-08-04 07:45:00+00:00
55611.19921875,55657.25,55568.69921875,55613.6484375,0,2025-08-04 08:45:00+00:00
55613.3984375,55656.94921875,55612.8984375,55643.94921875,0,2025-08-04 09:45:00+00:00
55545.05078125,55644.55078125,55421.1015625,55481.30078125,0,2025-08-05 03:45:00+00:00
55480.94921875,55506.19921875,55370.19921875,55456.8515625,0,2025-08-05 04:45:00+00:00
55460.1484375,55520.30078125,55409.05078125,55492.55078125,0,2025-08-05 05:45:00+00:00
55496.05078125,55518.94921875,55374.1015625,55394.3515625,0,2025-08-05 06:45:00+00:00
55391.80078125,55396.1484375,55203.05078125,55250.3515625,0,2025-08-05 07:45:00+00:00
55249.80078125,55403.80078125,55219.25,55398.8984375,0,2025-08-05 08:45:00+00:00
55399.55078125,55410.44921875,55332.3984375,55392.5,0,2025-08-05 09:45:00+00:00
55322.0,55506.80078125,55277.44921875,55354.19921875,0,2025-08-06 03:45:00+00:00
55354.55078125,55499.6484375,55228.19921875,55270.44921875,0,2025-08-06 04:45:00+00:00
55270.05078125,55365.8515625,55242.25,55338.6484375,0,2025-08-06 05:45:00+00:00
55337.80078125,55463.25,55335.19921875,55444.1015625,0,2025-08-06 06:45:00+00:00
55444.69921875,55559.3984375,55408.1015625,55420.19921875,0,2025-08-06 07:45:00+00:00
55418.44921875,55488.30078125,55310.3984375,55397.25,0,2025-08-06 08:45:00+00:00
55396.8984375,55470.80078125,55392.1484375,55422.25,0,2025-08-06 09:45:00+00:00
55216.1484375,55363.69921875,55148.30078125,55173.25,0,2025-08-07 03:45:00+00:00
55173.25,55205.80078125,55076.3984375,55111.44921875,0,2025-08-07 04:45:00+00:00
55113.3515625,55202.75,55096.69921875,55172.3984375,0,2025-08-07 05:45:00+00:00
55175.0,55196.25,55092.25,55115.80078125,0,2025-08-07 06:45:00+00:00
55115.3984375,55142.44921875,54973.8984375,55124.30078125,0,2025-08-07 07:45:00+00:00
55122.3984375,55551.80078125,55122.3984375,55513.3984375,0,2025-08-07 08:45:00+00:00
55514.1484375,55614.05078125,55507.19921875,55591.3515625,0,2025-08-07 09:45:00+00:00
55610.3515625,55622.94921875,55230.3984375,55252.3515625,0,2025-08-08 03:45:00+00:00
55243.6015625,55324.1015625,55159.8984375,55210.8515625,0,2025-08-08 04:45:00+00:00
55213.3515625,55221.25,55078.6015625,55114.1015625,0,2025-08-08 05:45:00+00:00
55114.80078125,55272.25,55087.8984375,55137.94921875,0,2025-08-08 06:45:00+00:00
55137.44921875,55200.30078125,55060.69921875,55125.8984375,0,2025-08-08 07:45:00+00:00
55122.05078125,55183.69921875,54928.0,54985.55078125,0,2025-08-08 08:45:00+00:00
54987.6015625,55023.8984375,54907.80078125,54920.1484375,0,2025-08-08 09:45:00+00:00
55011.30078125,55249.3984375,54928.25,55216.80078125,0,2025-08-11 03:45:00+00:00
55215.75,55319.69921875,55201.8515625,55233.75,0,2025-08-11 04:45:00+00:00
55236.5,55303.8515625,55128.80078125,55167.8515625,0,2025-08-11 05:45:00+00:00
55169.44921875,55321.94921875,55143.1484375,55226.05078125,0,2025-08-11 06:45:00+00:00
55226.25,55411.55078125,55208.8984375,55403.69921875,0,2025-08-11 07:45:00+00:00
55405.94921875,55553.3984375,55362.25,55518.94921875,0,2025-08-11 08:45:00+00:00
55515.19921875,55522.0,55418.5,55423.55078125,0,2025-08-11 09:45:00+00:00
55392.30078125,55566.69921875,55218.6484375,55449.3515625,0,2025-08-12 03:45:00+00:00
55448.3515625,55486.5,55190.5,55202.75,0,2025-08-12 04:45:00+00:00
55201.80078125,55298.8984375,55193.69921875,55265.19921875,0,2025-08-12 05:45:00+00:00
55265.6015625,55408.75,55257.44921875,55320.55078125,0,2025-08-12 06:45:00+00:00
55320.55078125,55320.6015625,55116.6015625,55135.0,0,2025-08-12 07:45:00+00:00
55133.8984375,55164.6015625,55002.6015625,55043.05078125,0,2025-08-12 08:45:00+00:00
55043.75,55085.75,55013.19921875,55039.3515625,0,2025-08-12 09:45:00+00:00
55301.94921875,55301.94921875,55094.8515625,55119.3515625,0,2025-08-13 03:45:00+00:00
55123.44921875,55170.94921875,55026.94921875,55118.3515625,0,2025-08-13 04:45:00+00:00
55117.55078125,55161.1015625,55031.80078125,55099.6015625,0,2025-08-13 05:45:00+00:00
55100.6015625,55234.1015625,55073.6015625,55172.1015625,0,2025-08-13 06:45:00+00:00
55181.5,55271.8984375,55110.3984375,55255.5,0,2025-08-13 07:45:00+00:00
55256.3515625,55263.25,55160.3515625,55172.80078125,0,2025-08-13 08:45:00+00:00
55174.1015625,55207.30078125,55159.69921875,55189.05078125,0,2025-08-13 09:45:00+00:00
55133.6015625,55419.8515625,55133.6015625,55344.80078125,0,2025-08-14 03:45:00+00:00
55344.1015625,55472.1484375,55292.69921875,55300.55078125,0,2025-08-14 04:45:00+00:00
55306.69921875,55361.0,55230.05078125,55328.6484375,0,2025-08-14 05:45:00+00:00
55331.19921875,55442.80078125,55328.0,55395.6484375,0,2025-08-14 06:45:00+00:00
55395.44921875,55429.44921875,55304.55078125,55353.5,0,2025-08-14 07:45:00+00:00
55355.30078125,55426.19921875,55254.8984375,55340.75,0,2025-08-14 08:45:00+00:00
55340.25,55355.8984375,55288.5,55318.05078125,0,2025-08-14 09:45:00+00:00
55940.6015625,56155.94921875,55828.75,56030.94921875,0,2025-08-18 03:45:00+00:00
56028.30078125,56070.19921875,55892.1015625,55909.8515625,0,2025-08-18 04:45:00+00:00
55910.0,56011.80078125,55711.3984375,55715.8984375,0,2025-08-18 05:45:00+00:00
55714.75,55831.6015625,55648.8984375,55818.5,0,2025-08-18 06:45:00+00:00
55818.69921875,55836.05078125,55692.80078125,55777.69921875,0,2025-08-18 07:45:00+00:00
55776.6484375,55845.6015625,55722.05078125,55732.6484375,0,2025-08-18 08:45:00+00:00
55727.3984375,55765.8515625,55701.30078125,55745.55078125,0,2025-08-18 09:45:00+00:00
55677.19921875,55791.80078125,55613.3984375,55700.3515625,0,2025-08-19 03:45:00+00:00
55699.44921875,55812.0,55644.94921875,55791.69921875,0,2025-08-19 04:45:00+00:00
55789.25,55915.3515625,55769.1015625,55905.5,0,2025-08-19 05:45:00+00:00
55905.69921875,55960.44921875,55852.8984375,55911.80078125,0,2025-08-19 06:45:00+00:00
55911.5,55939.69921875,55724.6015625,55764.5,0,2025-08-19 07:45:00+00:00
55763.94921875,55903.6015625,55740.80078125,55856.3984375,0,2025-08-19 08:45:00+00:00
55855.25,55888.5,55836.8984375,55849.80078125,0,2025-08-19 09:45:00+00:00
55784.5,55798.69921875,55578.80078125,55721.69921875,0,2025-08-20 03:45:00+00:00
55724.5,55739.1484375,55609.0,55676.30078125,0,2025-08-20 04:45:00+00:00
55676.30078125,55686.8515625,55612.69921875,55654.75,0,2025-08-20 05:45:00+00:00
55654.75,55739.1015625,55642.8984375,55706.55078125,0,2025-08-20 06:45:00+00:00
55706.8984375,55785.6015625,55662.69921875,55759.8984375,0,2025-08-20 07:45:00+00:00
55761.0,55768.55078125,55650.6015625,55696.19921875,0,2025-08-20 08:45:00+00:00
55694.0,55728.94921875,55677.75,55702.1015625,0,2025-08-20 09:45:00+00:00
55972.05078125,55979.55078125,55720.69921875,55915.1015625,0,2025-08-21 03:45:00+00:00
55913.1484375,55965.69921875,55876.05078125,55903.5,0,2025-08-21 04:45:00+00:00
55905.05078125,55928.1015625,55780.1015625,55785.69921875,0,2025-08-21 05:45:00+00:00
55786.3515625,55838.6484375,55754.3984375,55815.3515625,0,2025-08-21 06:45:00+00:00
55814.6484375,55838.3984375,55725.94921875,55836.8984375,0,2025-08-21 07:45:00+00:00
55837.6484375,55894.6484375,55730.6484375,55741.69921875,0,2025-08-21 08:45:00+00:00
55742.5,55756.69921875,55711.44921875,55733.8984375,0,2025-08-21 09:45:00+00:00
55669.25,55730.1015625,55303.5,55342.3984375,0,2025-08-22 03:45:00+00:00
55336.94921875,55342.1484375,55219.30078125,55293.75,0,2025-08-22 04:45:00+00:00
55293.19921875,55370.8984375,55245.3515625,55314.80078125,0,2025-08-22 05:45:00+00:00
55315.30078125,55344.30078125,55281.75,55316.1484375,0,2025-08-22 06:45:00+00:00
55311.94921875,55360.19921875,55276.94921875,55284.8515625,0,2025-08-22 07:45:00+00:00
55286.05078125,55287.19921875,55137.6484375,55163.8515625,0,2025-08-22 08:45:00+00:00
55162.30078125,55170.30078125,55106.05078125,55152.44921875,0,2025-08-22 09:45:00+00:00
55177.6015625,55305.75,55060.25,55076.44921875,0,2025-08-25 03:45:00+00:00
55076.80078125,55164.30078125,55048.3984375,55111.8984375,0,2025-08-25 04:45:00+00:00
55112.19921875,55201.19921875,55100.05078125,55181.75,0,2025-08-25 05:45:00+00:00
55183.19921875,55248.6484375,55175.25,55240.8515625,0,2025-08-25 06:45:00+00:00
55241.8515625,55246.05078125,55183.6015625,55219.3515625,0,2025-08-25 07:45:00+00:00
55219.0,55260.19921875,55112.1015625,55121.0,0,2025-08-25 08:45:00+00:00
55122.44921875,55192.3515625,55117.0,55161.75,0,2025-08-25 09:45:00+00:00
54986.8515625,55063.19921875,54479.0,54596.6015625,0,2025-08-26 03:45:00+00:00
54595.0,54653.8515625,54528.94921875,54608.55078125,0,2025-08-26 04:45:00+00:00
54605.6015625,54717.44921875,54595.44921875,54609.8984375,0,2025-08-26 05:45:00+00:00
54610.05078125,54639.8515625,54551.75,54616.1015625,0,2025-08-26 06:45:00+00:00
54615.8515625,54643.5,54463.3515625,54483.55078125,0,2025-08-26 07:45:00+00:00
54483.0,54545.44921875,54411.75,54421.05078125,0,2025-08-26 08:45:00+00:00
54426.25,54478.80078125,54396.1015625,54416.44921875,0,2025-08-26 09:45:00+00:00
54256.0,54337.8984375,53917.6015625,54058.30078125,0,2025-08-28 03:45:00+00:00
54054.94921875,54353.30078125,54004.55078125,54245.0,0,2025-08-28 04:45:00+00:00
54244.3515625,54336.80078125,54126.25,54188.1015625,0,2025-08-28 05:45:00+00:00
54190.6015625,54204.8984375,53967.25,53990.1484375,0,2025-08-28 06:45:00+00:00
54000.3515625,54047.6484375,53911.75,54015.75,0,2025-08-28 07:45:00+00:00
54010.80078125,54036.80078125,53774.5,53825.5,0,2025-08-28 08:45:00+00:00
53827.44921875,53956.80078125,53805.44921875,53894.25,0,2025-08-28 09:45:00+00:00
53696.6484375,54006.94921875,53696.6484375,53887.3515625,0,2025-08-29 03:45:00+00:00
53887.69921875,54084.6484375,53868.25,53986.1484375,0,2025-08-29 04:45:00+00:00
53985.6484375,54039.55078125,53922.80078125,53991.6484375,0,2025-08-29 05:45:00+00:00
53990.05078125,53991.69921875,53805.6484375,53808.44921875,0,2025-08-29 06:45:00+00:00
53807.80078125,53871.8515625,53724.1015625,53794.5,0,2025-08-29 07:45:00+00:00
53794.44921875,53839.8984375,53607.1484375,53608.0,0,2025-08-29 08:45:00+00:00
53609.25,53748.3515625,53609.25,53692.8515625,0,2025-08-29 09:45:00+00:00
53712.6015625,53987.05078125,53712.6015625,53864.1484375,0,2025-09-01 03:45:00+00:00
53860.8984375,53896.3984375,53755.75,53829.1484375,0,2025-09-01 04:45:00+00:00
53828.80078125,53857.69921875,53717.0,53788.94921875,0,2025-09-01 05:45:00+00:00
53789.05078125,53919.05078125,53761.3984375,53917.5,0,2025-09-01 06:45:00+00:00
53916.1015625,53949.94921875,53878.8984375,53935.30078125,0,2025-09-01 07:45:00+00:00
53933.94921875,54016.19921875,53873.25,54002.94921875,0,2025-09-01 08:45:00+00:00
54000.8984375,54034.6484375,53984.94921875,53993.3984375,0,2025-09-01 09:45:00+00:00
54034.55078125,54160.69921875,53913.0,54096.8984375,0,2025-09-02 03:45:00+00:00
54096.6484375,54140.44921875,54045.8515625,54104.55078125,0,2025-09-02 04:45:00+00:00
54101.19921875,54103.25,54003.75,54016.94921875,0,2025-09-02 05:45:00+00:00
54018.19921875,54093.80078125,53961.75,53985.6015625,0,2025-09-02 06:45:00+00:00
53987.25,53998.1015625,53578.8984375,53652.5,0,2025-09-02 07:45:00+00:00
53643.30078125,53765.94921875,53624.19921875,53670.19921875,0,2025-09-02 08:45:00+00:00
53675.55078125,53691.1015625,53619.8984375,53627.25,0,2025-09-02 09:45:00+00:00
53648.05078125,53862.5,53567.25,53853.69921875,0,2025-09-03 03:45:00+00:00
53851.8515625,53855.3515625,53667.30078125,53706.5,0,2025-09-03 04:45:00+00:00
53705.0,53755.1484375,53647.75,53750.94921875,0,2025-09-03 05:45:00+00:00
53749.5,53814.6484375,53633.94921875,53679.8515625,0,2025-09-03 06:45:00+00:00
53680.94921875,53890.75,53669.44921875,53862.80078125,0,2025-09-03 07:45:00+00:00
53863.5,54135.05078125,53856.69921875,54096.1015625,0,2025-09-03 08:45:00+00:00
54093.69921875,54100.80078125,54028.0,54068.1015625,0,2025-09-03 09:45:00+00:00
54383.80078125,54420.25,54195.69921875,54221.19921875,0,2025-09-04 03:45:00+00:00
54218.05078125,54307.25,54145.8984375,54198.0,0,2025-09-04 04:45:00+00:00
54197.6484375,54261.25,54134.05078125,54181.1484375,0,2025-09-04 05:45:00+00:00
54187.1484375,54273.94921875,54109.69921875,54221.69921875,0,2025-09-04 06:45:00+00:00
54222.5,54272.94921875,54095.94921875,54112.55078125,0,2025-09-04 07:45:00+00:00
54112.80078125,54175.0,53972.8515625,54041.0,0,2025-09-04 08:45:00+00:00
54044.1015625,54111.25,54037.30078125,54105.3984375,0,2025-09-04 09:45:00+00:00
54280.69921875,54285.55078125,53882.25,53882.8984375,0,2025-09-05 03:45:00+00:00
53883.25,53937.3515625,53748.69921875,53884.3984375,0,2025-09-05 04:45:00+00:00
53884.05078125,53920.25,53800.19921875,53800.19921875,0,2025-09-05 05:45:00+00:00
53802.69921875,53815.0,53720.19921875,53811.55078125,0,2025-09-05 06:45:00+00:00
53813.94921875,54139.8984375,53798.3515625,54028.6484375,0,2025-09-05 07:45:00+00:00
54034.3515625,54172.44921875,54014.75,54093.75,0,2025-09-05 08:45:00+00:00
54094.25,54127.69921875,54079.80078125,54099.19921875,0,2025-09-05 09:45:00+00:00
54214.8515625,54329.19921875,54089.44921875,54166.94921875,0,2025-09-08 03:45:00+00:00
54167.94921875,54210.5,54070.1015625,54207.55078125,0,2025-09-08 04:45:00+00:00
54207.69921875,54315.8515625,54199.05078125,54303.80078125,0,2025-09-08 05:45:00+00:00
54302.0,54382.80078125,54239.1484375,54366.5,0,2025-09-08 06:45:00+00:00
54366.6484375,54378.19921875,54280.6015625,54326.30078125,0,2025-09-08 07:45:00+00:00
54328.55078125,54518.3515625,54137.1015625,54184.8515625,0,2025-09-08 08:45:00+00:00
54182.6484375,54257.8515625,54153.94921875,54222.30078125,0,2025-09-08 09:45:00+00:00
54330.55078125,54330.55078125,54189.30078125,54197.05078125,0,2025-09-09 03:45:00+00:00
54200.8515625,54217.0,54133.94921875,54176.3515625,0,2025-09-09 04:45:00+00:00
54173.0,54217.44921875,54082.6015625,54127.25,0,2025-09-09 05:45:00+00:00
54127.44921875,54194.6484375,54092.30078125,54154.8984375,0,2025-09-09 06:45:00+00:00
54156.80078125,54252.1484375,54139.69921875,54244.69921875,0,2025-09-09 07:45:00+00:00
54244.8984375,54291.94921875,54145.3515625,54225.69921875,0,2025-09-09 08:45:00+00:00
54219.8984375,54241.3984375,54176.8515625,54228.19921875,0,2025-09-09 09:45:00+00:00
54527.30078125,54530.25,54406.75,54500.94921875,0,2025-09-10 03:45:00+00:00
54499.0,54703.75,54499.0,54627.1484375,0,2025-09-10 04:45:00+00:00
54627.55078125,54635.3984375,54533.3515625,54597.55078125,0,2025-09-10 05:45:00+00:00
54596.55078125,54629.3515625,54504.30078125,54506.6015625,0,2025-09-10 06:45:00+00:00
54506.6484375,54607.8984375,54477.3984375,54565.5,0,2025-09-10 07:45:00+00:00
54566.5,54572.6015625,54432.69921875,54552.8984375,0,2025-09-10 08:45:00+00:00
54553.3515625,54565.5,54513.1015625,54532.6484375,0,2025-09-10 09:45:00+00:00
54406.05078125,54648.6015625,54406.05078125,54547.19921875,0,2025-09-11 03:45:00+00:00
54547.8515625,54630.6484375,54540.69921875,54618.6015625,0,2025-09-11 04:45:00+00:00
54621.6015625,54646.25,54531.05078125,54642.5,0,2025-09-11 05:45:00+00:00
54645.44921875,54733.8984375,54637.55078125,54699.0,0,2025-09-11 06:45:00+00:00
54699.55078125,54750.8515625,54658.75,54734.5,0,2025-09-11 07:45:00+00:00
54735.69921875,54755.69921875,54612.80078125,54651.30078125,0,2025-09-11 08:45:00+00:00
54651.0,54693.3515625,54625.8984375,54644.6015625,0,2025-09-11 09:45:00+00:00
54805.3515625,54824.6484375,54580.3515625,54684.94921875,0,2025-09-12 03:45:00+00:00
54687.55078125,54745.3984375,54649.30078125,54731.8515625,0,2025-09-12 04:45:00+00:00
54733.75,54850.05078125,54723.44921875,54799.30078125,0,2025-09-12 05:45:00+00:00
54797.3515625,54839.8984375,54766.44921875,54820.5,0,2025-09-12 06:45:00+00:00
54819.5,54833.5,54749.8515625,54797.3515625,0,2025-09-12 07:45:00+00:00
54799.5,54828.8515625,54768.6484375,54812.6015625,0,2025-09-12 08:45:00+00:00
54811.8984375,54826.1015625,54779.6484375,54784.55078125,0,2025-09-12 09:45:00+00:00
54884.05078125,54953.1484375,54808.1015625,54895.5,0,2025-09-15 03:45:00+00:00
54895.75,54955.05078125,54862.0,54912.25,0,2025-09-15 04:45:00+00:00
54908.3515625,55018.69921875,54890.05078125,54987.6015625,0,2025-09-15 05:45:00+00:00
54988.69921875,55006.25,54917.05078125,54953.25,0,2025-09-15 06:45:00+00:00
54953.75,54969.6015625,54810.75,54889.6015625,0,2025-09-15 07:45:00+00:00
54888.1015625,54991.1484375,54874.1015625,54889.8515625,0,2025-09-15 08:45:00+00:00
54888.8984375,54898.05078125,54840.3984375,54852.69921875,0,2025-09-15 09:45:00+00:00
54837.6484375,55120.94921875,54807.44921875,55073.75,0,2025-09-16 03:45:00+00:00
55073.3515625,55112.6484375,55047.94921875,55094.05078125,0,2025-09-16 04:45:00+00:00
55095.8984375,55158.8515625,55063.6484375,55111.1015625,0,2025-09-16 05:45:00+00:00
55109.3515625,55174.80078125,55057.6484375,55091.1484375,0,2025-09-16 06:45:00+00:00
55090.6015625,55116.25,55064.30078125,55083.69921875,0,2025-09-16 07:45:00+00:00
55086.3515625,55176.8984375,55075.3515625,55141.25,0,2025-09-16 08:45:00+00:00
55144.5,55184.0,55121.5,55166.80078125,0,2025-09-16 09:45:00+00:00
55158.3515625,55371.6015625,55146.94921875,55286.3515625,0,2025-09-17 03:45:00+00:00
55286.1015625,55397.05078125,55234.55078125,55369.19921875,0,2025-09-17 04:45:00+00:00
55365.25,55371.6015625,55307.25,55368.25,0,2025-09-17 05:45:00+00:00
55368.1484375,55427.6015625,55354.8984375,55410.44921875,0,2025-09-17 06:45:00+00:00
55410.30078125,55451.0,55378.1015625,55396.30078125,0,2025-09-17 07:45:00+00:00
55395.94921875,55540.75,55376.69921875,55498.1484375,0,2025-09-17 08:45:00+00:00
55497.25,55501.3515625,55444.6484375,55480.8515625,0,2025-09-17 09:45:00+00:00
55797.1015625,55833.25,55612.94921875,55761.05078125,0,2025-09-18 03:45:00+00:00
55764.05078125,55826.44921875,55736.3984375,55775.8984375,0,2025-09-18 04:45:00+00:00
55783.6015625,55810.8515625,55720.94921875,55752.0,0,2025-09-18 05:45:00+00:00
55752.0,55777.69921875,55493.30078125,55570.8515625,0,2025-09-18 06:45:00+00:00
55569.44921875,55667.05078125,55531.3984375,55604.6015625,0,2025-09-18 07:45:00+00:00
55609.3984375,55757.1484375,55524.3515625,55732.6015625,0,2025-09-18 08:45:00+00:00
55732.6484375,55764.69921875,55700.6484375,55716.5,0,2025-09-18 09:45:00+00:00
55677.44921875,55684.44921875,55462.69921875,55516.0,0,2025-09-19 03:45:00+00:00
55517.44921875,55598.6484375,55413.0,55432.69921875,0,2025-09-19 04:45:00+00:00
55434.5,55471.0,55381.44921875,55444.25,0,2025-09-19 05:45:00+00:00
55448.0,55482.44921875,55357.80078125,55471.44921875,0,2025-09-19 06:45:00+00:00
55474.25,55536.1015625,55457.25,55518.6015625,0,2025-09-19 07:45:00+00:00
55517.94921875,55534.44921875,55413.80078125,55463.69921875,0,2025-09-19 08:45:00+00:00
55465.6015625,55507.30078125,55437.6484375,55494.69921875,0,2025-09-19 09:45:00+00:00
55430.25,55620.55078125,55315.55078125,55581.19921875,0,2025-09-22 03:45:00+00:00
55581.94921875,55666.1015625,55532.3984375,55550.25,0,2025-09-22 04:45:00+00:00
55550.8515625,55582.3515625,55472.69921875,55538.94921875,0,2025-09-22 05:45:00+00:00
55541.1484375,55619.5,55520.19921875,55586.25,0,2025-09-22 06:45:00+00:00
55587.8984375,55588.25,55412.8984375,55480.3984375,0,2025-09-22 07:45:00+00:00
55482.6015625,55484.1484375,55217.8984375,55273.6484375,0,2025-09-22 08:45:00+00:00
55273.44921875,55320.1015625,55260.30078125,55280.69921875,0,2025-09-22 09:45:00+00:00
55321.1484375,55367.19921875,55160.1015625,55317.6484375,0,2025-09-23 03:45:00+00:00
55316.30078125,55329.1484375,55199.80078125,55214.19921875,0,2025-09-23 04:45:00+00:00
55214.8515625,55322.30078125,55181.55078125,55315.6484375,0,2025-09-23 05:45:00+00:00
55317.8984375,55576.8984375,55303.05078125,55522.8515625,0,2025-09-23 06:45:00+00:00
55522.75,55661.94921875,55507.0,55544.5,0,2025-09-23 07:45:00+00:00
55546.3515625,55604.19921875,55474.30078125,55512.3515625,0,2025-09-23 08:45:00+00:00
55512.5,55561.3515625,55496.6484375,55555.6484375,0,2025-09-23 09:45:00+00:00
55390.0,55509.8515625,55227.05078125,55321.5,0,2025-09-24 03:45:00+00:00
55322.1015625,55355.6015625,55051.8515625,55121.1484375,0,2025-09-24 04:45:00+00:00
55121.6484375,55158.3515625,55081.3515625,55156.69921875,0,2025-09-24 05:45:00+00:00
55156.1484375,55241.5,55118.55078125,55235.55078125,0,2025-09-24 06:45:00+00:00
55234.3984375,55283.75,55123.3515625,55136.19921875,0,2025-09-24 07:45:00+00:00
55136.3984375,55176.80078125,55040.8515625,55144.3515625,0,2025-09-24 08:45:00+00:00
55146.3515625,55157.0,55111.94921875,55131.3984375,0,2025-09-24 09:45:00+00:00
55063.6015625,55252.6015625,54993.55078125,55153.25,0,2025-09-25 03:45:00+00:00
55153.05078125,55191.80078125,55071.6015625,55136.3984375,0,2025-09-25 04:45:00+00:00
55136.94921875,55190.6484375,55020.19921875,55069.55078125,0,2025-09-25 05:45:00+00:00
55066.25,55275.3515625,55055.1015625,55216.8984375,0,2025-09-25 06:45:00+00:00
55216.8984375,55256.19921875,55137.30078125,55192.1484375,0,2025-09-25 07:45:00+00:00
55186.6015625,55204.6484375,54936.8984375,54944.8984375,0,2025-09-25 08:45:00+00:00
54946.6484375,54977.0,54906.6015625,54950.94921875,0,2025-09-25 09:45:00+00:00
54822.1484375,54872.69921875,54594.94921875,54650.44921875,0,2025-09-26 03:45:00+00:00
54651.94921875,54719.3515625,54539.8984375,54562.6015625,0,2025-09-26 04:45:00+00:00
54566.44921875,54593.19921875,54509.5,54560.55078125,0,2025-09-26 05:45:00+00:00
54560.3984375,54630.05078125,54528.3984375,54564.75,0,2025-09-26 06:45:00+00:00
54565.94921875,54578.44921875,54310.94921875,54372.69921875,0,2025-09-26 07:45:00+00:00
54371.30078125,54429.30078125,54324.55078125,54394.55078125,0,2025-09-26 08:45:00+00:00
54393.3515625,54422.19921875,54371.19921875,54413.8984375,0,2025-09-26 09:45:00+00:00
54446.19921875,54625.30078125,54367.19921875,54585.1015625,0,2025-09-29 03:45:00+00:00
54585.1015625,54685.75,54503.80078125,54517.0,0,2025-09-29 04:45:00+00:00
54514.0,54519.44921875,54253.75,54279.5,0,2025-09-29 05:45:00+00:00
54279.5,54504.30078125,54228.19921875,54497.3984375,0,2025-09-29 06:45:00+00:00
54500.3515625,54672.05078125,54421.19921875,54607.1484375,0,2025-09-29 07:45:00+00:00
54610.19921875,54649.1484375,54383.94921875,54471.75,0,2025-09-29 08:45:00+00:00
54473.94921875,54586.44921875,54445.25,54541.3515625,0,2025-09-29 09:45:00+00:00
54705.5,54791.80078125,54564.69921875,54578.80078125,0,2025-09-30 03:45:00+00:00
54579.0,54672.8515625,54505.6484375,54645.25,0,2025-09-30 04:45:00+00:00
54645.5,54690.94921875,54562.55078125,54670.30078125,0,2025-09-30 05:45:00+00:00
54670.6484375,54771.1484375,54667.5,54732.25,0,2025-09-30 06:45:00+00:00
54732.19921875,54761.1484375,54560.6484375,54610.1015625,0,2025-09-30 07:45:00+00:00
54614.05078125,54717.1015625,54538.5,54674.55078125,0,2025-09-30 08:45:00+00:00
54665.44921875,54686.3984375,54625.80078125,54679.75,0,2025-09-30 09:45:00+00:00
54653.8984375,54967.19921875,54583.94921875,54940.6484375,0,2025-10-01 03:45:00+00:00
54937.25,55079.6484375,54855.94921875,55079.1015625,0,2025-10-01 04:45:00+00:00
55078.1015625,55392.94921875,55077.6015625,55290.3984375,0,2025-10-01 05:45:00+00:00
55289.8984375,55317.80078125,55179.75,55267.05078125,0,2025-10-01 06:45:00+00:00
55266.5,55391.19921875,55226.3984375,55335.69921875,0,2025-10-01 07:45:00+00:00
55337.94921875,55405.94921875,55294.30078125,55312.19921875,0,2025-10-01 08:45:00+00:00
55313.05078125,55390.44921875,55307.05078125,55386.6484375,0,2025-10-01 09:45:00+00:00
55185.30078125,55534.1484375,55185.30078125,55466.69921875,0,2025-10-03 03:45:00+00:00
55466.8984375,55478.05078125,55331.3984375,55460.8984375,0,2025-10-03 04:45:00+00:00
55463.3984375,55578.44921875,55413.0,55531.6484375,0,2025-10-03 05:45:00+00:00
55529.6484375,55567.94921875,55452.8515625,55559.5,0,2025-10-03 06:45:00+00:00
55555.0,55557.94921875,55463.1015625,55488.80078125,0,2025-10-03 07:45:00+00:00
55490.6484375,55615.6484375,55489.0,55582.80078125,0,2025-10-03 08:45:00+00:00
55586.3984375,55608.3984375,55543.25,55596.94921875,0,2025-10-03 09:45:00+00:00
55818.80078125,55975.05078125,55730.19921875,55967.6484375,0,2025-10-06 03:45:00+00:00
55971.1484375,56052.69921875,55920.8984375,56041.80078125,0,2025-10-06 04:45:00+00:00
56041.80078125,56066.8515625,55953.1015625,56065.80078125,0,2025-10-06 05:45:00+00:00
56065.3515625,56163.19921875,56046.6484375,56147.30078125,0,2025-10-06 06:45:00+00:00
56144.3515625,56159.05078125,55980.8984375,56063.1015625,0,2025-10-06 07:45:00+00:00
56064.55078125,56130.6484375,56008.69921875,56113.1484375,0,2025-10-06 08:45:00+00:00
56110.44921875,56113.8515625,56052.19921875,56073.05078125,0,2025-10-06 09:45:00+00:00
56128.1015625,56379.05078125,56025.6015625,56326.80078125,0,2025-10-07 03:45:00+00:00
56331.0,56373.80078125,56290.55078125,56308.30078125,0,2025-10-07 04:45:00+00:00
56311.3515625,56426.8984375,56171.1484375,56391.75,0,2025-10-07 05:45:00+00:00
56392.3515625,56444.19921875,56346.6015625,56414.94921875,0,2025-10-07 06:45:00+00:00
56417.55078125,56501.0,56358.0,56450.55078125,0,2025-10-07 07:45:00+00:00
56447.55078125,56463.55078125,56197.55078125,56214.3515625,0,2025-10-07 08:45:00+00:00
56212.3984375,56248.3515625,56159.8515625,56215.6015625,0,2025-10-07 09:45:00+00:00
56098.5,56302.6015625,56038.75,56103.44921875,0,2025-10-08 03:45:00+00:00
56101.6484375,56119.69921875,55855.80078125,55857.55078125,0,2025-10-08 04:45:00+00:00
55859.19921875,55985.0,55821.0,55947.75,0,2025-10-08 05:45:00+00:00
55944.80078125,56144.80078125,55858.19921875,56110.1484375,0,2025-10-08 06:45:00+00:00
56109.0,56225.80078125,56019.8515625,56079.25,0,2025-10-08 07:45:00+00:00
56085.8515625,56112.25,55988.75,55990.5,0,2025-10-08 08:45:00+00:00
55989.5,56025.3984375,55927.0,55938.3515625,0,2025-10-08 09:45:00+00:00
55968.30078125,56076.25,55845.6484375,55913.5,0,2025-10-09 03:45:00+00:00
55912.8984375,56173.6015625,55901.25,56159.55078125,0,2025-10-09 04:45:00+00:00
56157.8515625,56282.8984375,56133.0,56167.3515625,0,2025-10-09 05:45:00+00:00
56165.5,56222.25,56035.8515625,56086.30078125,0,2025-10-09 06:45:00+00:00
56088.6484375,56276.5,56084.44921875,56173.3515625,0,2025-10-09 07:45:00+00:00
56174.8984375,56243.19921875,56079.55078125,56170.55078125,0,2025-10-09 08:45:00+00:00
56174.1484375,56210.1015625,56121.0,56143.1484375,0,2025-10-09 09:45:00+00:00
56185.05078125,56554.25,56163.6484375,56535.75,0,2025-10-10 03:45:00+00:00
56534.1015625,56660.55078125,56533.19921875,56641.8984375,0,2025-10-10 04:45:00+00:00
56641.0,56655.8515625,56567.6015625,56617.1484375,0,2025-10-10 05:45:00+00:00
56617.8984375,56736.6484375,56589.6015625,56670.5,0,2025-10-10 06:45:00+00:00
56672.05078125,56758.69921875,56648.5,56706.3984375,0,2025-10-10 07:45:00+00:00
56703.25,56735.05078125,56560.25,56603.25,0,2025-10-10 08:45:00+00:00
56606.55078125,56649.75,56588.0,56620.94921875,0,2025-10-10 09:45:00+00:00
56332.1484375,56562.19921875,56329.5,56518.44921875,0,2025-10-13 03:45:00+00:00
56518.44921875,56682.25,56480.8515625,56614.1484375,0,2025-10-13 04:45:00+00:00
56611.3515625,56675.05078125,56538.55078125,56600.25,0,2025-10-13 05:45:00+00:00
56593.3515625,56652.8515625,56542.55078125,56647.80078125,0,2025-10-13 06:45:00+00:00
56646.3515625,56667.05078125,56537.1484375,56612.25,0,2025-10-13 07:45:00+00:00
56627.25,56769.30078125,56589.30078125,56609.1484375,0,2025-10-13 08:45:00+00:00
56612.0,56649.8515625,56605.25,56633.1015625,0,2025-10-13 09:45:00+00:00
56555.8515625,56717.1484375,56474.1015625,56536.30078125,0,2025-10-14 03:45:00+00:00
56536.5,56604.80078125,56405.6484375,56428.6015625,0,2025-10-14 04:45:00+00:00
56426.19921875,56426.80078125,56269.30078125,56294.05078125,0,2025-10-14 05:45:00+00:00
56293.19921875,56357.5,56230.69921875,56280.05078125,0,2025-10-14 06:45:00+00:00
56280.30078125,56416.19921875,56255.69921875,56400.8515625,0,2025-10-14 07:45:00+00:00
56399.55078125,56552.1484375,56334.30078125,56502.44921875,0,2025-10-14 08:45:00+00:00
56503.6015625,56527.0,56429.3515625,56459.55078125,0,2025-10-14 09:45:00+00:00
56534.0,56702.55078125,56492.55078125,56664.8984375,0,2025-10-15 03:45:00+00:00
56665.94921875,56844.8984375,56662.6015625,56758.75,0,2025-10-15 04:45:00+00:00
56759.0,56805.05078125,56716.8515625,56726.5,0,2025-10-15 05:45:00+00:00
56727.19921875,56878.3984375,56695.3515625,56828.3515625,0,2025-10-15 06:45:00+00:00
56828.44921875,56920.3515625,56746.6484375,56790.8515625,0,2025-10-15 07:45:00+00:00
56790.3984375,56836.8984375,56703.1015625,56812.19921875,0,2025-10-15 08:45:00+00:00
56815.44921875,56850.5,56793.69921875,56818.5,0,2025-10-15 09:45:00+00:00
57156.19921875,57219.3515625,56994.69921875,57005.5,0,2025-10-16 03:45:00+00:00
57008.8984375,57148.05078125,57004.1015625,57116.19921875,0,2025-10-16 04:45:00+00:00
57115.8515625,57141.8984375,57078.69921875,57134.25,0,2025-10-16 05:45:00+00:00
57131.80078125,57313.6015625,57129.94921875,57311.0,0,2025-10-16 06:45:00+00:00
57310.1484375,57482.6484375,57275.3515625,57425.44921875,0,2025-10-16 07:45:00+00:00
57426.6015625,57525.1015625,57374.8515625,57405.44921875,0,2025-10-16 08:45:00+00:00
57401.05078125,57448.44921875,57372.30078125,57373.25,0,2025-10-16 09:45:00+00:00
57335.5,57566.3515625,57243.3515625,57536.75,0,2025-10-17 03:45:00+00:00
57536.55078125,57828.30078125,57503.55078125,57809.3515625,0,2025-10-17 04:45:00+00:00
57807.75,57826.5,57644.6015625,57763.3984375,0,2025-10-17 05:45:00+00:00
57765.8515625,57830.19921875,57465.30078125,57534.1015625,0,2025-10-17 06:45:00+00:00
57534.19921875,57652.05078125,57396.80078125,57570.1484375,0,2025-10-17 07:45:00+00:00
57565.44921875,57763.75,57488.30078125,57698.6015625,0,2025-10-17 08:45:00+00:00
57699.25,57751.30078125,57678.55078125,57724.0,0,2025-10-17 09:45:00+00:00
57899.1015625,58224.6015625,57884.25,58059.1484375,0,2025-10-20 03:45:00+00:00
58059.1484375,58241.3984375,58020.44921875,58199.05078125,0,2025-10-20 04:45:00+00:00
58199.80078125,58216.94921875,58118.5,58192.6015625,0,2025-10-20 05:45:00+00:00
58193.75,58232.3515625,58118.6484375,58220.69921875,0,2025-10-20 06:45:00+00:00
58221.8515625,58261.55078125,58116.80078125,58160.55078125,0,2025-10-20 07:45:00+00:00
58158.94921875,58211.44921875,57948.8515625,58045.6484375,0,2025-10-20 08:45:00+00:00
58048.8515625,58075.6015625,58017.25,58051.0,0,2025-10-20 09:45:00+00:00
58063.3984375,58153.25,57991.3515625,58078.44921875,0,2025-10-21 07:45:00+00:00
58078.6484375,58101.3515625,57887.6015625,58007.19921875,0,2025-10-21 08:45:00+00:00
58314.55078125,58542.0,58161.94921875,58533.1484375,0,2025-10-23 03:45:00+00:00
58534.0,58554.25,58414.6484375,58513.0,0,2025-10-23 04:45:00+00:00
58512.6015625,58560.6015625,58463.80078125,58540.19921875,0,2025-10-23 05:45:00+00:00
58532.5,58576.5,58378.1484375,58461.3515625,0,2025-10-23 06:45:00+00:00
58454.19921875,58529.05078125,58205.94921875,58238.69921875,0,2025-10-23 07:45:00+00:00
58237.6484375,58297.19921875,58021.69921875,58030.80078125,0,2025-10-23 08:45:00+00:00
58032.1484375,58091.80078125,57966.3984375,57981.1015625,0,2025-10-23 09:45:00+00:00
58172.75,58232.8984375,57987.80078125,58002.0,0,2025-10-24 03:45:00+00:00
57996.75,57999.6484375,57778.80078125,57855.05078125,0,2025-10-24 04:45:00+00:00
57853.6484375,57888.75,57738.6484375,57861.6015625,0,2025-10-24 05:45:00+00:00
57861.6015625,57915.1484375,57669.44921875,57738.6484375,0,2025-10-24 06:45:00+00:00
57737.94921875,57752.25,57483.55078125,57613.3984375,0,2025-10-24 07:45:00+00:00
57612.44921875,57718.25,57565.94921875,57709.0,0,2025-10-24 08:45:00+00:00
57707.55078125,57750.44921875,57691.0,57741.5,0,2025-10-24 09:45:00+00:00
57796.44921875,58077.1015625,57687.1484375,58050.5,0,2025-10-27 03:45:00+00:00
58054.75,58172.5,58049.5,58130.55078125,0,2025-10-27 04:45:00+00:00
58125.6484375,58195.1015625,58035.6015625,58161.30078125,0,2025-10-27 05:45:00+00:00
58163.1015625,58179.6015625,58039.1484375,58077.3984375,0,2025-10-27 06:45:00+00:00
58077.3984375,58083.30078125,57951.19921875,58013.94921875,0,2025-10-27 07:45:00+00:00
58013.3984375,58123.3515625,57978.0,58053.8984375,0,2025-10-27 08:45:00+00:00
58051.6015625,58206.05078125,58046.0,58198.6015625,0,2025-10-27 09:45:00+00:00
58006.55078125,58313.80078125,57863.75,57928.94921875,0,2025-10-28 03:45:00+00:00
57934.94921875,57964.3515625,57770.6015625,57818.1015625,0,2025-10-28 04:45:00+00:00
57817.55078125,57966.75,57797.25,57918.1015625,0,2025-10-28 05:45:00+00:00
57914.55078125,58186.8515625,57870.19921875,58141.19921875,0,2025-10-28 06:45:00+00:00
58138.19921875,58212.19921875,57998.19921875,58078.0,0,2025-10-28 07:45:00+00:00
58072.55078125,58253.6015625,57937.8515625,58244.3515625,0,2025-10-28 08:45:00+00:00
58242.6015625,58305.0,58216.3984375,58271.55078125,0,2025-10-28 09:45:00+00:00
58316.25,58370.25,58092.1015625,58148.3515625,0,2025-10-29 03:45:00+00:00
58149.75,58280.3515625,58087.05078125,58160.8515625,0,2025-10-29 04:45:00+00:00
58158.6015625,58335.25,58156.1015625,58307.3984375,0,2025-10-29 05:45:00+00:00
58310.1015625,58368.3515625,58269.05078125,58363.3515625,0,2025-10-29 06:45:00+00:00
58361.94921875,58469.19921875,58321.8984375,58404.8515625,0,2025-10-29 07:45:00+00:00
58404.05078125,58458.19921875,58322.44921875,58367.0,0,2025-10-29 08:45:00+00:00
58370.8515625,58419.6484375,58367.30078125,58399.05078125,0,2025-10-29 09:45:00+00:00
58152.05078125,58329.69921875,58076.1484375,58264.05078125,0,2025-10-30 03:45:00+00:00
58262.75,58307.69921875,58158.8515625,58243.6484375,0,2025-10-30 04:45:00+00:00
58242.44921875,58263.8515625,58131.55078125,58159.8515625,0,2025-10-30 05:45:00+00:00
58159.8984375,58253.8984375,58121.8515625,58237.8515625,0,2025-10-30 06:45:00+00:00
58242.6015625,58282.55078125,58081.1484375,58132.6015625,0,2025-10-30 07:45:00+00:00
58131.8515625,58187.1484375,58000.30078125,58024.55078125,0,2025-10-30 08:45:00+00:00
58026.6484375,58067.1015625,58007.8515625,58067.1015625,0,2025-10-30 09:45:00+00:00
57946.6015625,58253.55078125,57930.94921875,58031.3984375,0,2025-10-31 03:45:00+00:00
58033.8515625,58033.8515625,57675.44921875,57758.30078125,0,2025-10-31 04:45:00+00:00
57759.3515625,58046.19921875,57726.3984375,57952.8515625,0,2025-10-31 05:45:00+00:00
57955.6484375,58002.5,57898.8984375,57937.0,0,2025-10-31 06:45:00+00:00
57933.3515625,57961.5,57801.6484375,57858.1015625,0,2025-10-31 07:45:00+00:00
57857.19921875,57946.6484375,57751.30078125,57765.44921875,0,2025-10-31 08:45:00+00:00
57764.0,57808.3515625,57743.1484375,57778.75,0,2025-10-31 09:45:00+00:00
57742.80078125,58063.75,57730.19921875,57995.6015625,0,2025-11-03 03:45:00+00:00
57995.05078125,58125.94921875,57942.30078125,58075.6484375,0,2025-11-03 04:45:00+00:00
58075.5,58080.19921875,57939.6015625,58038.05078125,0,2025-11-03 05:45:00+00:00
58042.30078125,58153.30078125,57984.44921875,58142.8984375,0,2025-11-03 06:45:00+00:00
58142.1015625,58210.3984375,58054.3515625,58191.8515625,0,2025-11-03 07:45:00+00:00
58191.25,58246.1484375,58058.44921875,58104.69921875,0,2025-11-03 08:45:00+00:00
58102.80078125,58147.25,58092.5,58116.25,0,2025-11-03 09:45:00+00:00
57966.6484375,58118.1484375,57869.3515625,57919.44921875,0,2025-11-04 03:45:00+00:00
57919.6015625,58051.94921875,57853.0,57946.30078125,0,2025-11-04 04:45:00+00:00
57950.3515625,57972.8515625,57803.1015625,57897.25,0,2025-11-04 05:45:00+00:00
57900.19921875,57924.3515625,57819.75,57846.3984375,0,2025-11-04 06:45:00+00:00
57841.05078125,57983.69921875,57812.05078125,57854.0,0,2025-11-04 07:45:00+00:00
57856.55078125,57911.8984375,57805.3515625,57843.6484375,0,2025-11-04 08:45:00+00:00
57839.55078125,57851.8984375,57747.55078125,57778.94921875,0,2025-11-04 09:45:00+00:00
57773.6484375,57942.05078125,57609.19921875,57618.5,0,2025-11-06 03:45:00+00:00
57616.8515625,57702.94921875,57598.80078125,57628.30078125,0,2025-11-06 04:45:00+00:00
57628.69921875,57669.1484375,57525.3515625,57597.0,0,2025-11-06 05:45:00+00:00
57596.05078125,57762.55078125,57536.75,57687.6484375,0,2025-11-06 06:45:00+00:00
57684.25,57743.30078125,57573.3984375,57687.75,0,2025-11-06 07:45:00+00:00
57686.25,57692.1484375,57527.94921875,57545.44921875,0,2025-11-06 08:45:00+00:00
57544.8984375,57594.5,57523.75,57573.94921875,0,2025-11-06 09:45:00+00:00
57423.1015625,57433.05078125,57158.6015625,57285.55078125,0,2025-11-07 03:45:00+00:00
57283.94921875,57570.6015625,57266.75,57560.94921875,0,2025-11-07 04:45:00+00:00
57564.19921875,57811.25,57553.55078125,57692.69921875,0,2025-11-07 05:45:00+00:00
57695.94921875,57930.3515625,57679.30078125,57872.8515625,0,2025-11-07 06:45:00+00:00
57873.3984375,57999.1015625,57768.19921875,57828.25,0,2025-11-07 07:45:00+00:00
57830.80078125,57982.1015625,57815.0,57869.19921875,0,2025-11-07 08:45:00+00:00
57871.3984375,57940.94921875,57871.3984375,57903.44921875,0,2025-11-07 09:45:00+00:00
57878.80078125,58059.3984375,57865.6015625,57977.75,0,2025-11-10 03:45:00+00:00
57976.6484375,58065.0,57923.3984375,58014.8984375,0,2025-11-10 04:45:00+00:00
58020.69921875,58077.80078125,57981.8984375,57986.05078125,0,2025-11-10 05:45:00+00:00
57991.44921875,58085.19921875,57982.1015625,58016.80078125,0,2025-11-10 06:45:00+00:00
58019.6015625,58057.25,57930.3984375,58000.69921875,0,2025-11-10 07:45:00+00:00
58004.44921875,58095.94921875,57924.05078125,57938.75,0,2025-11-10 08:45:00+00:00
57938.75,57966.75,57877.44921875,57893.0,0,2025-11-10 09:45:00+00:00
57970.94921875,58077.6015625,57709.44921875,57716.8984375,0,2025-11-11 03:45:00+00:00
57717.5,57773.6484375,57594.5,57733.75,0,2025-11-11 04:45:00+00:00
57733.94921875,57869.8984375,57691.80078125,57850.94921875,0,2025-11-11 05:45:00+00:00
57851.25,57964.19921875,57832.30078125,57954.25,0,2025-11-11 06:45:00+00:00
57959.3515625,58145.6015625,57956.69921875,58007.3515625,0,2025-11-11 07:45:00+00:00
58007.80078125,58166.44921875,58001.55078125,58142.8984375,0,2025-11-11 08:45:00+00:00
58143.6484375,58182.5,58121.6484375,58148.05078125,0,2025-11-11 09:45:00+00:00
58489.6484375,58499.3984375,58274.3984375,58307.6015625,0,2025-11-12 03:45:00+00:00
58307.69921875,58370.1015625,58225.1484375,58333.0,0,2025-11-12 04:45:00+00:00
58330.75,58398.25,58293.1484375,58322.30078125,0,2025-11-12 05:45:00+00:00
58322.19921875,58471.5,58322.19921875,58428.30078125,0,2025-11-12 06:45:00+00:00
58429.1484375,58471.6015625,58303.55078125,58349.5,0,2025-11-12 07:45:00+00:00
58349.1015625,58418.55078125,58286.55078125,58297.30078125,0,2025-11-12 08:45:00+00:00
58298.8984375,58298.8984375,58176.94921875,58211.44921875,0,2025-11-12 09:45:00+00:00
58188.3984375,58485.05078125,58127.1015625,58456.8984375,0,2025-11-13 03:45:00+00:00
58456.25,58608.3984375,58456.25,58552.1484375,0,2025-11-13 04:45:00+00:00
58553.55078125,58615.19921875,58510.75,58595.44921875,0,2025-11-13 05:45:00+00:00
58598.3984375,58615.75,58477.8515625,58569.8984375,0,2025-11-13 06:45:00+00:00
58574.75,58605.6015625,58336.0,58380.1015625,0,2025-11-13 07:45:00+00:00
58380.75,58471.3984375,58343.94921875,58373.1484375,0,2025-11-13 08:45:00+00:00
58371.19921875,58439.8515625,58360.5,58387.5,0,2025-11-13 09:45:00+00:00
58115.6484375,58467.8984375,58111.3984375,58229.6484375,0,2025-11-14 03:45:00+00:00
58230.69921875,58411.19921875,58170.3515625,58372.25,0,2025-11-14 04:45:00+00:00
58368.25,58402.6484375,58232.6484375,58341.5,0,2025-11-14 05:45:00+00:00
58340.55078125,58387.55078125,58246.30078125,58272.1484375,0,2025-11-14 06:45:00+00:00
58270.6015625,58323.05078125,58152.94921875,58218.6484375,0,2025-11-14 07:45:00+00:00
58211.19921875,58577.05078125,58166.3984375,58552.94921875,0,2025-11-14 08:45:00+00:00
58552.8984375,58583.6484375,58493.30078125,58540.69921875,0,2025-11-14 09:45:00+00:00
58688.05078125,58976.8515625,58612.44921875,58888.19921875,0,2025-11-17 03:45:00+00:00
58889.19921875,58978.30078125,58862.1484375,58929.1015625,0,2025-11-17 04:45:00+00:00
58929.19921875,58943.3984375,58836.1484375,58921.94921875,0,2025-11-17 05:45:00+00:00
58928.75,58994.69921875,58904.5,58961.6015625,0,2025-11-17 06:45:00+00:00
58962.30078125,58999.75,58911.1015625,58967.0,0,2025-11-17 07:45:00+00:00
58968.94921875,58973.19921875,58899.55078125,58957.3515625,0,2025-11-17 08:45:00+00:00
58958.94921875,58997.94921875,58948.94921875,58976.5,0,2025-11-17 09:45:00+00:00
59005.0,59010.8984375,58850.80078125,58885.1484375,0,2025-11-18 03:45:00+00:00
58884.6484375,59007.94921875,58878.44921875,59001.94921875,0,2025-11-18 04:45:00+00:00
59001.80078125,59045.1484375,58950.0,58985.6015625,0,2025-11-18 05:45:00+00:00
58985.80078125,59030.1015625,58947.30078125,58990.30078125,0,2025-11-18 06:45:00+00:00
58988.0,59103.3515625,58988.0,59072.0,0,2025-11-18 07:45:00+00:00
59071.69921875,59086.44921875,58877.1015625,58880.3984375,0,2025-11-18 08:45:00+00:00
58879.05078125,58912.25,58806.6015625,58835.8515625,0,2025-11-18 09:45:00+00:00
58908.1484375,58952.75,58688.55078125,58871.75,0,2025-11-19 03:45:00+00:00
58872.30078125,58909.6015625,58783.3515625,58783.8984375,0,2025-11-19 04:45:00+00:00
58783.94921875,58940.05078125,58767.05078125,58926.75,0,2025-11-19 05:45:00+00:00
58925.8984375,59081.6484375,58913.5,59060.05078125,0,2025-11-19 06:45:00+00:00
59059.0,59128.25,58930.80078125,59119.94921875,0,2025-11-19 07:45:00+00:00
59117.6015625,59261.80078125,59115.25,59225.6484375,0,2025-11-19 08:45:00+00:00
59228.1484375,59232.6015625,59173.6484375,59207.94921875,0,2025-11-19 09:45:00+00:00
59308.19921875,59320.25,59125.94921875,59170.6015625,0,2025-11-20 03:45:00+00:00
59171.30078125,59249.8515625,59128.80078125,59206.8984375,0,2025-11-20 04:45:00+00:00
59208.19921875,59265.19921875,59199.1484375,59231.1015625,0,2025-11-20 05:45:00+00:00
59230.75,59380.1015625,59186.6015625,59319.25,0,2025-11-20 06:45:00+00:00
59322.44921875,59411.44921875,59314.3515625,59381.75,0,2025-11-20 07:45:00+00:00
59384.1015625,59439.6015625,59313.80078125,59350.8984375,0,2025-11-20 08:45:00+00:00
59352.1015625,59376.05078125,59310.80078125,59343.8984375,0,2025-11-20 09:45:00+00:00
59116.69921875,59230.80078125,58959.3515625,58991.55078125,0,2025-11-21 03:45:00+00:00
58994.3984375,58994.3984375,58833.8984375,58944.44921875,0,2025-11-21 04:45:00+00:00
58945.0,59032.6015625,58898.8984375,59027.3984375,0,2025-11-21 05:45:00+00:00
59027.5,59149.94921875,59008.0,59050.44921875,0,2025-11-21 06:45:00+00:00
59056.3515625,59113.5,58970.94921875,59109.44921875,0,2025-11-21 07:45:00+00:00
59109.5,59126.5,58861.5,58887.25,0,2025-11-21 08:45:00+00:00
58884.1484375,58912.3515625,58825.1484375,58851.8515625,0,2025-11-21 09:45:00+00:00
59039.1484375,59131.8984375,58891.80078125,59128.55078125,0,2025-11-24 03:45:00+00:00
59129.30078125,59238.6484375,59112.6484375,59185.69921875,0,2025-11-24 04:45:00+00:00
59186.8515625,59309.8984375,59164.6484375,59206.44921875,0,2025-11-24 05:45:00+00:00
59204.3515625,59267.94921875,59141.8984375,59247.44921875,0,2025-11-24 06:45:00+00:00
59252.69921875,59279.25,59141.69921875,59194.75,0,2025-11-24 07:45:00+00:00
59191.6015625,59193.5,58829.44921875,58836.6484375,0,2025-11-24 08:45:00+00:00
58836.19921875,58857.80078125,58669.44921875,58731.05078125,0,2025-11-24 09:45:00+00:00
58935.05078125,59051.19921875,58746.8984375,59026.6015625,0,2025-11-25 03:45:00+00:00
59030.80078125,59062.94921875,58755.8515625,58814.55078125,0,2025-11-25 04:45:00+00:00
58815.1484375,59008.3515625,58810.69921875,58956.6484375,0,2025-11-25 05:45:00+00:00
58958.30078125,58982.6015625,58836.8984375,58931.8984375,0,2025-11-25 06:45:00+00:00
58933.6015625,59139.6484375,58927.19921875,59127.8515625,0,2025-11-25 07:45:00+00:00
59129.1015625,59165.1015625,58747.25,58825.3515625,0,2025-11-25 08:45:00+00:00
58825.44921875,58851.6015625,58790.3515625,58810.80078125,0,2025-11-25 09:45:00+00:00
58783.05078125,59495.5,58783.05078125,59453.19921875,0,2025-11-26 03:45:00+00:00
59454.55078125,59515.1484375,59367.75,59442.3984375,0,2025-11-26 04:45:00+00:00
59442.55078125,59484.6484375,59373.6484375,59463.1015625,0,2025-11-26 05:45:00+00:00
59465.5,59522.3984375,59426.0,59516.8515625,0,2025-11-26 06:45:00+00:00
59518.69921875,59550.05078125,59432.1015625,59505.6015625,0,2025-11-26 07:45:00+00:00
59506.5,59541.5,59434.8984375,59535.75,0,2025-11-26 08:45:00+00:00
59538.0,59552.55078125,59508.3515625,59527.1484375,0,2025-11-26 09:45:00+00:00
59605.30078125,59798.8984375,59551.75,59765.8984375,0,2025-11-27 03:45:00+00:00
59771.8984375,59865.8515625,59684.6015625,59850.1015625,0,2025-11-27 04:45:00+00:00
59852.6015625,59861.1484375,59714.8515625,59758.19921875,0,2025-11-27 05:45:00+00:00
59758.19921875,59850.1484375,59649.30078125,59656.30078125,0,2025-11-27 06:45:00+00:00
59658.69921875,59698.44921875,59523.6015625,59665.3984375,0,2025-11-27 07:45:00+00:00
59668.80078125,59768.1484375,59616.8515625,59722.3515625,0,2025-11-27 08:45:00+00:00
59726.44921875,59782.19921875,59701.69921875,59764.1484375,0,2025-11-27 09:45:00+00:00
59754.05078125,59773.69921875,59603.1484375,59689.44921875,0,2025-11-28 03:45:00+00:00
59689.44921875,59868.44921875,59630.5,59860.80078125,0,2025-11-28 04:45:00+00:00
59863.30078125,59895.30078125,59764.8515625,59794.6015625,0,2025-11-28 05:45:00+00:00
59794.05078125,59836.8515625,59752.6015625,59774.3515625,0,2025-11-28 06:45:00+00:00
59775.1484375,59822.25,59712.1484375,59743.5,0,2025-11-28 07:45:00+00:00
59742.75,59826.8984375,59723.1484375,59739.6015625,0,2025-11-28 08:45:00+00:00
59741.69921875,59776.94921875,59722.80078125,59722.80078125,0,2025-11-28 09:45:00+00:00
60088.55078125,60104.5,59892.19921875,60067.0,0,2025-12-01 03:45:00+00:00
60064.30078125,60113.8984375,59968.8515625,60011.19921875,0,2025-12-01 04:45:00+00:00
60012.80078125,60020.75,59676.6015625,59702.44921875,0,2025-12-01 05:45:00+00:00
59700.55078125,59784.3984375,59633.75,59773.80078125,0,2025-12-01 06:45:00+00:00
59773.44921875,59815.94921875,59658.3984375,59776.25,0,2025-12-01 07:45:00+00:00
59776.80078125,59779.94921875,59529.3515625,59715.0,0,2025-12-01 08:45:00+00:00
59714.0,59715.3984375,59632.3984375,59697.1484375,0,2025-12-01 09:45:00+00:00
59354.19921875,59574.75,59306.0,59471.6484375,0,2025-12-02 03:45:00+00:00
59472.44921875,59656.30078125,59436.8984375,59565.44921875,0,2025-12-02 04:45:00+00:00
59567.30078125,59604.75,59469.19921875,59504.25,0,2025-12-02 05:45:00+00:00
59505.8515625,59586.80078125,59469.69921875,59490.30078125,0,2025-12-02 06:45:00+00:00
59491.55078125,59500.44921875,59428.8984375,59448.94921875,0,2025-12-02 07:45:00+00:00
59450.6484375,59476.19921875,59252.8984375,59294.1484375,0,2025-12-02 08:45:00+00:00
59294.6484375,59347.1015625,59256.19921875,59347.1015625,0,2025-12-02 09:45:00+00:00
59207.5,59356.75,59006.1015625,59043.1015625,0,2025-12-03 03:45:00+00:00
59043.1015625,59048.69921875,58931.05078125,58979.8515625,0,2025-12-03 04:45:00+00:00
58977.3984375,59190.0,58927.44921875,59158.5,0,2025-12-03 05:45:00+00:00
59156.55078125,59162.8515625,59062.55078125,59083.44921875,0,2025-12-03 06:45:00+00:00
59082.44921875,59145.5,59007.55078125,59114.0,0,2025-12-03 07:45:00+00:00
59113.30078125,59414.05078125,59077.55078125,59380.6484375,0,2025-12-03 08:45:00+00:00
59378.44921875,59398.25,59333.1484375,59333.1484375,0,2025-12-03 09:45:00+00:00
59280.6015625,59411.3984375,59180.94921875,59393.5,0,2025-12-04 03:45:00+00:00
59395.3515625,59548.6015625,59390.05078125,59408.80078125,0,2025-12-04 04:45:00+00:00
59410.3515625,59412.1015625,59225.44921875,59250.25,0,2025-12-04 05:45:00+00:00
59252.55078125,59290.5,59134.8515625,59180.1015625,0,2025-12-04 06:45:00+00:00
59179.3984375,59242.69921875,59063.44921875,59154.80078125,0,2025-12-04 07:45:00+00:00
59158.1484375,59314.5,59123.75,59283.44921875,0,2025-12-04 08:45:00+00:00
59280.19921875,59335.55078125,59251.75,59272.69921875,0,2025-12-04 09:45:00+00:00
59161.8984375,59658.6484375,59138.8984375,59561.80078125,0,2025-12-05 03:45:00+00:00
59557.1484375,59677.80078125,59345.05078125,59601.55078125,0,2025-12-05 04:45:00+00:00
59604.0,59643.6484375,59517.05078125,59520.1484375,0,2025-12-05 05:45:00+00:00
59518.3515625,59762.3515625,59505.0,59724.94921875,0,2025-12-05 06:45:00+00:00
59723.1484375,59777.1015625,59629.69921875,59711.3515625,0,2025-12-05 07:45:00+00:00
59711.6015625,59799.1015625,59599.55078125,59778.94921875,0,2025-12-05 08:45:00+00:00
59778.44921875,59805.05078125,59711.30078125,59735.80078125,0,2025-12-05 09:45:00+00:00
59656.25,59711.6015625,59465.8984375,59547.25,0,2025-12-08 03:45:00+00:00
59549.3984375,59620.6484375,59396.3515625,59436.8515625,0,2025-12-08 04:45:00+00:00
59435.6484375,59445.30078125,59355.94921875,59363.25,0,2025-12-08 05:45:00+00:00
59371.5,59406.0,59232.25,59342.25,0,2025-12-08 06:45:00+00:00
59342.3515625,59344.8515625,59068.44921875,59105.1015625,0,2025-12-08 07:45:00+00:00
59103.69921875,59310.5,59031.75,59249.55078125,0,2025-12-08 08:45:00+00:00
59248.69921875,59258.3515625,59110.80078125,59147.30078125,0,2025-12-08 09:45:00+00:00
58918.8515625,59103.44921875,58887.1015625,59055.1015625,0,2025-12-09 03:45:00+00:00
59056.0,59263.69921875,59022.05078125,59246.55078125,0,2025-12-09 04:45:00+00:00
59246.5,59284.8515625,59102.55078125,59253.44921875,0,2025-12-09 05:45:00+00:00
59249.69921875,59316.69921875,59158.8984375,59227.3984375,0,2025-12-09 06:45:00+00:00
59231.8515625,59358.25,59213.6484375,59275.8515625,0,2025-12-09 07:45:00+00:00
59273.80078125,59282.8515625,59170.6015625,59217.3515625,0,2025-12-09 08:45:00+00:00
59219.05078125,59230.94921875,59187.0,59212.1015625,0,2025-12-09 09:45:00+00:00
59277.8984375,59440.1015625,59190.8984375,59375.44921875,0,2025-12-10 03:45:00+00:00
59379.25,59427.69921875,59147.5,59212.8984375,0,2025-12-10 04:45:00+00:00
59214.55078125,59226.1015625,58974.94921875,59046.5,0,2025-12-10 05:45:00+00:00
59048.8515625,59062.55078125,58895.19921875,58964.80078125,0,2025-12-10 06:45:00+00:00
58963.8984375,59091.8984375,58869.8515625,58892.75,0,2025-12-10 07:45:00+00:00
58891.5,59009.55078125,58856.3515625,58963.69921875,0,2025-12-10 08:45:00+00:00
58964.94921875,58979.5,58910.30078125,58938.30078125,0,2025-12-10 09:45:00+00:00
58980.69921875,59113.3984375,58801.55078125,59082.19921875,0,2025-12-11 03:45:00+00:00
59083.8515625,59246.8984375,59077.94921875,59142.30078125,0,2025-12-11 04:45:00+00:00
59143.25,59415.5,59130.80078125,59345.5,0,2025-12-11 05:45:00+00:00
59352.1015625,59423.3515625,59139.8984375,59181.80078125,0,2025-12-11 06:45:00+00:00
59177.80078125,59302.25,59157.8984375,59209.30078125,0,2025-12-11 07:45:00+00:00
59209.30078125,59326.05078125,59135.6484375,59201.1015625,0,2025-12-11 08:45:00+00:00
59200.8984375,59225.30078125,59177.5,59204.6015625,0,2025-12-11 09:45:00+00:00
59401.5,59545.19921875,59340.25,59441.69921875,0,2025-12-12 03:45:00+00:00
59448.69921875,59482.55078125,59225.69921875,59285.3984375,0,2025-12-12 04:45:00+00:00
59285.3984375,59443.8984375,59282.6015625,59382.25,0,2025-12-12 05:45:00+00:00
59382.25,59418.3984375,59315.8984375,59378.69921875,0,2025-12-12 06:45:00+00:00
59378.3984375,59439.94921875,59310.6015625,59389.1484375,0,2025-12-12 07:45:00+00:00
59388.1015625,59418.75,59335.6484375,59408.1015625,0,2025-12-12 08:45:00+00:00
59405.44921875,59426.1484375,59367.1484375,59396.80078125,0,2025-12-12 09:45:00+00:00
59087.94921875,59346.1015625,59087.94921875,59212.25,0,2025-12-15 03:45:00+00:00
59213.8515625,59299.0,59138.19921875,59258.3515625,0,2025-12-15 04:45:00+00:00
59257.55078125,59516.1015625,59223.80078125,59459.75,0,2025-12-15 05:45:00+00:00
59462.6015625,59532.44921875,59413.5,59527.1015625,0,2025-12-15 06:45:00+00:00
59527.75,59528.3515625,59405.8984375,59436.80078125,0,2025-12-15 07:45:00+00:00
59437.3984375,59528.8984375,59430.8984375,59469.8984375,0,2025-12-15 08:45:00+00:00
59469.80078125,59473.1015625,59414.55078125,59444.69921875,0,2025-12-15 09:45:00+00:00
59308.80078125,59334.1484375,59045.05078125,59128.69921875,0,2025-12-16 03:45:00+00:00
59122.69921875,59165.8984375,59068.30078125,59084.3515625,0,2025-12-16 04:45:00+00:00
59081.80078125,59119.75,58989.94921875,59072.8515625,0,2025-12-16 05:45:00+00:00
59072.1015625,59138.25,59025.55078125,59053.6015625,0,2025-12-16 06:45:00+00:00
59053.5,59169.0,59018.5,59032.30078125,0,2025-12-16 07:45:00+00:00
59034.6015625,59117.25,58991.6484375,59018.80078125,0,2025-12-16 08:45:00+00:00
59021.3515625,59030.5,58969.3515625,59010.6015625,0,2025-12-16 09:45:00+00:00
59072.80078125,59126.8984375,58894.25,58956.0,0,2025-12-17 03:45:00+00:00
58959.1015625,58989.3515625,58866.19921875,58970.8515625,0,2025-12-17 04:45:00+00:00
58969.80078125,59020.5,58889.94921875,58899.55078125,0,2025-12-17 05:45:00+00:00
58901.0,58951.69921875,58841.1015625,58847.8515625,0,2025-12-17 06:45:00+00:00
58847.0,58945.80078125,58801.5,58863.8984375,0,2025-12-17 07:45:00+00:00
58865.6015625,58954.30078125,58855.8515625,58921.6484375,0,2025-12-17 08:45:00+00:00
58921.05078125,58988.8515625,58892.94921875,58961.5,0,2025-12-17 09:45:00+00:00
58861.8984375,59003.80078125,58737.6484375,58989.80078125,0,2025-12-18 03:45:00+00:00
58992.44921875,59173.55078125,58980.1015625,59099.3984375,0,2025-12-18 04:45:00+00:00
59096.75,59173.55078125,59049.25,59166.6484375,0,2025-12-18 05:45:00+00:00
59166.30078125,59210.3515625,59103.05078125,59112.19921875,0,2025-12-18 06:45:00+00:00
59114.75,59126.3984375,58950.75,58961.94921875,0,2025-12-18 07:45:00+00:00
58962.94921875,59001.8984375,58882.1484375,58933.8984375,0,2025-12-18 08:45:00+00:00
58932.94921875,58938.69921875,58877.55078125,58905.25,0,2025-12-18 09:45:00+00:00
59047.3984375,59132.30078125,58971.25,59018.05078125,0,2025-12-19 03:45:00+00:00
59018.1484375,59121.1484375,58977.94921875,59009.6015625,0,2025-12-19 04:45:00+00:00
59009.5,59042.3515625,58897.75,59007.5,0,2025-12-19 05:45:00+00:00
59010.1484375,59035.6484375,58924.5,58952.1484375,0,2025-12-19 06:45:00+00:00
58949.75,59125.25,58935.8515625,59070.25,0,2025-12-19 07:45:00+00:00
59069.55078125,59138.94921875,59047.44921875,59080.0,0,2025-12-19 08:45:00+00:00
59080.80078125,59083.0,59026.69921875,59046.80078125,0,2025-12-19 09:45:00+00:00
59224.75,59371.1015625,59158.8984375,59307.8515625,0,2025-12-22 03:45:00+00:00
59307.3984375,59318.8515625,59226.80078125,59239.44921875,0,2025-12-22 04:45:00+00:00
59238.19921875,59312.8984375,59232.75,59281.19921875,0,2025-12-22 05:45:00+00:00
59280.19921875,59312.44921875,59183.6015625,59265.6015625,0,2025-12-22 06:45:00+00:00
59273.80078125,59324.5,59249.94921875,59283.1484375,0,2025-12-22 07:45:00+00:00
59284.19921875,59339.44921875,59245.44921875,59313.5,0,2025-12-22 08:45:00+00:00
59314.05078125,59316.05078125,59274.25,59284.1015625,0,2025-12-22 09:45:00+00:00
59346.5,59398.3984375,59217.80078125,59361.5,0,2025-12-23 03:45:00+00:00
59361.5,59368.05078125,59278.8515625,59319.8984375,0,2025-12-23 04:45:00+00:00
59321.8984375,59338.25,59230.80078125,59275.0,0,2025-12-23 05:45:00+00:00
59278.19921875,59325.55078125,59230.3984375,59303.1484375,0,2025-12-23 06:45:00+00:00
59303.44921875,59346.0,59290.30078125,59329.94921875,0,2025-12-23 07:45:00+00:00
59330.8515625,59370.1484375,59255.19921875,59328.69921875,0,2025-12-23 08:45:00+00:00
59325.44921875,59331.25,59255.3984375,59276.55078125,0,2025-12-23 09:45:00+00:00
59366.0,59476.6484375,59251.8515625,59416.69921875,0,2025-12-24 03:45:00+00:00
59413.1484375,59452.69921875,59359.25,59398.55078125,0,2025-12-24 04:45:00+00:00
59396.8984375,59411.94921875,59319.1015625,59343.3515625,0,2025-12-24 05:45:00+00:00
59336.80078125,59364.5,59239.8515625,59251.44921875,0,2025-12-24 06:45:00+00:00
59252.75,59254.0,59163.75,59201.55078125,0,2025-12-24 07:45:00+00:00
59207.80078125,59255.55078125,59161.75,59201.75,0,2025-12-24 08:45:00+00:00
59202.30078125,59211.0,59119.0,59150.80078125,0,2025-12-24 09:45:00+00:00
59094.44921875,59178.30078125,59077.6484375,59115.30078125,0,2025-12-26 03:45:00+00:00
59110.69921875,59165.30078125,59071.19921875,59078.75,0,2025-12-26 04:45:00+00:00
59078.69921875,59086.30078125,58994.05078125,59045.8515625,0,2025-12-26 05:45:00+00:00
59043.80078125,59073.30078125,58983.44921875,59034.1484375,0,2025-12-26 06:45:00+00:00
59033.25,59065.05078125,58998.6484375,59011.8515625,0,2025-12-26 07:45:00+00:00
59009.5,59039.5,58947.05078125,59011.55078125,0,2025-12-26 08:45:00+00:00
59014.5,59033.0,58970.44921875,58994.44921875,0,2025-12-26 09:45:00+00:00
59012.25,59136.25,58918.8984375,58979.55078125,0,2025-12-29 03:45:00+00:00
58971.6484375,58986.6484375,58857.8984375,58869.6015625,0,2025-12-29 04:45:00+00:00
58871.05078125,58880.3984375,58810.80078125,58841.94921875,0,2025-12-29 05:45:00+00:00
58838.1015625,58893.80078125,58813.6015625,58855.5,0,2025-12-29 06:45:00+00:00
58858.1015625,58968.1015625,58811.1015625,58917.1484375,0,2025-12-29 07:45:00+00:00
58909.8984375,58997.1015625,58872.19921875,58928.5,0,2025-12-29 08:45:00+00:00
58923.5,58963.3984375,58916.75,58953.94921875,0,2025-12-29 09:45:00+00:00
58903.80078125,58964.05078125,58737.94921875,58944.6484375,0,2025-12-30 03:45:00+00:00
58943.05078125,59075.5,58883.3515625,58924.3984375,0,2025-12-30 04:45:00+00:00
58925.1484375,58993.6015625,58860.55078125,58872.05078125,0,2025-12-30 05:45:00+00:00
58875.44921875,58976.1484375,58864.80078125,58922.8984375,0,2025-12-30 06:45:00+00:00
58923.94921875,59114.25,58914.75,59087.75,0,2025-12-30 07:45:00+00:00
59087.3515625,59250.1015625,59018.55078125,59196.0,0,2025-12-30 08:45:00+00:00
59198.1015625,59272.69921875,59156.3984375,59253.94921875,0,2025-12-30 09:45:00+00:00
59194.6015625,59413.55078125,59194.6015625,59347.1015625,0,2025-12-31 03:45:00+00:00
59349.3984375,59495.75,59313.69921875,59453.19921875,0,2025-12-31 04:45:00+00:00
59450.8515625,59525.3984375,59400.3515625,59514.6015625,0,2025-12-31 05:45:00+00:00
59514.1015625,59742.3515625,59511.1015625,59703.80078125,0,2025-12-31 06:45:00+00:00
59705.5,59747.80078125,59616.69921875,59729.94921875,0,2025-12-31 07:45:00+00:00
59727.25,59764.80078125,59541.8515625,59584.55078125,0,2025-12-31 08:45:00+00:00
59587.0,59637.19921875,59557.80078125,59619.3515625,0,2025-12-31 09:45:00+00:00
59672.30078125,59719.1015625,59569.6484375,59658.19921875,0,2026-01-01 03:45:00+00:00
59661.05078125,59742.69921875,59573.1015625,59714.8515625,0,2026-01-01 04:45:00+00:00
59714.8984375,59738.30078125,59624.44921875,59628.3984375,0,2026-01-01 05:45:00+00:00
59628.0,59699.6015625,59600.8984375,59680.3984375,0,2026-01-01 06:45:00+00:00
59680.80078125,59727.1015625,59628.3515625,59712.80078125,0,2026-01-01 07:45:00+00:00
59711.94921875,59735.80078125,59668.5,59691.1015625,0,2026-01-01 08:45:00+00:00
59686.6015625,59721.75,59670.19921875,59707.55078125,0,2026-01-01 09:45:00+00:00
59757.3984375,60062.55078125,59746.1484375,60015.6484375,0,2026-01-02 03:45:00+00:00
60013.8515625,60033.69921875,59978.05078125,60015.05078125,0,2026-01-02 04:45:00+00:00
60011.05078125,60147.19921875,59994.8515625,60145.3984375,0,2026-01-02 05:45:00+00:00
60143.8984375,60152.1484375,60066.75,60106.25,0,2026-01-02 06:45:00+00:00
60106.30078125,60150.6015625,60078.8515625,60104.8984375,0,2026-01-02 07:45:00+00:00
60105.94921875,60133.1484375,59978.1484375,60110.8515625,0,2026-01-02 08:45:00+00:00
60107.3515625,60200.05078125,60102.3515625,60174.75,0,2026-01-02 09:45:00+00:00
60378.8515625,60430.94921875,60124.0,60345.6015625,0,2026-01-05 03:45:00+00:00
60341.94921875,60357.0,60270.80078125,60314.55078125,0,2026-01-05 04:45:00+00:00
60314.6484375,60319.75,60184.5,60250.55078125,0,2026-01-05 05:45:00+00:00
60253.25,60272.19921875,60127.1484375,60131.94921875,0,2026-01-05 06:45:00+00:00
60127.6015625,60151.6015625,59862.6484375,59907.19921875,0,2026-01-05 07:45:00+00:00
59908.3984375,60125.1015625,59887.19921875,60051.25,0,2026-01-05 08:45:00+00:00
60052.55078125,60056.05078125,59988.44921875,60055.5,0,2026-01-05 09:45:00+00:00
59960.1015625,60301.8515625,59862.75,60276.75,0,2026-01-06 03:45:00+00:00
60274.8515625,60304.6484375,60193.44921875,60226.75,0,2026-01-06 04:45:00+00:00
60226.69921875,60260.6015625,60090.3984375,60230.0,0,2026-01-06 05:45:00+00:00
60228.30078125,60251.80078125,60121.1015625,60197.1484375,0,2026-01-06 06:45:00+00:00
60193.69921875,60198.05078125,60053.80078125,60076.6015625,0,2026-01-06 07:45:00+00:00
60076.44921875,60143.0,60006.1484375,60136.80078125,0,2026-01-06 08:45:00+00:00
60134.8984375,60141.3515625,60100.6484375,60115.8515625,0,2026-01-06 09:45:00+00:00
60039.69921875,60046.5,59862.75,59912.44921875,0,2026-01-07 03:45:00+00:00
59910.3984375,60027.8984375,59864.6015625,59987.05078125,0,2026-01-07 04:45:00+00:00
59989.30078125,60064.75,59896.1015625,59906.80078125,0,2026-01-07 05:45:00+00:00
59908.1015625,59938.6015625,59842.8984375,59895.19921875,0,2026-01-07 06:45:00+00:00
59895.05078125,59900.3984375,59766.1015625,59834.55078125,0,2026-01-07 07:45:00+00:00
59833.80078125,60026.0,59822.19921875,60017.5,0,2026-01-07 08:45:00+00:00
60017.8984375,60026.0,59959.80078125,59976.8515625,0,2026-01-07 09:45:00+00:00
59869.75,60112.69921875,59856.8515625,59959.55078125,0,2026-01-08 03:45:00+00:00
59961.75,60022.6015625,59750.3515625,59783.6015625,0,2026-01-08 04:45:00+00:00
59786.30078125,59805.1484375,59568.19921875,59701.1484375,0,2026-01-08 05:45:00+00:00
59697.44921875,59745.6484375,59608.30078125,59716.75,0,2026-01-08 06:45:00+00:00
59713.6484375,59781.75,59635.44921875,59779.25,0,2026-01-08 07:45:00+00:00
59777.94921875,59827.6015625,59670.1015625,59688.30078125,0,2026-01-08 08:45:00+00:00
59688.3515625,59691.6015625,59621.8984375,59676.69921875,0,2026-01-08 09:45:00+00:00
59592.1015625,59739.6484375,59409.1484375,59542.75,0,2026-01-09 03:45:00+00:00
59544.6015625,59625.1484375,59420.1484375,59428.5,0,2026-01-09 04:45:00+00:00
59434.19921875,59486.25,59344.8984375,59352.5,0,2026-01-09 05:45:00+00:00
59353.05078125,59388.3984375,59229.75,59273.94921875,0,2026-01-09 06:45:00+00:00
59272.80078125,59329.1015625,59197.44921875,59205.6015625,0,2026-01-09 07:45:00+00:00
59208.75,59309.69921875,59155.69921875,59268.44921875,0,2026-01-09 08:45:00+00:00
59270.6015625,59273.1484375,59215.44921875,59269.3515625,0,2026-01-09 09:45:00+00:00
